<?xml version="1.0" encoding="UTF-8"?>
<gpx xmlns:xsi="http://www.w3.org/2001/XMLSchema-instance" xsi:schemaLocation="http://www.topografix.com/GPX/1/1 http://www.topografix.com/GPX/1/1/gpx.xsd" xmlns="http://www.topografix.com/GPX/1/1" version="1.1" creator="https://www.komoot.de">
	<metadata>
		<name>nosoco24-2</name>
		<author>
			<link href="https://www.komoot.de">
				<text>komoot</text>
				<type>text/html</type>
			</link>
		</author>
	</metadata>
	<trk>
		<name>nosoco24-2</name>
		<trkseg>
			<trkpt lat="39.770529" lon="-105.538041">
				<ele>2839.551404</ele>
				<time>2021-11-29T07:53:15Z</time>
			</trkpt>
			<trkpt lat="39.770344" lon="-105.537567">
				<ele>2837.437346</ele>
				<time>2021-11-29T07:53:22Z</time>
			</trkpt>
			<trkpt lat="39.770165" lon="-105.537261">
				<ele>2835.908134</ele>
				<time>2021-11-29T07:53:27Z</time>
			</trkpt>
			<trkpt lat="39.769332" lon="-105.536306">
				<ele>2830.094862</ele>
				<time>2021-11-29T07:53:45Z</time>
			</trkpt>
			<trkpt lat="39.768629" lon="-105.53544">
				<ele>2824.968255</ele>
				<time>2021-11-29T07:54:01Z</time>
			</trkpt>
			<trkpt lat="39.768231" lon="-105.534752">
				<ele>2821.005527</ele>
				<time>2021-11-29T07:54:12Z</time>
			</trkpt>
			<trkpt lat="39.768107" lon="-105.534599">
				<ele>2819.904101</ele>
				<time>2021-11-29T07:54:14Z</time>
			</trkpt>
			<trkpt lat="39.766607" lon="-105.533348">
				<ele>2807.975526</ele>
				<time>2021-11-29T07:54:43Z</time>
			</trkpt>
			<trkpt lat="39.765873" lon="-105.532547">
				<ele>2801.028655</ele>
				<time>2021-11-29T07:54:58Z</time>
			</trkpt>
			<trkpt lat="39.764957" lon="-105.531325">
				<ele>2789.660506</ele>
				<time>2021-11-29T07:55:18Z</time>
			</trkpt>
			<trkpt lat="39.764879" lon="-105.531275">
				<ele>2788.872463</ele>
				<time>2021-11-29T07:55:19Z</time>
			</trkpt>
			<trkpt lat="39.764781" lon="-105.531274">
				<ele>2787.984295</ele>
				<time>2021-11-29T07:55:20Z</time>
			</trkpt>
			<trkpt lat="39.764685" lon="-105.531337">
				<ele>2787.009853</ele>
				<time>2021-11-29T07:55:22Z</time>
			</trkpt>
			<trkpt lat="39.76448" lon="-105.531584">
				<ele>2784.477602</ele>
				<time>2021-11-29T07:55:26Z</time>
			</trkpt>
			<trkpt lat="39.764387" lon="-105.531594">
				<ele>2783.6319</ele>
				<time>2021-11-29T07:55:28Z</time>
			</trkpt>
			<trkpt lat="39.763616" lon="-105.53087">
				<ele>2775.20053</ele>
				<time>2021-11-29T07:55:42Z</time>
			</trkpt>
			<trkpt lat="39.763516" lon="-105.530761">
				<ele>2774.047058</ele>
				<time>2021-11-29T07:55:44Z</time>
			</trkpt>
			<trkpt lat="39.763484" lon="-105.530671">
				<ele>2773.373124</ele>
				<time>2021-11-29T07:55:45Z</time>
			</trkpt>
			<trkpt lat="39.763529" lon="-105.530563">
				<ele>2772.538223</ele>
				<time>2021-11-29T07:55:46Z</time>
			</trkpt>
			<trkpt lat="39.763673" lon="-105.530464">
				<ele>2771.098201</ele>
				<time>2021-11-29T07:55:49Z</time>
			</trkpt>
			<trkpt lat="39.763994" lon="-105.530311">
				<ele>2768.075605</ele>
				<time>2021-11-29T07:55:54Z</time>
			</trkpt>
			<trkpt lat="39.76426" lon="-105.530222">
				<ele>2766.02653</ele>
				<time>2021-11-29T07:55:58Z</time>
			</trkpt>
			<trkpt lat="39.76447" lon="-105.529993">
				<ele>2764.448161</ele>
				<time>2021-11-29T07:56:03Z</time>
			</trkpt>
			<trkpt lat="39.764616" lon="-105.529453">
				<ele>2761.913636</ele>
				<time>2021-11-29T07:56:10Z</time>
			</trkpt>
			<trkpt lat="39.764669" lon="-105.529015">
				<ele>2759.95044</ele>
				<time>2021-11-29T07:56:16Z</time>
			</trkpt>
			<trkpt lat="39.764621" lon="-105.528678">
				<ele>2758.43292</ele>
				<time>2021-11-29T07:56:20Z</time>
			</trkpt>
			<trkpt lat="39.764593" lon="-105.528484">
				<ele>2757.558944</ele>
				<time>2021-11-29T07:56:22Z</time>
			</trkpt>
			<trkpt lat="39.764476" lon="-105.528127">
				<ele>2755.930801</ele>
				<time>2021-11-29T07:56:27Z</time>
			</trkpt>
			<trkpt lat="39.764295" lon="-105.527949">
				<ele>2754.84438</ele>
				<time>2021-11-29T07:56:31Z</time>
			</trkpt>
			<trkpt lat="39.764037" lon="-105.527841">
				<ele>2753.546652</ele>
				<time>2021-11-29T07:56:36Z</time>
			</trkpt>
			<trkpt lat="39.763824" lon="-105.527649">
				<ele>2752.305866</ele>
				<time>2021-11-29T07:56:41Z</time>
			</trkpt>
			<trkpt lat="39.76359" lon="-105.527117">
				<ele>2750.049879</ele>
				<time>2021-11-29T07:56:49Z</time>
			</trkpt>
			<trkpt lat="39.763395" lon="-105.526391">
				<ele>2746.497038</ele>
				<time>2021-11-29T07:56:59Z</time>
			</trkpt>
			<trkpt lat="39.763293" lon="-105.526165">
				<ele>2744.250928</ele>
				<time>2021-11-29T07:57:02Z</time>
			</trkpt>
			<trkpt lat="39.763183" lon="-105.52609">
				<ele>2742.866255</ele>
				<time>2021-11-29T07:57:04Z</time>
			</trkpt>
			<trkpt lat="39.762212" lon="-105.526019">
				<ele>2732.023081</ele>
				<time>2021-11-29T07:57:18Z</time>
			</trkpt>
			<trkpt lat="39.761847" lon="-105.525927">
				<ele>2727.877858</ele>
				<time>2021-11-29T07:57:23Z</time>
			</trkpt>
			<trkpt lat="39.761706" lon="-105.525835">
				<ele>2726.364728</ele>
				<time>2021-11-29T07:57:26Z</time>
			</trkpt>
			<trkpt lat="39.761624" lon="-105.52565">
				<ele>2724.817163</ele>
				<time>2021-11-29T07:57:28Z</time>
			</trkpt>
			<trkpt lat="39.761521" lon="-105.52489">
				<ele>2719.224624</ele>
				<time>2021-11-29T07:57:37Z</time>
			</trkpt>
			<trkpt lat="39.761516" lon="-105.524696">
				<ele>2717.817946</ele>
				<time>2021-11-29T07:57:39Z</time>
			</trkpt>
			<trkpt lat="39.761561" lon="-105.524464">
				<ele>2716.083983</ele>
				<time>2021-11-29T07:57:42Z</time>
			</trkpt>
			<trkpt lat="39.761852" lon="-105.523413">
				<ele>2710.372969</ele>
				<time>2021-11-29T07:58:00Z</time>
			</trkpt>
			<trkpt lat="39.762013" lon="-105.522408">
				<ele>2709.350454</ele>
				<time>2021-11-29T07:58:26Z</time>
			</trkpt>
			<trkpt lat="39.762029" lon="-105.522256">
				<ele>2709.197645</ele>
				<time>2021-11-29T07:58:28Z</time>
			</trkpt>
			<trkpt lat="39.762013" lon="-105.522178">
				<ele>2709.117237</ele>
				<time>2021-11-29T07:58:30Z</time>
			</trkpt>
			<trkpt lat="39.761953" lon="-105.522058">
				<ele>2708.974654</ele>
				<time>2021-11-29T07:58:32Z</time>
			</trkpt>
			<trkpt lat="39.761857" lon="-105.521989">
				<ele>2708.832542</ele>
				<time>2021-11-29T07:58:35Z</time>
			</trkpt>
			<trkpt lat="39.761504" lon="-105.521912">
				<ele>2708.051202</ele>
				<time>2021-11-29T07:58:41Z</time>
			</trkpt>
			<trkpt lat="39.760979" lon="-105.521911">
				<ele>2703.341322</ele>
				<time>2021-11-29T07:58:51Z</time>
			</trkpt>
			<trkpt lat="39.760684" lon="-105.521865">
				<ele>2700.675876</ele>
				<time>2021-11-29T07:58:56Z</time>
			</trkpt>
			<trkpt lat="39.760249" lon="-105.521722">
				<ele>2696.65073</ele>
				<time>2021-11-29T07:59:03Z</time>
			</trkpt>
			<trkpt lat="39.760081" lon="-105.521541">
				<ele>2694.693779</ele>
				<time>2021-11-29T07:59:06Z</time>
			</trkpt>
			<trkpt lat="39.760035" lon="-105.521421">
				<ele>2693.769023</ele>
				<time>2021-11-29T07:59:08Z</time>
			</trkpt>
			<trkpt lat="39.759771" lon="-105.520364">
				<ele>2684.20751</ele>
				<time>2021-11-29T07:59:21Z</time>
			</trkpt>
			<trkpt lat="39.759645" lon="-105.520157">
				<ele>2681.827885</ele>
				<time>2021-11-29T07:59:24Z</time>
			</trkpt>
			<trkpt lat="39.759388" lon="-105.519927">
				<ele>2678.170658</ele>
				<time>2021-11-29T07:59:29Z</time>
			</trkpt>
			<trkpt lat="39.759263" lon="-105.519774">
				<ele>2676.158421</ele>
				<time>2021-11-29T07:59:32Z</time>
			</trkpt>
			<trkpt lat="39.759151" lon="-105.519566">
				<ele>2673.869668</ele>
				<time>2021-11-29T07:59:35Z</time>
			</trkpt>
			<trkpt lat="39.759061" lon="-105.519249">
				<ele>2670.958355</ele>
				<time>2021-11-29T07:59:39Z</time>
			</trkpt>
			<trkpt lat="39.759044" lon="-105.518933">
				<ele>2669.125246</ele>
				<time>2021-11-29T07:59:43Z</time>
			</trkpt>
			<trkpt lat="39.759106" lon="-105.518369">
				<ele>2665.828276</ele>
				<time>2021-11-29T07:59:50Z</time>
			</trkpt>
			<trkpt lat="39.759094" lon="-105.517988">
				<ele>2663.621647</ele>
				<time>2021-11-29T07:59:55Z</time>
			</trkpt>
			<trkpt lat="39.759036" lon="-105.517723">
				<ele>2662.027197</ele>
				<time>2021-11-29T07:59:58Z</time>
			</trkpt>
			<trkpt lat="39.75872" lon="-105.516755">
				<ele>2657.111959</ele>
				<time>2021-11-29T08:00:13Z</time>
			</trkpt>
			<trkpt lat="39.758676" lon="-105.516429">
				<ele>2656.501397</ele>
				<time>2021-11-29T08:00:19Z</time>
			</trkpt>
			<trkpt lat="39.758668" lon="-105.515843">
				<ele>2655.420247</ele>
				<time>2021-11-29T08:00:30Z</time>
			</trkpt>
			<trkpt lat="39.758712" lon="-105.514698">
				<ele>2653.310177</ele>
				<time>2021-11-29T08:00:47Z</time>
			</trkpt>
			<trkpt lat="39.758682" lon="-105.514574">
				<ele>2653.099968</ele>
				<time>2021-11-29T08:00:49Z</time>
			</trkpt>
			<trkpt lat="39.758575" lon="-105.514403">
				<ele>2652.743432</ele>
				<time>2021-11-29T08:00:52Z</time>
			</trkpt>
			<trkpt lat="39.758511" lon="-105.514348">
				<ele>2652.582085</ele>
				<time>2021-11-29T08:00:54Z</time>
			</trkpt>
			<trkpt lat="39.75835" lon="-105.514244">
				<ele>2652.203967</ele>
				<time>2021-11-29T08:00:58Z</time>
			</trkpt>
			<trkpt lat="39.758124" lon="-105.514151">
				<ele>2651.70536</ele>
				<time>2021-11-29T08:01:03Z</time>
			</trkpt>
			<trkpt lat="39.758" lon="-105.514136">
				<ele>2651.443403</ele>
				<time>2021-11-29T08:01:07Z</time>
			</trkpt>
			<trkpt lat="39.757732" lon="-105.514164">
				<ele>2650.877855</ele>
				<time>2021-11-29T08:01:14Z</time>
			</trkpt>
			<trkpt lat="39.757569" lon="-105.514181">
				<ele>2650.533887</ele>
				<time>2021-11-29T08:01:18Z</time>
			</trkpt>
			<trkpt lat="39.757425" lon="-105.514241">
				<ele>2650.215826</ele>
				<time>2021-11-29T08:01:21Z</time>
			</trkpt>
			<trkpt lat="39.757261" lon="-105.514444">
				<ele>2649.739629</ele>
				<time>2021-11-29T08:01:26Z</time>
			</trkpt>
			<trkpt lat="39.757235" lon="-105.514521">
				<ele>2649.603633</ele>
				<time>2021-11-29T08:01:27Z</time>
			</trkpt>
			<trkpt lat="39.757239" lon="-105.514583">
				<ele>2649.355118</ele>
				<time>2021-11-29T08:01:28Z</time>
			</trkpt>
			<trkpt lat="39.757284" lon="-105.514648">
				<ele>2648.848306</ele>
				<time>2021-11-29T08:01:29Z</time>
			</trkpt>
			<trkpt lat="39.757399" lon="-105.514667">
				<ele>2647.974619</ele>
				<time>2021-11-29T08:01:31Z</time>
			</trkpt>
			<trkpt lat="39.757569" lon="-105.514561">
				<ele>2646.553782</ele>
				<time>2021-11-29T08:01:34Z</time>
			</trkpt>
			<trkpt lat="39.757804" lon="-105.514464">
				<ele>2644.695619</ele>
				<time>2021-11-29T08:01:38Z</time>
			</trkpt>
			<trkpt lat="39.757952" lon="-105.514464">
				<ele>2643.580182</ele>
				<time>2021-11-29T08:01:41Z</time>
			</trkpt>
			<trkpt lat="39.758169" lon="-105.514559">
				<ele>2641.854572</ele>
				<time>2021-11-29T08:01:44Z</time>
			</trkpt>
			<trkpt lat="39.758253" lon="-105.514631">
				<ele>2641.096404</ele>
				<time>2021-11-29T08:01:46Z</time>
			</trkpt>
			<trkpt lat="39.758301" lon="-105.514712">
				<ele>2640.503852</ele>
				<time>2021-11-29T08:01:47Z</time>
			</trkpt>
			<trkpt lat="39.758334" lon="-105.514882">
				<ele>2639.48798</ele>
				<time>2021-11-29T08:01:50Z</time>
			</trkpt>
			<trkpt lat="39.758161" lon="-105.515889">
				<ele>2632.010067</ele>
				<time>2021-11-29T08:02:03Z</time>
			</trkpt>
			<trkpt lat="39.758076" lon="-105.516256">
				<ele>2628.454421</ele>
				<time>2021-11-29T08:02:07Z</time>
			</trkpt>
			<trkpt lat="39.758043" lon="-105.516618">
				<ele>2625.072781</ele>
				<time>2021-11-29T08:02:11Z</time>
			</trkpt>
			<trkpt lat="39.758097" lon="-105.517119">
				<ele>2620.37977</ele>
				<time>2021-11-29T08:02:17Z</time>
			</trkpt>
			<trkpt lat="39.758283" lon="-105.51778">
				<ele>2614.089674</ele>
				<time>2021-11-29T08:02:26Z</time>
			</trkpt>
			<trkpt lat="39.758295" lon="-105.518002">
				<ele>2613.124285</ele>
				<time>2021-11-29T08:02:28Z</time>
			</trkpt>
			<trkpt lat="39.758244" lon="-105.518189">
				<ele>2612.263564</ele>
				<time>2021-11-29T08:02:31Z</time>
			</trkpt>
			<trkpt lat="39.757991" lon="-105.518593">
				<ele>2610.003163</ele>
				<time>2021-11-29T08:02:38Z</time>
			</trkpt>
			<trkpt lat="39.757921" lon="-105.518775">
				<ele>2609.120366</ele>
				<time>2021-11-29T08:02:40Z</time>
			</trkpt>
			<trkpt lat="39.757617" lon="-105.520676">
				<ele>2602.73082</ele>
				<time>2021-11-29T08:03:11Z</time>
			</trkpt>
			<trkpt lat="39.757672" lon="-105.520838">
				<ele>2602.414943</ele>
				<time>2021-11-29T08:03:14Z</time>
			</trkpt>
			<trkpt lat="39.757749" lon="-105.520913">
				<ele>2602.191755</ele>
				<time>2021-11-29T08:03:16Z</time>
			</trkpt>
			<trkpt lat="39.758047" lon="-105.520973">
				<ele>2601.492105</ele>
				<time>2021-11-29T08:03:22Z</time>
			</trkpt>
			<trkpt lat="39.75822" lon="-105.52104">
				<ele>2601.0733</ele>
				<time>2021-11-29T08:03:26Z</time>
			</trkpt>
			<trkpt lat="39.758429" lon="-105.521153">
				<ele>2600.548162</ele>
				<time>2021-11-29T08:03:30Z</time>
			</trkpt>
			<trkpt lat="39.758535" lon="-105.521262">
				<ele>2600.234659</ele>
				<time>2021-11-29T08:03:33Z</time>
			</trkpt>
			<trkpt lat="39.758587" lon="-105.521432">
				<ele>2599.798949</ele>
				<time>2021-11-29T08:03:36Z</time>
			</trkpt>
			<trkpt lat="39.758581" lon="-105.522078">
				<ele>2596.82606</ele>
				<time>2021-11-29T08:03:46Z</time>
			</trkpt>
			<trkpt lat="39.758632" lon="-105.522339">
				<ele>2595.586836</ele>
				<time>2021-11-29T08:03:50Z</time>
			</trkpt>
			<trkpt lat="39.758743" lon="-105.522606">
				<ele>2594.19004</ele>
				<time>2021-11-29T08:03:54Z</time>
			</trkpt>
			<trkpt lat="39.759132" lon="-105.523367">
				<ele>2589.984692</ele>
				<time>2021-11-29T08:04:05Z</time>
			</trkpt>
			<trkpt lat="39.759179" lon="-105.523512">
				<ele>2589.260569</ele>
				<time>2021-11-29T08:04:07Z</time>
			</trkpt>
			<trkpt lat="39.759195" lon="-105.523655">
				<ele>2588.081663</ele>
				<time>2021-11-29T08:04:09Z</time>
			</trkpt>
			<trkpt lat="39.75918" lon="-105.523822">
				<ele>2586.661812</ele>
				<time>2021-11-29T08:04:11Z</time>
			</trkpt>
			<trkpt lat="39.759078" lon="-105.524042">
				<ele>2584.492252</ele>
				<time>2021-11-29T08:04:14Z</time>
			</trkpt>
			<trkpt lat="39.759009" lon="-105.524096">
				<ele>2583.607681</ele>
				<time>2021-11-29T08:04:16Z</time>
			</trkpt>
			<trkpt lat="39.758805" lon="-105.524162">
				<ele>2581.298457</ele>
				<time>2021-11-29T08:04:19Z</time>
			</trkpt>
			<trkpt lat="39.758492" lon="-105.524177">
				<ele>2577.857796</ele>
				<time>2021-11-29T08:04:24Z</time>
			</trkpt>
			<trkpt lat="39.758166" lon="-105.524138">
				<ele>2574.26155</ele>
				<time>2021-11-29T08:04:29Z</time>
			</trkpt>
			<trkpt lat="39.75799" lon="-105.524083">
				<ele>2572.273169</ele>
				<time>2021-11-29T08:04:32Z</time>
			</trkpt>
			<trkpt lat="39.757591" lon="-105.523872">
				<ele>2568.020492</ele>
				<time>2021-11-29T08:04:39Z</time>
			</trkpt>
			<trkpt lat="39.75744" lon="-105.523851">
				<ele>2566.770189</ele>
				<time>2021-11-29T08:04:41Z</time>
			</trkpt>
			<trkpt lat="39.757156" lon="-105.523905">
				<ele>2564.407104</ele>
				<time>2021-11-29T08:04:46Z</time>
			</trkpt>
			<trkpt lat="39.757071" lon="-105.523975">
				<ele>2563.57882</ele>
				<time>2021-11-29T08:04:47Z</time>
			</trkpt>
			<trkpt lat="39.757016" lon="-105.524064">
				<ele>2562.856062</ele>
				<time>2021-11-29T08:04:49Z</time>
			</trkpt>
			<trkpt lat="39.756961" lon="-105.525082">
				<ele>2556.396831</ele>
				<time>2021-11-29T08:05:02Z</time>
			</trkpt>
			<trkpt lat="39.75697" lon="-105.525305">
				<ele>2554.983429</ele>
				<time>2021-11-29T08:05:05Z</time>
			</trkpt>
			<trkpt lat="39.757041" lon="-105.52547">
				<ele>2554.413866</ele>
				<time>2021-11-29T08:05:07Z</time>
			</trkpt>
			<trkpt lat="39.757386" lon="-105.525785">
				<ele>2553.482019</ele>
				<time>2021-11-29T08:05:15Z</time>
			</trkpt>
			<trkpt lat="39.757443" lon="-105.525964">
				<ele>2553.152735</ele>
				<time>2021-11-29T08:05:18Z</time>
			</trkpt>
			<trkpt lat="39.757429" lon="-105.526055">
				<ele>2552.99501</ele>
				<time>2021-11-29T08:05:20Z</time>
			</trkpt>
			<trkpt lat="39.757113" lon="-105.526818">
				<ele>2551.522049</ele>
				<time>2021-11-29T08:05:35Z</time>
			</trkpt>
			<trkpt lat="39.757084" lon="-105.526975">
				<ele>2551.247626</ele>
				<time>2021-11-29T08:05:39Z</time>
			</trkpt>
			<trkpt lat="39.757079" lon="-105.527289">
				<ele>2550.713852</ele>
				<time>2021-11-29T08:05:44Z</time>
			</trkpt>
			<trkpt lat="39.757113" lon="-105.527647">
				<ele>2550.463834</ele>
				<time>2021-11-29T08:05:51Z</time>
			</trkpt>
			<trkpt lat="39.757147" lon="-105.527766">
				<ele>2550.386232</ele>
				<time>2021-11-29T08:05:53Z</time>
			</trkpt>
			<trkpt lat="39.757185" lon="-105.527827">
				<ele>2550.338239</ele>
				<time>2021-11-29T08:05:55Z</time>
			</trkpt>
			<trkpt lat="39.757225" lon="-105.527891">
				<ele>2550.28782</ele>
				<time>2021-11-29T08:05:56Z</time>
			</trkpt>
			<trkpt lat="39.757532" lon="-105.528229">
				<ele>2549.968015</ele>
				<time>2021-11-29T08:06:05Z</time>
			</trkpt>
			<trkpt lat="39.757782" lon="-105.528637">
				<ele>2549.649088</ele>
				<time>2021-11-29T08:06:14Z</time>
			</trkpt>
			<trkpt lat="39.757848" lon="-105.528834">
				<ele>2549.517731</ele>
				<time>2021-11-29T08:06:18Z</time>
			</trkpt>
			<trkpt lat="39.757868" lon="-105.529065">
				<ele>2549.375636</ele>
				<time>2021-11-29T08:06:23Z</time>
			</trkpt>
			<trkpt lat="39.757846" lon="-105.529182">
				<ele>2549.30201</ele>
				<time>2021-11-29T08:06:25Z</time>
			</trkpt>
			<trkpt lat="39.757789" lon="-105.529244">
				<ele>2549.24293</ele>
				<time>2021-11-29T08:06:27Z</time>
			</trkpt>
			<trkpt lat="39.757755" lon="-105.529247">
				<ele>2549.054703</ele>
				<time>2021-11-29T08:06:28Z</time>
			</trkpt>
			<trkpt lat="39.757698" lon="-105.528856">
				<ele>2547.009452</ele>
				<time>2021-11-29T08:06:38Z</time>
			</trkpt>
			<trkpt lat="39.757612" lon="-105.528645">
				<ele>2545.782091</ele>
				<time>2021-11-29T08:06:44Z</time>
			</trkpt>
			<trkpt lat="39.757328" lon="-105.528249">
				<ele>2542.998853</ele>
				<time>2021-11-29T08:06:55Z</time>
			</trkpt>
			<trkpt lat="39.756995" lon="-105.527947">
				<ele>2540.285067</ele>
				<time>2021-11-29T08:07:06Z</time>
			</trkpt>
			<trkpt lat="39.756888" lon="-105.527793">
				<ele>2539.218267</ele>
				<time>2021-11-29T08:07:10Z</time>
			</trkpt>
			<trkpt lat="39.756702" lon="-105.526962">
				<ele>2533.40675</ele>
				<time>2021-11-29T08:07:27Z</time>
			</trkpt>
			<trkpt lat="39.756659" lon="-105.526252">
				<ele>2527.703988</ele>
				<time>2021-11-29T08:07:40Z</time>
			</trkpt>
			<trkpt lat="39.756528" lon="-105.525983">
				<ele>2525.154231</ele>
				<time>2021-11-29T08:07:46Z</time>
			</trkpt>
			<trkpt lat="39.756277" lon="-105.525282">
				<ele>2518.962162</ele>
				<time>2021-11-29T08:08:02Z</time>
			</trkpt>
			<trkpt lat="39.756261" lon="-105.524886">
				<ele>2517.70402</ele>
				<time>2021-11-29T08:08:10Z</time>
			</trkpt>
			<trkpt lat="39.756136" lon="-105.524341">
				<ele>2516.392696</ele>
				<time>2021-11-29T08:08:24Z</time>
			</trkpt>
			<trkpt lat="39.756078" lon="-105.523828">
				<ele>2515.197161</ele>
				<time>2021-11-29T08:08:38Z</time>
			</trkpt>
			<trkpt lat="39.756138" lon="-105.523681">
				<ele>2514.813418</ele>
				<time>2021-11-29T08:08:43Z</time>
			</trkpt>
			<trkpt lat="39.756265" lon="-105.523498">
				<ele>2514.244989</ele>
				<time>2021-11-29T08:08:49Z</time>
			</trkpt>
			<trkpt lat="39.75653" lon="-105.523023">
				<ele>2512.642935</ele>
				<time>2021-11-29T08:09:05Z</time>
			</trkpt>
			<trkpt lat="39.756558" lon="-105.522945">
				<ele>2512.188596</ele>
				<time>2021-11-29T08:09:07Z</time>
			</trkpt>
			<trkpt lat="39.756551" lon="-105.522823">
				<ele>2511.542913</ele>
				<time>2021-11-29T08:09:10Z</time>
			</trkpt>
			<trkpt lat="39.756486" lon="-105.522694">
				<ele>2510.728865</ele>
				<time>2021-11-29T08:09:13Z</time>
			</trkpt>
			<trkpt lat="39.756388" lon="-105.522634">
				<ele>2509.985269</ele>
				<time>2021-11-29T08:09:17Z</time>
			</trkpt>
			<trkpt lat="39.75591" lon="-105.522639">
				<ele>2506.70356</ele>
				<time>2021-11-29T08:09:30Z</time>
			</trkpt>
			<trkpt lat="39.755858" lon="-105.522638">
				<ele>2506.346527</ele>
				<time>2021-11-29T08:09:31Z</time>
			</trkpt>
			<trkpt lat="39.7548" lon="-105.522212">
				<ele>2499.114897</ele>
				<time>2021-11-29T08:10:00Z</time>
			</trkpt>
			<trkpt lat="39.754635" lon="-105.52206">
				<ele>2497.985728</ele>
				<time>2021-11-29T08:10:05Z</time>
			</trkpt>
			<trkpt lat="39.754551" lon="-105.521896">
				<ele>2497.139636</ele>
				<time>2021-11-29T08:10:09Z</time>
			</trkpt>
			<trkpt lat="39.754516" lon="-105.521636">
				<ele>2496.006345</ele>
				<time>2021-11-29T08:10:15Z</time>
			</trkpt>
			<trkpt lat="39.754532" lon="-105.521509">
				<ele>2495.453799</ele>
				<time>2021-11-29T08:10:17Z</time>
			</trkpt>
			<trkpt lat="39.754588" lon="-105.521388">
				<ele>2494.847415</ele>
				<time>2021-11-29T08:10:20Z</time>
			</trkpt>
			<trkpt lat="39.755224" lon="-105.520765">
				<ele>2490.446293</ele>
				<time>2021-11-29T08:10:46Z</time>
			</trkpt>
			<trkpt lat="39.755306" lon="-105.520626">
				<ele>2489.811233</ele>
				<time>2021-11-29T08:10:52Z</time>
			</trkpt>
			<trkpt lat="39.755348" lon="-105.520461">
				<ele>2489.181244</ele>
				<time>2021-11-29T08:10:57Z</time>
			</trkpt>
			<trkpt lat="39.755313" lon="-105.520208">
				<ele>2488.24949</ele>
				<time>2021-11-29T08:11:06Z</time>
			</trkpt>
			<trkpt lat="39.755228" lon="-105.520087">
				<ele>2487.655392</ele>
				<time>2021-11-29T08:11:10Z</time>
			</trkpt>
			<trkpt lat="39.754723" lon="-105.51996">
				<ele>2485.23036</ele>
				<time>2021-11-29T08:11:27Z</time>
			</trkpt>
			<trkpt lat="39.754266" lon="-105.51965">
				<ele>2482.800337</ele>
				<time>2021-11-29T08:11:40Z</time>
			</trkpt>
			<trkpt lat="39.753988" lon="-105.519518">
				<ele>2480.391611</ele>
				<time>2021-11-29T08:11:47Z</time>
			</trkpt>
			<trkpt lat="39.753644" lon="-105.51949">
				<ele>2476.724773</ele>
				<time>2021-11-29T08:11:56Z</time>
			</trkpt>
			<trkpt lat="39.753441" lon="-105.519551">
				<ele>2474.508257</ele>
				<time>2021-11-29T08:12:01Z</time>
			</trkpt>
			<trkpt lat="39.753355" lon="-105.519577">
				<ele>2473.568949</ele>
				<time>2021-11-29T08:12:03Z</time>
			</trkpt>
			<trkpt lat="39.75325" lon="-105.519578">
				<ele>2472.451865</ele>
				<time>2021-11-29T08:12:06Z</time>
			</trkpt>
			<trkpt lat="39.753124" lon="-105.519484">
				<ele>2470.906569</ele>
				<time>2021-11-29T08:12:10Z</time>
			</trkpt>
			<trkpt lat="39.753041" lon="-105.519345">
				<ele>2469.467054</ele>
				<time>2021-11-29T08:12:13Z</time>
			</trkpt>
			<trkpt lat="39.752983" lon="-105.519145">
				<ele>2467.718738</ele>
				<time>2021-11-29T08:12:18Z</time>
			</trkpt>
			<trkpt lat="39.752969" lon="-105.518968">
				<ele>2466.263405</ele>
				<time>2021-11-29T08:12:21Z</time>
			</trkpt>
			<trkpt lat="39.753014" lon="-105.518691">
				<ele>2463.947781</ele>
				<time>2021-11-29T08:12:27Z</time>
			</trkpt>
			<trkpt lat="39.753076" lon="-105.518564">
				<ele>2462.921208</ele>
				<time>2021-11-29T08:12:30Z</time>
			</trkpt>
			<trkpt lat="39.75342" lon="-105.518058">
				<ele>2460.532019</ele>
				<time>2021-11-29T08:12:43Z</time>
			</trkpt>
			<trkpt lat="39.753555" lon="-105.517616">
				<ele>2458.849751</ele>
				<time>2021-11-29T08:12:53Z</time>
			</trkpt>
			<trkpt lat="39.753513" lon="-105.517466">
				<ele>2458.285091</ele>
				<time>2021-11-29T08:12:57Z</time>
			</trkpt>
			<trkpt lat="39.753465" lon="-105.5174">
				<ele>2457.963736</ele>
				<time>2021-11-29T08:12:59Z</time>
			</trkpt>
			<trkpt lat="39.753238" lon="-105.517319">
				<ele>2456.880764</ele>
				<time>2021-11-29T08:13:07Z</time>
			</trkpt>
			<trkpt lat="39.75283" lon="-105.517119">
				<ele>2454.874751</ele>
				<time>2021-11-29T08:13:23Z</time>
			</trkpt>
			<trkpt lat="39.752714" lon="-105.517007">
				<ele>2454.995165</ele>
				<time>2021-11-29T08:13:28Z</time>
			</trkpt>
			<trkpt lat="39.752668" lon="-105.516913">
				<ele>2455.124367</ele>
				<time>2021-11-29T08:13:31Z</time>
			</trkpt>
			<trkpt lat="39.752473" lon="-105.515565">
				<ele>2456.714839</ele>
				<time>2021-11-29T08:14:24Z</time>
			</trkpt>
			<trkpt lat="39.752552" lon="-105.515074">
				<ele>2457.296502</ele>
				<time>2021-11-29T08:14:43Z</time>
			</trkpt>
			<trkpt lat="39.752769" lon="-105.514641">
				<ele>2456.401908</ele>
				<time>2021-11-29T08:15:00Z</time>
			</trkpt>
			<trkpt lat="39.752776" lon="-105.514502">
				<ele>2455.931364</ele>
				<time>2021-11-29T08:15:04Z</time>
			</trkpt>
			<trkpt lat="39.752698" lon="-105.514427">
				<ele>2455.505174</ele>
				<time>2021-11-29T08:15:08Z</time>
			</trkpt>
			<trkpt lat="39.752384" lon="-105.514483">
				<ele>2454.112623</ele>
				<time>2021-11-29T08:15:17Z</time>
			</trkpt>
			<trkpt lat="39.752107" lon="-105.514677">
				<ele>2452.730333</ele>
				<time>2021-11-29T08:15:26Z</time>
			</trkpt>
			<trkpt lat="39.751791" lon="-105.515039">
				<ele>2450.880177</ele>
				<time>2021-11-29T08:15:38Z</time>
			</trkpt>
			<trkpt lat="39.751447" lon="-105.515376">
				<ele>2448.301757</ele>
				<time>2021-11-29T08:15:49Z</time>
			</trkpt>
			<trkpt lat="39.751384" lon="-105.515382">
				<ele>2447.718637</ele>
				<time>2021-11-29T08:15:51Z</time>
			</trkpt>
			<trkpt lat="39.751311" lon="-105.515347">
				<ele>2447.000438</ele>
				<time>2021-11-29T08:15:53Z</time>
			</trkpt>
			<trkpt lat="39.751202" lon="-105.515254">
				<ele>2445.797076</ele>
				<time>2021-11-29T08:15:56Z</time>
			</trkpt>
			<trkpt lat="39.750904" lon="-105.514912">
				<ele>2442.128443</ele>
				<time>2021-11-29T08:16:06Z</time>
			</trkpt>
			<trkpt lat="39.750108" lon="-105.513935">
				<ele>2432.301636</ele>
				<time>2021-11-29T08:16:35Z</time>
			</trkpt>
			<trkpt lat="39.750033" lon="-105.513885">
				<ele>2431.742496</ele>
				<time>2021-11-29T08:16:37Z</time>
			</trkpt>
			<trkpt lat="39.749587" lon="-105.51379">
				<ele>2428.744108</ele>
				<time>2021-11-29T08:16:49Z</time>
			</trkpt>
			<trkpt lat="39.749257" lon="-105.513621">
				<ele>2426.391133</ele>
				<time>2021-11-29T08:16:59Z</time>
			</trkpt>
			<trkpt lat="39.748955" lon="-105.513416">
				<ele>2424.131064</ele>
				<time>2021-11-29T08:17:08Z</time>
			</trkpt>
			<trkpt lat="39.748383" lon="-105.513303">
				<ele>2420.483498</ele>
				<time>2021-11-29T08:17:25Z</time>
			</trkpt>
			<trkpt lat="39.748081" lon="-105.513276">
				<ele>2418.965345</ele>
				<time>2021-11-29T08:17:35Z</time>
			</trkpt>
			<trkpt lat="39.747995" lon="-105.513217">
				<ele>2418.477718</ele>
				<time>2021-11-29T08:17:38Z</time>
			</trkpt>
			<trkpt lat="39.74789" lon="-105.51305">
				<ele>2417.645871</ele>
				<time>2021-11-29T08:17:43Z</time>
			</trkpt>
			<trkpt lat="39.747853" lon="-105.512957">
				<ele>2417.242099</ele>
				<time>2021-11-29T08:17:45Z</time>
			</trkpt>
			<trkpt lat="39.74784" lon="-105.512845">
				<ele>2416.805336</ele>
				<time>2021-11-29T08:17:48Z</time>
			</trkpt>
			<trkpt lat="39.747973" lon="-105.511904">
				<ele>2413.116057</ele>
				<time>2021-11-29T08:18:08Z</time>
			</trkpt>
			<trkpt lat="39.747941" lon="-105.511804">
				<ele>2412.698395</ele>
				<time>2021-11-29T08:18:10Z</time>
			</trkpt>
			<trkpt lat="39.747846" lon="-105.511781">
				<ele>2412.213771</ele>
				<time>2021-11-29T08:18:13Z</time>
			</trkpt>
			<trkpt lat="39.74779" lon="-105.511874">
				<ele>2411.731417</ele>
				<time>2021-11-29T08:18:16Z</time>
			</trkpt>
			<trkpt lat="39.7477" lon="-105.512816">
				<ele>2407.738869</ele>
				<time>2021-11-29T08:18:39Z</time>
			</trkpt>
			<trkpt lat="39.747749" lon="-105.513178">
				<ele>2406.192872</ele>
				<time>2021-11-29T08:18:48Z</time>
			</trkpt>
			<trkpt lat="39.747839" lon="-105.513444">
				<ele>2404.970532</ele>
				<time>2021-11-29T08:18:54Z</time>
			</trkpt>
			<trkpt lat="39.74793" lon="-105.513539">
				<ele>2404.332198</ele>
				<time>2021-11-29T08:18:57Z</time>
			</trkpt>
			<trkpt lat="39.748423" lon="-105.513714">
				<ele>2401.479873</ele>
				<time>2021-11-29T08:19:10Z</time>
			</trkpt>
			<trkpt lat="39.748654" lon="-105.51383">
				<ele>2400.011901</ele>
				<time>2021-11-29T08:19:17Z</time>
			</trkpt>
			<trkpt lat="39.749508" lon="-105.514473">
				<ele>2394.161981</ele>
				<time>2021-11-29T08:19:46Z</time>
			</trkpt>
			<trkpt lat="39.749764" lon="-105.514725">
				<ele>2392.258672</ele>
				<time>2021-11-29T08:19:55Z</time>
			</trkpt>
			<trkpt lat="39.749976" lon="-105.515017">
				<ele>2390.013609</ele>
				<time>2021-11-29T08:20:04Z</time>
			</trkpt>
			<trkpt lat="39.750234" lon="-105.51556">
				<ele>2386.030981</ele>
				<time>2021-11-29T08:20:17Z</time>
			</trkpt>
			<trkpt lat="39.750261" lon="-105.515683">
				<ele>2385.232895</ele>
				<time>2021-11-29T08:20:20Z</time>
			</trkpt>
			<trkpt lat="39.750243" lon="-105.515749">
				<ele>2384.795968</ele>
				<time>2021-11-29T08:20:21Z</time>
			</trkpt>
			<trkpt lat="39.750069" lon="-105.515694">
				<ele>2383.342844</ele>
				<time>2021-11-29T08:20:24Z</time>
			</trkpt>
			<trkpt lat="39.749665" lon="-105.515206">
				<ele>2378.868588</ele>
				<time>2021-11-29T08:20:32Z</time>
			</trkpt>
			<trkpt lat="39.74938" lon="-105.514986">
				<ele>2375.993411</ele>
				<time>2021-11-29T08:20:37Z</time>
			</trkpt>
			<trkpt lat="39.749002" lon="-105.514802">
				<ele>2371.934842</ele>
				<time>2021-11-29T08:20:43Z</time>
			</trkpt>
			<trkpt lat="39.748254" lon="-105.514576">
				<ele>2364.212831</ele>
				<time>2021-11-29T08:20:54Z</time>
			</trkpt>
			<trkpt lat="39.747634" lon="-105.514465">
				<ele>2357.803936</ele>
				<time>2021-11-29T08:21:04Z</time>
			</trkpt>
			<trkpt lat="39.74675" lon="-105.514259">
				<ele>2347.674358</ele>
				<time>2021-11-29T08:21:17Z</time>
			</trkpt>
			<trkpt lat="39.745836" lon="-105.513921">
				<ele>2336.595883</ele>
				<time>2021-11-29T08:21:31Z</time>
			</trkpt>
			<trkpt lat="39.744323" lon="-105.513835">
				<ele>2315.723345</ele>
				<time>2021-11-29T08:21:52Z</time>
			</trkpt>
			<trkpt lat="39.743403" lon="-105.513822">
				<ele>2307.359535</ele>
				<time>2021-11-29T08:22:06Z</time>
			</trkpt>
			<trkpt lat="39.742967" lon="-105.513819">
				<ele>2303.763478</ele>
				<time>2021-11-29T08:22:12Z</time>
			</trkpt>
			<trkpt lat="39.742901" lon="-105.514729">
				<ele>2298.980318</ele>
				<time>2021-11-29T08:22:24Z</time>
			</trkpt>
			<trkpt lat="39.742852" lon="-105.514924">
				<ele>2299.010179</ele>
				<time>2021-11-29T08:22:27Z</time>
			</trkpt>
			<trkpt lat="39.742547" lon="-105.513767">
				<ele>2299.188213</ele>
				<time>2021-11-29T08:22:51Z</time>
			</trkpt>
			<trkpt lat="39.742398" lon="-105.513849">
				<ele>2299.21884</ele>
				<time>2021-11-29T08:22:58Z</time>
			</trkpt>
			<trkpt lat="39.742171" lon="-105.514072">
				<ele>2299.272694</ele>
				<time>2021-11-29T08:23:12Z</time>
			</trkpt>
			<trkpt lat="39.742139" lon="-105.51413">
				<ele>2299.283085</ele>
				<time>2021-11-29T08:23:14Z</time>
			</trkpt>
			<trkpt lat="39.742134" lon="-105.514221">
				<ele>2299.296364</ele>
				<time>2021-11-29T08:23:17Z</time>
			</trkpt>
			<trkpt lat="39.742074" lon="-105.514219">
				<ele>2299.485942</ele>
				<time>2021-11-29T08:23:20Z</time>
			</trkpt>
			<trkpt lat="39.742078" lon="-105.514164">
				<ele>2299.642309</ele>
				<time>2021-11-29T08:23:22Z</time>
			</trkpt>
			<trkpt lat="39.742083" lon="-105.514064">
				<ele>2299.925947</ele>
				<time>2021-11-29T08:23:24Z</time>
			</trkpt>
			<trkpt lat="39.742107" lon="-105.513741">
				<ele>2300.844424</ele>
				<time>2021-11-29T08:23:33Z</time>
			</trkpt>
			<trkpt lat="39.742117" lon="-105.513502">
				<ele>2301.521889</ele>
				<time>2021-11-29T08:23:41Z</time>
			</trkpt>
			<trkpt lat="39.742185" lon="-105.51237">
				<ele>2304.735659</ele>
				<time>2021-11-29T08:24:17Z</time>
			</trkpt>
			<trkpt lat="39.741858" lon="-105.512368">
				<ele>2305.954221</ele>
				<time>2021-11-29T08:24:32Z</time>
			</trkpt>
			<trkpt lat="39.741811" lon="-105.512367">
				<ele>2306.252468</ele>
				<time>2021-11-29T08:24:34Z</time>
			</trkpt>
			<trkpt lat="39.741174" lon="-105.512363">
				<ele>2310.29418</ele>
				<time>2021-11-29T08:25:05Z</time>
			</trkpt>
			<trkpt lat="39.740488" lon="-105.512392">
				<ele>2314.649041</ele>
				<time>2021-11-29T08:25:45Z</time>
			</trkpt>
			<trkpt lat="39.739945" lon="-105.512596">
				<ele>2318.157061</ele>
				<time>2021-11-29T08:26:20Z</time>
			</trkpt>
			<trkpt lat="39.738772" lon="-105.513138">
				<ele>2325.37312</ele>
				<time>2021-11-29T08:27:26Z</time>
			</trkpt>
			<trkpt lat="39.738457" lon="-105.513328">
				<ele>2327.385955</ele>
				<time>2021-11-29T08:27:41Z</time>
			</trkpt>
			<trkpt lat="39.738193" lon="-105.513499">
				<ele>2328.525692</ele>
				<time>2021-11-29T08:27:54Z</time>
			</trkpt>
			<trkpt lat="39.737457" lon="-105.51405">
				<ele>2331.352278</ele>
				<time>2021-11-29T08:28:24Z</time>
			</trkpt>
			<trkpt lat="39.737237" lon="-105.514128">
				<ele>2332.111239</ele>
				<time>2021-11-29T08:28:32Z</time>
			</trkpt>
			<trkpt lat="39.737047" lon="-105.514154">
				<ele>2332.747115</ele>
				<time>2021-11-29T08:28:38Z</time>
			</trkpt>
			<trkpt lat="39.73682" lon="-105.514142">
				<ele>2333.503272</ele>
				<time>2021-11-29T08:28:45Z</time>
			</trkpt>
			<trkpt lat="39.735721" lon="-105.513826">
				<ele>2340.77946</ele>
				<time>2021-11-29T08:29:41Z</time>
			</trkpt>
			<trkpt lat="39.734418" lon="-105.513344">
				<ele>2351.202295</ele>
				<time>2021-11-29T08:31:14Z</time>
			</trkpt>
			<trkpt lat="39.733957" lon="-105.513187">
				<ele>2355.459942</ele>
				<time>2021-11-29T08:31:47Z</time>
			</trkpt>
			<trkpt lat="39.733656" lon="-105.513179">
				<ele>2358.149742</ele>
				<time>2021-11-29T08:32:07Z</time>
			</trkpt>
			<trkpt lat="39.733506" lon="-105.513202">
				<ele>2359.499179</ele>
				<time>2021-11-29T08:32:17Z</time>
			</trkpt>
			<trkpt lat="39.733309" lon="-105.513275">
				<ele>2361.329315</ele>
				<time>2021-11-29T08:32:30Z</time>
			</trkpt>
			<trkpt lat="39.732984" lon="-105.513518">
				<ele>2363.955696</ele>
				<time>2021-11-29T08:32:54Z</time>
			</trkpt>
			<trkpt lat="39.732518" lon="-105.51393">
				<ele>2367.71342</ele>
				<time>2021-11-29T08:33:26Z</time>
			</trkpt>
			<trkpt lat="39.731168" lon="-105.514632">
				<ele>2376.957177</ele>
				<time>2021-11-29T08:34:40Z</time>
			</trkpt>
			<trkpt lat="39.730841" lon="-105.514838">
				<ele>2379.075032</ele>
				<time>2021-11-29T08:34:58Z</time>
			</trkpt>
			<trkpt lat="39.730313" lon="-105.515247">
				<ele>2382.657238</ele>
				<time>2021-11-29T08:35:31Z</time>
			</trkpt>
			<trkpt lat="39.729737" lon="-105.515632">
				<ele>2385.701567</ele>
				<time>2021-11-29T08:36:05Z</time>
			</trkpt>
			<trkpt lat="39.72945" lon="-105.51588">
				<ele>2387.020129</ele>
				<time>2021-11-29T08:36:20Z</time>
			</trkpt>
			<trkpt lat="39.729153" lon="-105.516217">
				<ele>2388.528438</ele>
				<time>2021-11-29T08:36:35Z</time>
			</trkpt>
			<trkpt lat="39.728897" lon="-105.51658">
				<ele>2389.977801</ele>
				<time>2021-11-29T08:36:49Z</time>
			</trkpt>
			<trkpt lat="39.728336" lon="-105.517468">
				<ele>2391.321773</ele>
				<time>2021-11-29T08:37:20Z</time>
			</trkpt>
			<trkpt lat="39.728193" lon="-105.517622">
				<ele>2391.365612</ele>
				<time>2021-11-29T08:37:26Z</time>
			</trkpt>
			<trkpt lat="39.727972" lon="-105.517737">
				<ele>2391.421815</ele>
				<time>2021-11-29T08:37:32Z</time>
			</trkpt>
			<trkpt lat="39.728193" lon="-105.517622">
				<ele>2391.478017</ele>
				<time>2021-11-29T08:37:37Z</time>
			</trkpt>
			<trkpt lat="39.728336" lon="-105.517468">
				<ele>2391.521857</ele>
				<time>2021-11-29T08:37:40Z</time>
			</trkpt>
			<trkpt lat="39.728897" lon="-105.51658">
				<ele>2389.852229</ele>
				<time>2021-11-29T08:37:56Z</time>
			</trkpt>
			<trkpt lat="39.729153" lon="-105.516217">
				<ele>2388.519354</ele>
				<time>2021-11-29T08:38:02Z</time>
			</trkpt>
			<trkpt lat="39.72945" lon="-105.51588">
				<ele>2387.132271</ele>
				<time>2021-11-29T08:38:09Z</time>
			</trkpt>
			<trkpt lat="39.729737" lon="-105.515632">
				<ele>2385.919684</ele>
				<time>2021-11-29T08:38:15Z</time>
			</trkpt>
			<trkpt lat="39.730313" lon="-105.515247">
				<ele>2382.580955</ele>
				<time>2021-11-29T08:38:25Z</time>
			</trkpt>
			<trkpt lat="39.730841" lon="-105.514838">
				<ele>2379.022965</ele>
				<time>2021-11-29T08:38:34Z</time>
			</trkpt>
			<trkpt lat="39.731168" lon="-105.514632">
				<ele>2376.919426</ele>
				<time>2021-11-29T08:38:40Z</time>
			</trkpt>
			<trkpt lat="39.732518" lon="-105.51393">
				<ele>2367.784269</ele>
				<time>2021-11-29T08:39:02Z</time>
			</trkpt>
			<trkpt lat="39.732984" lon="-105.513518">
				<ele>2364.154194</ele>
				<time>2021-11-29T08:39:11Z</time>
			</trkpt>
			<trkpt lat="39.733309" lon="-105.513275">
				<ele>2361.171289</ele>
				<time>2021-11-29T08:39:16Z</time>
			</trkpt>
			<trkpt lat="39.733506" lon="-105.513202">
				<ele>2359.36662</ele>
				<time>2021-11-29T08:39:19Z</time>
			</trkpt>
			<trkpt lat="39.733656" lon="-105.513179">
				<ele>2358.035962</ele>
				<time>2021-11-29T08:39:22Z</time>
			</trkpt>
			<trkpt lat="39.733957" lon="-105.513187">
				<ele>2355.383594</ele>
				<time>2021-11-29T08:39:26Z</time>
			</trkpt>
			<trkpt lat="39.734418" lon="-105.513344">
				<ele>2351.185197</ele>
				<time>2021-11-29T08:39:33Z</time>
			</trkpt>
			<trkpt lat="39.735721" lon="-105.513826">
				<ele>2340.754337</ele>
				<time>2021-11-29T08:39:52Z</time>
			</trkpt>
			<trkpt lat="39.73682" lon="-105.514142">
				<ele>2333.682103</ele>
				<time>2021-11-29T08:40:10Z</time>
			</trkpt>
			<trkpt lat="39.737047" lon="-105.514154">
				<ele>2332.954613</ele>
				<time>2021-11-29T08:40:14Z</time>
			</trkpt>
			<trkpt lat="39.737237" lon="-105.514128">
				<ele>2332.342844</ele>
				<time>2021-11-29T08:40:17Z</time>
			</trkpt>
			<trkpt lat="39.737457" lon="-105.51405">
				<ele>2331.612656</ele>
				<time>2021-11-29T08:40:22Z</time>
			</trkpt>
			<trkpt lat="39.738193" lon="-105.513499">
				<ele>2328.893228</ele>
				<time>2021-11-29T08:40:36Z</time>
			</trkpt>
			<trkpt lat="39.738457" lon="-105.513328">
				<ele>2328.373351</ele>
				<time>2021-11-29T08:40:41Z</time>
			</trkpt>
			<trkpt lat="39.738772" lon="-105.513138">
				<ele>2327.855764</ele>
				<time>2021-11-29T08:40:47Z</time>
			</trkpt>
			<trkpt lat="39.739945" lon="-105.512596">
				<ele>2326.118691</ele>
				<time>2021-11-29T08:41:12Z</time>
			</trkpt>
			<trkpt lat="39.738772" lon="-105.513138">
				<ele>2327.818804</ele>
				<time>2021-11-29T08:41:45Z</time>
			</trkpt>
			<trkpt lat="39.738457" lon="-105.513328">
				<ele>2328.29303</ele>
				<time>2021-11-29T08:41:58Z</time>
			</trkpt>
			<trkpt lat="39.738193" lon="-105.513499">
				<ele>2328.925316</ele>
				<time>2021-11-29T08:42:11Z</time>
			</trkpt>
			<trkpt lat="39.737457" lon="-105.51405">
				<ele>2331.586035</ele>
				<time>2021-11-29T08:42:42Z</time>
			</trkpt>
			<trkpt lat="39.737237" lon="-105.514128">
				<ele>2332.300459</ele>
				<time>2021-11-29T08:42:49Z</time>
			</trkpt>
			<trkpt lat="39.737047" lon="-105.514154">
				<ele>2332.89902</ele>
				<time>2021-11-29T08:42:55Z</time>
			</trkpt>
			<trkpt lat="39.73682" lon="-105.514142">
				<ele>2333.610804</ele>
				<time>2021-11-29T08:43:03Z</time>
			</trkpt>
			<trkpt lat="39.735721" lon="-105.513826">
				<ele>2340.780962</ele>
				<time>2021-11-29T08:43:58Z</time>
			</trkpt>
			<trkpt lat="39.734418" lon="-105.513344">
				<ele>2351.183271</ele>
				<time>2021-11-29T08:45:31Z</time>
			</trkpt>
			<trkpt lat="39.733957" lon="-105.513187">
				<ele>2355.413244</ele>
				<time>2021-11-29T08:46:04Z</time>
			</trkpt>
			<trkpt lat="39.733656" lon="-105.513179">
				<ele>2358.085561</ele>
				<time>2021-11-29T08:46:24Z</time>
			</trkpt>
			<trkpt lat="39.733506" lon="-105.513202">
				<ele>2359.426227</ele>
				<time>2021-11-29T08:46:34Z</time>
			</trkpt>
			<trkpt lat="39.733309" lon="-105.513275">
				<ele>2361.244469</ele>
				<time>2021-11-29T08:46:48Z</time>
			</trkpt>
			<trkpt lat="39.732984" lon="-105.513518">
				<ele>2364.06227</ele>
				<time>2021-11-29T08:47:11Z</time>
			</trkpt>
			<trkpt lat="39.732518" lon="-105.51393">
				<ele>2367.746556</ele>
				<time>2021-11-29T08:47:44Z</time>
			</trkpt>
			<trkpt lat="39.731168" lon="-105.514632">
				<ele>2376.935254</ele>
				<time>2021-11-29T08:48:57Z</time>
			</trkpt>
			<trkpt lat="39.730841" lon="-105.514838">
				<ele>2379.046982</ele>
				<time>2021-11-29T08:49:16Z</time>
			</trkpt>
			<trkpt lat="39.730313" lon="-105.515247">
				<ele>2382.618825</ele>
				<time>2021-11-29T08:49:49Z</time>
			</trkpt>
			<trkpt lat="39.729737" lon="-105.515632">
				<ele>2386.023871</ele>
				<time>2021-11-29T08:50:22Z</time>
			</trkpt>
			<trkpt lat="39.72945" lon="-105.51588">
				<ele>2387.557802</ele>
				<time>2021-11-29T08:50:37Z</time>
			</trkpt>
			<trkpt lat="39.729153" lon="-105.516217">
				<ele>2389.312473</ele>
				<time>2021-11-29T08:50:52Z</time>
			</trkpt>
			<trkpt lat="39.728897" lon="-105.51658">
				<ele>2390.998569</ele>
				<time>2021-11-29T08:51:07Z</time>
			</trkpt>
			<trkpt lat="39.728336" lon="-105.517468">
				<ele>2396.068194</ele>
				<time>2021-11-29T08:51:49Z</time>
			</trkpt>
			<trkpt lat="39.728193" lon="-105.517622">
				<ele>2397.346586</ele>
				<time>2021-11-29T08:51:59Z</time>
			</trkpt>
			<trkpt lat="39.727972" lon="-105.517737">
				<ele>2398.985485</ele>
				<time>2021-11-29T08:52:11Z</time>
			</trkpt>
			<trkpt lat="39.727771" lon="-105.517772">
				<ele>2400.381714</ele>
				<time>2021-11-29T08:52:22Z</time>
			</trkpt>
			<trkpt lat="39.72768" lon="-105.517691">
				<ele>2401.14099</ele>
				<time>2021-11-29T08:52:28Z</time>
			</trkpt>
			<trkpt lat="39.727638" lon="-105.517563">
				<ele>2401.877877</ele>
				<time>2021-11-29T08:52:35Z</time>
			</trkpt>
			<trkpt lat="39.727566" lon="-105.517484">
				<ele>2402.526509</ele>
				<time>2021-11-29T08:52:40Z</time>
			</trkpt>
			<trkpt lat="39.726468" lon="-105.516847">
				<ele>2413.624557</ele>
				<time>2021-11-29T08:54:11Z</time>
			</trkpt>
			<trkpt lat="39.725581" lon="-105.516223">
				<ele>2424.06421</ele>
				<time>2021-11-29T08:55:32Z</time>
			</trkpt>
			<trkpt lat="39.725242" lon="-105.515943">
				<ele>2427.734918</ele>
				<time>2021-11-29T08:56:02Z</time>
			</trkpt>
			<trkpt lat="39.725081" lon="-105.515858">
				<ele>2429.323108</ele>
				<time>2021-11-29T08:56:15Z</time>
			</trkpt>
			<trkpt lat="39.724414" lon="-105.515644">
				<ele>2435.602208</ele>
				<time>2021-11-29T08:57:02Z</time>
			</trkpt>
			<trkpt lat="39.72379" lon="-105.515358">
				<ele>2441.601903</ele>
				<time>2021-11-29T08:57:45Z</time>
			</trkpt>
			<trkpt lat="39.723598" lon="-105.515122">
				<ele>2443.929345</ele>
				<time>2021-11-29T08:58:02Z</time>
			</trkpt>
			<trkpt lat="39.723545" lon="-105.514932">
				<ele>2445.298665</ele>
				<time>2021-11-29T08:58:12Z</time>
			</trkpt>
			<trkpt lat="39.723465" lon="-105.514282">
				<ele>2449.758527</ele>
				<time>2021-11-29T08:58:47Z</time>
			</trkpt>
			<trkpt lat="39.723346" lon="-105.514075">
				<ele>2451.509437</ele>
				<time>2021-11-29T08:59:01Z</time>
			</trkpt>
			<trkpt lat="39.723244" lon="-105.513966">
				<ele>2452.672475</ele>
				<time>2021-11-29T08:59:11Z</time>
			</trkpt>
			<trkpt lat="39.723144" lon="-105.513894">
				<ele>2453.679401</ele>
				<time>2021-11-29T08:59:19Z</time>
			</trkpt>
			<trkpt lat="39.722784" lon="-105.513826">
				<ele>2457.011137</ele>
				<time>2021-11-29T08:59:45Z</time>
			</trkpt>
			<trkpt lat="39.722645" lon="-105.513765">
				<ele>2458.537534</ele>
				<time>2021-11-29T08:59:56Z</time>
			</trkpt>
			<trkpt lat="39.722384" lon="-105.51355">
				<ele>2461.752309</ele>
				<time>2021-11-29T09:00:18Z</time>
			</trkpt>
			<trkpt lat="39.721681" lon="-105.513211">
				<ele>2469.553613</ele>
				<time>2021-11-29T09:01:14Z</time>
			</trkpt>
			<trkpt lat="39.721479" lon="-105.51307">
				<ele>2471.939087</ele>
				<time>2021-11-29T09:01:33Z</time>
			</trkpt>
			<trkpt lat="39.721207" lon="-105.512837">
				<ele>2475.345642</ele>
				<time>2021-11-29T09:02:01Z</time>
			</trkpt>
			<trkpt lat="39.721055" lon="-105.512603">
				<ele>2477.895552</ele>
				<time>2021-11-29T09:02:21Z</time>
			</trkpt>
			<trkpt lat="39.720897" lon="-105.512284">
				<ele>2481.054347</ele>
				<time>2021-11-29T09:02:47Z</time>
			</trkpt>
			<trkpt lat="39.720665" lon="-105.511727">
				<ele>2486.327868</ele>
				<time>2021-11-29T09:03:27Z</time>
			</trkpt>
			<trkpt lat="39.720572" lon="-105.511124">
				<ele>2491.448031</ele>
				<time>2021-11-29T09:04:01Z</time>
			</trkpt>
			<trkpt lat="39.720561" lon="-105.510454">
				<ele>2496.535645</ele>
				<time>2021-11-29T09:04:37Z</time>
			</trkpt>
			<trkpt lat="39.720582" lon="-105.510205">
				<ele>2498.236144</ele>
				<time>2021-11-29T09:04:51Z</time>
			</trkpt>
			<trkpt lat="39.720686" lon="-105.509776">
				<ele>2501.289689</ele>
				<time>2021-11-29T09:05:17Z</time>
			</trkpt>
			<trkpt lat="39.720807" lon="-105.509449">
				<ele>2503.753088</ele>
				<time>2021-11-29T09:05:37Z</time>
			</trkpt>
			<trkpt lat="39.720844" lon="-105.509287">
				<ele>2504.900301</ele>
				<time>2021-11-29T09:05:47Z</time>
			</trkpt>
			<trkpt lat="39.720855" lon="-105.509161">
				<ele>2505.761157</ele>
				<time>2021-11-29T09:05:53Z</time>
			</trkpt>
			<trkpt lat="39.720838" lon="-105.509064">
				<ele>2506.436529</ele>
				<time>2021-11-29T09:05:58Z</time>
			</trkpt>
			<trkpt lat="39.720635" lon="-105.509026">
				<ele>2508.246665</ele>
				<time>2021-11-29T09:06:14Z</time>
			</trkpt>
			<trkpt lat="39.720559" lon="-105.509044">
				<ele>2508.928474</ele>
				<time>2021-11-29T09:06:20Z</time>
			</trkpt>
			<trkpt lat="39.7205" lon="-105.509158">
				<ele>2509.861258</ele>
				<time>2021-11-29T09:06:28Z</time>
			</trkpt>
			<trkpt lat="39.720156" lon="-105.510227">
				<ele>2515.344802</ele>
				<time>2021-11-29T09:07:30Z</time>
			</trkpt>
			<trkpt lat="39.72003" lon="-105.510882">
				<ele>2518.469941</ele>
				<time>2021-11-29T09:08:06Z</time>
			</trkpt>
			<trkpt lat="39.719993" lon="-105.511026">
				<ele>2519.172672</ele>
				<time>2021-11-29T09:08:14Z</time>
			</trkpt>
			<trkpt lat="39.71995" lon="-105.511074">
				<ele>2519.513727</ele>
				<time>2021-11-29T09:08:17Z</time>
			</trkpt>
			<trkpt lat="39.719907" lon="-105.511064">
				<ele>2519.776594</ele>
				<time>2021-11-29T09:08:20Z</time>
			</trkpt>
			<trkpt lat="39.719894" lon="-105.510915">
				<ele>2520.470687</ele>
				<time>2021-11-29T09:08:27Z</time>
			</trkpt>
			<trkpt lat="39.72017" lon="-105.509061">
				<ele>2527.117276</ele>
				<time>2021-11-29T09:09:43Z</time>
			</trkpt>
			<trkpt lat="39.720189" lon="-105.508804">
				<ele>2528.00523</ele>
				<time>2021-11-29T09:09:56Z</time>
			</trkpt>
			<trkpt lat="39.720175" lon="-105.508677">
				<ele>2528.446474</ele>
				<time>2021-11-29T09:10:02Z</time>
			</trkpt>
			<trkpt lat="39.72008" lon="-105.508402">
				<ele>2529.942807</ele>
				<time>2021-11-29T09:10:19Z</time>
			</trkpt>
			<trkpt lat="39.720026" lon="-105.508297">
				<ele>2530.903876</ele>
				<time>2021-11-29T09:10:27Z</time>
			</trkpt>
			<trkpt lat="39.719966" lon="-105.508251">
				<ele>2531.59293</ele>
				<time>2021-11-29T09:10:32Z</time>
			</trkpt>
			<trkpt lat="39.719924" lon="-105.508264">
				<ele>2532.020019</ele>
				<time>2021-11-29T09:10:36Z</time>
			</trkpt>
			<trkpt lat="39.719905" lon="-105.50834">
				<ele>2532.628076</ele>
				<time>2021-11-29T09:10:41Z</time>
			</trkpt>
			<trkpt lat="39.720023" lon="-105.508739">
				<ele>2535.880713</ele>
				<time>2021-11-29T09:11:09Z</time>
			</trkpt>
			<trkpt lat="39.720007" lon="-105.50892">
				<ele>2537.266994</ele>
				<time>2021-11-29T09:11:22Z</time>
			</trkpt>
			<trkpt lat="39.719643" lon="-105.509955">
				<ele>2545.92641</ele>
				<time>2021-11-29T09:12:46Z</time>
			</trkpt>
			<trkpt lat="39.719461" lon="-105.510409">
				<ele>2548.832912</ele>
				<time>2021-11-29T09:13:22Z</time>
			</trkpt>
			<trkpt lat="39.719388" lon="-105.51056">
				<ele>2549.731113</ele>
				<time>2021-11-29T09:13:34Z</time>
			</trkpt>
			<trkpt lat="39.719153" lon="-105.510745">
				<ele>2551.529875</ele>
				<time>2021-11-29T09:13:54Z</time>
			</trkpt>
			<trkpt lat="39.719118" lon="-105.510652">
				<ele>2552.051302</ele>
				<time>2021-11-29T09:13:59Z</time>
			</trkpt>
			<trkpt lat="39.719281" lon="-105.510361">
				<ele>2553.864261</ele>
				<time>2021-11-29T09:14:17Z</time>
			</trkpt>
			<trkpt lat="39.719409" lon="-105.509965">
				<ele>2556.027542</ele>
				<time>2021-11-29T09:14:35Z</time>
			</trkpt>
			<trkpt lat="39.719568" lon="-105.508782">
				<ele>2562.472814</ele>
				<time>2021-11-29T09:15:28Z</time>
			</trkpt>
			<trkpt lat="39.719485" lon="-105.508451">
				<ele>2564.43083</ele>
				<time>2021-11-29T09:15:46Z</time>
			</trkpt>
			<trkpt lat="39.719435" lon="-105.508342">
				<ele>2565.144599</ele>
				<time>2021-11-29T09:15:53Z</time>
			</trkpt>
			<trkpt lat="39.719389" lon="-105.508307">
				<ele>2565.534311</ele>
				<time>2021-11-29T09:15:57Z</time>
			</trkpt>
			<trkpt lat="39.719349" lon="-105.508354">
				<ele>2565.928537</ele>
				<time>2021-11-29T09:16:02Z</time>
			</trkpt>
			<trkpt lat="39.719399" lon="-105.50872">
				<ele>2568.01919</ele>
				<time>2021-11-29T09:16:23Z</time>
			</trkpt>
			<trkpt lat="39.719362" lon="-105.508928">
				<ele>2569.219889</ele>
				<time>2021-11-29T09:16:37Z</time>
			</trkpt>
			<trkpt lat="39.719166" lon="-105.509471">
				<ele>2572.843798</ele>
				<time>2021-11-29T09:17:18Z</time>
			</trkpt>
			<trkpt lat="39.719061" lon="-105.509682">
				<ele>2574.717869</ele>
				<time>2021-11-29T09:17:37Z</time>
			</trkpt>
			<trkpt lat="39.718814" lon="-105.509998">
				<ele>2578.07757</ele>
				<time>2021-11-29T09:18:12Z</time>
			</trkpt>
			<trkpt lat="39.718235" lon="-105.510575">
				<ele>2585.150433</ele>
				<time>2021-11-29T09:19:21Z</time>
			</trkpt>
			<trkpt lat="39.717891" lon="-105.511028">
				<ele>2589.26462</ele>
				<time>2021-11-29T09:19:57Z</time>
			</trkpt>
			<trkpt lat="39.7178" lon="-105.51112">
				<ele>2589.267709</ele>
				<time>2021-11-29T09:20:03Z</time>
			</trkpt>
			<trkpt lat="39.717728" lon="-105.511143">
				<ele>2589.269696</ele>
				<time>2021-11-29T09:20:08Z</time>
			</trkpt>
			<trkpt lat="39.717674" lon="-105.511143">
				<ele>2589.271142</ele>
				<time>2021-11-29T09:20:10Z</time>
			</trkpt>
			<trkpt lat="39.717638" lon="-105.511072">
				<ele>2589.272895</ele>
				<time>2021-11-29T09:20:13Z</time>
			</trkpt>
			<trkpt lat="39.717693" lon="-105.510909">
				<ele>2589.276564</ele>
				<time>2021-11-29T09:20:19Z</time>
			</trkpt>
			<trkpt lat="39.718268" lon="-105.510062">
				<ele>2589.299847</ele>
				<time>2021-11-29T09:20:47Z</time>
			</trkpt>
			<trkpt lat="39.718467" lon="-105.509804">
				<ele>2589.307377</ele>
				<time>2021-11-29T09:20:56Z</time>
			</trkpt>
			<trkpt lat="39.718566" lon="-105.5095">
				<ele>2589.467408</ele>
				<time>2021-11-29T09:21:04Z</time>
			</trkpt>
			<trkpt lat="39.718577" lon="-105.50936">
				<ele>2589.612687</ele>
				<time>2021-11-29T09:21:07Z</time>
			</trkpt>
			<trkpt lat="39.718563" lon="-105.509238">
				<ele>2589.740026</ele>
				<time>2021-11-29T09:21:10Z</time>
			</trkpt>
			<trkpt lat="39.71853" lon="-105.509158">
				<ele>2589.833739</ele>
				<time>2021-11-29T09:21:12Z</time>
			</trkpt>
			<trkpt lat="39.718383" lon="-105.509098">
				<ele>2590.040524</ele>
				<time>2021-11-29T09:21:17Z</time>
			</trkpt>
			<trkpt lat="39.718297" lon="-105.509116">
				<ele>2590.157431</ele>
				<time>2021-11-29T09:21:21Z</time>
			</trkpt>
			<trkpt lat="39.71777" lon="-105.509242">
				<ele>2590.876581</ele>
				<time>2021-11-29T09:21:41Z</time>
			</trkpt>
			<trkpt lat="39.717285" lon="-105.509448">
				<ele>2591.561362</ele>
				<time>2021-11-29T09:22:08Z</time>
			</trkpt>
			<trkpt lat="39.716059" lon="-105.509521">
				<ele>2602.951116</ele>
				<time>2021-11-29T09:23:50Z</time>
			</trkpt>
			<trkpt lat="39.715559" lon="-105.509515">
				<ele>2608.029455</ele>
				<time>2021-11-29T09:24:40Z</time>
			</trkpt>
			<trkpt lat="39.715184" lon="-105.509499">
				<ele>2612.671575</ele>
				<time>2021-11-29T09:25:20Z</time>
			</trkpt>
			<trkpt lat="39.714925" lon="-105.509539">
				<ele>2616.512651</ele>
				<time>2021-11-29T09:25:48Z</time>
			</trkpt>
			<trkpt lat="39.714455" lon="-105.509756">
				<ele>2623.857846</ele>
				<time>2021-11-29T09:26:43Z</time>
			</trkpt>
			<trkpt lat="39.714175" lon="-105.50981">
				<ele>2628.026494</ele>
				<time>2021-11-29T09:27:15Z</time>
			</trkpt>
			<trkpt lat="39.713995" lon="-105.509809">
				<ele>2630.677351</ele>
				<time>2021-11-29T09:27:35Z</time>
			</trkpt>
			<trkpt lat="39.713715" lon="-105.50976">
				<ele>2634.838064</ele>
				<time>2021-11-29T09:28:08Z</time>
			</trkpt>
			<trkpt lat="39.713211" lon="-105.509768">
				<ele>2642.581093</ele>
				<time>2021-11-29T09:29:07Z</time>
			</trkpt>
			<trkpt lat="39.713012" lon="-105.509848">
				<ele>2645.818576</ele>
				<time>2021-11-29T09:29:32Z</time>
			</trkpt>
			<trkpt lat="39.712489" lon="-105.509938">
				<ele>2654.01823</ele>
				<time>2021-11-29T09:30:35Z</time>
			</trkpt>
			<trkpt lat="39.7123" lon="-105.509925">
				<ele>2656.959877</ele>
				<time>2021-11-29T09:30:57Z</time>
			</trkpt>
			<trkpt lat="39.712201" lon="-105.509877">
				<ele>2658.602129</ele>
				<time>2021-11-29T09:31:09Z</time>
			</trkpt>
			<trkpt lat="39.71213" lon="-105.509702">
				<ele>2660.967652</ele>
				<time>2021-11-29T09:31:27Z</time>
			</trkpt>
			<trkpt lat="39.712167" lon="-105.509539">
				<ele>2662.999606</ele>
				<time>2021-11-29T09:31:41Z</time>
			</trkpt>
			<trkpt lat="39.712438" lon="-105.509202">
				<ele>2667.573653</ele>
				<time>2021-11-29T09:32:21Z</time>
			</trkpt>
			<trkpt lat="39.712565" lon="-105.509063">
				<ele>2669.416803</ele>
				<time>2021-11-29T09:32:38Z</time>
			</trkpt>
			<trkpt lat="39.713352" lon="-105.508439">
				<ele>2679.651054</ele>
				<time>2021-11-29T09:34:03Z</time>
			</trkpt>
			<trkpt lat="39.713831" lon="-105.508011">
				<ele>2685.422188</ele>
				<time>2021-11-29T09:34:50Z</time>
			</trkpt>
			<trkpt lat="39.713967" lon="-105.507802">
				<ele>2686.821948</ele>
				<time>2021-11-29T09:35:06Z</time>
			</trkpt>
			<trkpt lat="39.714024" lon="-105.507254">
				<ele>2689.64954</ele>
				<time>2021-11-29T09:35:36Z</time>
			</trkpt>
			<trkpt lat="39.714097" lon="-105.507045">
				<ele>2690.823226</ele>
				<time>2021-11-29T09:35:48Z</time>
			</trkpt>
			<trkpt lat="39.714351" lon="-105.506615">
				<ele>2693.595408</ele>
				<time>2021-11-29T09:36:15Z</time>
			</trkpt>
			<trkpt lat="39.714351" lon="-105.50651">
				<ele>2694.132302</ele>
				<time>2021-11-29T09:36:20Z</time>
			</trkpt>
			<trkpt lat="39.714316" lon="-105.506475">
				<ele>2694.425824</ele>
				<time>2021-11-29T09:36:23Z</time>
			</trkpt>
			<trkpt lat="39.714243" lon="-105.506474">
				<ele>2694.911095</ele>
				<time>2021-11-29T09:36:28Z</time>
			</trkpt>
			<trkpt lat="39.714027" lon="-105.506624">
				<ele>2696.508156</ele>
				<time>2021-11-29T09:36:44Z</time>
			</trkpt>
			<trkpt lat="39.713936" lon="-105.50674">
				<ele>2697.209071</ele>
				<time>2021-11-29T09:36:52Z</time>
			</trkpt>
			<trkpt lat="39.713863" lon="-105.506856">
				<ele>2697.843104</ele>
				<time>2021-11-29T09:37:00Z</time>
			</trkpt>
			<trkpt lat="39.713807" lon="-105.507334">
				<ele>2699.888599</ele>
				<time>2021-11-29T09:37:24Z</time>
			</trkpt>
			<trkpt lat="39.713771" lon="-105.507427">
				<ele>2700.329042</ele>
				<time>2021-11-29T09:37:29Z</time>
			</trkpt>
			<trkpt lat="39.713698" lon="-105.507473">
				<ele>2700.775187</ele>
				<time>2021-11-29T09:37:34Z</time>
			</trkpt>
			<trkpt lat="39.713687" lon="-105.507444">
				<ele>2700.911976</ele>
				<time>2021-11-29T09:37:36Z</time>
			</trkpt>
			<trkpt lat="39.713609" lon="-105.507239">
				<ele>2701.87952</ele>
				<time>2021-11-29T09:37:47Z</time>
			</trkpt>
			<trkpt lat="39.71361" lon="-105.507029">
				<ele>2702.767944</ele>
				<time>2021-11-29T09:37:58Z</time>
			</trkpt>
			<trkpt lat="39.713656" lon="-105.506761">
				<ele>2703.929601</ele>
				<time>2021-11-29T09:38:11Z</time>
			</trkpt>
			<trkpt lat="39.713748" lon="-105.506552">
				<ele>2704.948306</ele>
				<time>2021-11-29T09:38:23Z</time>
			</trkpt>
			<trkpt lat="39.714083" lon="-105.505983">
				<ele>2708.095133</ele>
				<time>2021-11-29T09:38:59Z</time>
			</trkpt>
			<trkpt lat="39.714093" lon="-105.50589">
				<ele>2708.518973</ele>
				<time>2021-11-29T09:39:03Z</time>
			</trkpt>
			<trkpt lat="39.714084" lon="-105.505773">
				<ele>2709.049689</ele>
				<time>2021-11-29T09:39:09Z</time>
			</trkpt>
			<trkpt lat="39.714021" lon="-105.505749">
				<ele>2709.434887</ele>
				<time>2021-11-29T09:39:13Z</time>
			</trkpt>
			<trkpt lat="39.713931" lon="-105.505748">
				<ele>2709.962982</ele>
				<time>2021-11-29T09:39:18Z</time>
			</trkpt>
			<trkpt lat="39.713841" lon="-105.505794">
				<ele>2710.530406</ele>
				<time>2021-11-29T09:39:24Z</time>
			</trkpt>
			<trkpt lat="39.713605" lon="-105.506131">
				<ele>2712.587377</ele>
				<time>2021-11-29T09:39:47Z</time>
			</trkpt>
			<trkpt lat="39.713496" lon="-105.50634">
				<ele>2713.727077</ele>
				<time>2021-11-29T09:40:01Z</time>
			</trkpt>
			<trkpt lat="39.713349" lon="-105.506934">
				<ele>2716.543466</ele>
				<time>2021-11-29T09:40:35Z</time>
			</trkpt>
			<trkpt lat="39.713312" lon="-105.507296">
				<ele>2717.828175</ele>
				<time>2021-11-29T09:40:55Z</time>
			</trkpt>
			<trkpt lat="39.713239" lon="-105.507505">
				<ele>2718.592379</ele>
				<time>2021-11-29T09:41:08Z</time>
			</trkpt>
			<trkpt lat="39.713184" lon="-105.507575">
				<ele>2718.925513</ele>
				<time>2021-11-29T09:41:13Z</time>
			</trkpt>
			<trkpt lat="39.71313" lon="-105.507551">
				<ele>2719.172509</ele>
				<time>2021-11-29T09:41:16Z</time>
			</trkpt>
			<trkpt lat="39.713095" lon="-105.507481">
				<ele>2719.450469</ele>
				<time>2021-11-29T09:41:20Z</time>
			</trkpt>
			<trkpt lat="39.713093" lon="-105.506763">
				<ele>2721.840965</ele>
				<time>2021-11-29T09:41:52Z</time>
			</trkpt>
			<trkpt lat="39.713126" lon="-105.506278">
				<ele>2723.462009</ele>
				<time>2021-11-29T09:42:11Z</time>
			</trkpt>
			<trkpt lat="39.713174" lon="-105.505885">
				<ele>2724.742686</ele>
				<time>2021-11-29T09:42:26Z</time>
			</trkpt>
			<trkpt lat="39.713237" lon="-105.505581">
				<ele>2725.555017</ele>
				<time>2021-11-29T09:42:37Z</time>
			</trkpt>
			<trkpt lat="39.713245" lon="-105.505342">
				<ele>2726.172256</ele>
				<time>2021-11-29T09:42:47Z</time>
			</trkpt>
			<trkpt lat="39.713222" lon="-105.505161">
				<ele>2726.645591</ele>
				<time>2021-11-29T09:42:54Z</time>
			</trkpt>
			<trkpt lat="39.713032" lon="-105.504559">
				<ele>2728.324495</ele>
				<time>2021-11-29T09:43:20Z</time>
			</trkpt>
			<trkpt lat="39.712938" lon="-105.504332">
				<ele>2728.98966</ele>
				<time>2021-11-29T09:43:30Z</time>
			</trkpt>
			<trkpt lat="39.712657" lon="-105.503916">
				<ele>2730.418082</ele>
				<time>2021-11-29T09:43:54Z</time>
			</trkpt>
			<trkpt lat="39.712236" lon="-105.503445">
				<ele>2733.625511</ele>
				<time>2021-11-29T09:44:30Z</time>
			</trkpt>
			<trkpt lat="39.711938" lon="-105.503301">
				<ele>2735.556714</ele>
				<time>2021-11-29T09:44:53Z</time>
			</trkpt>
			<trkpt lat="39.711681" lon="-105.50313">
				<ele>2737.310461</ele>
				<time>2021-11-29T09:45:15Z</time>
			</trkpt>
			<trkpt lat="39.711601" lon="-105.502966">
				<ele>2738.217902</ele>
				<time>2021-11-29T09:45:26Z</time>
			</trkpt>
			<trkpt lat="39.71147" lon="-105.501922">
				<ele>2742.175633</ele>
				<time>2021-11-29T09:46:22Z</time>
			</trkpt>
			<trkpt lat="39.711482" lon="-105.501181">
				<ele>2743.521766</ele>
				<time>2021-11-29T09:46:50Z</time>
			</trkpt>
			<trkpt lat="39.711437" lon="-105.500848">
				<ele>2744.135836</ele>
				<time>2021-11-29T09:47:01Z</time>
			</trkpt>
			<trkpt lat="39.711442" lon="-105.499826">
				<ele>2746.043935</ele>
				<time>2021-11-29T09:47:32Z</time>
			</trkpt>
			<trkpt lat="39.711399" lon="-105.499524">
				<ele>2746.749147</ele>
				<time>2021-11-29T09:47:42Z</time>
			</trkpt>
			<trkpt lat="39.711295" lon="-105.49928">
				<ele>2747.389655</ele>
				<time>2021-11-29T09:47:52Z</time>
			</trkpt>
			<trkpt lat="39.711175" lon="-105.499119">
				<ele>2747.904393</ele>
				<time>2021-11-29T09:47:59Z</time>
			</trkpt>
			<trkpt lat="39.710985" lon="-105.499004">
				<ele>2748.52997</ele>
				<time>2021-11-29T09:48:09Z</time>
			</trkpt>
			<trkpt lat="39.710292" lon="-105.498711">
				<ele>2750.705111</ele>
				<time>2021-11-29T09:48:50Z</time>
			</trkpt>
			<trkpt lat="39.710035" lon="-105.498457">
				<ele>2752.371047</ele>
				<time>2021-11-29T09:49:12Z</time>
			</trkpt>
			<trkpt lat="39.708629" lon="-105.497253">
				<ele>2764.326485</ele>
				<time>2021-11-29T09:51:19Z</time>
			</trkpt>
			<trkpt lat="39.708434" lon="-105.497046">
				<ele>2765.806077</ele>
				<time>2021-11-29T09:51:37Z</time>
			</trkpt>
			<trkpt lat="39.708123" lon="-105.496642">
				<ele>2768.390044</ele>
				<time>2021-11-29T09:52:08Z</time>
			</trkpt>
			<trkpt lat="39.707442" lon="-105.495909">
				<ele>2773.58624</ele>
				<time>2021-11-29T09:53:06Z</time>
			</trkpt>
			<trkpt lat="39.70673" lon="-105.495076">
				<ele>2776.588048</ele>
				<time>2021-11-29T09:53:59Z</time>
			</trkpt>
			<trkpt lat="39.70618" lon="-105.494513">
				<ele>2778.370293</ele>
				<time>2021-11-29T09:54:28Z</time>
			</trkpt>
			<trkpt lat="39.705561" lon="-105.494042">
				<ele>2781.221372</ele>
				<time>2021-11-29T09:55:01Z</time>
			</trkpt>
			<trkpt lat="39.705161" lon="-105.493821">
				<ele>2783.421014</ele>
				<time>2021-11-29T09:55:25Z</time>
			</trkpt>
			<trkpt lat="39.704958" lon="-105.493801">
				<ele>2784.451321</ele>
				<time>2021-11-29T09:55:38Z</time>
			</trkpt>
			<trkpt lat="39.704705" lon="-105.493847">
				<ele>2785.744191</ele>
				<time>2021-11-29T09:55:55Z</time>
			</trkpt>
			<trkpt lat="39.704234" lon="-105.494192">
				<ele>2788.706187</ele>
				<time>2021-11-29T09:56:36Z</time>
			</trkpt>
			<trkpt lat="39.703999" lon="-105.494404">
				<ele>2791.647841</ele>
				<time>2021-11-29T09:57:00Z</time>
			</trkpt>
			<trkpt lat="39.703835" lon="-105.494697">
				<ele>2794.514541</ele>
				<time>2021-11-29T09:57:26Z</time>
			</trkpt>
			<trkpt lat="39.703591" lon="-105.494984">
				<ele>2797.898603</ele>
				<time>2021-11-29T09:57:58Z</time>
			</trkpt>
			<trkpt lat="39.703454" lon="-105.49503">
				<ele>2799.353694</ele>
				<time>2021-11-29T09:58:12Z</time>
			</trkpt>
			<trkpt lat="39.703232" lon="-105.494984">
				<ele>2801.665462</ele>
				<time>2021-11-29T09:58:33Z</time>
			</trkpt>
			<trkpt lat="39.70307" lon="-105.494908">
				<ele>2803.436586</ele>
				<time>2021-11-29T09:58:48Z</time>
			</trkpt>
			<trkpt lat="39.702473" lon="-105.494645">
				<ele>2809.62274</ele>
				<time>2021-11-29T09:59:43Z</time>
			</trkpt>
			<trkpt lat="39.702168" lon="-105.494412">
				<ele>2812.920006</ele>
				<time>2021-11-29T10:00:12Z</time>
			</trkpt>
			<trkpt lat="39.702038" lon="-105.494234">
				<ele>2814.679876</ele>
				<time>2021-11-29T10:00:27Z</time>
			</trkpt>
			<trkpt lat="39.70191" lon="-105.494081">
				<ele>2816.300628</ele>
				<time>2021-11-29T10:00:42Z</time>
			</trkpt>
			<trkpt lat="39.701752" lon="-105.493956">
				<ele>2818.024545</ele>
				<time>2021-11-29T10:00:57Z</time>
			</trkpt>
			<trkpt lat="39.701651" lon="-105.493906">
				<ele>2819.031843</ele>
				<time>2021-11-29T10:01:07Z</time>
			</trkpt>
			<trkpt lat="39.701455" lon="-105.493809">
				<ele>2820.986523</ele>
				<time>2021-11-29T10:01:25Z</time>
			</trkpt>
			<trkpt lat="39.701332" lon="-105.493803">
				<ele>2822.133701</ele>
				<time>2021-11-29T10:01:36Z</time>
			</trkpt>
			<trkpt lat="39.700838" lon="-105.493931">
				<ele>2826.122598</ele>
				<time>2021-11-29T10:02:16Z</time>
			</trkpt>
			<trkpt lat="39.70072" lon="-105.493926">
				<ele>2826.988106</ele>
				<time>2021-11-29T10:02:24Z</time>
			</trkpt>
			<trkpt lat="39.700547" lon="-105.493825">
				<ele>2828.378426</ele>
				<time>2021-11-29T10:02:38Z</time>
			</trkpt>
			<trkpt lat="39.700324" lon="-105.493446">
				<ele>2831.069583</ele>
				<time>2021-11-29T10:03:04Z</time>
			</trkpt>
			<trkpt lat="39.700246" lon="-105.493283">
				<ele>2832.15228</ele>
				<time>2021-11-29T10:03:15Z</time>
			</trkpt>
			<trkpt lat="39.700218" lon="-105.493051">
				<ele>2833.476852</ele>
				<time>2021-11-29T10:03:28Z</time>
			</trkpt>
			<trkpt lat="39.700333" lon="-105.491909">
				<ele>2839.350902</ele>
				<time>2021-11-29T10:04:30Z</time>
			</trkpt>
			<trkpt lat="39.7003" lon="-105.491772">
				<ele>2840.006362</ele>
				<time>2021-11-29T10:04:37Z</time>
			</trkpt>
			<trkpt lat="39.700214" lon="-105.491652">
				<ele>2840.755132</ele>
				<time>2021-11-29T10:04:45Z</time>
			</trkpt>
			<trkpt lat="39.700016" lon="-105.49148">
				<ele>2842.168412</ele>
				<time>2021-11-29T10:05:00Z</time>
			</trkpt>
			<trkpt lat="39.699417" lon="-105.490798">
				<ele>2846.894113</ele>
				<time>2021-11-29T10:05:50Z</time>
			</trkpt>
			<trkpt lat="39.698763" lon="-105.490185">
				<ele>2852.606915</ele>
				<time>2021-11-29T10:06:51Z</time>
			</trkpt>
			<trkpt lat="39.698588" lon="-105.490021">
				<ele>2854.163588</ele>
				<time>2021-11-29T10:07:08Z</time>
			</trkpt>
			<trkpt lat="39.698004" lon="-105.48922">
				<ele>2860.289675</ele>
				<time>2021-11-29T10:08:10Z</time>
			</trkpt>
			<trkpt lat="39.697914" lon="-105.489078">
				<ele>2861.327924</ele>
				<time>2021-11-29T10:08:20Z</time>
			</trkpt>
			<trkpt lat="39.697878" lon="-105.488947">
				<ele>2862.113881</ele>
				<time>2021-11-29T10:08:28Z</time>
			</trkpt>
			<trkpt lat="39.697882" lon="-105.488391">
				<ele>2865.255481</ele>
				<time>2021-11-29T10:08:58Z</time>
			</trkpt>
			<trkpt lat="39.697923" lon="-105.488052">
				<ele>2867.194387</ele>
				<time>2021-11-29T10:09:17Z</time>
			</trkpt>
			<trkpt lat="39.698075" lon="-105.487415">
				<ele>2870.962609</ele>
				<time>2021-11-29T10:09:54Z</time>
			</trkpt>
			<trkpt lat="39.698311" lon="-105.486021">
				<ele>2879.805102</ele>
				<time>2021-11-29T10:11:22Z</time>
			</trkpt>
			<trkpt lat="39.697642" lon="-105.485247">
				<ele>2887.319144</ele>
				<time>2021-11-29T10:12:25Z</time>
			</trkpt>
			<trkpt lat="39.697511" lon="-105.485126">
				<ele>2888.659981</ele>
				<time>2021-11-29T10:12:36Z</time>
			</trkpt>
			<trkpt lat="39.697234" lon="-105.48487">
				<ele>2889.688777</ele>
				<time>2021-11-29T10:12:55Z</time>
			</trkpt>
			<trkpt lat="39.697015" lon="-105.484667">
				<ele>2890.502973</ele>
				<time>2021-11-29T10:13:09Z</time>
			</trkpt>
			<trkpt lat="39.6968" lon="-105.484372">
				<ele>2891.449289</ele>
				<time>2021-11-29T10:13:22Z</time>
			</trkpt>
			<trkpt lat="39.696357" lon="-105.4837">
				<ele>2893.510199</ele>
				<time>2021-11-29T10:13:43Z</time>
			</trkpt>
			<trkpt lat="39.696077" lon="-105.483182">
				<ele>2893.821079</ele>
				<time>2021-11-29T10:13:53Z</time>
			</trkpt>
			<trkpt lat="39.696006" lon="-105.483047">
				<ele>2893.701019</ele>
				<time>2021-11-29T10:13:56Z</time>
			</trkpt>
			<trkpt lat="39.695858" lon="-105.482873">
				<ele>2893.510586</ele>
				<time>2021-11-29T10:14:00Z</time>
			</trkpt>
			<trkpt lat="39.695684" lon="-105.482822">
				<ele>2893.340383</ele>
				<time>2021-11-29T10:14:04Z</time>
			</trkpt>
			<trkpt lat="39.695465" lon="-105.482822">
				<ele>2893.131411</ele>
				<time>2021-11-29T10:14:08Z</time>
			</trkpt>
			<trkpt lat="39.694762" lon="-105.483013">
				<ele>2892.4461</ele>
				<time>2021-11-29T10:14:24Z</time>
			</trkpt>
			<trkpt lat="39.694072" lon="-105.483292">
				<ele>2894.514272</ele>
				<time>2021-11-29T10:14:50Z</time>
			</trkpt>
			<trkpt lat="39.693326" lon="-105.48357">
				<ele>2897.030254</ele>
				<time>2021-11-29T10:15:25Z</time>
			</trkpt>
			<trkpt lat="39.693023" lon="-105.483566">
				<ele>2898.012624</ele>
				<time>2021-11-29T10:15:40Z</time>
			</trkpt>
			<trkpt lat="39.692882" lon="-105.483534">
				<ele>2898.615577</ele>
				<time>2021-11-29T10:15:46Z</time>
			</trkpt>
			<trkpt lat="39.692657" lon="-105.483407">
				<ele>2899.832788</ele>
				<time>2021-11-29T10:15:59Z</time>
			</trkpt>
			<trkpt lat="39.692427" lon="-105.483021">
				<ele>2901.696823</ele>
				<time>2021-11-29T10:16:18Z</time>
			</trkpt>
			<trkpt lat="39.692378" lon="-105.482844">
				<ele>2902.415049</ele>
				<time>2021-11-29T10:16:25Z</time>
			</trkpt>
			<trkpt lat="39.692301" lon="-105.482685">
				<ele>2903.132366</ele>
				<time>2021-11-29T10:16:33Z</time>
			</trkpt>
			<trkpt lat="39.691948" lon="-105.48217">
				<ele>2905.765749</ele>
				<time>2021-11-29T10:17:00Z</time>
			</trkpt>
			<trkpt lat="39.691379" lon="-105.481788">
				<ele>2908.605228</ele>
				<time>2021-11-29T10:17:30Z</time>
			</trkpt>
			<trkpt lat="39.690912" lon="-105.48134">
				<ele>2910.945156</ele>
				<time>2021-11-29T10:17:57Z</time>
			</trkpt>
			<trkpt lat="39.690602" lon="-105.480969">
				<ele>2912.644008</ele>
				<time>2021-11-29T10:18:16Z</time>
			</trkpt>
			<trkpt lat="39.690402" lon="-105.480691">
				<ele>2913.82455</ele>
				<time>2021-11-29T10:18:29Z</time>
			</trkpt>
			<trkpt lat="39.690164" lon="-105.480295">
				<ele>2914.964156</ele>
				<time>2021-11-29T10:18:44Z</time>
			</trkpt>
			<trkpt lat="39.689749" lon="-105.479739">
				<ele>2916.352776</ele>
				<time>2021-11-29T10:19:05Z</time>
			</trkpt>
			<trkpt lat="39.688806" lon="-105.478873">
				<ele>2919.163829</ele>
				<time>2021-11-29T10:19:44Z</time>
			</trkpt>
			<trkpt lat="39.687701" lon="-105.478315">
				<ele>2922.648338</ele>
				<time>2021-11-29T10:20:34Z</time>
			</trkpt>
			<trkpt lat="39.687511" lon="-105.478261">
				<ele>2923.220001</ele>
				<time>2021-11-29T10:20:42Z</time>
			</trkpt>
			<trkpt lat="39.687296" lon="-105.478268">
				<ele>2923.852144</ele>
				<time>2021-11-29T10:20:51Z</time>
			</trkpt>
			<trkpt lat="39.68711" lon="-105.478201">
				<ele>2924.361621</ele>
				<time>2021-11-29T10:20:58Z</time>
			</trkpt>
			<trkpt lat="39.686812" lon="-105.477975">
				<ele>2925.269528</ele>
				<time>2021-11-29T10:21:10Z</time>
			</trkpt>
			<trkpt lat="39.686311" lon="-105.477931">
				<ele>2926.590829</ele>
				<time>2021-11-29T10:21:26Z</time>
			</trkpt>
			<trkpt lat="39.686188" lon="-105.477898">
				<ele>2926.921308</ele>
				<time>2021-11-29T10:21:31Z</time>
			</trkpt>
			<trkpt lat="39.685938" lon="-105.477676">
				<ele>2927.718068</ele>
				<time>2021-11-29T10:21:43Z</time>
			</trkpt>
			<trkpt lat="39.685557" lon="-105.477468">
				<ele>2928.974622</ele>
				<time>2021-11-29T10:22:00Z</time>
			</trkpt>
			<trkpt lat="39.685354" lon="-105.477413">
				<ele>2929.969777</ele>
				<time>2021-11-29T10:22:09Z</time>
			</trkpt>
			<trkpt lat="39.685257" lon="-105.477435">
				<ele>2930.442321</ele>
				<time>2021-11-29T10:22:14Z</time>
			</trkpt>
			<trkpt lat="39.685163" lon="-105.477504">
				<ele>2930.960431</ele>
				<time>2021-11-29T10:22:18Z</time>
			</trkpt>
			<trkpt lat="39.684342" lon="-105.478332">
				<ele>2935.947896</ele>
				<time>2021-11-29T10:23:08Z</time>
			</trkpt>
			<trkpt lat="39.684268" lon="-105.478351">
				<ele>2936.309891</ele>
				<time>2021-11-29T10:23:13Z</time>
			</trkpt>
			<trkpt lat="39.684061" lon="-105.478262">
				<ele>2937.449588</ele>
				<time>2021-11-29T10:23:24Z</time>
			</trkpt>
			<trkpt lat="39.683892" lon="-105.478247">
				<ele>2938.872751</ele>
				<time>2021-11-29T10:23:34Z</time>
			</trkpt>
			<trkpt lat="39.683592" lon="-105.478143">
				<ele>2941.481358</ele>
				<time>2021-11-29T10:23:54Z</time>
			</trkpt>
			<trkpt lat="39.683297" lon="-105.477962">
				<ele>2944.222207</ele>
				<time>2021-11-29T10:24:15Z</time>
			</trkpt>
			<trkpt lat="39.682933" lon="-105.477625">
				<ele>2947.97721</ele>
				<time>2021-11-29T10:24:47Z</time>
			</trkpt>
			<trkpt lat="39.68277" lon="-105.47751">
				<ele>2949.535497</ele>
				<time>2021-11-29T10:25:01Z</time>
			</trkpt>
			<trkpt lat="39.682592" lon="-105.477465">
				<ele>2951.059006</ele>
				<time>2021-11-29T10:25:15Z</time>
			</trkpt>
			<trkpt lat="39.682438" lon="-105.477465">
				<ele>2952.353927</ele>
				<time>2021-11-29T10:25:26Z</time>
			</trkpt>
			<trkpt lat="39.682051" lon="-105.477595">
				<ele>2956.093399</ele>
				<time>2021-11-29T10:25:55Z</time>
			</trkpt>
			<trkpt lat="39.681702" lon="-105.477647">
				<ele>2959.379743</ele>
				<time>2021-11-29T10:26:19Z</time>
			</trkpt>
			<trkpt lat="39.681486" lon="-105.477628">
				<ele>2961.405082</ele>
				<time>2021-11-29T10:26:35Z</time>
			</trkpt>
			<trkpt lat="39.681291" lon="-105.477507">
				<ele>2963.426679</ele>
				<time>2021-11-29T10:26:50Z</time>
			</trkpt>
			<trkpt lat="39.681199" lon="-105.477425">
				<ele>2964.470381</ele>
				<time>2021-11-29T10:26:58Z</time>
			</trkpt>
			<trkpt lat="39.68099" lon="-105.477058">
				<ele>2967.757455</ele>
				<time>2021-11-29T10:27:24Z</time>
			</trkpt>
			<trkpt lat="39.680938" lon="-105.47688">
				<ele>2969.128248</ele>
				<time>2021-11-29T10:27:35Z</time>
			</trkpt>
			<trkpt lat="39.680918" lon="-105.476258">
				<ele>2972.693283</ele>
				<time>2021-11-29T10:28:08Z</time>
			</trkpt>
			<trkpt lat="39.680861" lon="-105.476095">
				<ele>2973.716083</ele>
				<time>2021-11-29T10:28:17Z</time>
			</trkpt>
			<trkpt lat="39.680647" lon="-105.475782">
				<ele>2976.107875</ele>
				<time>2021-11-29T10:28:36Z</time>
			</trkpt>
			<trkpt lat="39.680109" lon="-105.475274">
				<ele>2981.044531</ele>
				<time>2021-11-29T10:29:13Z</time>
			</trkpt>
			<trkpt lat="39.679959" lon="-105.475043">
				<ele>2982.607992</ele>
				<time>2021-11-29T10:29:28Z</time>
			</trkpt>
			<trkpt lat="39.679933" lon="-105.474928">
				<ele>2982.84605</ele>
				<time>2021-11-29T10:29:34Z</time>
			</trkpt>
			<trkpt lat="39.679921" lon="-105.474687">
				<ele>2983.325712</ele>
				<time>2021-11-29T10:29:45Z</time>
			</trkpt>
			<trkpt lat="39.679964" lon="-105.474305">
				<ele>2984.092493</ele>
				<time>2021-11-29T10:30:01Z</time>
			</trkpt>
			<trkpt lat="39.680238" lon="-105.473748">
				<ele>2985.40545</ele>
				<time>2021-11-29T10:30:23Z</time>
			</trkpt>
			<trkpt lat="39.680315" lon="-105.473434">
				<ele>2986.059989</ele>
				<time>2021-11-29T10:30:32Z</time>
			</trkpt>
			<trkpt lat="39.680456" lon="-105.473263">
				<ele>2986.557737</ele>
				<time>2021-11-29T10:30:36Z</time>
			</trkpt>
			<trkpt lat="39.680836" lon="-105.472891">
				<ele>2985.067467</ele>
				<time>2021-11-29T10:30:44Z</time>
			</trkpt>
			<trkpt lat="39.681827" lon="-105.471989">
				<ele>2974.563027</ele>
				<time>2021-11-29T10:31:02Z</time>
			</trkpt>
			<trkpt lat="39.681988" lon="-105.471768">
				<ele>2972.529781</ele>
				<time>2021-11-29T10:31:05Z</time>
			</trkpt>
			<trkpt lat="39.682145" lon="-105.47141">
				<ele>2968.892091</ele>
				<time>2021-11-29T10:31:09Z</time>
			</trkpt>
			<trkpt lat="39.682208" lon="-105.471066">
				<ele>2965.349144</ele>
				<time>2021-11-29T10:31:13Z</time>
			</trkpt>
			<trkpt lat="39.682185" lon="-105.470793">
				<ele>2962.597486</ele>
				<time>2021-11-29T10:31:16Z</time>
			</trkpt>
			<trkpt lat="39.681851" lon="-105.469282">
				<ele>2947.164603</ele>
				<time>2021-11-29T10:31:32Z</time>
			</trkpt>
			<trkpt lat="39.681769" lon="-105.469016">
				<ele>2945.005693</ele>
				<time>2021-11-29T10:31:35Z</time>
			</trkpt>
			<trkpt lat="39.681637" lon="-105.468884">
				<ele>2943.37505</ele>
				<time>2021-11-29T10:31:38Z</time>
			</trkpt>
			<trkpt lat="39.681341" lon="-105.468872">
				<ele>2940.47586</ele>
				<time>2021-11-29T10:31:42Z</time>
			</trkpt>
			<trkpt lat="39.680516" lon="-105.468986">
				<ele>2932.353732</ele>
				<time>2021-11-29T10:31:54Z</time>
			</trkpt>
			<trkpt lat="39.680307" lon="-105.468932">
				<ele>2930.392766</ele>
				<time>2021-11-29T10:31:57Z</time>
			</trkpt>
			<trkpt lat="39.680219" lon="-105.468867">
				<ele>2929.888695</ele>
				<time>2021-11-29T10:31:58Z</time>
			</trkpt>
			<trkpt lat="39.679878" lon="-105.468476">
				<ele>2927.623967</ele>
				<time>2021-11-29T10:32:05Z</time>
			</trkpt>
			<trkpt lat="39.679613" lon="-105.468301">
				<ele>2926.143688</ele>
				<time>2021-11-29T10:32:10Z</time>
			</trkpt>
			<trkpt lat="39.679143" lon="-105.46817">
				<ele>2923.749981</ele>
				<time>2021-11-29T10:32:18Z</time>
			</trkpt>
			<trkpt lat="39.678273" lon="-105.468033">
				<ele>2920.602043</ele>
				<time>2021-11-29T10:32:33Z</time>
			</trkpt>
			<trkpt lat="39.678175" lon="-105.467997">
				<ele>2920.37785</ele>
				<time>2021-11-29T10:32:35Z</time>
			</trkpt>
			<trkpt lat="39.677878" lon="-105.467759">
				<ele>2919.609686</ele>
				<time>2021-11-29T10:32:42Z</time>
			</trkpt>
			<trkpt lat="39.677725" lon="-105.467583">
				<ele>2919.159838</ele>
				<time>2021-11-29T10:32:46Z</time>
			</trkpt>
			<trkpt lat="39.677557" lon="-105.467336">
				<ele>2918.601346</ele>
				<time>2021-11-29T10:32:51Z</time>
			</trkpt>
			<trkpt lat="39.677471" lon="-105.46716">
				<ele>2918.248127</ele>
				<time>2021-11-29T10:32:54Z</time>
			</trkpt>
			<trkpt lat="39.677405" lon="-105.466951">
				<ele>2917.86537</ele>
				<time>2021-11-29T10:32:58Z</time>
			</trkpt>
			<trkpt lat="39.677335" lon="-105.466558">
				<ele>2916.538265</ele>
				<time>2021-11-29T10:33:03Z</time>
			</trkpt>
			<trkpt lat="39.677195" lon="-105.465153">
				<ele>2910.495747</ele>
				<time>2021-11-29T10:33:20Z</time>
			</trkpt>
			<trkpt lat="39.677103" lon="-105.464533">
				<ele>2907.802665</ele>
				<time>2021-11-29T10:33:27Z</time>
			</trkpt>
			<trkpt lat="39.67699" lon="-105.464181">
				<ele>2906.013535</ele>
				<time>2021-11-29T10:33:31Z</time>
			</trkpt>
			<trkpt lat="39.676889" lon="-105.463956">
				<ele>2904.77921</ele>
				<time>2021-11-29T10:33:35Z</time>
			</trkpt>
			<trkpt lat="39.676652" lon="-105.463553">
				<ele>2902.375788</ele>
				<time>2021-11-29T10:33:41Z</time>
			</trkpt>
			<trkpt lat="39.676484" lon="-105.463395">
				<ele>2901.098858</ele>
				<time>2021-11-29T10:33:44Z</time>
			</trkpt>
			<trkpt lat="39.676192" lon="-105.463231">
				<ele>2899.140216</ele>
				<time>2021-11-29T10:33:49Z</time>
			</trkpt>
			<trkpt lat="39.676092" lon="-105.463046">
				<ele>2898.068921</ele>
				<time>2021-11-29T10:33:51Z</time>
			</trkpt>
			<trkpt lat="39.676023" lon="-105.462684">
				<ele>2896.370775</ele>
				<time>2021-11-29T10:33:56Z</time>
			</trkpt>
			<trkpt lat="39.676023" lon="-105.462351">
				<ele>2895.208004</ele>
				<time>2021-11-29T10:34:00Z</time>
			</trkpt>
			<trkpt lat="39.676292" lon="-105.461657">
				<ele>2892.494744</ele>
				<time>2021-11-29T10:34:09Z</time>
			</trkpt>
			<trkpt lat="39.676304" lon="-105.461465">
				<ele>2891.822113</ele>
				<time>2021-11-29T10:34:12Z</time>
			</trkpt>
			<trkpt lat="39.676288" lon="-105.461257">
				<ele>2891.092202</ele>
				<time>2021-11-29T10:34:14Z</time>
			</trkpt>
			<trkpt lat="39.676236" lon="-105.461054">
				<ele>2890.345141</ele>
				<time>2021-11-29T10:34:17Z</time>
			</trkpt>
			<trkpt lat="39.676147" lon="-105.460839">
				<ele>2889.492711</ele>
				<time>2021-11-29T10:34:20Z</time>
			</trkpt>
			<trkpt lat="39.676004" lon="-105.46067">
				<ele>2888.615714</ele>
				<time>2021-11-29T10:34:23Z</time>
			</trkpt>
			<trkpt lat="39.675556" lon="-105.460259">
				<ele>2887.415738</ele>
				<time>2021-11-29T10:34:33Z</time>
			</trkpt>
			<trkpt lat="39.675425" lon="-105.460048">
				<ele>2887.0047</ele>
				<time>2021-11-29T10:34:36Z</time>
			</trkpt>
			<trkpt lat="39.675377" lon="-105.459926">
				<ele>2886.796951</ele>
				<time>2021-11-29T10:34:38Z</time>
			</trkpt>
			<trkpt lat="39.67533" lon="-105.459694">
				<ele>2886.433201</ele>
				<time>2021-11-29T10:34:42Z</time>
			</trkpt>
			<trkpt lat="39.675329" lon="-105.459451">
				<ele>2886.064749</ele>
				<time>2021-11-29T10:34:46Z</time>
			</trkpt>
			<trkpt lat="39.675373" lon="-105.459189">
				<ele>2885.658146</ele>
				<time>2021-11-29T10:34:50Z</time>
			</trkpt>
			<trkpt lat="39.675758" lon="-105.458241">
				<ele>2882.676471</ele>
				<time>2021-11-29T10:35:06Z</time>
			</trkpt>
			<trkpt lat="39.67584" lon="-105.457987">
				<ele>2881.574771</ele>
				<time>2021-11-29T10:35:10Z</time>
			</trkpt>
			<trkpt lat="39.675943" lon="-105.457318">
				<ele>2878.845898</ele>
				<time>2021-11-29T10:35:18Z</time>
			</trkpt>
			<trkpt lat="39.675999" lon="-105.457081">
				<ele>2877.854283</ele>
				<time>2021-11-29T10:35:21Z</time>
			</trkpt>
			<trkpt lat="39.676083" lon="-105.456885">
				<ele>2876.956983</ele>
				<time>2021-11-29T10:35:24Z</time>
			</trkpt>
			<trkpt lat="39.676257" lon="-105.456621">
				<ele>2875.566781</ele>
				<time>2021-11-29T10:35:27Z</time>
			</trkpt>
			<trkpt lat="39.676867" lon="-105.455869">
				<ele>2868.674106</ele>
				<time>2021-11-29T10:35:40Z</time>
			</trkpt>
			<trkpt lat="39.67696" lon="-105.455703">
				<ele>2867.372971</ele>
				<time>2021-11-29T10:35:42Z</time>
			</trkpt>
			<trkpt lat="39.676997" lon="-105.455531">
				<ele>2866.241221</ele>
				<time>2021-11-29T10:35:44Z</time>
			</trkpt>
			<trkpt lat="39.676991" lon="-105.454921">
				<ele>2862.375288</ele>
				<time>2021-11-29T10:35:51Z</time>
			</trkpt>
			<trkpt lat="39.676969" lon="-105.454571">
				<ele>2860.234321</ele>
				<time>2021-11-29T10:35:55Z</time>
			</trkpt>
			<trkpt lat="39.676869" lon="-105.45387">
				<ele>2856.403897</ele>
				<time>2021-11-29T10:36:03Z</time>
			</trkpt>
			<trkpt lat="39.676535" lon="-105.453014">
				<ele>2851.24759</ele>
				<time>2021-11-29T10:36:14Z</time>
			</trkpt>
			<trkpt lat="39.676466" lon="-105.452737">
				<ele>2849.683333</ele>
				<time>2021-11-29T10:36:18Z</time>
			</trkpt>
			<trkpt lat="39.676409" lon="-105.452105">
				<ele>2846.134452</ele>
				<time>2021-11-29T10:36:25Z</time>
			</trkpt>
			<trkpt lat="39.676294" lon="-105.451524">
				<ele>2842.688821</ele>
				<time>2021-11-29T10:36:32Z</time>
			</trkpt>
			<trkpt lat="39.67613" lon="-105.450954">
				<ele>2839.193672</ele>
				<time>2021-11-29T10:36:39Z</time>
			</trkpt>
			<trkpt lat="39.676037" lon="-105.450726">
				<ele>2837.711585</ele>
				<time>2021-11-29T10:36:42Z</time>
			</trkpt>
			<trkpt lat="39.675616" lon="-105.450176">
				<ele>2833.520012</ele>
				<time>2021-11-29T10:36:50Z</time>
			</trkpt>
			<trkpt lat="39.675465" lon="-105.449894">
				<ele>2831.900864</ele>
				<time>2021-11-29T10:36:54Z</time>
			</trkpt>
			<trkpt lat="39.675274" lon="-105.449417">
				<ele>2829.366588</ele>
				<time>2021-11-29T10:37:01Z</time>
			</trkpt>
			<trkpt lat="39.675125" lon="-105.449118">
				<ele>2827.687726</ele>
				<time>2021-11-29T10:37:05Z</time>
			</trkpt>
			<trkpt lat="39.674709" lon="-105.448689">
				<ele>2824.435331</ele>
				<time>2021-11-29T10:37:13Z</time>
			</trkpt>
			<trkpt lat="39.674574" lon="-105.448441">
				<ele>2822.979335</ele>
				<time>2021-11-29T10:37:17Z</time>
			</trkpt>
			<trkpt lat="39.674508" lon="-105.448207">
				<ele>2821.764409</ele>
				<time>2021-11-29T10:37:20Z</time>
			</trkpt>
			<trkpt lat="39.674348" lon="-105.447129">
				<ele>2816.412357</ele>
				<time>2021-11-29T10:37:33Z</time>
			</trkpt>
			<trkpt lat="39.674276" lon="-105.446785">
				<ele>2814.67446</ele>
				<time>2021-11-29T10:37:37Z</time>
			</trkpt>
			<trkpt lat="39.673992" lon="-105.446065">
				<ele>2810.274451</ele>
				<time>2021-11-29T10:37:46Z</time>
			</trkpt>
			<trkpt lat="39.673922" lon="-105.445766">
				<ele>2808.313852</ele>
				<time>2021-11-29T10:37:50Z</time>
			</trkpt>
			<trkpt lat="39.673822" lon="-105.444909">
				<ele>2802.876104</ele>
				<time>2021-11-29T10:38:00Z</time>
			</trkpt>
			<trkpt lat="39.673836" lon="-105.444749">
				<ele>2801.865892</ele>
				<time>2021-11-29T10:38:02Z</time>
			</trkpt>
			<trkpt lat="39.673535" lon="-105.444399">
				<ele>2798.573494</ele>
				<time>2021-11-29T10:38:08Z</time>
			</trkpt>
			<trkpt lat="39.673358" lon="-105.44406">
				<ele>2795.25972</ele>
				<time>2021-11-29T10:38:12Z</time>
			</trkpt>
			<trkpt lat="39.673023" lon="-105.443421">
				<ele>2788.230805</ele>
				<time>2021-11-29T10:38:20Z</time>
			</trkpt>
			<trkpt lat="39.672848" lon="-105.443133">
				<ele>2784.894913</ele>
				<time>2021-11-29T10:38:24Z</time>
			</trkpt>
			<trkpt lat="39.672677" lon="-105.442958">
				<ele>2782.323772</ele>
				<time>2021-11-29T10:38:27Z</time>
			</trkpt>
			<trkpt lat="39.672244" lon="-105.442705">
				<ele>2776.715937</ele>
				<time>2021-11-29T10:38:34Z</time>
			</trkpt>
			<trkpt lat="39.672155" lon="-105.44259">
				<ele>2775.115441</ele>
				<time>2021-11-29T10:38:35Z</time>
			</trkpt>
			<trkpt lat="39.672039" lon="-105.442308">
				<ele>2771.918561</ele>
				<time>2021-11-29T10:38:39Z</time>
			</trkpt>
			<trkpt lat="39.671971" lon="-105.442224">
				<ele>2770.699725</ele>
				<time>2021-11-29T10:38:40Z</time>
			</trkpt>
			<trkpt lat="39.671885" lon="-105.442243">
				<ele>2769.566582</ele>
				<time>2021-11-29T10:38:41Z</time>
			</trkpt>
			<trkpt lat="39.671883" lon="-105.442406">
				<ele>2767.936656</ele>
				<time>2021-11-29T10:38:43Z</time>
			</trkpt>
			<trkpt lat="39.671815" lon="-105.442539">
				<ele>2766.340254</ele>
				<time>2021-11-29T10:38:45Z</time>
			</trkpt>
			<trkpt lat="39.671589" lon="-105.442712">
				<ele>2762.932918</ele>
				<time>2021-11-29T10:38:48Z</time>
			</trkpt>
			<trkpt lat="39.671473" lon="-105.442669">
				<ele>2761.365988</ele>
				<time>2021-11-29T10:38:50Z</time>
			</trkpt>
			<trkpt lat="39.671425" lon="-105.44255">
				<ele>2760.022715</ele>
				<time>2021-11-29T10:38:51Z</time>
			</trkpt>
			<trkpt lat="39.671445" lon="-105.442465">
				<ele>2759.134035</ele>
				<time>2021-11-29T10:38:52Z</time>
			</trkpt>
			<trkpt lat="39.671538" lon="-105.442366">
				<ele>2757.572268</ele>
				<time>2021-11-29T10:38:54Z</time>
			</trkpt>
			<trkpt lat="39.671586" lon="-105.442239">
				<ele>2756.157661</ele>
				<time>2021-11-29T10:38:55Z</time>
			</trkpt>
			<trkpt lat="39.671588" lon="-105.442103">
				<ele>2754.797642</ele>
				<time>2021-11-29T10:38:57Z</time>
			</trkpt>
			<trkpt lat="39.671518" lon="-105.442062">
				<ele>2753.800235</ele>
				<time>2021-11-29T10:38:58Z</time>
			</trkpt>
			<trkpt lat="39.671454" lon="-105.442081">
				<ele>2752.983165</ele>
				<time>2021-11-29T10:38:59Z</time>
			</trkpt>
			<trkpt lat="39.671226" lon="-105.442348">
				<ele>2750.365379</ele>
				<time>2021-11-29T10:39:03Z</time>
			</trkpt>
			<trkpt lat="39.670991" lon="-105.442526">
				<ele>2748.045485</ele>
				<time>2021-11-29T10:39:07Z</time>
			</trkpt>
			<trkpt lat="39.670793" lon="-105.44261">
				<ele>2746.269133</ele>
				<time>2021-11-29T10:39:10Z</time>
			</trkpt>
			<trkpt lat="39.670755" lon="-105.442612">
				<ele>2745.944793</ele>
				<time>2021-11-29T10:39:11Z</time>
			</trkpt>
			<trkpt lat="39.670702" lon="-105.44257">
				<ele>2745.415343</ele>
				<time>2021-11-29T10:39:12Z</time>
			</trkpt>
			<trkpt lat="39.670687" lon="-105.442505">
				<ele>2744.96989</ele>
				<time>2021-11-29T10:39:12Z</time>
			</trkpt>
			<trkpt lat="39.670709" lon="-105.44241">
				<ele>2744.318656</ele>
				<time>2021-11-29T10:39:13Z</time>
			</trkpt>
			<trkpt lat="39.670913" lon="-105.442202">
				<ele>2742.107068</ele>
				<time>2021-11-29T10:39:17Z</time>
			</trkpt>
			<trkpt lat="39.670966" lon="-105.441981">
				<ele>2740.587548</ele>
				<time>2021-11-29T10:39:20Z</time>
			</trkpt>
			<trkpt lat="39.67099" lon="-105.44158">
				<ele>2737.947272</ele>
				<time>2021-11-29T10:39:25Z</time>
			</trkpt>
			<trkpt lat="39.670942" lon="-105.441347">
				<ele>2736.459941</ele>
				<time>2021-11-29T10:39:27Z</time>
			</trkpt>
			<trkpt lat="39.670874" lon="-105.441199">
				<ele>2735.409066</ele>
				<time>2021-11-29T10:39:29Z</time>
			</trkpt>
			<trkpt lat="39.670551" lon="-105.440697">
				<ele>2731.419911</ele>
				<time>2021-11-29T10:39:37Z</time>
			</trkpt>
			<trkpt lat="39.669944" lon="-105.440148">
				<ele>2725.561511</ele>
				<time>2021-11-29T10:39:48Z</time>
			</trkpt>
			<trkpt lat="39.669891" lon="-105.440065">
				<ele>2724.903995</ele>
				<time>2021-11-29T10:39:49Z</time>
			</trkpt>
			<trkpt lat="39.66978" lon="-105.439678">
				<ele>2722.055719</ele>
				<time>2021-11-29T10:39:53Z</time>
			</trkpt>
			<trkpt lat="39.669743" lon="-105.439626">
				<ele>2721.491845</ele>
				<time>2021-11-29T10:39:54Z</time>
			</trkpt>
			<trkpt lat="39.669654" lon="-105.439671">
				<ele>2720.503886</ele>
				<time>2021-11-29T10:39:56Z</time>
			</trkpt>
			<trkpt lat="39.669623" lon="-105.439795">
				<ele>2719.465727</ele>
				<time>2021-11-29T10:39:57Z</time>
			</trkpt>
			<trkpt lat="39.669661" lon="-105.440703">
				<ele>2712.224832</ele>
				<time>2021-11-29T10:40:07Z</time>
			</trkpt>
			<trkpt lat="39.669656" lon="-105.440828">
				<ele>2711.22814</ele>
				<time>2021-11-29T10:40:08Z</time>
			</trkpt>
			<trkpt lat="39.669638" lon="-105.440853">
				<ele>2710.955557</ele>
				<time>2021-11-29T10:40:09Z</time>
			</trkpt>
			<trkpt lat="39.669591" lon="-105.440841">
				<ele>2710.46005</ele>
				<time>2021-11-29T10:40:09Z</time>
			</trkpt>
			<trkpt lat="39.669531" lon="-105.44077">
				<ele>2709.620476</ele>
				<time>2021-11-29T10:40:10Z</time>
			</trkpt>
			<trkpt lat="39.66931" lon="-105.440199">
				<ele>2704.52746</ele>
				<time>2021-11-29T10:40:17Z</time>
			</trkpt>
			<trkpt lat="39.668904" lon="-105.439447">
				<ele>2697.127778</ele>
				<time>2021-11-29T10:40:27Z</time>
			</trkpt>
			<trkpt lat="39.668847" lon="-105.439419">
				<ele>2696.490007</ele>
				<time>2021-11-29T10:40:28Z</time>
			</trkpt>
			<trkpt lat="39.668771" lon="-105.439463">
				<ele>2695.6192</ele>
				<time>2021-11-29T10:40:29Z</time>
			</trkpt>
			<trkpt lat="39.668728" lon="-105.43969">
				<ele>2693.735927</ele>
				<time>2021-11-29T10:40:32Z</time>
			</trkpt>
			<trkpt lat="39.668751" lon="-105.440335">
				<ele>2688.534228</ele>
				<time>2021-11-29T10:40:39Z</time>
			</trkpt>
			<trkpt lat="39.668846" lon="-105.440928">
				<ele>2684.401783</ele>
				<time>2021-11-29T10:40:45Z</time>
			</trkpt>
			<trkpt lat="39.668831" lon="-105.440995">
				<ele>2684.016149</ele>
				<time>2021-11-29T10:40:46Z</time>
			</trkpt>
			<trkpt lat="39.668791" lon="-105.441038">
				<ele>2683.643378</ele>
				<time>2021-11-29T10:40:47Z</time>
			</trkpt>
			<trkpt lat="39.668744" lon="-105.441044">
				<ele>2683.304296</ele>
				<time>2021-11-29T10:40:48Z</time>
			</trkpt>
			<trkpt lat="39.668676" lon="-105.440997">
				<ele>2682.751263</ele>
				<time>2021-11-29T10:40:49Z</time>
			</trkpt>
			<trkpt lat="39.668202" lon="-105.440035">
				<ele>2676.438584</ele>
				<time>2021-11-29T10:41:02Z</time>
			</trkpt>
			<trkpt lat="39.668004" lon="-105.439138">
				<ele>2671.643919</ele>
				<time>2021-11-29T10:41:13Z</time>
			</trkpt>
			<trkpt lat="39.667945" lon="-105.438989">
				<ele>2670.900485</ele>
				<time>2021-11-29T10:41:16Z</time>
			</trkpt>
			<trkpt lat="39.667833" lon="-105.438826">
				<ele>2669.931058</ele>
				<time>2021-11-29T10:41:18Z</time>
			</trkpt>
			<trkpt lat="39.667754" lon="-105.43865">
				<ele>2669.027102</ele>
				<time>2021-11-29T10:41:21Z</time>
			</trkpt>
			<trkpt lat="39.667594" lon="-105.438184">
				<ele>2666.763158</ele>
				<time>2021-11-29T10:41:27Z</time>
			</trkpt>
			<trkpt lat="39.667247" lon="-105.437682">
				<ele>2663.769602</ele>
				<time>2021-11-29T10:41:35Z</time>
			</trkpt>
			<trkpt lat="39.666901" lon="-105.437306">
				<ele>2660.233988</ele>
				<time>2021-11-29T10:41:42Z</time>
			</trkpt>
			<trkpt lat="39.666767" lon="-105.437228">
				<ele>2658.887568</ele>
				<time>2021-11-29T10:41:44Z</time>
			</trkpt>
			<trkpt lat="39.666703" lon="-105.437256">
				<ele>2658.268334</ele>
				<time>2021-11-29T10:41:45Z</time>
			</trkpt>
			<trkpt lat="39.666697" lon="-105.437345">
				<ele>2657.63773</ele>
				<time>2021-11-29T10:41:46Z</time>
			</trkpt>
			<trkpt lat="39.666892" lon="-105.437734">
				<ele>2654.361131</ele>
				<time>2021-11-29T10:41:51Z</time>
			</trkpt>
			<trkpt lat="39.66695" lon="-105.438">
				<ele>2652.409729</ele>
				<time>2021-11-29T10:41:54Z</time>
			</trkpt>
			<trkpt lat="39.666957" lon="-105.438386">
				<ele>2649.684435</ele>
				<time>2021-11-29T10:41:58Z</time>
			</trkpt>
			<trkpt lat="39.667038" lon="-105.438829">
				<ele>2646.470571</ele>
				<time>2021-11-29T10:42:03Z</time>
			</trkpt>
			<trkpt lat="39.667025" lon="-105.438996">
				<ele>2645.206261</ele>
				<time>2021-11-29T10:42:05Z</time>
			</trkpt>
			<trkpt lat="39.66697" lon="-105.439211">
				<ele>2643.47655</ele>
				<time>2021-11-29T10:42:07Z</time>
			</trkpt>
			<trkpt lat="39.666823" lon="-105.439684">
				<ele>2639.582162</ele>
				<time>2021-11-29T10:42:13Z</time>
			</trkpt>
			<trkpt lat="39.666758" lon="-105.439824">
				<ele>2638.333945</ele>
				<time>2021-11-29T10:42:15Z</time>
			</trkpt>
			<trkpt lat="39.666618" lon="-105.439945">
				<ele>2636.666188</ele>
				<time>2021-11-29T10:42:17Z</time>
			</trkpt>
			<trkpt lat="39.666419" lon="-105.439984">
				<ele>2634.670157</ele>
				<time>2021-11-29T10:42:20Z</time>
			</trkpt>
			<trkpt lat="39.666277" lon="-105.439933">
				<ele>2633.208956</ele>
				<time>2021-11-29T10:42:22Z</time>
			</trkpt>
			<trkpt lat="39.666205" lon="-105.43986">
				<ele>2632.303107</ele>
				<time>2021-11-29T10:42:23Z</time>
			</trkpt>
			<trkpt lat="39.666172" lon="-105.439737">
				<ele>2631.308635</ele>
				<time>2021-11-29T10:42:25Z</time>
			</trkpt>
			<trkpt lat="39.666174" lon="-105.43941">
				<ele>2628.812007</ele>
				<time>2021-11-29T10:42:28Z</time>
			</trkpt>
			<trkpt lat="39.666143" lon="-105.439155">
				<ele>2626.690411</ele>
				<time>2021-11-29T10:42:31Z</time>
			</trkpt>
			<trkpt lat="39.666051" lon="-105.438838">
				<ele>2623.857364</ele>
				<time>2021-11-29T10:42:35Z</time>
			</trkpt>
			<trkpt lat="39.665908" lon="-105.438499">
				<ele>2620.624743</ele>
				<time>2021-11-29T10:42:39Z</time>
			</trkpt>
			<trkpt lat="39.665412" lon="-105.437693">
				<ele>2611.995504</ele>
				<time>2021-11-29T10:42:50Z</time>
			</trkpt>
			<trkpt lat="39.665289" lon="-105.437704">
				<ele>2610.656133</ele>
				<time>2021-11-29T10:42:52Z</time>
			</trkpt>
			<trkpt lat="39.665079" lon="-105.438043">
				<ele>2606.980203</ele>
				<time>2021-11-29T10:42:57Z</time>
			</trkpt>
			<trkpt lat="39.664918" lon="-105.438171">
				<ele>2604.88884</ele>
				<time>2021-11-29T10:42:59Z</time>
			</trkpt>
			<trkpt lat="39.664722" lon="-105.438185">
				<ele>2602.713963</ele>
				<time>2021-11-29T10:43:02Z</time>
			</trkpt>
			<trkpt lat="39.664593" lon="-105.438098">
				<ele>2601.103562</ele>
				<time>2021-11-29T10:43:04Z</time>
			</trkpt>
			<trkpt lat="39.664555" lon="-105.438022">
				<ele>2600.330627</ele>
				<time>2021-11-29T10:43:05Z</time>
			</trkpt>
			<trkpt lat="39.6644" lon="-105.43743">
				<ele>2594.997395</ele>
				<time>2021-11-29T10:43:11Z</time>
			</trkpt>
			<trkpt lat="39.664243" lon="-105.436976">
				<ele>2590.752447</ele>
				<time>2021-11-29T10:43:17Z</time>
			</trkpt>
			<trkpt lat="39.664046" lon="-105.436063">
				<ele>2584.637185</ele>
				<time>2021-11-29T10:43:28Z</time>
			</trkpt>
			<trkpt lat="39.664008" lon="-105.435811">
				<ele>2583.133826</ele>
				<time>2021-11-29T10:43:30Z</time>
			</trkpt>
			<trkpt lat="39.663892" lon="-105.435041">
				<ele>2578.540386</ele>
				<time>2021-11-29T10:43:40Z</time>
			</trkpt>
			<trkpt lat="39.663807" lon="-105.434695">
				<ele>2576.414096</ele>
				<time>2021-11-29T10:43:44Z</time>
			</trkpt>
			<trkpt lat="39.663505" lon="-105.434132">
				<ele>2572.24649</ele>
				<time>2021-11-29T10:43:52Z</time>
			</trkpt>
			<trkpt lat="39.663094" lon="-105.433528">
				<ele>2567.280516</ele>
				<time>2021-11-29T10:44:01Z</time>
			</trkpt>
			<trkpt lat="39.663008" lon="-105.433469">
				<ele>2566.502246</ele>
				<time>2021-11-29T10:44:02Z</time>
			</trkpt>
			<trkpt lat="39.662955" lon="-105.433541">
				<ele>2565.888569</ele>
				<time>2021-11-29T10:44:04Z</time>
			</trkpt>
			<trkpt lat="39.663128" lon="-105.434303">
				<ele>2560.994611</ele>
				<time>2021-11-29T10:44:12Z</time>
			</trkpt>
			<trkpt lat="39.663144" lon="-105.434506">
				<ele>2559.443997</ele>
				<time>2021-11-29T10:44:15Z</time>
			</trkpt>
			<trkpt lat="39.663117" lon="-105.434592">
				<ele>2558.725011</ele>
				<time>2021-11-29T10:44:16Z</time>
			</trkpt>
			<trkpt lat="39.663093" lon="-105.434608">
				<ele>2558.453738</ele>
				<time>2021-11-29T10:44:16Z</time>
			</trkpt>
			<trkpt lat="39.663034" lon="-105.434607">
				<ele>2557.86038</ele>
				<time>2021-11-29T10:44:17Z</time>
			</trkpt>
			<trkpt lat="39.662936" lon="-105.434527">
				<ele>2556.69645</ele>
				<time>2021-11-29T10:44:18Z</time>
			</trkpt>
			<trkpt lat="39.662484" lon="-105.433785">
				<ele>2549.371545</ele>
				<time>2021-11-29T10:44:29Z</time>
			</trkpt>
			<trkpt lat="39.662174" lon="-105.433532">
				<ele>2545.689967</ele>
				<time>2021-11-29T10:44:34Z</time>
			</trkpt>
			<trkpt lat="39.661733" lon="-105.432829">
				<ele>2538.960583</ele>
				<time>2021-11-29T10:44:44Z</time>
			</trkpt>
			<trkpt lat="39.66125" lon="-105.432374">
				<ele>2533.383904</ele>
				<time>2021-11-29T10:44:52Z</time>
			</trkpt>
			<trkpt lat="39.661091" lon="-105.432149">
				<ele>2531.186242</ele>
				<time>2021-11-29T10:44:56Z</time>
			</trkpt>
			<trkpt lat="39.661009" lon="-105.431926">
				<ele>2529.408</ele>
				<time>2021-11-29T10:44:59Z</time>
			</trkpt>
			<trkpt lat="39.660988" lon="-105.431727">
				<ele>2527.962708</ele>
				<time>2021-11-29T10:45:01Z</time>
			</trkpt>
			<trkpt lat="39.660985" lon="-105.431032">
				<ele>2522.999805</ele>
				<time>2021-11-29T10:45:08Z</time>
			</trkpt>
			<trkpt lat="39.660909" lon="-105.430575">
				<ele>2519.677979</ele>
				<time>2021-11-29T10:45:14Z</time>
			</trkpt>
			<trkpt lat="39.660871" lon="-105.430442">
				<ele>2518.670049</ele>
				<time>2021-11-29T10:45:15Z</time>
			</trkpt>
			<trkpt lat="39.660782" lon="-105.430202">
				<ele>2516.777353</ele>
				<time>2021-11-29T10:45:18Z</time>
			</trkpt>
			<trkpt lat="39.660652" lon="-105.429969">
				<ele>2514.732856</ele>
				<time>2021-11-29T10:45:21Z</time>
			</trkpt>
			<trkpt lat="39.660443" lon="-105.429605">
				<ele>2511.506564</ele>
				<time>2021-11-29T10:45:26Z</time>
			</trkpt>
			<trkpt lat="39.660323" lon="-105.429322">
				<ele>2509.194886</ele>
				<time>2021-11-29T10:45:30Z</time>
			</trkpt>
			<trkpt lat="39.660274" lon="-105.429144">
				<ele>2507.725364</ele>
				<time>2021-11-29T10:45:32Z</time>
			</trkpt>
			<trkpt lat="39.660219" lon="-105.428546">
				<ele>2503.043632</ele>
				<time>2021-11-29T10:45:39Z</time>
			</trkpt>
			<trkpt lat="39.660205" lon="-105.428407">
				<ele>2501.953878</ele>
				<time>2021-11-29T10:45:40Z</time>
			</trkpt>
			<trkpt lat="39.660192" lon="-105.428287">
				<ele>2501.011842</ele>
				<time>2021-11-29T10:45:41Z</time>
			</trkpt>
			<trkpt lat="39.660171" lon="-105.42804">
				<ele>2499.080061</ele>
				<time>2021-11-29T10:45:44Z</time>
			</trkpt>
			<trkpt lat="39.660022" lon="-105.42631">
				<ele>2485.860024</ele>
				<time>2021-11-29T10:46:03Z</time>
			</trkpt>
			<trkpt lat="39.659975" lon="-105.426107">
				<ele>2484.302885</ele>
				<time>2021-11-29T10:46:05Z</time>
			</trkpt>
			<trkpt lat="39.659911" lon="-105.425992">
				<ele>2483.260525</ele>
				<time>2021-11-29T10:46:07Z</time>
			</trkpt>
			<trkpt lat="39.65961" lon="-105.425661">
				<ele>2479.49749</ele>
				<time>2021-11-29T10:46:13Z</time>
			</trkpt>
			<trkpt lat="39.659286" lon="-105.425184">
				<ele>2474.82473</ele>
				<time>2021-11-29T10:46:20Z</time>
			</trkpt>
			<trkpt lat="39.658739" lon="-105.424557">
				<ele>2468.336882</ele>
				<time>2021-11-29T10:46:30Z</time>
			</trkpt>
			<trkpt lat="39.658521" lon="-105.424181">
				<ele>2465.143275</ele>
				<time>2021-11-29T10:46:36Z</time>
			</trkpt>
			<trkpt lat="39.657233" lon="-105.422927">
				<ele>2450.893098</ele>
				<time>2021-11-29T10:46:59Z</time>
			</trkpt>
			<trkpt lat="39.656489" lon="-105.422165">
				<ele>2442.468968</ele>
				<time>2021-11-29T10:47:12Z</time>
			</trkpt>
			<trkpt lat="39.656005" lon="-105.421716">
				<ele>2437.251116</ele>
				<time>2021-11-29T10:47:21Z</time>
			</trkpt>
			<trkpt lat="39.655672" lon="-105.421489">
				<ele>2433.954099</ele>
				<time>2021-11-29T10:47:26Z</time>
			</trkpt>
			<trkpt lat="39.655357" lon="-105.4212">
				<ele>2430.573075</ele>
				<time>2021-11-29T10:47:32Z</time>
			</trkpt>
			<trkpt lat="39.654801" lon="-105.420596">
				<ele>2424.729804</ele>
				<time>2021-11-29T10:47:43Z</time>
			</trkpt>
			<trkpt lat="39.654643" lon="-105.420454">
				<ele>2423.431973</ele>
				<time>2021-11-29T10:47:45Z</time>
			</trkpt>
			<trkpt lat="39.65419" lon="-105.420155">
				<ele>2419.999641</ele>
				<time>2021-11-29T10:47:53Z</time>
			</trkpt>
			<trkpt lat="39.653554" lon="-105.419893">
				<ele>2415.492718</ele>
				<time>2021-11-29T10:48:03Z</time>
			</trkpt>
			<trkpt lat="39.653286" lon="-105.419717">
				<ele>2413.567051</ele>
				<time>2021-11-29T10:48:08Z</time>
			</trkpt>
			<trkpt lat="39.652666" lon="-105.418986">
				<ele>2408.609709</ele>
				<time>2021-11-29T10:48:21Z</time>
			</trkpt>
			<trkpt lat="39.652215" lon="-105.418374">
				<ele>2404.748235</ele>
				<time>2021-11-29T10:48:31Z</time>
			</trkpt>
			<trkpt lat="39.651614" lon="-105.417551">
				<ele>2398.578806</ele>
				<time>2021-11-29T10:48:44Z</time>
			</trkpt>
			<trkpt lat="39.651417" lon="-105.417219">
				<ele>2396.199266</ele>
				<time>2021-11-29T10:48:49Z</time>
			</trkpt>
			<trkpt lat="39.65106" lon="-105.416147">
				<ele>2389.678441</ele>
				<time>2021-11-29T10:49:02Z</time>
			</trkpt>
			<trkpt lat="39.650916" lon="-105.415824">
				<ele>2387.844114</ele>
				<time>2021-11-29T10:49:07Z</time>
			</trkpt>
			<trkpt lat="39.650749" lon="-105.415535">
				<ele>2386.06827</ele>
				<time>2021-11-29T10:49:11Z</time>
			</trkpt>
			<trkpt lat="39.650618" lon="-105.415393">
				<ele>2384.979127</ele>
				<time>2021-11-29T10:49:13Z</time>
			</trkpt>
			<trkpt lat="39.650303" lon="-105.415124">
				<ele>2382.572768</ele>
				<time>2021-11-29T10:49:19Z</time>
			</trkpt>
			<trkpt lat="39.650054" lon="-105.414785">
				<ele>2380.270175</ele>
				<time>2021-11-29T10:49:25Z</time>
			</trkpt>
			<trkpt lat="39.649889" lon="-105.414488">
				<ele>2378.537486</ele>
				<time>2021-11-29T10:49:29Z</time>
			</trkpt>
			<trkpt lat="39.649745" lon="-105.414227">
				<ele>2377.203316</ele>
				<time>2021-11-29T10:49:33Z</time>
			</trkpt>
			<trkpt lat="39.649572" lon="-105.413832">
				<ele>2375.315083</ele>
				<time>2021-11-29T10:49:39Z</time>
			</trkpt>
			<trkpt lat="39.649472" lon="-105.413513">
				<ele>2373.883944</ele>
				<time>2021-11-29T10:49:43Z</time>
			</trkpt>
			<trkpt lat="39.649346" lon="-105.413244">
				<ele>2372.575627</ele>
				<time>2021-11-29T10:49:47Z</time>
			</trkpt>
			<trkpt lat="39.648707" lon="-105.412183">
				<ele>2366.573166</ele>
				<time>2021-11-29T10:50:03Z</time>
			</trkpt>
			<trkpt lat="39.648294" lon="-105.411727">
				<ele>2363.113796</ele>
				<time>2021-11-29T10:50:11Z</time>
			</trkpt>
			<trkpt lat="39.648184" lon="-105.41152">
				<ele>2361.877923</ele>
				<time>2021-11-29T10:50:14Z</time>
			</trkpt>
			<trkpt lat="39.648009" lon="-105.411223">
				<ele>2360.040243</ele>
				<time>2021-11-29T10:50:18Z</time>
			</trkpt>
			<trkpt lat="39.647519" lon="-105.410518">
				<ele>2355.148466</ele>
				<time>2021-11-29T10:50:29Z</time>
			</trkpt>
			<trkpt lat="39.647447" lon="-105.410257">
				<ele>2353.655568</ele>
				<time>2021-11-29T10:50:32Z</time>
			</trkpt>
			<trkpt lat="39.647408" lon="-105.409983">
				<ele>2352.155145</ele>
				<time>2021-11-29T10:50:36Z</time>
			</trkpt>
			<trkpt lat="39.64741" lon="-105.409803">
				<ele>2351.185786</ele>
				<time>2021-11-29T10:50:38Z</time>
			</trkpt>
			<trkpt lat="39.647455" lon="-105.409635">
				<ele>2350.22797</ele>
				<time>2021-11-29T10:50:40Z</time>
			</trkpt>
			<trkpt lat="39.647489" lon="-105.409537">
				<ele>2349.649169</ele>
				<time>2021-11-29T10:50:41Z</time>
			</trkpt>
			<trkpt lat="39.647526" lon="-105.409405">
				<ele>2348.892748</ele>
				<time>2021-11-29T10:50:43Z</time>
			</trkpt>
			<trkpt lat="39.647538" lon="-105.409247">
				<ele>2348.037828</ele>
				<time>2021-11-29T10:50:45Z</time>
			</trkpt>
			<trkpt lat="39.647483" lon="-105.409023">
				<ele>2346.771799</ele>
				<time>2021-11-29T10:50:47Z</time>
			</trkpt>
			<trkpt lat="39.647437" lon="-105.408948">
				<ele>2346.255478</ele>
				<time>2021-11-29T10:50:48Z</time>
			</trkpt>
			<trkpt lat="39.647097" lon="-105.408637">
				<ele>2343.54148</ele>
				<time>2021-11-29T10:50:55Z</time>
			</trkpt>
			<trkpt lat="39.646943" lon="-105.40845">
				<ele>2342.226686</ele>
				<time>2021-11-29T10:50:58Z</time>
			</trkpt>
			<trkpt lat="39.646727" lon="-105.408107">
				<ele>2340.098932</ele>
				<time>2021-11-29T10:51:03Z</time>
			</trkpt>
			<trkpt lat="39.646622" lon="-105.408025">
				<ele>2339.334846</ele>
				<time>2021-11-29T10:51:05Z</time>
			</trkpt>
			<trkpt lat="39.646401" lon="-105.407939">
				<ele>2337.896078</ele>
				<time>2021-11-29T10:51:09Z</time>
			</trkpt>
			<trkpt lat="39.646004" lon="-105.407933">
				<ele>2335.420089</ele>
				<time>2021-11-29T10:51:15Z</time>
			</trkpt>
			<trkpt lat="39.645503" lon="-105.407807">
				<ele>2332.139133</ele>
				<time>2021-11-29T10:51:23Z</time>
			</trkpt>
			<trkpt lat="39.64511" lon="-105.407626">
				<ele>2329.386894</ele>
				<time>2021-11-29T10:51:29Z</time>
			</trkpt>
			<trkpt lat="39.644944" lon="-105.407514">
				<ele>2328.152188</ele>
				<time>2021-11-29T10:51:32Z</time>
			</trkpt>
			<trkpt lat="39.644007" lon="-105.406783">
				<ele>2320.941594</ele>
				<time>2021-11-29T10:51:48Z</time>
			</trkpt>
			<trkpt lat="39.642933" lon="-105.40584">
				<ele>2312.416092</ele>
				<time>2021-11-29T10:52:08Z</time>
			</trkpt>
			<trkpt lat="39.642547" lon="-105.405515">
				<ele>2309.476118</ele>
				<time>2021-11-29T10:52:15Z</time>
			</trkpt>
			<trkpt lat="39.641827" lon="-105.404847">
				<ele>2304.251448</ele>
				<time>2021-11-29T10:52:28Z</time>
			</trkpt>
			<trkpt lat="39.641605" lon="-105.404589">
				<ele>2302.492411</ele>
				<time>2021-11-29T10:52:33Z</time>
			</trkpt>
			<trkpt lat="39.641385" lon="-105.404232">
				<ele>2300.413454</ele>
				<time>2021-11-29T10:52:38Z</time>
			</trkpt>
			<trkpt lat="39.641257" lon="-105.404068">
				<ele>2299.392274</ele>
				<time>2021-11-29T10:52:41Z</time>
			</trkpt>
			<trkpt lat="39.641106" lon="-105.403943">
				<ele>2298.503902</ele>
				<time>2021-11-29T10:52:44Z</time>
			</trkpt>
			<trkpt lat="39.640157" lon="-105.403099">
				<ele>2292.797639</ele>
				<time>2021-11-29T10:53:02Z</time>
			</trkpt>
			<trkpt lat="39.639385" lon="-105.402526">
				<ele>2288.780472</ele>
				<time>2021-11-29T10:53:17Z</time>
			</trkpt>
			<trkpt lat="39.638891" lon="-105.402035">
				<ele>2286.224117</ele>
				<time>2021-11-29T10:53:27Z</time>
			</trkpt>
			<trkpt lat="39.638445" lon="-105.401632">
				<ele>2283.991345</ele>
				<time>2021-11-29T10:53:36Z</time>
			</trkpt>
			<trkpt lat="39.637659" lon="-105.401023">
				<ele>2278.666944</ele>
				<time>2021-11-29T10:53:51Z</time>
			</trkpt>
			<trkpt lat="39.637461" lon="-105.400808">
				<ele>2277.064656</ele>
				<time>2021-11-29T10:53:55Z</time>
			</trkpt>
			<trkpt lat="39.637293" lon="-105.400569">
				<ele>2275.517655</ele>
				<time>2021-11-29T10:53:58Z</time>
			</trkpt>
			<trkpt lat="39.637068" lon="-105.400083">
				<ele>2272.806692</ele>
				<time>2021-11-29T10:54:05Z</time>
			</trkpt>
			<trkpt lat="39.636937" lon="-105.399521">
				<ele>2270.682726</ele>
				<time>2021-11-29T10:54:12Z</time>
			</trkpt>
			<trkpt lat="39.636882" lon="-105.399095">
				<ele>2269.281371</ele>
				<time>2021-11-29T10:54:17Z</time>
			</trkpt>
			<trkpt lat="39.636774" lon="-105.398405">
				<ele>2266.997039</ele>
				<time>2021-11-29T10:54:25Z</time>
			</trkpt>
			<trkpt lat="39.63657" lon="-105.397462">
				<ele>2264.563245</ele>
				<time>2021-11-29T10:54:40Z</time>
			</trkpt>
			<trkpt lat="39.63709" lon="-105.39699">
				<ele>2264.619241</ele>
				<time>2021-11-29T10:54:56Z</time>
			</trkpt>
			<trkpt lat="39.637378" lon="-105.396602">
				<ele>2264.65587</ele>
				<time>2021-11-29T10:55:07Z</time>
			</trkpt>
			<trkpt lat="39.637607" lon="-105.396199">
				<ele>2264.689911</ele>
				<time>2021-11-29T10:55:17Z</time>
			</trkpt>
			<trkpt lat="39.637761" lon="-105.395874">
				<ele>2264.612614</ele>
				<time>2021-11-29T10:55:24Z</time>
			</trkpt>
			<trkpt lat="39.638188" lon="-105.39483">
				<ele>2263.783562</ele>
				<time>2021-11-29T10:55:42Z</time>
			</trkpt>
			<trkpt lat="39.638307" lon="-105.39443">
				<ele>2263.482824</ele>
				<time>2021-11-29T10:55:48Z</time>
			</trkpt>
			<trkpt lat="39.638338" lon="-105.394097">
				<ele>2263.247581</ele>
				<time>2021-11-29T10:55:53Z</time>
			</trkpt>
			<trkpt lat="39.638283" lon="-105.393573">
				<ele>2263.152983</ele>
				<time>2021-11-29T10:56:01Z</time>
			</trkpt>
			<trkpt lat="39.638191" lon="-105.392076">
				<ele>2263.61548</ele>
				<time>2021-11-29T10:56:34Z</time>
			</trkpt>
			<trkpt lat="39.638177" lon="-105.391538">
				<ele>2263.781263</ele>
				<time>2021-11-29T10:56:45Z</time>
			</trkpt>
			<trkpt lat="39.638245" lon="-105.390908">
				<ele>2262.090918</ele>
				<time>2021-11-29T10:56:55Z</time>
			</trkpt>
			<trkpt lat="39.638343" lon="-105.390536">
				<ele>2261.004837</ele>
				<time>2021-11-29T10:57:01Z</time>
			</trkpt>
			<trkpt lat="39.638502" lon="-105.390232">
				<ele>2259.989692</ele>
				<time>2021-11-29T10:57:05Z</time>
			</trkpt>
			<trkpt lat="39.638795" lon="-105.389873">
				<ele>2258.544655</ele>
				<time>2021-11-29T10:57:12Z</time>
			</trkpt>
			<trkpt lat="39.638924" lon="-105.389702">
				<ele>2257.883399</ele>
				<time>2021-11-29T10:57:15Z</time>
			</trkpt>
			<trkpt lat="39.639035" lon="-105.3895">
				<ele>2257.081464</ele>
				<time>2021-11-29T10:57:17Z</time>
			</trkpt>
			<trkpt lat="39.639138" lon="-105.3892">
				<ele>2255.40911</ele>
				<time>2021-11-29T10:57:21Z</time>
			</trkpt>
			<trkpt lat="39.639199" lon="-105.388917">
				<ele>2253.912864</ele>
				<time>2021-11-29T10:57:24Z</time>
			</trkpt>
			<trkpt lat="39.639226" lon="-105.388435">
				<ele>2251.452325</ele>
				<time>2021-11-29T10:57:30Z</time>
			</trkpt>
			<trkpt lat="39.639235" lon="-105.387503">
				<ele>2246.706768</ele>
				<time>2021-11-29T10:57:41Z</time>
			</trkpt>
			<trkpt lat="39.639207" lon="-105.387193">
				<ele>2245.275978</ele>
				<time>2021-11-29T10:57:45Z</time>
			</trkpt>
			<trkpt lat="39.639129" lon="-105.386903">
				<ele>2244.470412</ele>
				<time>2021-11-29T10:57:48Z</time>
			</trkpt>
			<trkpt lat="39.639026" lon="-105.386655">
				<ele>2243.731484</ele>
				<time>2021-11-29T10:57:52Z</time>
			</trkpt>
			<trkpt lat="39.638948" lon="-105.386579">
				<ele>2243.3994</ele>
				<time>2021-11-29T10:57:54Z</time>
			</trkpt>
			<trkpt lat="39.638439" lon="-105.386405">
				<ele>2241.606972</ele>
				<time>2021-11-29T10:58:03Z</time>
			</trkpt>
			<trkpt lat="39.638269" lon="-105.386352">
				<ele>2241.011595</ele>
				<time>2021-11-29T10:58:06Z</time>
			</trkpt>
			<trkpt lat="39.638074" lon="-105.386245">
				<ele>2240.29068</ele>
				<time>2021-11-29T10:58:10Z</time>
			</trkpt>
			<trkpt lat="39.638017" lon="-105.386199">
				<ele>2240.062138</ele>
				<time>2021-11-29T10:58:11Z</time>
			</trkpt>
			<trkpt lat="39.637918" lon="-105.386014">
				<ele>2239.471336</ele>
				<time>2021-11-29T10:58:14Z</time>
			</trkpt>
			<trkpt lat="39.637869" lon="-105.385873">
				<ele>2239.100066</ele>
				<time>2021-11-29T10:58:16Z</time>
			</trkpt>
			<trkpt lat="39.637841" lon="-105.385606">
				<ele>2238.489375</ele>
				<time>2021-11-29T10:58:20Z</time>
			</trkpt>
			<trkpt lat="39.637891" lon="-105.385199">
				<ele>2237.555321</ele>
				<time>2021-11-29T10:58:25Z</time>
			</trkpt>
			<trkpt lat="39.638148" lon="-105.383858">
				<ele>2234.4235</ele>
				<time>2021-11-29T10:58:44Z</time>
			</trkpt>
			<trkpt lat="39.638355" lon="-105.382983">
				<ele>2232.562509</ele>
				<time>2021-11-29T10:58:56Z</time>
			</trkpt>
			<trkpt lat="39.638641" lon="-105.381939">
				<ele>2230.370989</ele>
				<time>2021-11-29T10:59:11Z</time>
			</trkpt>
			<trkpt lat="39.638811" lon="-105.381496">
				<ele>2229.40271</ele>
				<time>2021-11-29T10:59:18Z</time>
			</trkpt>
			<trkpt lat="39.638973" lon="-105.381175">
				<ele>2229.205157</ele>
				<time>2021-11-29T10:59:23Z</time>
			</trkpt>
			<trkpt lat="39.639281" lon="-105.380775">
				<ele>2228.913992</ele>
				<time>2021-11-29T10:59:32Z</time>
			</trkpt>
			<trkpt lat="39.639885" lon="-105.380127">
				<ele>2228.390303</ele>
				<time>2021-11-29T10:59:48Z</time>
			</trkpt>
			<trkpt lat="39.640007" lon="-105.379934">
				<ele>2228.261776</ele>
				<time>2021-11-29T10:59:53Z</time>
			</trkpt>
			<trkpt lat="39.640078" lon="-105.379705">
				<ele>2228.576438</ele>
				<time>2021-11-29T10:59:57Z</time>
			</trkpt>
			<trkpt lat="39.640216" lon="-105.378795">
				<ele>2231.134125</ele>
				<time>2021-11-29T11:00:19Z</time>
			</trkpt>
			<trkpt lat="39.640226" lon="-105.378511">
				<ele>2231.918124</ele>
				<time>2021-11-29T11:00:28Z</time>
			</trkpt>
			<trkpt lat="39.640163" lon="-105.378109">
				<ele>2233.049434</ele>
				<time>2021-11-29T11:00:44Z</time>
			</trkpt>
			<trkpt lat="39.640163" lon="-105.377759">
				<ele>2234.014623</ele>
				<time>2021-11-29T11:00:59Z</time>
			</trkpt>
			<trkpt lat="39.640113" lon="-105.377466">
				<ele>2234.892502</ele>
				<time>2021-11-29T11:01:12Z</time>
			</trkpt>
			<trkpt lat="39.640069" lon="-105.377368">
				<ele>2235.285204</ele>
				<time>2021-11-29T11:01:17Z</time>
			</trkpt>
			<trkpt lat="39.639802" lon="-105.377076">
				<ele>2236.854418</ele>
				<time>2021-11-29T11:01:36Z</time>
			</trkpt>
			<trkpt lat="39.639736" lon="-105.376918">
				<ele>2237.476666</ele>
				<time>2021-11-29T11:01:43Z</time>
			</trkpt>
			<trkpt lat="39.639708" lon="-105.376648">
				<ele>2238.419782</ele>
				<time>2021-11-29T11:01:53Z</time>
			</trkpt>
			<trkpt lat="39.639736" lon="-105.3763">
				<ele>2239.631036</ele>
				<time>2021-11-29T11:02:05Z</time>
			</trkpt>
			<trkpt lat="39.639805" lon="-105.375671">
				<ele>2241.83047</ele>
				<time>2021-11-29T11:02:23Z</time>
			</trkpt>
			<trkpt lat="39.639857" lon="-105.375432">
				<ele>2242.69022</ele>
				<time>2021-11-29T11:02:31Z</time>
			</trkpt>
			<trkpt lat="39.639933" lon="-105.375243">
				<ele>2242.777267</ele>
				<time>2021-11-29T11:02:37Z</time>
			</trkpt>
			<trkpt lat="39.64007" lon="-105.375082">
				<ele>2242.832485</ele>
				<time>2021-11-29T11:02:43Z</time>
			</trkpt>
			<trkpt lat="39.640649" lon="-105.37464">
				<ele>2243.0332</ele>
				<time>2021-11-29T11:02:59Z</time>
			</trkpt>
			<trkpt lat="39.640778" lon="-105.374449">
				<ele>2243.091665</ele>
				<time>2021-11-29T11:03:03Z</time>
			</trkpt>
			<trkpt lat="39.640907" lon="-105.374197">
				<ele>2243.161302</ele>
				<time>2021-11-29T11:03:07Z</time>
			</trkpt>
			<trkpt lat="39.640958" lon="-105.374042">
				<ele>2243.200091</ele>
				<time>2021-11-29T11:03:09Z</time>
			</trkpt>
			<trkpt lat="39.64098" lon="-105.373972">
				<ele>2243.21749</ele>
				<time>2021-11-29T11:03:11Z</time>
			</trkpt>
			<trkpt lat="39.641453" lon="-105.372444">
				<ele>2241.735825</ele>
				<time>2021-11-29T11:03:37Z</time>
			</trkpt>
			<trkpt lat="39.641704" lon="-105.371308">
				<ele>2239.912421</ele>
				<time>2021-11-29T11:03:53Z</time>
			</trkpt>
			<trkpt lat="39.64196" lon="-105.370144">
				<ele>2236.147303</ele>
				<time>2021-11-29T11:04:09Z</time>
			</trkpt>
			<trkpt lat="39.642047" lon="-105.36995">
				<ele>2235.449047</ele>
				<time>2021-11-29T11:04:11Z</time>
			</trkpt>
			<trkpt lat="39.642513" lon="-105.369194">
				<ele>2232.649046</ele>
				<time>2021-11-29T11:04:23Z</time>
			</trkpt>
			<trkpt lat="39.642643" lon="-105.368892">
				<ele>2231.78903</ele>
				<time>2021-11-29T11:04:28Z</time>
			</trkpt>
			<trkpt lat="39.64272" lon="-105.368477">
				<ele>2230.727939</ele>
				<time>2021-11-29T11:04:33Z</time>
			</trkpt>
			<trkpt lat="39.642714" lon="-105.367553">
				<ele>2228.431066</ele>
				<time>2021-11-29T11:04:46Z</time>
			</trkpt>
			<trkpt lat="39.642717" lon="-105.367122">
				<ele>2227.501109</ele>
				<time>2021-11-29T11:04:52Z</time>
			</trkpt>
			<trkpt lat="39.64274" lon="-105.366546">
				<ele>2226.688113</ele>
				<time>2021-11-29T11:05:00Z</time>
			</trkpt>
			<trkpt lat="39.642723" lon="-105.365829">
				<ele>2225.676981</ele>
				<time>2021-11-29T11:05:11Z</time>
			</trkpt>
			<trkpt lat="39.642749" lon="-105.365626">
				<ele>2225.38691</ele>
				<time>2021-11-29T11:05:14Z</time>
			</trkpt>
			<trkpt lat="39.642897" lon="-105.365166">
				<ele>2224.684193</ele>
				<time>2021-11-29T11:05:21Z</time>
			</trkpt>
			<trkpt lat="39.643129" lon="-105.364647">
				<ele>2223.5712</ele>
				<time>2021-11-29T11:05:29Z</time>
			</trkpt>
			<trkpt lat="39.643975" lon="-105.363173">
				<ele>2219.734174</ele>
				<time>2021-11-29T11:05:54Z</time>
			</trkpt>
			<trkpt lat="39.644145" lon="-105.362715">
				<ele>2219.311402</ele>
				<time>2021-11-29T11:06:01Z</time>
			</trkpt>
			<trkpt lat="39.644264" lon="-105.362208">
				<ele>2219.040207</ele>
				<time>2021-11-29T11:06:09Z</time>
			</trkpt>
			<trkpt lat="39.644258" lon="-105.361888">
				<ele>2218.876427</ele>
				<time>2021-11-29T11:06:14Z</time>
			</trkpt>
			<trkpt lat="39.644166" lon="-105.36147">
				<ele>2218.653989</ele>
				<time>2021-11-29T11:06:22Z</time>
			</trkpt>
			<trkpt lat="39.644062" lon="-105.361129">
				<ele>2218.466326</ele>
				<time>2021-11-29T11:06:29Z</time>
			</trkpt>
			<trkpt lat="39.643746" lon="-105.360454">
				<ele>2218.071892</ele>
				<time>2021-11-29T11:06:44Z</time>
			</trkpt>
			<trkpt lat="39.643696" lon="-105.360297">
				<ele>2217.988206</ele>
				<time>2021-11-29T11:06:47Z</time>
			</trkpt>
			<trkpt lat="39.643656" lon="-105.360138">
				<ele>2217.905814</ele>
				<time>2021-11-29T11:06:50Z</time>
			</trkpt>
			<trkpt lat="39.643648" lon="-105.359973">
				<ele>2217.82438</ele>
				<time>2021-11-29T11:06:53Z</time>
			</trkpt>
			<trkpt lat="39.643704" lon="-105.359626">
				<ele>2217.649745</ele>
				<time>2021-11-29T11:06:59Z</time>
			</trkpt>
			<trkpt lat="39.643812" lon="-105.359246">
				<ele>2217.450228</ele>
				<time>2021-11-29T11:07:06Z</time>
			</trkpt>
			<trkpt lat="39.643866" lon="-105.358943">
				<ele>2217.297035</ele>
				<time>2021-11-29T11:07:10Z</time>
			</trkpt>
			<trkpt lat="39.643972" lon="-105.358005">
				<ele>2215.519843</ele>
				<time>2021-11-29T11:07:23Z</time>
			</trkpt>
			<trkpt lat="39.643997" lon="-105.357488">
				<ele>2214.289937</ele>
				<time>2021-11-29T11:07:30Z</time>
			</trkpt>
			<trkpt lat="39.643948" lon="-105.35664">
				<ele>2212.27091</ele>
				<time>2021-11-29T11:07:41Z</time>
			</trkpt>
			<trkpt lat="39.643881" lon="-105.356352">
				<ele>2211.571584</ele>
				<time>2021-11-29T11:07:44Z</time>
			</trkpt>
			<trkpt lat="39.643746" lon="-105.356073">
				<ele>2210.955326</ele>
				<time>2021-11-29T11:07:49Z</time>
			</trkpt>
			<trkpt lat="39.643378" lon="-105.355761">
				<ele>2209.887926</ele>
				<time>2021-11-29T11:07:56Z</time>
			</trkpt>
			<trkpt lat="39.64332" lon="-105.355665">
				<ele>2209.659716</ele>
				<time>2021-11-29T11:07:58Z</time>
			</trkpt>
			<trkpt lat="39.643129" lon="-105.355131">
				<ele>2208.55853</ele>
				<time>2021-11-29T11:08:07Z</time>
			</trkpt>
			<trkpt lat="39.642927" lon="-105.354773">
				<ele>2207.728474</ele>
				<time>2021-11-29T11:08:13Z</time>
			</trkpt>
			<trkpt lat="39.642804" lon="-105.354623">
				<ele>2207.318662</ele>
				<time>2021-11-29T11:08:16Z</time>
			</trkpt>
			<trkpt lat="39.642692" lon="-105.354531">
				<ele>2207.007305</ele>
				<time>2021-11-29T11:08:19Z</time>
			</trkpt>
			<trkpt lat="39.642294" lon="-105.354325">
				<ele>2206.008484</ele>
				<time>2021-11-29T11:08:26Z</time>
			</trkpt>
			<trkpt lat="39.642125" lon="-105.354191">
				<ele>2205.546869</ele>
				<time>2021-11-29T11:08:30Z</time>
			</trkpt>
			<trkpt lat="39.642048" lon="-105.35409">
				<ele>2205.291728</ele>
				<time>2021-11-29T11:08:31Z</time>
			</trkpt>
			<trkpt lat="39.641953" lon="-105.353831">
				<ele>2204.776725</ele>
				<time>2021-11-29T11:08:35Z</time>
			</trkpt>
			<trkpt lat="39.641939" lon="-105.353516">
				<ele>2204.210303</ele>
				<time>2021-11-29T11:08:40Z</time>
			</trkpt>
			<trkpt lat="39.642082" lon="-105.352673">
				<ele>2202.857457</ele>
				<time>2021-11-29T11:08:52Z</time>
			</trkpt>
			<trkpt lat="39.642098" lon="-105.352406">
				<ele>2202.610335</ele>
				<time>2021-11-29T11:08:56Z</time>
			</trkpt>
			<trkpt lat="39.642069" lon="-105.352123">
				<ele>2202.34689</ele>
				<time>2021-11-29T11:09:00Z</time>
			</trkpt>
			<trkpt lat="39.642025" lon="-105.351925">
				<ele>2202.156727</ele>
				<time>2021-11-29T11:09:02Z</time>
			</trkpt>
			<trkpt lat="39.641854" lon="-105.351441">
				<ele>2201.665344</ele>
				<time>2021-11-29T11:09:10Z</time>
			</trkpt>
			<trkpt lat="39.641687" lon="-105.351192">
				<ele>2201.360645</ele>
				<time>2021-11-29T11:09:16Z</time>
			</trkpt>
			<trkpt lat="39.641463" lon="-105.350983">
				<ele>2201.03012</ele>
				<time>2021-11-29T11:09:23Z</time>
			</trkpt>
			<trkpt lat="39.641206" lon="-105.350798">
				<ele>2200.480873</ele>
				<time>2021-11-29T11:09:31Z</time>
			</trkpt>
			<trkpt lat="39.641034" lon="-105.350615">
				<ele>2199.988234</ele>
				<time>2021-11-29T11:09:36Z</time>
			</trkpt>
			<trkpt lat="39.640666" lon="-105.350016">
				<ele>2198.680902</ele>
				<time>2021-11-29T11:09:47Z</time>
			</trkpt>
			<trkpt lat="39.64048" lon="-105.349826">
				<ele>2198.156596</ele>
				<time>2021-11-29T11:09:51Z</time>
			</trkpt>
			<trkpt lat="39.640377" lon="-105.349778">
				<ele>2197.914147</ele>
				<time>2021-11-29T11:09:53Z</time>
			</trkpt>
			<trkpt lat="39.640133" lon="-105.349744">
				<ele>2197.370453</ele>
				<time>2021-11-29T11:09:57Z</time>
			</trkpt>
			<trkpt lat="39.639902" lon="-105.349764">
				<ele>2196.778695</ele>
				<time>2021-11-29T11:10:01Z</time>
			</trkpt>
			<trkpt lat="39.63954" lon="-105.349841">
				<ele>2195.020239</ele>
				<time>2021-11-29T11:10:07Z</time>
			</trkpt>
			<trkpt lat="39.63933" lon="-105.349872">
				<ele>2194.007072</ele>
				<time>2021-11-29T11:10:10Z</time>
			</trkpt>
			<trkpt lat="39.639091" lon="-105.349856">
				<ele>2192.859849</ele>
				<time>2021-11-29T11:10:14Z</time>
			</trkpt>
			<trkpt lat="39.63864" lon="-105.349693">
				<ele>2190.615702</ele>
				<time>2021-11-29T11:10:21Z</time>
			</trkpt>
			<trkpt lat="39.638456" lon="-105.349611">
				<ele>2189.683158</ele>
				<time>2021-11-29T11:10:24Z</time>
			</trkpt>
			<trkpt lat="39.638082" lon="-105.34945">
				<ele>2188.117691</ele>
				<time>2021-11-29T11:10:31Z</time>
			</trkpt>
			<trkpt lat="39.637171" lon="-105.349125">
				<ele>2186.467375</ele>
				<time>2021-11-29T11:10:47Z</time>
			</trkpt>
			<trkpt lat="39.636878" lon="-105.349019">
				<ele>2185.936065</ele>
				<time>2021-11-29T11:10:55Z</time>
			</trkpt>
			<trkpt lat="39.636717" lon="-105.34892">
				<ele>2185.624888</ele>
				<time>2021-11-29T11:10:58Z</time>
			</trkpt>
			<trkpt lat="39.636333" lon="-105.348599">
				<ele>2184.99951</ele>
				<time>2021-11-29T11:11:10Z</time>
			</trkpt>
			<trkpt lat="39.636198" lon="-105.348419">
				<ele>2184.835939</ele>
				<time>2021-11-29T11:11:14Z</time>
			</trkpt>
			<trkpt lat="39.636092" lon="-105.348115">
				<ele>2184.61869</ele>
				<time>2021-11-29T11:11:20Z</time>
			</trkpt>
			<trkpt lat="39.636005" lon="-105.347647">
				<ele>2184.305263</ele>
				<time>2021-11-29T11:11:28Z</time>
			</trkpt>
			<trkpt lat="39.635943" lon="-105.347306">
				<ele>2184.077164</ele>
				<time>2021-11-29T11:11:33Z</time>
			</trkpt>
			<trkpt lat="39.635854" lon="-105.347004">
				<ele>2183.866653</ele>
				<time>2021-11-29T11:11:38Z</time>
			</trkpt>
			<trkpt lat="39.635462" lon="-105.346181">
				<ele>2182.28656</ele>
				<time>2021-11-29T11:11:51Z</time>
			</trkpt>
			<trkpt lat="39.635083" lon="-105.34519">
				<ele>2179.872186</ele>
				<time>2021-11-29T11:12:06Z</time>
			</trkpt>
			<trkpt lat="39.634906" lon="-105.344922">
				<ele>2179.1018</ele>
				<time>2021-11-29T11:12:11Z</time>
			</trkpt>
			<trkpt lat="39.634511" lon="-105.344449">
				<ele>2177.79769</ele>
				<time>2021-11-29T11:12:20Z</time>
			</trkpt>
			<trkpt lat="39.634373" lon="-105.344284">
				<ele>2177.386421</ele>
				<time>2021-11-29T11:12:23Z</time>
			</trkpt>
			<trkpt lat="39.634237" lon="-105.344045">
				<ele>2176.88469</ele>
				<time>2021-11-29T11:12:27Z</time>
			</trkpt>
			<trkpt lat="39.634103" lon="-105.343714">
				<ele>2176.25332</ele>
				<time>2021-11-29T11:12:33Z</time>
			</trkpt>
			<trkpt lat="39.634012" lon="-105.343452">
				<ele>2175.768051</ele>
				<time>2021-11-29T11:12:37Z</time>
			</trkpt>
			<trkpt lat="39.633894" lon="-105.343219">
				<ele>2175.297215</ele>
				<time>2021-11-29T11:12:41Z</time>
			</trkpt>
			<trkpt lat="39.633545" lon="-105.342903">
				<ele>2174.320854</ele>
				<time>2021-11-29T11:12:49Z</time>
			</trkpt>
			<trkpt lat="39.633382" lon="-105.342716">
				<ele>2173.756222</ele>
				<time>2021-11-29T11:12:53Z</time>
			</trkpt>
			<trkpt lat="39.633331" lon="-105.342578">
				<ele>2173.450208</ele>
				<time>2021-11-29T11:12:55Z</time>
			</trkpt>
			<trkpt lat="39.633313" lon="-105.342403">
				<ele>2173.097237</ele>
				<time>2021-11-29T11:12:57Z</time>
			</trkpt>
			<trkpt lat="39.633314" lon="-105.34226">
				<ele>2172.811336</ele>
				<time>2021-11-29T11:12:59Z</time>
			</trkpt>
			<trkpt lat="39.633319" lon="-105.34213">
				<ele>2172.551113</ele>
				<time>2021-11-29T11:13:01Z</time>
			</trkpt>
			<trkpt lat="39.633445" lon="-105.341495">
				<ele>2171.240147</ele>
				<time>2021-11-29T11:13:09Z</time>
			</trkpt>
			<trkpt lat="39.633438" lon="-105.341144">
				<ele>2170.538186</ele>
				<time>2021-11-29T11:13:15Z</time>
			</trkpt>
			<trkpt lat="39.633393" lon="-105.34097">
				<ele>2170.171231</ele>
				<time>2021-11-29T11:13:17Z</time>
			</trkpt>
			<trkpt lat="39.633305" lon="-105.340793">
				<ele>2169.797965</ele>
				<time>2021-11-29T11:13:21Z</time>
			</trkpt>
			<trkpt lat="39.633064" lon="-105.340462">
				<ele>2169.127122</ele>
				<time>2021-11-29T11:13:27Z</time>
			</trkpt>
			<trkpt lat="39.632898" lon="-105.340234">
				<ele>2168.665038</ele>
				<time>2021-11-29T11:13:31Z</time>
			</trkpt>
			<trkpt lat="39.632604" lon="-105.339784">
				<ele>2167.795954</ele>
				<time>2021-11-29T11:13:40Z</time>
			</trkpt>
			<trkpt lat="39.632559" lon="-105.339641">
				<ele>2167.568447</ele>
				<time>2021-11-29T11:13:42Z</time>
			</trkpt>
			<trkpt lat="39.632555" lon="-105.339558">
				<ele>2167.445969</ele>
				<time>2021-11-29T11:13:43Z</time>
			</trkpt>
			<trkpt lat="39.632576" lon="-105.339403">
				<ele>2167.214187</ele>
				<time>2021-11-29T11:13:45Z</time>
			</trkpt>
			<trkpt lat="39.632648" lon="-105.339175">
				<ele>2166.851267</ele>
				<time>2021-11-29T11:13:49Z</time>
			</trkpt>
			<trkpt lat="39.632925" lon="-105.338482">
				<ele>2165.165993</ele>
				<time>2021-11-29T11:14:01Z</time>
			</trkpt>
			<trkpt lat="39.632964" lon="-105.338397">
				<ele>2164.921665</ele>
				<time>2021-11-29T11:14:02Z</time>
			</trkpt>
			<trkpt lat="39.633408" lon="-105.337312">
				<ele>2161.887606</ele>
				<time>2021-11-29T11:14:18Z</time>
			</trkpt>
			<trkpt lat="39.633584" lon="-105.336761">
				<ele>2160.432358</ele>
				<time>2021-11-29T11:14:25Z</time>
			</trkpt>
			<trkpt lat="39.633645" lon="-105.336415">
				<ele>2159.606005</ele>
				<time>2021-11-29T11:14:30Z</time>
			</trkpt>
			<trkpt lat="39.633671" lon="-105.33591">
				<ele>2158.427701</ele>
				<time>2021-11-29T11:14:36Z</time>
			</trkpt>
			<trkpt lat="39.633789" lon="-105.335032">
				<ele>2156.352758</ele>
				<time>2021-11-29T11:14:48Z</time>
			</trkpt>
			<trkpt lat="39.633755" lon="-105.334792">
				<ele>2155.784646</ele>
				<time>2021-11-29T11:14:52Z</time>
			</trkpt>
			<trkpt lat="39.633719" lon="-105.334676">
				<ele>2155.493486</ele>
				<time>2021-11-29T11:14:53Z</time>
			</trkpt>
			<trkpt lat="39.63334" lon="-105.333979">
				<ele>2155.080366</ele>
				<time>2021-11-29T11:15:06Z</time>
			</trkpt>
			<trkpt lat="39.632997" lon="-105.333534">
				<ele>2154.909413</ele>
				<time>2021-11-29T11:15:17Z</time>
			</trkpt>
			<trkpt lat="39.632868" lon="-105.333282">
				<ele>2154.82725</ele>
				<time>2021-11-29T11:15:23Z</time>
			</trkpt>
			<trkpt lat="39.632749" lon="-105.332834">
				<ele>2154.69857</ele>
				<time>2021-11-29T11:15:32Z</time>
			</trkpt>
			<trkpt lat="39.632733" lon="-105.332603">
				<ele>2154.685003</ele>
				<time>2021-11-29T11:15:36Z</time>
			</trkpt>
			<trkpt lat="39.63274" lon="-105.332527">
				<ele>2154.720215</ele>
				<time>2021-11-29T11:15:38Z</time>
			</trkpt>
			<trkpt lat="39.632753" lon="-105.332381">
				<ele>2154.787827</ele>
				<time>2021-11-29T11:15:41Z</time>
			</trkpt>
			<trkpt lat="39.632927" lon="-105.331635">
				<ele>2155.146407</ele>
				<time>2021-11-29T11:15:55Z</time>
			</trkpt>
			<trkpt lat="39.633243" lon="-105.330753">
				<ele>2155.593912</ele>
				<time>2021-11-29T11:16:15Z</time>
			</trkpt>
			<trkpt lat="39.633348" lon="-105.330055">
				<ele>2155.869093</ele>
				<time>2021-11-29T11:16:29Z</time>
			</trkpt>
			<trkpt lat="39.633299" lon="-105.32998">
				<ele>2155.902135</ele>
				<time>2021-11-29T11:16:31Z</time>
			</trkpt>
			<trkpt lat="39.63328" lon="-105.329819">
				<ele>2155.956855</ele>
				<time>2021-11-29T11:16:34Z</time>
			</trkpt>
			<trkpt lat="39.63334" lon="-105.329188">
				<ele>2156.170454</ele>
				<time>2021-11-29T11:16:46Z</time>
			</trkpt>
			<trkpt lat="39.633499" lon="-105.328544">
				<ele>2156.397656</ele>
				<time>2021-11-29T11:16:57Z</time>
			</trkpt>
			<trkpt lat="39.633531" lon="-105.327749">
				<ele>2156.802739</ele>
				<time>2021-11-29T11:17:12Z</time>
			</trkpt>
			<trkpt lat="39.633508" lon="-105.327419">
				<ele>2157.014744</ele>
				<time>2021-11-29T11:17:19Z</time>
			</trkpt>
			<trkpt lat="39.633423" lon="-105.327048">
				<ele>2157.2624</ele>
				<time>2021-11-29T11:17:27Z</time>
			</trkpt>
			<trkpt lat="39.633444" lon="-105.326974">
				<ele>2157.312859</ele>
				<time>2021-11-29T11:17:29Z</time>
			</trkpt>
			<trkpt lat="39.633495" lon="-105.326906">
				<ele>2157.373589</ele>
				<time>2021-11-29T11:17:31Z</time>
			</trkpt>
			<trkpt lat="39.633659" lon="-105.326844">
				<ele>2157.515496</ele>
				<time>2021-11-29T11:17:36Z</time>
			</trkpt>
			<trkpt lat="39.633649" lon="-105.326088">
				<ele>2157.999272</ele>
				<time>2021-11-29T11:17:52Z</time>
			</trkpt>
			<trkpt lat="39.633624" lon="-105.325925">
				<ele>2157.916507</ele>
				<time>2021-11-29T11:17:55Z</time>
			</trkpt>
			<trkpt lat="39.633533" lon="-105.325672">
				<ele>2157.751761</ele>
				<time>2021-11-29T11:18:01Z</time>
			</trkpt>
			<trkpt lat="39.633293" lon="-105.325225">
				<ele>2157.43027</ele>
				<time>2021-11-29T11:18:11Z</time>
			</trkpt>
			<trkpt lat="39.633006" lon="-105.324788">
				<ele>2157.091424</ele>
				<time>2021-11-29T11:18:20Z</time>
			</trkpt>
			<trkpt lat="39.632376" lon="-105.324101">
				<ele>2156.197627</ele>
				<time>2021-11-29T11:18:35Z</time>
			</trkpt>
			<trkpt lat="39.632263" lon="-105.323948">
				<ele>2155.876537</ele>
				<time>2021-11-29T11:18:38Z</time>
			</trkpt>
			<trkpt lat="39.632027" lon="-105.323519">
				<ele>2155.077984</ele>
				<time>2021-11-29T11:18:44Z</time>
			</trkpt>
			<trkpt lat="39.631971" lon="-105.323355">
				<ele>2154.806251</ele>
				<time>2021-11-29T11:18:47Z</time>
			</trkpt>
			<trkpt lat="39.631916" lon="-105.323024">
				<ele>2154.293347</ele>
				<time>2021-11-29T11:18:52Z</time>
			</trkpt>
			<trkpt lat="39.631909" lon="-105.322846">
				<ele>2154.023378</ele>
				<time>2021-11-29T11:18:57Z</time>
			</trkpt>
			<trkpt lat="39.632232" lon="-105.322173">
				<ele>2153.28633</ele>
				<time>2021-11-29T11:19:10Z</time>
			</trkpt>
			<trkpt lat="39.632312" lon="-105.322031">
				<ele>2153.478588</ele>
				<time>2021-11-29T11:19:19Z</time>
			</trkpt>
			<trkpt lat="39.632112" lon="-105.322015">
				<ele>2153.762903</ele>
				<time>2021-11-29T11:19:26Z</time>
			</trkpt>
			<trkpt lat="39.632133" lon="-105.321944">
				<ele>2153.846014</ele>
				<time>2021-11-29T11:19:30Z</time>
			</trkpt>
			<trkpt lat="39.631878" lon="-105.321633">
				<ele>2154.342409</ele>
				<time>2021-11-29T11:19:41Z</time>
			</trkpt>
			<trkpt lat="39.631945" lon="-105.32155">
				<ele>2154.4738</ele>
				<time>2021-11-29T11:19:44Z</time>
			</trkpt>
			<trkpt lat="39.631882" lon="-105.321477">
				<ele>2154.593609</ele>
				<time>2021-11-29T11:19:48Z</time>
			</trkpt>
			<trkpt lat="39.631554" lon="-105.32196">
				<ele>2155.297293</ele>
				<time>2021-11-29T11:20:05Z</time>
			</trkpt>
			<trkpt lat="39.631404" lon="-105.32213">
				<ele>2155.579797</ele>
				<time>2021-11-29T11:20:15Z</time>
			</trkpt>
			<trkpt lat="39.631323" lon="-105.32218">
				<ele>2155.799042</ele>
				<time>2021-11-29T11:20:19Z</time>
			</trkpt>
			<trkpt lat="39.631127" lon="-105.32221">
				<ele>2156.486968</ele>
				<time>2021-11-29T11:20:28Z</time>
			</trkpt>
			<trkpt lat="39.630411" lon="-105.321913">
				<ele>2159.106987</ele>
				<time>2021-11-29T11:21:00Z</time>
			</trkpt>
			<trkpt lat="39.629896" lon="-105.32181">
				<ele>2160.923289</ele>
				<time>2021-11-29T11:21:20Z</time>
			</trkpt>
			<trkpt lat="39.629677" lon="-105.321803">
				<ele>2161.686886</ele>
				<time>2021-11-29T11:21:27Z</time>
			</trkpt>
			<trkpt lat="39.629254" lon="-105.321893">
				<ele>2162.655338</ele>
				<time>2021-11-29T11:21:41Z</time>
			</trkpt>
			<trkpt lat="39.629054" lon="-105.321992">
				<ele>2163.092025</ele>
				<time>2021-11-29T11:21:49Z</time>
			</trkpt>
			<trkpt lat="39.628863" lon="-105.322165">
				<ele>2163.567152</ele>
				<time>2021-11-29T11:21:57Z</time>
			</trkpt>
			<trkpt lat="39.628741" lon="-105.322316">
				<ele>2163.911029</ele>
				<time>2021-11-29T11:22:03Z</time>
			</trkpt>
			<trkpt lat="39.628488" lon="-105.322778">
				<ele>2164.801788</ele>
				<time>2021-11-29T11:22:18Z</time>
			</trkpt>
			<trkpt lat="39.628231" lon="-105.323126">
				<ele>2165.559379</ele>
				<time>2021-11-29T11:22:29Z</time>
			</trkpt>
			<trkpt lat="39.62787" lon="-105.323493">
				<ele>2166.063161</ele>
				<time>2021-11-29T11:22:39Z</time>
			</trkpt>
			<trkpt lat="39.627429" lon="-105.323941">
				<ele>2166.664761</ele>
				<time>2021-11-29T11:22:52Z</time>
			</trkpt>
			<trkpt lat="39.627152" lon="-105.324222">
				<ele>2167.042435</ele>
				<time>2021-11-29T11:23:03Z</time>
			</trkpt>
			<trkpt lat="39.626927" lon="-105.324394">
				<ele>2167.322961</ele>
				<time>2021-11-29T11:23:12Z</time>
			</trkpt>
			<trkpt lat="39.626742" lon="-105.324497">
				<ele>2167.55697</ele>
				<time>2021-11-29T11:23:19Z</time>
			</trkpt>
			<trkpt lat="39.626527" lon="-105.324588">
				<ele>2167.981082</ele>
				<time>2021-11-29T11:23:26Z</time>
			</trkpt>
			<trkpt lat="39.625962" lon="-105.324731">
				<ele>2169.060671</ele>
				<time>2021-11-29T11:23:41Z</time>
			</trkpt>
			<trkpt lat="39.625885" lon="-105.32479">
				<ele>2169.228356</ele>
				<time>2021-11-29T11:23:43Z</time>
			</trkpt>
			<trkpt lat="39.625493" lon="-105.324919">
				<ele>2169.98679</ele>
				<time>2021-11-29T11:23:55Z</time>
			</trkpt>
			<trkpt lat="39.625458" lon="-105.324905">
				<ele>2170.055477</ele>
				<time>2021-11-29T11:23:56Z</time>
			</trkpt>
			<trkpt lat="39.625204" lon="-105.325055">
				<ele>2170.578812</ele>
				<time>2021-11-29T11:24:05Z</time>
			</trkpt>
			<trkpt lat="39.625129" lon="-105.325075">
				<ele>2170.722409</ele>
				<time>2021-11-29T11:24:08Z</time>
			</trkpt>
			<trkpt lat="39.624848" lon="-105.324993">
				<ele>2171.871367</ele>
				<time>2021-11-29T11:24:20Z</time>
			</trkpt>
			<trkpt lat="39.624779" lon="-105.324981">
				<ele>2172.21456</ele>
				<time>2021-11-29T11:24:23Z</time>
			</trkpt>
			<trkpt lat="39.624675" lon="-105.325025">
				<ele>2172.753794</ele>
				<time>2021-11-29T11:24:28Z</time>
			</trkpt>
			<trkpt lat="39.624603" lon="-105.325121">
				<ele>2173.26258</ele>
				<time>2021-11-29T11:24:32Z</time>
			</trkpt>
			<trkpt lat="39.624564" lon="-105.325301">
				<ele>2173.972588</ele>
				<time>2021-11-29T11:24:39Z</time>
			</trkpt>
			<trkpt lat="39.624571" lon="-105.325388">
				<ele>2174.304735</ele>
				<time>2021-11-29T11:24:43Z</time>
			</trkpt>
			<trkpt lat="39.624637" lon="-105.325534">
				<ele>2174.947541</ele>
				<time>2021-11-29T11:24:49Z</time>
			</trkpt>
			<trkpt lat="39.625187" lon="-105.326172">
				<ele>2178.583523</ele>
				<time>2021-11-29T11:25:27Z</time>
			</trkpt>
			<trkpt lat="39.625418" lon="-105.326436">
				<ele>2180.037151</ele>
				<time>2021-11-29T11:25:43Z</time>
			</trkpt>
			<trkpt lat="39.625825" lon="-105.326804">
				<ele>2182.032118</ele>
				<time>2021-11-29T11:26:06Z</time>
			</trkpt>
			<trkpt lat="39.626164" lon="-105.327184">
				<ele>2183.83359</ele>
				<time>2021-11-29T11:26:25Z</time>
			</trkpt>
			<trkpt lat="39.626259" lon="-105.327514">
				<ele>2184.925035</ele>
				<time>2021-11-29T11:26:36Z</time>
			</trkpt>
			<trkpt lat="39.626207" lon="-105.327921">
				<ele>2186.203185</ele>
				<time>2021-11-29T11:26:49Z</time>
			</trkpt>
			<trkpt lat="39.626017" lon="-105.328403">
				<ele>2187.113884</ele>
				<time>2021-11-29T11:27:04Z</time>
			</trkpt>
			<trkpt lat="39.625751" lon="-105.32879">
				<ele>2187.336769</ele>
				<time>2021-11-29T11:27:15Z</time>
			</trkpt>
			<trkpt lat="39.625111" lon="-105.329263">
				<ele>2187.747623</ele>
				<time>2021-11-29T11:27:31Z</time>
			</trkpt>
			<trkpt lat="39.624845" lon="-105.329515">
				<ele>2187.931333</ele>
				<time>2021-11-29T11:27:38Z</time>
			</trkpt>
			<trkpt lat="39.624718" lon="-105.329674">
				<ele>2187.986161</ele>
				<time>2021-11-29T11:27:42Z</time>
			</trkpt>
			<trkpt lat="39.624554" lon="-105.329953">
				<ele>2187.953783</ele>
				<time>2021-11-29T11:27:48Z</time>
			</trkpt>
			<trkpt lat="39.624268" lon="-105.330736">
				<ele>2187.873836</ele>
				<time>2021-11-29T11:28:01Z</time>
			</trkpt>
			<trkpt lat="39.624076" lon="-105.331134">
				<ele>2187.830512</ele>
				<time>2021-11-29T11:28:09Z</time>
			</trkpt>
			<trkpt lat="39.623685" lon="-105.331767">
				<ele>2188.350919</ele>
				<time>2021-11-29T11:28:24Z</time>
			</trkpt>
			<trkpt lat="39.62345" lon="-105.332138">
				<ele>2189.464506</ele>
				<time>2021-11-29T11:28:37Z</time>
			</trkpt>
			<trkpt lat="39.623184" lon="-105.332794">
				<ele>2191.183209</ele>
				<time>2021-11-29T11:29:00Z</time>
			</trkpt>
			<trkpt lat="39.622632" lon="-105.333781">
				<ele>2194.466435</ele>
				<time>2021-11-29T11:29:40Z</time>
			</trkpt>
			<trkpt lat="39.622527" lon="-105.334093">
				<ele>2195.694807</ele>
				<time>2021-11-29T11:29:52Z</time>
			</trkpt>
			<trkpt lat="39.622467" lon="-105.334412">
				<ele>2196.879501</ele>
				<time>2021-11-29T11:30:02Z</time>
			</trkpt>
			<trkpt lat="39.622375" lon="-105.334977">
				<ele>2198.962944</ele>
				<time>2021-11-29T11:30:23Z</time>
			</trkpt>
			<trkpt lat="39.622238" lon="-105.335816">
				<ele>2202.199887</ele>
				<time>2021-11-29T11:30:55Z</time>
			</trkpt>
			<trkpt lat="39.622195" lon="-105.336078">
				<ele>2203.479509</ele>
				<time>2021-11-29T11:31:05Z</time>
			</trkpt>
			<trkpt lat="39.622077" lon="-105.336926">
				<ele>2207.595826</ele>
				<time>2021-11-29T11:31:39Z</time>
			</trkpt>
			<trkpt lat="39.622094" lon="-105.337305">
				<ele>2209.409312</ele>
				<time>2021-11-29T11:31:55Z</time>
			</trkpt>
			<trkpt lat="39.62218" lon="-105.337918">
				<ele>2212.38568</ele>
				<time>2021-11-29T11:32:22Z</time>
			</trkpt>
			<trkpt lat="39.622317" lon="-105.338449">
				<ele>2215.611</ele>
				<time>2021-11-29T11:32:48Z</time>
			</trkpt>
			<trkpt lat="39.622354" lon="-105.338546">
				<ele>2216.252322</ele>
				<time>2021-11-29T11:32:53Z</time>
			</trkpt>
			<trkpt lat="39.622732" lon="-105.339428">
				<ele>2222.232474</ele>
				<time>2021-11-29T11:33:39Z</time>
			</trkpt>
			<trkpt lat="39.622893" lon="-105.339983">
				<ele>2225.746229</ele>
				<time>2021-11-29T11:34:08Z</time>
			</trkpt>
			<trkpt lat="39.622982" lon="-105.340541">
				<ele>2229.55997</ele>
				<time>2021-11-29T11:34:36Z</time>
			</trkpt>
			<trkpt lat="39.623024" lon="-105.341399">
				<ele>2235.539454</ele>
				<time>2021-11-29T11:35:20Z</time>
			</trkpt>
			<trkpt lat="39.62308" lon="-105.341749">
				<ele>2238.025688</ele>
				<time>2021-11-29T11:35:39Z</time>
			</trkpt>
			<trkpt lat="39.623131" lon="-105.342047">
				<ele>2240.148837</ele>
				<time>2021-11-29T11:35:55Z</time>
			</trkpt>
			<trkpt lat="39.623121" lon="-105.342308">
				<ele>2241.96635</ele>
				<time>2021-11-29T11:36:10Z</time>
			</trkpt>
			<trkpt lat="39.623071" lon="-105.342521">
				<ele>2243.575966</ele>
				<time>2021-11-29T11:36:22Z</time>
			</trkpt>
			<trkpt lat="39.622923" lon="-105.343115">
				<ele>2248.314006</ele>
				<time>2021-11-29T11:36:57Z</time>
			</trkpt>
			<trkpt lat="39.6229" lon="-105.34339">
				<ele>2250.413339</ele>
				<time>2021-11-29T11:37:13Z</time>
			</trkpt>
			<trkpt lat="39.62292" lon="-105.344409">
				<ele>2258.149375</ele>
				<time>2021-11-29T11:38:09Z</time>
			</trkpt>
			<trkpt lat="39.622956" lon="-105.344575">
				<ele>2259.458185</ele>
				<time>2021-11-29T11:38:19Z</time>
			</trkpt>
			<trkpt lat="39.623073" lon="-105.345117">
				<ele>2263.074715</ele>
				<time>2021-11-29T11:38:49Z</time>
			</trkpt>
			<trkpt lat="39.622983" lon="-105.345956">
				<ele>2268.170754</ele>
				<time>2021-11-29T11:39:32Z</time>
			</trkpt>
			<trkpt lat="39.622935" lon="-105.346401">
				<ele>2270.873948</ele>
				<time>2021-11-29T11:39:52Z</time>
			</trkpt>
			<trkpt lat="39.622875" lon="-105.34677">
				<ele>2273.142737</ele>
				<time>2021-11-29T11:40:08Z</time>
			</trkpt>
			<trkpt lat="39.622785" lon="-105.346769">
				<ele>2273.845683</ele>
				<time>2021-11-29T11:40:14Z</time>
			</trkpt>
			<trkpt lat="39.622648" lon="-105.347067">
				<ele>2275.515946</ele>
				<time>2021-11-29T11:40:31Z</time>
			</trkpt>
			<trkpt lat="39.622524" lon="-105.347283">
				<ele>2276.622677</ele>
				<time>2021-11-29T11:40:44Z</time>
			</trkpt>
			<trkpt lat="39.622093" lon="-105.347697">
				<ele>2279.482253</ele>
				<time>2021-11-29T11:41:18Z</time>
			</trkpt>
			<trkpt lat="39.621574" lon="-105.348294">
				<ele>2283.180641</ele>
				<time>2021-11-29T11:42:01Z</time>
			</trkpt>
			<trkpt lat="39.621411" lon="-105.348524">
				<ele>2284.474302</ele>
				<time>2021-11-29T11:42:17Z</time>
			</trkpt>
			<trkpt lat="39.621283" lon="-105.349479">
				<ele>2288.607692</ele>
				<time>2021-11-29T11:43:04Z</time>
			</trkpt>
			<trkpt lat="39.621133" lon="-105.349734">
				<ele>2289.97584</ele>
				<time>2021-11-29T11:43:21Z</time>
			</trkpt>
			<trkpt lat="39.620673" lon="-105.350318">
				<ele>2293.537551</ele>
				<time>2021-11-29T11:44:03Z</time>
			</trkpt>
			<trkpt lat="39.620519" lon="-105.350408">
				<ele>2294.471835</ele>
				<time>2021-11-29T11:44:14Z</time>
			</trkpt>
			<trkpt lat="39.620333" lon="-105.350517">
				<ele>2295.599222</ele>
				<time>2021-11-29T11:44:28Z</time>
			</trkpt>
			<trkpt lat="39.619807" lon="-105.350657">
				<ele>2298.565526</ele>
				<time>2021-11-29T11:45:02Z</time>
			</trkpt>
			<trkpt lat="39.619644" lon="-105.350804">
				<ele>2299.661969</ele>
				<time>2021-11-29T11:45:14Z</time>
			</trkpt>
			<trkpt lat="39.619617" lon="-105.350998">
				<ele>2300.500894</ele>
				<time>2021-11-29T11:45:24Z</time>
			</trkpt>
			<trkpt lat="39.619578" lon="-105.351059">
				<ele>2300.838242</ele>
				<time>2021-11-29T11:45:28Z</time>
			</trkpt>
			<trkpt lat="39.619503" lon="-105.351054">
				<ele>2301.253121</ele>
				<time>2021-11-29T11:45:33Z</time>
			</trkpt>
			<trkpt lat="39.618818" lon="-105.350384">
				<ele>2306.292354</ele>
				<time>2021-11-29T11:46:29Z</time>
			</trkpt>
			<trkpt lat="39.618566" lon="-105.350196">
				<ele>2308.154141</ele>
				<time>2021-11-29T11:46:49Z</time>
			</trkpt>
			<trkpt lat="39.618301" lon="-105.350116">
				<ele>2309.896931</ele>
				<time>2021-11-29T11:47:08Z</time>
			</trkpt>
			<trkpt lat="39.618062" lon="-105.350009">
				<ele>2311.516364</ele>
				<time>2021-11-29T11:47:25Z</time>
			</trkpt>
			<trkpt lat="39.61726" lon="-105.349333">
				<ele>2317.451789</ele>
				<time>2021-11-29T11:48:34Z</time>
			</trkpt>
			<trkpt lat="39.616966" lon="-105.349333">
				<ele>2319.157788</ele>
				<time>2021-11-29T11:48:55Z</time>
			</trkpt>
			<trkpt lat="39.616818" lon="-105.349419">
				<ele>2320.098702</ele>
				<time>2021-11-29T11:49:06Z</time>
			</trkpt>
			<trkpt lat="39.616737" lon="-105.349425">
				<ele>2320.569487</ele>
				<time>2021-11-29T11:49:12Z</time>
			</trkpt>
			<trkpt lat="39.616565" lon="-105.349266">
				<ele>2321.794752</ele>
				<time>2021-11-29T11:49:26Z</time>
			</trkpt>
			<trkpt lat="39.615782" lon="-105.348853">
				<ele>2326.046581</ele>
				<time>2021-11-29T11:50:20Z</time>
			</trkpt>
			<trkpt lat="39.615329" lon="-105.348663">
				<ele>2325.979989</ele>
				<time>2021-11-29T11:50:44Z</time>
			</trkpt>
			<trkpt lat="39.615156" lon="-105.348604">
				<ele>2325.954968</ele>
				<time>2021-11-29T11:50:51Z</time>
			</trkpt>
			<trkpt lat="39.61476" lon="-105.348619">
				<ele>2325.899551</ele>
				<time>2021-11-29T11:51:04Z</time>
			</trkpt>
			<trkpt lat="39.614395" lon="-105.348571">
				<ele>2325.848233</ele>
				<time>2021-11-29T11:51:16Z</time>
			</trkpt>
			<trkpt lat="39.613726" lon="-105.348324">
				<ele>2324.744318</ele>
				<time>2021-11-29T11:51:36Z</time>
			</trkpt>
			<trkpt lat="39.613349" lon="-105.348128">
				<ele>2323.724821</ele>
				<time>2021-11-29T11:51:49Z</time>
			</trkpt>
			<trkpt lat="39.613144" lon="-105.34818">
				<ele>2323.200459</ele>
				<time>2021-11-29T11:51:55Z</time>
			</trkpt>
			<trkpt lat="39.612598" lon="-105.348201">
				<ele>2321.82919</ele>
				<time>2021-11-29T11:52:13Z</time>
			</trkpt>
			<trkpt lat="39.612309" lon="-105.348544">
				<ele>2321.48342</ele>
				<time>2021-11-29T11:52:27Z</time>
			</trkpt>
			<trkpt lat="39.612269" lon="-105.348559">
				<ele>2321.527276</ele>
				<time>2021-11-29T11:52:29Z</time>
			</trkpt>
			<trkpt lat="39.612222" lon="-105.348576">
				<ele>2321.578668</ele>
				<time>2021-11-29T11:52:30Z</time>
			</trkpt>
			<trkpt lat="39.612111" lon="-105.348925">
				<ele>2321.885054</ele>
				<time>2021-11-29T11:52:43Z</time>
			</trkpt>
			<trkpt lat="39.611915" lon="-105.348798">
				<ele>2322.115798</ele>
				<time>2021-11-29T11:52:53Z</time>
			</trkpt>
			<trkpt lat="39.611721" lon="-105.348294">
				<ele>2322.572985</ele>
				<time>2021-11-29T11:53:14Z</time>
			</trkpt>
			<trkpt lat="39.611404" lon="-105.348045">
				<ele>2322.963266</ele>
				<time>2021-11-29T11:53:31Z</time>
			</trkpt>
			<trkpt lat="39.611259" lon="-105.347514">
				<ele>2323.56646</ele>
				<time>2021-11-29T11:53:49Z</time>
			</trkpt>
			<trkpt lat="39.611011" lon="-105.347123">
				<ele>2324.237489</ele>
				<time>2021-11-29T11:54:05Z</time>
			</trkpt>
			<trkpt lat="39.610815" lon="-105.346706">
				<ele>2324.884691</ele>
				<time>2021-11-29T11:54:22Z</time>
			</trkpt>
			<trkpt lat="39.610736" lon="-105.346539">
				<ele>2325.144337</ele>
				<time>2021-11-29T11:54:29Z</time>
			</trkpt>
			<trkpt lat="39.610574" lon="-105.34649">
				<ele>2325.430409</ele>
				<time>2021-11-29T11:54:37Z</time>
			</trkpt>
			<trkpt lat="39.610431" lon="-105.346496">
				<ele>2325.676469</ele>
				<time>2021-11-29T11:54:44Z</time>
			</trkpt>
			<trkpt lat="39.610322" lon="-105.346425">
				<ele>2325.886206</ele>
				<time>2021-11-29T11:54:50Z</time>
			</trkpt>
			<trkpt lat="39.61021" lon="-105.346182">
				<ele>2326.261385</ele>
				<time>2021-11-29T11:55:01Z</time>
			</trkpt>
			<trkpt lat="39.61007" lon="-105.346064">
				<ele>2326.540725</ele>
				<time>2021-11-29T11:55:09Z</time>
			</trkpt>
			<trkpt lat="39.610029" lon="-105.345987">
				<ele>2326.661128</ele>
				<time>2021-11-29T11:55:12Z</time>
			</trkpt>
			<trkpt lat="39.609888" lon="-105.345812">
				<ele>2326.986855</ele>
				<time>2021-11-29T11:55:19Z</time>
			</trkpt>
			<trkpt lat="39.609707" lon="-105.345907">
				<ele>2327.312839</ele>
				<time>2021-11-29T11:55:26Z</time>
			</trkpt>
			<trkpt lat="39.609422" lon="-105.346007">
				<ele>2327.805779</ele>
				<time>2021-11-29T11:55:36Z</time>
			</trkpt>
			<trkpt lat="39.609267" lon="-105.346116">
				<ele>2328.10012</ele>
				<time>2021-11-29T11:55:41Z</time>
			</trkpt>
			<trkpt lat="39.609086" lon="-105.346341">
				<ele>2328.518571</ele>
				<time>2021-11-29T11:55:49Z</time>
			</trkpt>
			<trkpt lat="39.60904" lon="-105.346486">
				<ele>2328.720285</ele>
				<time>2021-11-29T11:55:52Z</time>
			</trkpt>
			<trkpt lat="39.608956" lon="-105.34714">
				<ele>2329.510234</ele>
				<time>2021-11-29T11:56:05Z</time>
			</trkpt>
			<trkpt lat="39.608932" lon="-105.347348">
				<ele>2329.721469</ele>
				<time>2021-11-29T11:56:09Z</time>
			</trkpt>
			<trkpt lat="39.608894" lon="-105.347602">
				<ele>2329.98134</ele>
				<time>2021-11-29T11:56:13Z</time>
			</trkpt>
			<trkpt lat="39.608809" lon="-105.347818">
				<ele>2330.224942</ele>
				<time>2021-11-29T11:56:17Z</time>
			</trkpt>
			<trkpt lat="39.608662" lon="-105.347987">
				<ele>2330.48094</ele>
				<time>2021-11-29T11:56:21Z</time>
			</trkpt>
			<trkpt lat="39.608484" lon="-105.348116">
				<ele>2330.746709</ele>
				<time>2021-11-29T11:56:26Z</time>
			</trkpt>
			<trkpt lat="39.608153" lon="-105.348335">
				<ele>2331.231044</ele>
				<time>2021-11-29T11:56:37Z</time>
			</trkpt>
			<trkpt lat="39.607948" lon="-105.348431">
				<ele>2331.515154</ele>
				<time>2021-11-29T11:56:44Z</time>
			</trkpt>
			<trkpt lat="39.607695" lon="-105.348491">
				<ele>2332.669232</ele>
				<time>2021-11-29T11:56:55Z</time>
			</trkpt>
			<trkpt lat="39.60741" lon="-105.348581">
				<ele>2334.477731</ele>
				<time>2021-11-29T11:57:11Z</time>
			</trkpt>
			<trkpt lat="39.607271" lon="-105.348672">
				<ele>2335.437617</ele>
				<time>2021-11-29T11:57:20Z</time>
			</trkpt>
			<trkpt lat="39.607152" lon="-105.348843">
				<ele>2336.532234</ele>
				<time>2021-11-29T11:57:30Z</time>
			</trkpt>
			<trkpt lat="39.606849" lon="-105.349598">
				<ele>2340.576137</ele>
				<time>2021-11-29T11:58:11Z</time>
			</trkpt>
			<trkpt lat="39.606756" lon="-105.349755">
				<ele>2341.516895</ele>
				<time>2021-11-29T11:58:20Z</time>
			</trkpt>
			<trkpt lat="39.606527" lon="-105.349935">
				<ele>2342.705905</ele>
				<time>2021-11-29T11:58:35Z</time>
			</trkpt>
			<trkpt lat="39.60637" lon="-105.349965">
				<ele>2342.673078</ele>
				<time>2021-11-29T11:58:43Z</time>
			</trkpt>
			<trkpt lat="39.605846" lon="-105.349887">
				<ele>2342.563971</ele>
				<time>2021-11-29T11:59:10Z</time>
			</trkpt>
			<trkpt lat="39.605696" lon="-105.349815">
				<ele>2342.530888</ele>
				<time>2021-11-29T11:59:16Z</time>
			</trkpt>
			<trkpt lat="39.605628" lon="-105.34974">
				<ele>2342.512429</ele>
				<time>2021-11-29T11:59:19Z</time>
			</trkpt>
			<trkpt lat="39.605602" lon="-105.349671">
				<ele>2342.500187</ele>
				<time>2021-11-29T11:59:22Z</time>
			</trkpt>
			<trkpt lat="39.605572" lon="-105.349483">
				<ele>2342.469588</ele>
				<time>2021-11-29T11:59:26Z</time>
			</trkpt>
			<trkpt lat="39.605606" lon="-105.349047">
				<ele>2342.399744</ele>
				<time>2021-11-29T11:59:36Z</time>
			</trkpt>
			<trkpt lat="39.605643" lon="-105.348734">
				<ele>2342.349275</ele>
				<time>2021-11-29T11:59:43Z</time>
			</trkpt>
			<trkpt lat="39.605934" lon="-105.347418">
				<ele>2335.017105</ele>
				<time>2021-11-29T12:00:11Z</time>
			</trkpt>
			<trkpt lat="39.605965" lon="-105.347082">
				<ele>2333.201176</ele>
				<time>2021-11-29T12:00:18Z</time>
			</trkpt>
			<trkpt lat="39.605546" lon="-105.347166">
				<ele>2330.248209</ele>
				<time>2021-11-29T12:00:25Z</time>
			</trkpt>
			<trkpt lat="39.605281" lon="-105.347141">
				<ele>2329.521819</ele>
				<time>2021-11-29T12:00:29Z</time>
			</trkpt>
			<trkpt lat="39.60486" lon="-105.34695">
				<ele>2328.868649</ele>
				<time>2021-11-29T12:00:36Z</time>
			</trkpt>
			<trkpt lat="39.604788" lon="-105.346962">
				<ele>2328.762333</ele>
				<time>2021-11-29T12:00:38Z</time>
			</trkpt>
			<trkpt lat="39.604708" lon="-105.34703">
				<ele>2328.622277</ele>
				<time>2021-11-29T12:00:40Z</time>
			</trkpt>
			<trkpt lat="39.604663" lon="-105.347119">
				<ele>2328.502155</ele>
				<time>2021-11-29T12:00:41Z</time>
			</trkpt>
			<trkpt lat="39.604546" lon="-105.347669">
				<ele>2327.858312</ele>
				<time>2021-11-29T12:00:52Z</time>
			</trkpt>
			<trkpt lat="39.604216" lon="-105.348599">
				<ele>2327.33527</ele>
				<time>2021-11-29T12:01:15Z</time>
			</trkpt>
			<trkpt lat="39.604076" lon="-105.348811">
				<ele>2327.431863</ele>
				<time>2021-11-29T12:01:22Z</time>
			</trkpt>
			<trkpt lat="39.603969" lon="-105.348828">
				<ele>2327.480265</ele>
				<time>2021-11-29T12:01:26Z</time>
			</trkpt>
			<trkpt lat="39.603838" lon="-105.348801">
				<ele>2327.539821</ele>
				<time>2021-11-29T12:01:30Z</time>
			</trkpt>
			<trkpt lat="39.602879" lon="-105.348447">
				<ele>2327.987491</ele>
				<time>2021-11-29T12:01:55Z</time>
			</trkpt>
			<trkpt lat="39.60265" lon="-105.348419">
				<ele>2327.374615</ele>
				<time>2021-11-29T12:01:59Z</time>
			</trkpt>
			<trkpt lat="39.6025" lon="-105.348441">
				<ele>2326.938188</ele>
				<time>2021-11-29T12:02:02Z</time>
			</trkpt>
			<trkpt lat="39.602338" lon="-105.348526">
				<ele>2326.433002</ele>
				<time>2021-11-29T12:02:04Z</time>
			</trkpt>
			<trkpt lat="39.602193" lon="-105.348662">
				<ele>2325.915782</ele>
				<time>2021-11-29T12:02:07Z</time>
			</trkpt>
			<trkpt lat="39.601921" lon="-105.349078">
				<ele>2324.700413</ele>
				<time>2021-11-29T12:02:14Z</time>
			</trkpt>
			<trkpt lat="39.601847" lon="-105.349193">
				<ele>2324.366654</ele>
				<time>2021-11-29T12:02:16Z</time>
			</trkpt>
			<trkpt lat="39.601739" lon="-105.348948">
				<ele>2323.737888</ele>
				<time>2021-11-29T12:02:20Z</time>
			</trkpt>
			<trkpt lat="39.601579" lon="-105.348375">
				<ele>2323.208292</ele>
				<time>2021-11-29T12:02:29Z</time>
			</trkpt>
			<trkpt lat="39.600579" lon="-105.348919">
				<ele>2326.340928</ele>
				<time>2021-11-29T12:03:07Z</time>
			</trkpt>
			<trkpt lat="39.600295" lon="-105.349346">
				<ele>2327.596615</ele>
				<time>2021-11-29T12:03:30Z</time>
			</trkpt>
			<trkpt lat="39.60014" lon="-105.349293">
				<ele>2328.123401</ele>
				<time>2021-11-29T12:03:40Z</time>
			</trkpt>
			<trkpt lat="39.600073" lon="-105.349036">
				<ele>2329.286305</ele>
				<time>2021-11-29T12:03:52Z</time>
			</trkpt>
			<trkpt lat="39.600015" lon="-105.348677">
				<ele>2330.858523</ele>
				<time>2021-11-29T12:04:07Z</time>
			</trkpt>
			<trkpt lat="39.600041" lon="-105.348277">
				<ele>2332.579104</ele>
				<time>2021-11-29T12:04:23Z</time>
			</trkpt>
			<trkpt lat="39.600161" lon="-105.347777">
				<ele>2334.823773</ele>
				<time>2021-11-29T12:04:43Z</time>
			</trkpt>
			<trkpt lat="39.600168" lon="-105.347413">
				<ele>2336.384444</ele>
				<time>2021-11-29T12:04:57Z</time>
			</trkpt>
			<trkpt lat="39.599872" lon="-105.346386">
				<ele>2341.506044</ele>
				<time>2021-11-29T12:05:37Z</time>
			</trkpt>
			<trkpt lat="39.59975" lon="-105.346492">
				<ele>2342.434304</ele>
				<time>2021-11-29T12:05:44Z</time>
			</trkpt>
			<trkpt lat="39.599457" lon="-105.347123">
				<ele>2346.023399</ele>
				<time>2021-11-29T12:06:17Z</time>
			</trkpt>
			<trkpt lat="39.599333" lon="-105.347232">
				<ele>2346.970312</ele>
				<time>2021-11-29T12:06:26Z</time>
			</trkpt>
			<trkpt lat="39.599046" lon="-105.347319">
				<ele>2348.833748</ele>
				<time>2021-11-29T12:06:44Z</time>
			</trkpt>
			<trkpt lat="39.598705" lon="-105.347732">
				<ele>2351.822606</ele>
				<time>2021-11-29T12:07:13Z</time>
			</trkpt>
			<trkpt lat="39.598503" lon="-105.348071">
				<ele>2353.944816</ele>
				<time>2021-11-29T12:07:33Z</time>
			</trkpt>
			<trkpt lat="39.598296" lon="-105.34836">
				<ele>2355.898839</ele>
				<time>2021-11-29T12:07:49Z</time>
			</trkpt>
			<trkpt lat="39.598202" lon="-105.348406">
				<ele>2356.544497</ele>
				<time>2021-11-29T12:07:55Z</time>
			</trkpt>
			<trkpt lat="39.597637" lon="-105.348445">
				<ele>2360.180873</ele>
				<time>2021-11-29T12:08:25Z</time>
			</trkpt>
			<trkpt lat="39.597495" lon="-105.348499">
				<ele>2361.022662</ele>
				<time>2021-11-29T12:08:32Z</time>
			</trkpt>
			<trkpt lat="39.597383" lon="-105.348608">
				<ele>2361.439418</ele>
				<time>2021-11-29T12:08:39Z</time>
			</trkpt>
			<trkpt lat="39.59727" lon="-105.34874">
				<ele>2361.892016</ele>
				<time>2021-11-29T12:08:47Z</time>
			</trkpt>
			<trkpt lat="39.597059" lon="-105.349424">
				<ele>2363.582097</ele>
				<time>2021-11-29T12:09:07Z</time>
			</trkpt>
			<trkpt lat="39.596911" lon="-105.349736">
				<ele>2364.422535</ele>
				<time>2021-11-29T12:09:15Z</time>
			</trkpt>
			<trkpt lat="39.596674" lon="-105.349947">
				<ele>2365.278137</ele>
				<time>2021-11-29T12:09:24Z</time>
			</trkpt>
			<trkpt lat="39.596572" lon="-105.350036">
				<ele>2365.644038</ele>
				<time>2021-11-29T12:09:28Z</time>
			</trkpt>
			<trkpt lat="39.59643" lon="-105.350072">
				<ele>2366.074758</ele>
				<time>2021-11-29T12:09:33Z</time>
			</trkpt>
			<trkpt lat="39.596292" lon="-105.350035">
				<ele>2366.447454</ele>
				<time>2021-11-29T12:09:38Z</time>
			</trkpt>
			<trkpt lat="39.595915" lon="-105.349701">
				<ele>2367.505424</ele>
				<time>2021-11-29T12:09:56Z</time>
			</trkpt>
			<trkpt lat="39.595649" lon="-105.349627">
				<ele>2368.135943</ele>
				<time>2021-11-29T12:10:08Z</time>
			</trkpt>
			<trkpt lat="39.59515" lon="-105.34961">
				<ele>2369.292881</ele>
				<time>2021-11-29T12:10:27Z</time>
			</trkpt>
			<trkpt lat="39.594907" lon="-105.349735">
				<ele>2369.898717</ele>
				<time>2021-11-29T12:10:34Z</time>
			</trkpt>
			<trkpt lat="39.594778" lon="-105.349973">
				<ele>2370.418397</ele>
				<time>2021-11-29T12:10:41Z</time>
			</trkpt>
			<trkpt lat="39.594739" lon="-105.350173">
				<ele>2370.167845</ele>
				<time>2021-11-29T12:10:45Z</time>
			</trkpt>
			<trkpt lat="39.594715" lon="-105.350491">
				<ele>2369.684659</ele>
				<time>2021-11-29T12:10:51Z</time>
			</trkpt>
			<trkpt lat="39.594669" lon="-105.350995">
				<ele>2368.917173</ele>
				<time>2021-11-29T12:11:00Z</time>
			</trkpt>
			<trkpt lat="39.594174" lon="-105.351089">
				<ele>2367.935409</ele>
				<time>2021-11-29T12:11:10Z</time>
			</trkpt>
			<trkpt lat="39.593994" lon="-105.351364">
				<ele>2367.389769</ele>
				<time>2021-11-29T12:11:15Z</time>
			</trkpt>
			<trkpt lat="39.593891" lon="-105.351573">
				<ele>2367.014602</ele>
				<time>2021-11-29T12:11:19Z</time>
			</trkpt>
			<trkpt lat="39.593552" lon="-105.35189">
				<ele>2364.353734</ele>
				<time>2021-11-29T12:11:25Z</time>
			</trkpt>
			<trkpt lat="39.593434" lon="-105.352316">
				<ele>2361.936405</ele>
				<time>2021-11-29T12:11:31Z</time>
			</trkpt>
			<trkpt lat="39.592855" lon="-105.352393">
				<ele>2357.903067</ele>
				<time>2021-11-29T12:11:40Z</time>
			</trkpt>
			<trkpt lat="39.592621" lon="-105.352529">
				<ele>2356.126303</ele>
				<time>2021-11-29T12:11:44Z</time>
			</trkpt>
			<trkpt lat="39.592289" lon="-105.352609">
				<ele>2353.755873</ele>
				<time>2021-11-29T12:11:49Z</time>
			</trkpt>
			<trkpt lat="39.591774" lon="-105.35266">
				<ele>2350.014482</ele>
				<time>2021-11-29T12:11:57Z</time>
			</trkpt>
			<trkpt lat="39.591503" lon="-105.352564">
				<ele>2347.97959</ele>
				<time>2021-11-29T12:12:01Z</time>
			</trkpt>
			<trkpt lat="39.591081" lon="-105.352617">
				<ele>2344.908434</ele>
				<time>2021-11-29T12:12:08Z</time>
			</trkpt>
			<trkpt lat="39.590701" lon="-105.352598">
				<ele>2342.153757</ele>
				<time>2021-11-29T12:12:14Z</time>
			</trkpt>
			<trkpt lat="39.590594" lon="-105.352593">
				<ele>2341.39128</ele>
				<time>2021-11-29T12:12:16Z</time>
			</trkpt>
			<trkpt lat="39.590357" lon="-105.352581">
				<ele>2340.118247</ele>
				<time>2021-11-29T12:12:19Z</time>
			</trkpt>
			<trkpt lat="39.590007" lon="-105.352399">
				<ele>2338.094453</ele>
				<time>2021-11-29T12:12:26Z</time>
			</trkpt>
			<trkpt lat="39.589524" lon="-105.352211">
				<ele>2335.387905</ele>
				<time>2021-11-29T12:12:34Z</time>
			</trkpt>
			<trkpt lat="39.588848" lon="-105.352228">
				<ele>2331.762695</ele>
				<time>2021-11-29T12:12:45Z</time>
			</trkpt>
			<trkpt lat="39.588893" lon="-105.350803">
				<ele>2327.274263</ele>
				<time>2021-11-29T12:13:03Z</time>
			</trkpt>
			<trkpt lat="39.588938" lon="-105.350541">
				<ele>2326.429483</ele>
				<time>2021-11-29T12:13:07Z</time>
			</trkpt>
			<trkpt lat="39.589037" lon="-105.350293">
				<ele>2325.550496</ele>
				<time>2021-11-29T12:13:10Z</time>
			</trkpt>
			<trkpt lat="39.589139" lon="-105.350119">
				<ele>2324.862471</ele>
				<time>2021-11-29T12:13:13Z</time>
			</trkpt>
			<trkpt lat="39.589703" lon="-105.349269">
				<ele>2321.185868</ele>
				<time>2021-11-29T12:13:27Z</time>
			</trkpt>
			<trkpt lat="39.589778" lon="-105.349116">
				<ele>2320.58819</ele>
				<time>2021-11-29T12:13:30Z</time>
			</trkpt>
			<trkpt lat="39.589849" lon="-105.348929">
				<ele>2319.901077</ele>
				<time>2021-11-29T12:13:32Z</time>
			</trkpt>
			<trkpt lat="39.589916" lon="-105.348431">
				<ele>2318.234812</ele>
				<time>2021-11-29T12:13:39Z</time>
			</trkpt>
			<trkpt lat="39.589979" lon="-105.348172">
				<ele>2317.339616</ele>
				<time>2021-11-29T12:13:42Z</time>
			</trkpt>
			<trkpt lat="39.590115" lon="-105.347971">
				<ele>2316.554366</ele>
				<time>2021-11-29T12:13:45Z</time>
			</trkpt>
			<trkpt lat="39.590703" lon="-105.347483">
				<ele>2314.602244</ele>
				<time>2021-11-29T12:13:57Z</time>
			</trkpt>
			<trkpt lat="39.590836" lon="-105.347313">
				<ele>2314.080116</ele>
				<time>2021-11-29T12:14:00Z</time>
			</trkpt>
			<trkpt lat="39.59096" lon="-105.347064">
				<ele>2313.441142</ele>
				<time>2021-11-29T12:14:04Z</time>
			</trkpt>
			<trkpt lat="39.591206" lon="-105.346208">
				<ele>2311.816884</ele>
				<time>2021-11-29T12:14:18Z</time>
			</trkpt>
			<trkpt lat="39.591055" lon="-105.346103">
				<ele>2312.044178</ele>
				<time>2021-11-29T12:14:22Z</time>
			</trkpt>
			<trkpt lat="39.590814" lon="-105.345841">
				<ele>2312.461312</ele>
				<time>2021-11-29T12:14:29Z</time>
			</trkpt>
			<trkpt lat="39.590634" lon="-105.345701">
				<ele>2312.739744</ele>
				<time>2021-11-29T12:14:33Z</time>
			</trkpt>
			<trkpt lat="39.590311" lon="-105.345622">
				<ele>2313.175839</ele>
				<time>2021-11-29T12:14:44Z</time>
			</trkpt>
			<trkpt lat="39.590121" lon="-105.345521">
				<ele>2313.448258</ele>
				<time>2021-11-29T12:14:52Z</time>
			</trkpt>
			<trkpt lat="39.589429" lon="-105.344934">
				<ele>2315.083523</ele>
				<time>2021-11-29T12:15:28Z</time>
			</trkpt>
			<trkpt lat="39.588991" lon="-105.344505">
				<ele>2316.677288</ele>
				<time>2021-11-29T12:15:47Z</time>
			</trkpt>
			<trkpt lat="39.58883" lon="-105.344385">
				<ele>2317.216522</ele>
				<time>2021-11-29T12:15:54Z</time>
			</trkpt>
			<trkpt lat="39.587872" lon="-105.343998">
				<ele>2320.160995</ele>
				<time>2021-11-29T12:16:30Z</time>
			</trkpt>
			<trkpt lat="39.587204" lon="-105.343606">
				<ele>2322.369862</ele>
				<time>2021-11-29T12:16:58Z</time>
			</trkpt>
			<trkpt lat="39.586862" lon="-105.343492">
				<ele>2323.433733</ele>
				<time>2021-11-29T12:17:12Z</time>
			</trkpt>
			<trkpt lat="39.585422" lon="-105.34321">
				<ele>2328.097194</ele>
				<time>2021-11-29T12:18:10Z</time>
			</trkpt>
			<trkpt lat="39.585213" lon="-105.3432">
				<ele>2328.78362</ele>
				<time>2021-11-29T12:18:18Z</time>
			</trkpt>
			<trkpt lat="39.584886" lon="-105.343262">
				<ele>2329.868264</ele>
				<time>2021-11-29T12:18:31Z</time>
			</trkpt>
			<trkpt lat="39.584225" lon="-105.34322">
				<ele>2332.017004</ele>
				<time>2021-11-29T12:18:57Z</time>
			</trkpt>
			<trkpt lat="39.582837" lon="-105.343219">
				<ele>2336.478955</ele>
				<time>2021-11-29T12:19:53Z</time>
			</trkpt>
			<trkpt lat="39.582036" lon="-105.343048">
				<ele>2338.220524</ele>
				<time>2021-11-29T12:20:22Z</time>
			</trkpt>
			<trkpt lat="39.58173" lon="-105.34293">
				<ele>2338.905397</ele>
				<time>2021-11-29T12:20:32Z</time>
			</trkpt>
			<trkpt lat="39.580749" lon="-105.342031">
				<ele>2341.866723</ele>
				<time>2021-11-29T12:21:08Z</time>
			</trkpt>
			<trkpt lat="39.580616" lon="-105.341833">
				<ele>2342.442636</ele>
				<time>2021-11-29T12:21:16Z</time>
			</trkpt>
			<trkpt lat="39.580377" lon="-105.341284">
				<ele>2343.825217</ele>
				<time>2021-11-29T12:21:33Z</time>
			</trkpt>
			<trkpt lat="39.580192" lon="-105.340291">
				<ele>2346.769747</ele>
				<time>2021-11-29T12:22:08Z</time>
			</trkpt>
			<trkpt lat="39.580109" lon="-105.34003">
				<ele>2348.064316</ele>
				<time>2021-11-29T12:22:19Z</time>
			</trkpt>
			<trkpt lat="39.579894" lon="-105.339797">
				<ele>2349.730821</ele>
				<time>2021-11-29T12:22:34Z</time>
			</trkpt>
			<trkpt lat="39.57904" lon="-105.339019">
				<ele>2355.938546</ele>
				<time>2021-11-29T12:23:32Z</time>
			</trkpt>
			<trkpt lat="39.578523" lon="-105.338522">
				<ele>2359.755456</ele>
				<time>2021-11-29T12:24:10Z</time>
			</trkpt>
			<trkpt lat="39.578369" lon="-105.338344">
				<ele>2360.978737</ele>
				<time>2021-11-29T12:24:21Z</time>
			</trkpt>
			<trkpt lat="39.578302" lon="-105.338206">
				<ele>2361.724321</ele>
				<time>2021-11-29T12:24:27Z</time>
			</trkpt>
			<trkpt lat="39.578178" lon="-105.337898">
				<ele>2363.312833</ele>
				<time>2021-11-29T12:24:40Z</time>
			</trkpt>
			<trkpt lat="39.578063" lon="-105.337705">
				<ele>2364.428031</ele>
				<time>2021-11-29T12:24:50Z</time>
			</trkpt>
			<trkpt lat="39.577899" lon="-105.337546">
				<ele>2365.642312</ele>
				<time>2021-11-29T12:25:00Z</time>
			</trkpt>
			<trkpt lat="39.577763" lon="-105.337501">
				<ele>2366.474762</ele>
				<time>2021-11-29T12:25:07Z</time>
			</trkpt>
			<trkpt lat="39.577298" lon="-105.337582">
				<ele>2368.547996</ele>
				<time>2021-11-29T12:25:30Z</time>
			</trkpt>
			<trkpt lat="39.576876" lon="-105.337555">
				<ele>2370.334081</ele>
				<time>2021-11-29T12:25:52Z</time>
			</trkpt>
			<trkpt lat="39.575747" lon="-105.337582">
				<ele>2374.907978</ele>
				<time>2021-11-29T12:26:36Z</time>
			</trkpt>
			<trkpt lat="39.575487" lon="-105.337616">
				<ele>2375.704974</ele>
				<time>2021-11-29T12:26:46Z</time>
			</trkpt>
			<trkpt lat="39.574631" lon="-105.337727">
				<ele>2378.328711</ele>
				<time>2021-11-29T12:27:18Z</time>
			</trkpt>
			<trkpt lat="39.574404" lon="-105.337695">
				<ele>2379.025117</ele>
				<time>2021-11-29T12:27:27Z</time>
			</trkpt>
			<trkpt lat="39.574155" lon="-105.337614">
				<ele>2379.808056</ele>
				<time>2021-11-29T12:27:37Z</time>
			</trkpt>
			<trkpt lat="39.573531" lon="-105.33718">
				<ele>2382.935369</ele>
				<time>2021-11-29T12:28:06Z</time>
			</trkpt>
			<trkpt lat="39.572587" lon="-105.336433">
				<ele>2387.869201</ele>
				<time>2021-11-29T12:28:59Z</time>
			</trkpt>
			<trkpt lat="39.572167" lon="-105.336053">
				<ele>2390.411354</ele>
				<time>2021-11-29T12:29:25Z</time>
			</trkpt>
			<trkpt lat="39.570698" lon="-105.334846">
				<ele>2398.984484</ele>
				<time>2021-11-29T12:30:48Z</time>
			</trkpt>
			<trkpt lat="39.570438" lon="-105.334567">
				<ele>2400.607168</ele>
				<time>2021-11-29T12:31:03Z</time>
			</trkpt>
			<trkpt lat="39.570198" lon="-105.334363">
				<ele>2401.987033</ele>
				<time>2021-11-29T12:31:17Z</time>
			</trkpt>
			<trkpt lat="39.569859" lon="-105.334141">
				<ele>2403.813255</ele>
				<time>2021-11-29T12:31:35Z</time>
			</trkpt>
			<trkpt lat="39.568135" lon="-105.333204">
				<ele>2412.646828</ele>
				<time>2021-11-29T12:33:04Z</time>
			</trkpt>
			<trkpt lat="39.567605" lon="-105.33284">
				<ele>2415.229727</ele>
				<time>2021-11-29T12:33:30Z</time>
			</trkpt>
			<trkpt lat="39.567394" lon="-105.332749">
				<ele>2416.110007</ele>
				<time>2021-11-29T12:33:40Z</time>
			</trkpt>
			<trkpt lat="39.567175" lon="-105.332679">
				<ele>2417.002933</ele>
				<time>2021-11-29T12:33:49Z</time>
			</trkpt>
			<trkpt lat="39.566582" lon="-105.332738">
				<ele>2419.357446</ele>
				<time>2021-11-29T12:34:14Z</time>
			</trkpt>
			<trkpt lat="39.565996" lon="-105.332576">
				<ele>2422.079344</ele>
				<time>2021-11-29T12:34:39Z</time>
			</trkpt>
			<trkpt lat="39.565438" lon="-105.332518">
				<ele>2425.492076</ele>
				<time>2021-11-29T12:35:05Z</time>
			</trkpt>
			<trkpt lat="39.565203" lon="-105.332421">
				<ele>2426.995527</ele>
				<time>2021-11-29T12:35:19Z</time>
			</trkpt>
			<trkpt lat="39.56493" lon="-105.33226">
				<ele>2428.823792</ele>
				<time>2021-11-29T12:35:36Z</time>
			</trkpt>
			<trkpt lat="39.564723" lon="-105.332051">
				<ele>2430.422977</ele>
				<time>2021-11-29T12:35:52Z</time>
			</trkpt>
			<trkpt lat="39.564346" lon="-105.33148">
				<ele>2434.639479</ele>
				<time>2021-11-29T12:36:28Z</time>
			</trkpt>
			<trkpt lat="39.564252" lon="-105.33126">
				<ele>2436.244605</ele>
				<time>2021-11-29T12:36:42Z</time>
			</trkpt>
			<trkpt lat="39.564152" lon="-105.330994">
				<ele>2438.133146</ele>
				<time>2021-11-29T12:36:57Z</time>
			</trkpt>
			<trkpt lat="39.564099" lon="-105.330654">
				<ele>2440.346747</ele>
				<time>2021-11-29T12:37:16Z</time>
			</trkpt>
			<trkpt lat="39.564056" lon="-105.330528">
				<ele>2441.226071</ele>
				<time>2021-11-29T12:37:23Z</time>
			</trkpt>
			<trkpt lat="39.563992" lon="-105.330454">
				<ele>2441.935763</ele>
				<time>2021-11-29T12:37:29Z</time>
			</trkpt>
			<trkpt lat="39.563838" lon="-105.330323">
				<ele>2443.460199</ele>
				<time>2021-11-29T12:37:42Z</time>
			</trkpt>
			<trkpt lat="39.563582" lon="-105.330159">
				<ele>2445.823655</ele>
				<time>2021-11-29T12:38:01Z</time>
			</trkpt>
			<trkpt lat="39.563245" lon="-105.32993">
				<ele>2447.515788</ele>
				<time>2021-11-29T12:38:24Z</time>
			</trkpt>
			<trkpt lat="39.563133" lon="-105.329809">
				<ele>2447.859415</ele>
				<time>2021-11-29T12:38:31Z</time>
			</trkpt>
			<trkpt lat="39.562708" lon="-105.329122">
				<ele>2449.46032</ele>
				<time>2021-11-29T12:38:57Z</time>
			</trkpt>
			<trkpt lat="39.562484" lon="-105.328644">
				<ele>2450.476985</ele>
				<time>2021-11-29T12:39:08Z</time>
			</trkpt>
			<trkpt lat="39.562223" lon="-105.328072">
				<ele>2449.803535</ele>
				<time>2021-11-29T12:39:18Z</time>
			</trkpt>
			<trkpt lat="39.561995" lon="-105.327452">
				<ele>2446.438325</ele>
				<time>2021-11-29T12:39:27Z</time>
			</trkpt>
			<trkpt lat="39.561786" lon="-105.32684">
				<ele>2443.159166</ele>
				<time>2021-11-29T12:39:35Z</time>
			</trkpt>
			<trkpt lat="39.561358" lon="-105.32564">
				<ele>2434.671074</ele>
				<time>2021-11-29T12:39:50Z</time>
			</trkpt>
			<trkpt lat="39.561313" lon="-105.325518">
				<ele>2433.573806</ele>
				<time>2021-11-29T12:39:51Z</time>
			</trkpt>
			<trkpt lat="39.561279" lon="-105.325403">
				<ele>2432.574528</ele>
				<time>2021-11-29T12:39:53Z</time>
			</trkpt>
			<trkpt lat="39.561239" lon="-105.325256">
				<ele>2431.309775</ele>
				<time>2021-11-29T12:39:55Z</time>
			</trkpt>
			<trkpt lat="39.560965" lon="-105.324291">
				<ele>2422.966371</ele>
				<time>2021-11-29T12:40:06Z</time>
			</trkpt>
			<trkpt lat="39.560889" lon="-105.324026">
				<ele>2420.714721</ele>
				<time>2021-11-29T12:40:09Z</time>
			</trkpt>
			<trkpt lat="39.560693" lon="-105.323533">
				<ele>2417.524049</ele>
				<time>2021-11-29T12:40:16Z</time>
			</trkpt>
			<trkpt lat="39.559846" lon="-105.321839">
				<ele>2407.156954</ele>
				<time>2021-11-29T12:40:40Z</time>
			</trkpt>
			<trkpt lat="39.559775" lon="-105.321617">
				<ele>2406.933087</ele>
				<time>2021-11-29T12:40:45Z</time>
			</trkpt>
			<trkpt lat="39.55977" lon="-105.321477">
				<ele>2406.802545</ele>
				<time>2021-11-29T12:40:47Z</time>
			</trkpt>
			<trkpt lat="39.559818" lon="-105.321274">
				<ele>2406.604769</ele>
				<time>2021-11-29T12:40:50Z</time>
			</trkpt>
			<trkpt lat="39.559925" lon="-105.320983">
				<ele>2406.30447</ele>
				<time>2021-11-29T12:40:55Z</time>
			</trkpt>
			<trkpt lat="39.559616" lon="-105.320779">
				<ele>2405.885573</ele>
				<time>2021-11-29T12:41:02Z</time>
			</trkpt>
			<trkpt lat="39.559477" lon="-105.320577">
				<ele>2405.633376</ele>
				<time>2021-11-29T12:41:08Z</time>
			</trkpt>
			<trkpt lat="39.559435" lon="-105.320373">
				<ele>2405.436702</ele>
				<time>2021-11-29T12:41:12Z</time>
			</trkpt>
			<trkpt lat="39.559475" lon="-105.320049">
				<ele>2405.293951</ele>
				<time>2021-11-29T12:41:22Z</time>
			</trkpt>
			<trkpt lat="39.559463" lon="-105.319723">
				<ele>2405.518003</ele>
				<time>2021-11-29T12:41:31Z</time>
			</trkpt>
			<trkpt lat="39.559424" lon="-105.31948">
				<ele>2405.688397</ele>
				<time>2021-11-29T12:41:38Z</time>
			</trkpt>
			<trkpt lat="39.559338" lon="-105.319188">
				<ele>2405.902983</ele>
				<time>2021-11-29T12:41:47Z</time>
			</trkpt>
			<trkpt lat="39.559253" lon="-105.318993">
				<ele>2406.056765</ele>
				<time>2021-11-29T12:41:53Z</time>
			</trkpt>
			<trkpt lat="39.559153" lon="-105.318875">
				<ele>2406.177143</ele>
				<time>2021-11-29T12:41:57Z</time>
			</trkpt>
			<trkpt lat="39.559005" lon="-105.318863">
				<ele>2406.309185</ele>
				<time>2021-11-29T12:42:00Z</time>
			</trkpt>
			<trkpt lat="39.558746" lon="-105.318934">
				<ele>2406.544902</ele>
				<time>2021-11-29T12:42:05Z</time>
			</trkpt>
			<trkpt lat="39.558623" lon="-105.319028">
				<ele>2406.672023</ele>
				<time>2021-11-29T12:42:09Z</time>
			</trkpt>
			<trkpt lat="39.557949" lon="-105.318656">
				<ele>2406.842356</ele>
				<time>2021-11-29T12:42:23Z</time>
			</trkpt>
			<trkpt lat="39.557271" lon="-105.318232">
				<ele>2406.863814</ele>
				<time>2021-11-29T12:42:42Z</time>
			</trkpt>
			<trkpt lat="39.557065" lon="-105.318102">
				<ele>2406.870344</ele>
				<time>2021-11-29T12:42:47Z</time>
			</trkpt>
			<trkpt lat="39.556885" lon="-105.318053">
				<ele>2406.875588</ele>
				<time>2021-11-29T12:42:52Z</time>
			</trkpt>
			<trkpt lat="39.556796" lon="-105.318051">
				<ele>2406.907393</ele>
				<time>2021-11-29T12:42:55Z</time>
			</trkpt>
			<trkpt lat="39.556679" lon="-105.318091">
				<ele>2407.144354</ele>
				<time>2021-11-29T12:42:58Z</time>
			</trkpt>
			<trkpt lat="39.556476" lon="-105.318196">
				<ele>2407.572359</ele>
				<time>2021-11-29T12:43:06Z</time>
			</trkpt>
			<trkpt lat="39.555738" lon="-105.318819">
				<ele>2409.296838</ele>
				<time>2021-11-29T12:43:37Z</time>
			</trkpt>
			<trkpt lat="39.555165" lon="-105.319305">
				<ele>2410.27101</ele>
				<time>2021-11-29T12:44:01Z</time>
			</trkpt>
			<trkpt lat="39.555029" lon="-105.319059">
				<ele>2410.022385</ele>
				<time>2021-11-29T12:44:08Z</time>
			</trkpt>
			<trkpt lat="39.554691" lon="-105.318448">
				<ele>2409.404733</ele>
				<time>2021-11-29T12:44:21Z</time>
			</trkpt>
			<trkpt lat="39.554423" lon="-105.317867">
				<ele>2408.848646</ele>
				<time>2021-11-29T12:44:31Z</time>
			</trkpt>
			<trkpt lat="39.554234" lon="-105.317559">
				<ele>2408.525327</ele>
				<time>2021-11-29T12:44:36Z</time>
			</trkpt>
			<trkpt lat="39.553986" lon="-105.317337">
				<ele>2408.103484</ele>
				<time>2021-11-29T12:44:41Z</time>
			</trkpt>
			<trkpt lat="39.553884" lon="-105.31707">
				<ele>2407.770533</ele>
				<time>2021-11-29T12:44:45Z</time>
			</trkpt>
			<trkpt lat="39.553897" lon="-105.316851">
				<ele>2407.525103</ele>
				<time>2021-11-29T12:44:48Z</time>
			</trkpt>
			<trkpt lat="39.553013" lon="-105.316431">
				<ele>2406.160753</ele>
				<time>2021-11-29T12:45:08Z</time>
			</trkpt>
			<trkpt lat="39.552549" lon="-105.316245">
				<ele>2406.955711</ele>
				<time>2021-11-29T12:45:22Z</time>
			</trkpt>
			<trkpt lat="39.552303" lon="-105.316176">
				<ele>2407.890763</ele>
				<time>2021-11-29T12:45:30Z</time>
			</trkpt>
			<trkpt lat="39.551737" lon="-105.316123">
				<ele>2409.999003</ele>
				<time>2021-11-29T12:45:52Z</time>
			</trkpt>
			<trkpt lat="39.550916" lon="-105.315988">
				<ele>2413.772456</ele>
				<time>2021-11-29T12:46:35Z</time>
			</trkpt>
			<trkpt lat="39.550714" lon="-105.315981">
				<ele>2415.544322</ele>
				<time>2021-11-29T12:46:48Z</time>
			</trkpt>
			<trkpt lat="39.55026" lon="-105.315998">
				<ele>2419.526874</ele>
				<time>2021-11-29T12:47:20Z</time>
			</trkpt>
			<trkpt lat="39.549783" lon="-105.316016">
				<ele>2423.711211</ele>
				<time>2021-11-29T12:47:55Z</time>
			</trkpt>
			<trkpt lat="39.549326" lon="-105.316046">
				<ele>2427.723539</ele>
				<time>2021-11-29T12:48:28Z</time>
			</trkpt>
			<trkpt lat="39.548871" lon="-105.316142">
				<ele>2430.382021</ele>
				<time>2021-11-29T12:49:00Z</time>
			</trkpt>
			<trkpt lat="39.548004" lon="-105.316485">
				<ele>2435.1282</ele>
				<time>2021-11-29T12:49:50Z</time>
			</trkpt>
			<trkpt lat="39.546446" lon="-105.316934">
				<ele>2436.795723</ele>
				<time>2021-11-29T12:50:27Z</time>
			</trkpt>
			<trkpt lat="39.545568" lon="-105.317026">
				<ele>2436.029722</ele>
				<time>2021-11-29T12:50:43Z</time>
			</trkpt>
			<trkpt lat="39.54537" lon="-105.317009">
				<ele>2435.857521</ele>
				<time>2021-11-29T12:50:47Z</time>
			</trkpt>
			<trkpt lat="39.544734" lon="-105.316812">
				<ele>2435.290071</ele>
				<time>2021-11-29T12:51:00Z</time>
			</trkpt>
			<trkpt lat="39.544516" lon="-105.3167">
				<ele>2435.086584</ele>
				<time>2021-11-29T12:51:05Z</time>
			</trkpt>
			<trkpt lat="39.544337" lon="-105.316563">
				<ele>2434.90621</ele>
				<time>2021-11-29T12:51:10Z</time>
			</trkpt>
			<trkpt lat="39.543338" lon="-105.315661">
				<ele>2436.170936</ele>
				<time>2021-11-29T12:51:43Z</time>
			</trkpt>
			<trkpt lat="39.542888" lon="-105.315318">
				<ele>2437.077694</ele>
				<time>2021-11-29T12:52:01Z</time>
			</trkpt>
			<trkpt lat="39.54261" lon="-105.315181">
				<ele>2437.59432</ele>
				<time>2021-11-29T12:52:13Z</time>
			</trkpt>
			<trkpt lat="39.542014" lon="-105.315">
				<ele>2439.610251</ele>
				<time>2021-11-29T12:52:37Z</time>
			</trkpt>
			<trkpt lat="39.541544" lon="-105.314837">
				<ele>2441.340029</ele>
				<time>2021-11-29T12:52:57Z</time>
			</trkpt>
			<trkpt lat="39.540624" lon="-105.314391">
				<ele>2444.701889</ele>
				<time>2021-11-29T12:53:38Z</time>
			</trkpt>
			<trkpt lat="39.540366" lon="-105.314297">
				<ele>2445.474759</ele>
				<time>2021-11-29T12:53:50Z</time>
			</trkpt>
			<trkpt lat="39.538857" lon="-105.31391">
				<ele>2449.40823</ele>
				<time>2021-11-29T12:54:47Z</time>
			</trkpt>
			<trkpt lat="39.538063" lon="-105.313644">
				<ele>2449.727685</ele>
				<time>2021-11-29T12:55:07Z</time>
			</trkpt>
			<trkpt lat="39.537447" lon="-105.31355">
				<ele>2449.969301</ele>
				<time>2021-11-29T12:55:21Z</time>
			</trkpt>
			<trkpt lat="39.537206" lon="-105.313486">
				<ele>2450.027229</ele>
				<time>2021-11-29T12:55:26Z</time>
			</trkpt>
			<trkpt lat="39.536856" lon="-105.313354">
				<ele>2450.014366</ele>
				<time>2021-11-29T12:55:34Z</time>
			</trkpt>
			<trkpt lat="39.536607" lon="-105.313191">
				<ele>2450.004523</ele>
				<time>2021-11-29T12:55:40Z</time>
			</trkpt>
			<trkpt lat="39.535473" lon="-105.312181">
				<ele>2450.692464</ele>
				<time>2021-11-29T12:56:14Z</time>
			</trkpt>
			<trkpt lat="39.535092" lon="-105.311799">
				<ele>2451.820563</ele>
				<time>2021-11-29T12:56:30Z</time>
			</trkpt>
			<trkpt lat="39.534307" lon="-105.310726">
				<ele>2454.672023</ele>
				<time>2021-11-29T12:57:14Z</time>
			</trkpt>
			<trkpt lat="39.533516" lon="-105.309796">
				<ele>2458.612098</ele>
				<time>2021-11-29T12:58:00Z</time>
			</trkpt>
			<trkpt lat="39.533321" lon="-105.309603">
				<ele>2459.517325</ele>
				<time>2021-11-29T12:58:10Z</time>
			</trkpt>
			<trkpt lat="39.533127" lon="-105.309493">
				<ele>2460.29864</ele>
				<time>2021-11-29T12:58:19Z</time>
			</trkpt>
			<trkpt lat="39.532856" lon="-105.309431">
				<ele>2461.390842</ele>
				<time>2021-11-29T12:58:30Z</time>
			</trkpt>
			<trkpt lat="39.532723" lon="-105.309429">
				<ele>2461.957419</ele>
				<time>2021-11-29T12:58:35Z</time>
			</trkpt>
			<trkpt lat="39.532225" lon="-105.309421">
				<ele>2464.078909</ele>
				<time>2021-11-29T12:58:56Z</time>
			</trkpt>
			<trkpt lat="39.532007" lon="-105.309349">
				<ele>2465.037177</ele>
				<time>2021-11-29T12:59:07Z</time>
			</trkpt>
			<trkpt lat="39.531798" lon="-105.30921">
				<ele>2466.037744</ele>
				<time>2021-11-29T12:59:17Z</time>
			</trkpt>
			<trkpt lat="39.531169" lon="-105.308678">
				<ele>2469.38365</ele>
				<time>2021-11-29T12:59:52Z</time>
			</trkpt>
			<trkpt lat="39.531022" lon="-105.308596">
				<ele>2470.197358</ele>
				<time>2021-11-29T13:00:01Z</time>
			</trkpt>
			<trkpt lat="39.53078" lon="-105.308533">
				<ele>2471.452436</ele>
				<time>2021-11-29T13:00:12Z</time>
			</trkpt>
			<trkpt lat="39.530571" lon="-105.308541">
				<ele>2472.515619</ele>
				<time>2021-11-29T13:00:23Z</time>
			</trkpt>
			<trkpt lat="39.529565" lon="-105.30882">
				<ele>2477.723826</ele>
				<time>2021-11-29T13:01:13Z</time>
			</trkpt>
			<trkpt lat="39.529361" lon="-105.308901">
				<ele>2478.606536</ele>
				<time>2021-11-29T13:01:23Z</time>
			</trkpt>
			<trkpt lat="39.528696" lon="-105.309099">
				<ele>2481.429486</ele>
				<time>2021-11-29T13:01:51Z</time>
			</trkpt>
			<trkpt lat="39.528276" lon="-105.309173">
				<ele>2483.18314</ele>
				<time>2021-11-29T13:02:08Z</time>
			</trkpt>
			<trkpt lat="39.528003" lon="-105.309166">
				<ele>2484.312854</ele>
				<time>2021-11-29T13:02:19Z</time>
			</trkpt>
			<trkpt lat="39.527851" lon="-105.309126">
				<ele>2484.954553</ele>
				<time>2021-11-29T13:02:26Z</time>
			</trkpt>
			<trkpt lat="39.527027" lon="-105.308842">
				<ele>2489.301389</ele>
				<time>2021-11-29T13:03:05Z</time>
			</trkpt>
			<trkpt lat="39.525917" lon="-105.308187">
				<ele>2495.539964</ele>
				<time>2021-11-29T13:04:07Z</time>
			</trkpt>
			<trkpt lat="39.525709" lon="-105.308097">
				<ele>2496.649453</ele>
				<time>2021-11-29T13:04:18Z</time>
			</trkpt>
			<trkpt lat="39.525345" lon="-105.308002">
				<ele>2498.52814</ele>
				<time>2021-11-29T13:04:36Z</time>
			</trkpt>
			<trkpt lat="39.525006" lon="-105.307898">
				<ele>2500.290754</ele>
				<time>2021-11-29T13:04:53Z</time>
			</trkpt>
			<trkpt lat="39.523439" lon="-105.307456">
				<ele>2507.580099</ele>
				<time>2021-11-29T13:06:02Z</time>
			</trkpt>
			<trkpt lat="39.523288" lon="-105.307436">
				<ele>2508.221725</ele>
				<time>2021-11-29T13:06:09Z</time>
			</trkpt>
			<trkpt lat="39.522462" lon="-105.306926">
				<ele>2512.152395</ele>
				<time>2021-11-29T13:06:49Z</time>
			</trkpt>
			<trkpt lat="39.521818" lon="-105.306741">
				<ele>2515.101996</ele>
				<time>2021-11-29T13:07:19Z</time>
			</trkpt>
			<trkpt lat="39.520994" lon="-105.30668">
				<ele>2518.792643</ele>
				<time>2021-11-29T13:07:57Z</time>
			</trkpt>
			<trkpt lat="39.520802" lon="-105.306694">
				<ele>2519.628502</ele>
				<time>2021-11-29T13:08:04Z</time>
			</trkpt>
			<trkpt lat="39.52044" lon="-105.30676">
				<ele>2521.199113</ele>
				<time>2021-11-29T13:08:20Z</time>
			</trkpt>
			<trkpt lat="39.520216" lon="-105.306729">
				<ele>2522.16698</ele>
				<time>2021-11-29T13:08:29Z</time>
			</trkpt>
			<trkpt lat="39.520097" lon="-105.306898">
				<ele>2522.925349</ele>
				<time>2021-11-29T13:08:37Z</time>
			</trkpt>
			<trkpt lat="39.519925" lon="-105.306868">
				<ele>2523.670992</ele>
				<time>2021-11-29T13:08:46Z</time>
			</trkpt>
			<trkpt lat="39.519917" lon="-105.306778">
				<ele>2523.971251</ele>
				<time>2021-11-29T13:08:49Z</time>
			</trkpt>
			<trkpt lat="39.51989" lon="-105.306547">
				<ele>2524.745586</ele>
				<time>2021-11-29T13:08:58Z</time>
			</trkpt>
			<trkpt lat="39.519832" lon="-105.30631">
				<ele>2525.56965</ele>
				<time>2021-11-29T13:09:08Z</time>
			</trkpt>
			<trkpt lat="39.519743" lon="-105.306123">
				<ele>2526.297888</ele>
				<time>2021-11-29T13:09:17Z</time>
			</trkpt>
			<trkpt lat="39.519685" lon="-105.306003">
				<ele>2526.767108</ele>
				<time>2021-11-29T13:09:23Z</time>
			</trkpt>
			<trkpt lat="39.519601" lon="-105.305902">
				<ele>2527.189454</ele>
				<time>2021-11-29T13:09:29Z</time>
			</trkpt>
			<trkpt lat="39.519561" lon="-105.305859">
				<ele>2527.381012</ele>
				<time>2021-11-29T13:09:32Z</time>
			</trkpt>
			<trkpt lat="39.519387" lon="-105.305785">
				<ele>2528.056074</ele>
				<time>2021-11-29T13:09:42Z</time>
			</trkpt>
			<trkpt lat="39.519301" lon="-105.30576">
				<ele>2528.380974</ele>
				<time>2021-11-29T13:09:46Z</time>
			</trkpt>
			<trkpt lat="39.519082" lon="-105.305694">
				<ele>2529.209814</ele>
				<time>2021-11-29T13:09:58Z</time>
			</trkpt>
			<trkpt lat="39.518611" lon="-105.305552">
				<ele>2530.992425</ele>
				<time>2021-11-29T13:10:21Z</time>
			</trkpt>
			<trkpt lat="39.518489" lon="-105.305537">
				<ele>2531.444178</ele>
				<time>2021-11-29T13:10:27Z</time>
			</trkpt>
			<trkpt lat="39.518174" lon="-105.305572">
				<ele>2532.609637</ele>
				<time>2021-11-29T13:10:42Z</time>
			</trkpt>
			<trkpt lat="39.518182" lon="-105.305263">
				<ele>2533.36676</ele>
				<time>2021-11-29T13:10:51Z</time>
			</trkpt>
			<trkpt lat="39.517743" lon="-105.305206">
				<ele>2532.834573</ele>
				<time>2021-11-29T13:11:04Z</time>
			</trkpt>
			<trkpt lat="39.517142" lon="-105.305224">
				<ele>2532.109433</ele>
				<time>2021-11-29T13:11:17Z</time>
			</trkpt>
			<trkpt lat="39.51679" lon="-105.305296">
				<ele>2531.679585</ele>
				<time>2021-11-29T13:11:23Z</time>
			</trkpt>
			<trkpt lat="39.516422" lon="-105.305411">
				<ele>2531.214575</ele>
				<time>2021-11-29T13:11:29Z</time>
			</trkpt>
			<trkpt lat="39.515439" lon="-105.305791">
				<ele>2527.560416</ele>
				<time>2021-11-29T13:11:45Z</time>
			</trkpt>
			<trkpt lat="39.515262" lon="-105.305953">
				<ele>2526.788552</ele>
				<time>2021-11-29T13:11:49Z</time>
			</trkpt>
			<trkpt lat="39.515068" lon="-105.306328">
				<ele>2525.547717</ele>
				<time>2021-11-29T13:11:55Z</time>
			</trkpt>
			<trkpt lat="39.514741" lon="-105.307189">
				<ele>2524.759317</ele>
				<time>2021-11-29T13:12:09Z</time>
			</trkpt>
			<trkpt lat="39.514548" lon="-105.307417">
				<ele>2524.729791</ele>
				<time>2021-11-29T13:12:16Z</time>
			</trkpt>
			<trkpt lat="39.513702" lon="-105.306082">
				<ele>2523.674936</ele>
				<time>2021-11-29T13:12:51Z</time>
			</trkpt>
			<trkpt lat="39.513573" lon="-105.305924">
				<ele>2523.170609</ele>
				<time>2021-11-29T13:12:54Z</time>
			</trkpt>
			<trkpt lat="39.513479" lon="-105.305847">
				<ele>2522.854629</ele>
				<time>2021-11-29T13:12:56Z</time>
			</trkpt>
			<trkpt lat="39.513284" lon="-105.305851">
				<ele>2522.300445</ele>
				<time>2021-11-29T13:13:00Z</time>
			</trkpt>
			<trkpt lat="39.512445" lon="-105.305993">
				<ele>2519.896091</ele>
				<time>2021-11-29T13:13:14Z</time>
			</trkpt>
			<trkpt lat="39.512268" lon="-105.306045">
				<ele>2519.203267</ele>
				<time>2021-11-29T13:13:17Z</time>
			</trkpt>
			<trkpt lat="39.512187" lon="-105.306106">
				<ele>2518.560306</ele>
				<time>2021-11-29T13:13:18Z</time>
			</trkpt>
			<trkpt lat="39.512049" lon="-105.305943">
				<ele>2517.278879</ele>
				<time>2021-11-29T13:13:21Z</time>
			</trkpt>
			<trkpt lat="39.511969" lon="-105.305796">
				<ele>2516.326323</ele>
				<time>2021-11-29T13:13:23Z</time>
			</trkpt>
			<trkpt lat="39.511144" lon="-105.30326">
				<ele>2501.072383</ele>
				<time>2021-11-29T13:13:56Z</time>
			</trkpt>
			<trkpt lat="39.511045" lon="-105.303039">
				<ele>2499.548911</ele>
				<time>2021-11-29T13:13:59Z</time>
			</trkpt>
			<trkpt lat="39.510875" lon="-105.302772">
				<ele>2497.485145</ele>
				<time>2021-11-29T13:14:03Z</time>
			</trkpt>
			<trkpt lat="39.510443" lon="-105.302193">
				<ele>2492.707713</ele>
				<time>2021-11-29T13:14:13Z</time>
			</trkpt>
			<trkpt lat="39.510345" lon="-105.302037">
				<ele>2491.558892</ele>
				<time>2021-11-29T13:14:15Z</time>
			</trkpt>
			<trkpt lat="39.510258" lon="-105.301839">
				<ele>2490.257679</ele>
				<time>2021-11-29T13:14:18Z</time>
			</trkpt>
			<trkpt lat="39.510192" lon="-105.30156">
				<ele>2488.591212</ele>
				<time>2021-11-29T13:14:22Z</time>
			</trkpt>
			<trkpt lat="39.510134" lon="-105.301088">
				<ele>2485.861836</ele>
				<time>2021-11-29T13:14:27Z</time>
			</trkpt>
			<trkpt lat="39.510121" lon="-105.30091">
				<ele>2484.840805</ele>
				<time>2021-11-29T13:14:30Z</time>
			</trkpt>
			<trkpt lat="39.510055" lon="-105.300299">
				<ele>2481.317594</ele>
				<time>2021-11-29T13:14:37Z</time>
			</trkpt>
			<trkpt lat="39.51001" lon="-105.300063">
				<ele>2479.934779</ele>
				<time>2021-11-29T13:14:40Z</time>
			</trkpt>
			<trkpt lat="39.509671" lon="-105.298974">
				<ele>2475.082649</ele>
				<time>2021-11-29T13:14:55Z</time>
			</trkpt>
			<trkpt lat="39.509476" lon="-105.298218">
				<ele>2471.788955</ele>
				<time>2021-11-29T13:15:05Z</time>
			</trkpt>
			<trkpt lat="39.509323" lon="-105.297494">
				<ele>2469.520625</ele>
				<time>2021-11-29T13:15:15Z</time>
			</trkpt>
			<trkpt lat="39.509298" lon="-105.296968">
				<ele>2468.457129</ele>
				<time>2021-11-29T13:15:22Z</time>
			</trkpt>
			<trkpt lat="39.509418" lon="-105.296002">
				<ele>2466.482606</ele>
				<time>2021-11-29T13:15:37Z</time>
			</trkpt>
			<trkpt lat="39.50951" lon="-105.29503">
				<ele>2464.552772</ele>
				<time>2021-11-29T13:15:52Z</time>
			</trkpt>
			<trkpt lat="39.509493" lon="-105.2942">
				<ele>2462.947555</ele>
				<time>2021-11-29T13:16:04Z</time>
			</trkpt>
			<trkpt lat="39.509422" lon="-105.293667">
				<ele>2461.901852</ele>
				<time>2021-11-29T13:16:11Z</time>
			</trkpt>
			<trkpt lat="39.509311" lon="-105.293218">
				<ele>2460.958388</ele>
				<time>2021-11-29T13:16:18Z</time>
			</trkpt>
			<trkpt lat="39.508808" lon="-105.291648">
				<ele>2456.752326</ele>
				<time>2021-11-29T13:16:41Z</time>
			</trkpt>
			<trkpt lat="39.508412" lon="-105.29052">
				<ele>2453.798974</ele>
				<time>2021-11-29T13:16:58Z</time>
			</trkpt>
			<trkpt lat="39.50822" lon="-105.289725">
				<ele>2451.878839</ele>
				<time>2021-11-29T13:17:10Z</time>
			</trkpt>
			<trkpt lat="39.508059" lon="-105.289055">
				<ele>2450.26133</ele>
				<time>2021-11-29T13:17:20Z</time>
			</trkpt>
			<trkpt lat="39.507368" lon="-105.286608">
				<ele>2444.792395</ele>
				<time>2021-11-29T13:17:57Z</time>
			</trkpt>
			<trkpt lat="39.507195" lon="-105.286223">
				<ele>2443.939057</ele>
				<time>2021-11-29T13:18:03Z</time>
			</trkpt>
			<trkpt lat="39.507083" lon="-105.286074">
				<ele>2443.54063</ele>
				<time>2021-11-29T13:18:06Z</time>
			</trkpt>
			<trkpt lat="39.506673" lon="-105.285691">
				<ele>2442.286025</ele>
				<time>2021-11-29T13:18:16Z</time>
			</trkpt>
			<trkpt lat="39.506075" lon="-105.285212">
				<ele>2440.535001</ele>
				<time>2021-11-29T13:18:29Z</time>
			</trkpt>
			<trkpt lat="39.505832" lon="-105.284954">
				<ele>2439.683542</ele>
				<time>2021-11-29T13:18:35Z</time>
			</trkpt>
			<trkpt lat="39.504842" lon="-105.283394">
				<ele>2435.54339</ele>
				<time>2021-11-29T13:19:03Z</time>
			</trkpt>
			<trkpt lat="39.504407" lon="-105.282579">
				<ele>2434.115653</ele>
				<time>2021-11-29T13:19:18Z</time>
			</trkpt>
			<trkpt lat="39.50414" lon="-105.282149">
				<ele>2433.320453</ele>
				<time>2021-11-29T13:19:26Z</time>
			</trkpt>
			<trkpt lat="39.50391" lon="-105.281886">
				<ele>2432.747731</ele>
				<time>2021-11-29T13:19:32Z</time>
			</trkpt>
			<trkpt lat="39.503619" lon="-105.281667">
				<ele>2432.0147</ele>
				<time>2021-11-29T13:19:39Z</time>
			</trkpt>
			<trkpt lat="39.503042" lon="-105.281279">
				<ele>2430.296538</ele>
				<time>2021-11-29T13:19:52Z</time>
			</trkpt>
			<trkpt lat="39.502489" lon="-105.280981">
				<ele>2428.713558</ele>
				<time>2021-11-29T13:20:03Z</time>
			</trkpt>
			<trkpt lat="39.501266" lon="-105.280017">
				<ele>2423.00291</ele>
				<time>2021-11-29T13:20:27Z</time>
			</trkpt>
			<trkpt lat="39.501085" lon="-105.279801">
				<ele>2421.886176</ele>
				<time>2021-11-29T13:20:31Z</time>
			</trkpt>
			<trkpt lat="39.500694" lon="-105.279174">
				<ele>2419.105925</ele>
				<time>2021-11-29T13:20:42Z</time>
			</trkpt>
			<trkpt lat="39.500362" lon="-105.278721">
				<ele>2417.158839</ele>
				<time>2021-11-29T13:20:50Z</time>
			</trkpt>
			<trkpt lat="39.499754" lon="-105.278034">
				<ele>2413.900883</ele>
				<time>2021-11-29T13:21:04Z</time>
			</trkpt>
			<trkpt lat="39.499216" lon="-105.277475">
				<ele>2411.325142</ele>
				<time>2021-11-29T13:21:16Z</time>
			</trkpt>
			<trkpt lat="39.498417" lon="-105.276714">
				<ele>2408.101288</ele>
				<time>2021-11-29T13:21:34Z</time>
			</trkpt>
			<trkpt lat="39.498276" lon="-105.276557">
				<ele>2407.496891</ele>
				<time>2021-11-29T13:21:37Z</time>
			</trkpt>
			<trkpt lat="39.497144" lon="-105.274889">
				<ele>2402.215334</ele>
				<time>2021-11-29T13:22:08Z</time>
			</trkpt>
			<trkpt lat="39.496559" lon="-105.274202">
				<ele>2399.958398</ele>
				<time>2021-11-29T13:22:22Z</time>
			</trkpt>
			<trkpt lat="39.496137" lon="-105.273588">
				<ele>2398.286702</ele>
				<time>2021-11-29T13:22:34Z</time>
			</trkpt>
			<trkpt lat="39.495983" lon="-105.273266">
				<ele>2397.516493</ele>
				<time>2021-11-29T13:22:39Z</time>
			</trkpt>
			<trkpt lat="39.495475" lon="-105.271893">
				<ele>2395.34802</ele>
				<time>2021-11-29T13:23:02Z</time>
			</trkpt>
			<trkpt lat="39.495299" lon="-105.271491">
				<ele>2394.915049</ele>
				<time>2021-11-29T13:23:10Z</time>
			</trkpt>
			<trkpt lat="39.494816" lon="-105.270612">
				<ele>2393.80903</ele>
				<time>2021-11-29T13:23:28Z</time>
			</trkpt>
			<trkpt lat="39.494687" lon="-105.270427">
				<ele>2393.153601</ele>
				<time>2021-11-29T13:23:32Z</time>
			</trkpt>
			<trkpt lat="39.494455" lon="-105.270194">
				<ele>2392.153758</ele>
				<time>2021-11-29T13:23:38Z</time>
			</trkpt>
			<trkpt lat="39.494127" lon="-105.270001">
				<ele>2390.926666</ele>
				<time>2021-11-29T13:23:44Z</time>
			</trkpt>
			<trkpt lat="39.493711" lon="-105.269807">
				<ele>2389.420631</ele>
				<time>2021-11-29T13:23:52Z</time>
			</trkpt>
			<trkpt lat="39.492546" lon="-105.269296">
				<ele>2383.190182</ele>
				<time>2021-11-29T13:24:12Z</time>
			</trkpt>
			<trkpt lat="39.492174" lon="-105.26901">
				<ele>2380.559769</ele>
				<time>2021-11-29T13:24:19Z</time>
			</trkpt>
			<trkpt lat="39.492046" lon="-105.268844">
				<ele>2379.4585</ele>
				<time>2021-11-29T13:24:22Z</time>
			</trkpt>
			<trkpt lat="39.491955" lon="-105.268656">
				<ele>2378.417032</ele>
				<time>2021-11-29T13:24:24Z</time>
			</trkpt>
			<trkpt lat="39.491887" lon="-105.268424">
				<ele>2377.252378</ele>
				<time>2021-11-29T13:24:27Z</time>
			</trkpt>
			<trkpt lat="39.491767" lon="-105.267215">
				<ele>2373.485032</ele>
				<time>2021-11-29T13:24:43Z</time>
			</trkpt>
			<trkpt lat="39.491722" lon="-105.267022">
				<ele>2372.883629</ele>
				<time>2021-11-29T13:24:46Z</time>
			</trkpt>
			<trkpt lat="39.491657" lon="-105.266846">
				<ele>2372.301616</ele>
				<time>2021-11-29T13:24:49Z</time>
			</trkpt>
			<trkpt lat="39.491551" lon="-105.266704">
				<ele>2371.712308</ele>
				<time>2021-11-29T13:24:52Z</time>
			</trkpt>
			<trkpt lat="39.491115" lon="-105.266276">
				<ele>2369.54252</ele>
				<time>2021-11-29T13:25:02Z</time>
			</trkpt>
			<trkpt lat="39.490486" lon="-105.265711">
				<ele>2366.103376</ele>
				<time>2021-11-29T13:25:15Z</time>
			</trkpt>
			<trkpt lat="39.488994" lon="-105.264592">
				<ele>2357.847318</ele>
				<time>2021-11-29T13:25:44Z</time>
			</trkpt>
			<trkpt lat="39.488824" lon="-105.26444">
				<ele>2356.784079</ele>
				<time>2021-11-29T13:25:47Z</time>
			</trkpt>
			<trkpt lat="39.488672" lon="-105.264211">
				<ele>2355.584116</ele>
				<time>2021-11-29T13:25:51Z</time>
			</trkpt>
			<trkpt lat="39.488197" lon="-105.263111">
				<ele>2350.992404</ele>
				<time>2021-11-29T13:26:07Z</time>
			</trkpt>
			<trkpt lat="39.487363" lon="-105.261875">
				<ele>2345.811533</ele>
				<time>2021-11-29T13:26:29Z</time>
			</trkpt>
			<trkpt lat="39.487128" lon="-105.261501">
				<ele>2344.269748</ele>
				<time>2021-11-29T13:26:36Z</time>
			</trkpt>
			<trkpt lat="39.486841" lon="-105.2609">
				<ele>2341.993041</ele>
				<time>2021-11-29T13:26:45Z</time>
			</trkpt>
			<trkpt lat="39.486737" lon="-105.260778">
				<ele>2341.407464</ele>
				<time>2021-11-29T13:26:47Z</time>
			</trkpt>
			<trkpt lat="39.486567" lon="-105.260649">
				<ele>2340.585148</ele>
				<time>2021-11-29T13:26:51Z</time>
			</trkpt>
			<trkpt lat="39.486096" lon="-105.260431">
				<ele>2338.497511</ele>
				<time>2021-11-29T13:26:59Z</time>
			</trkpt>
			<trkpt lat="39.485679" lon="-105.260175">
				<ele>2336.532824</ele>
				<time>2021-11-29T13:27:07Z</time>
			</trkpt>
			<trkpt lat="39.485559" lon="-105.260053">
				<ele>2335.875045</ele>
				<time>2021-11-29T13:27:10Z</time>
			</trkpt>
			<trkpt lat="39.485314" lon="-105.259664">
				<ele>2334.203958</ele>
				<time>2021-11-29T13:27:17Z</time>
			</trkpt>
			<trkpt lat="39.485151" lon="-105.25935">
				<ele>2332.944474</ele>
				<time>2021-11-29T13:27:21Z</time>
			</trkpt>
			<trkpt lat="39.484829" lon="-105.25886">
				<ele>2330.802527</ele>
				<time>2021-11-29T13:27:30Z</time>
			</trkpt>
			<trkpt lat="39.484664" lon="-105.258715">
				<ele>2329.946783</ele>
				<time>2021-11-29T13:27:33Z</time>
			</trkpt>
			<trkpt lat="39.484344" lon="-105.258498">
				<ele>2328.557945</ele>
				<time>2021-11-29T13:27:39Z</time>
			</trkpt>
			<trkpt lat="39.483994" lon="-105.258256">
				<ele>2327.032445</ele>
				<time>2021-11-29T13:27:46Z</time>
			</trkpt>
			<trkpt lat="39.483793" lon="-105.258059">
				<ele>2326.063317</ele>
				<time>2021-11-29T13:27:51Z</time>
			</trkpt>
			<trkpt lat="39.483433" lon="-105.25759">
				<ele>2324.100226</ele>
				<time>2021-11-29T13:28:00Z</time>
			</trkpt>
			<trkpt lat="39.483109" lon="-105.257062">
				<ele>2321.992688</ele>
				<time>2021-11-29T13:28:09Z</time>
			</trkpt>
			<trkpt lat="39.482805" lon="-105.256574">
				<ele>2319.927881</ele>
				<time>2021-11-29T13:28:17Z</time>
			</trkpt>
			<trkpt lat="39.482568" lon="-105.256313">
				<ele>2318.600985</ele>
				<time>2021-11-29T13:28:23Z</time>
			</trkpt>
			<trkpt lat="39.481974" lon="-105.256011">
				<ele>2315.878908</ele>
				<time>2021-11-29T13:28:33Z</time>
			</trkpt>
			<trkpt lat="39.481775" lon="-105.255899">
				<ele>2314.832653</ele>
				<time>2021-11-29T13:28:37Z</time>
			</trkpt>
			<trkpt lat="39.481631" lon="-105.255772">
				<ele>2313.884479</ele>
				<time>2021-11-29T13:28:40Z</time>
			</trkpt>
			<trkpt lat="39.481368" lon="-105.25547">
				<ele>2311.971613</ele>
				<time>2021-11-29T13:28:46Z</time>
			</trkpt>
			<trkpt lat="39.481079" lon="-105.255132">
				<ele>2309.852428</ele>
				<time>2021-11-29T13:28:52Z</time>
			</trkpt>
			<trkpt lat="39.480911" lon="-105.25499">
				<ele>2308.76059</ele>
				<time>2021-11-29T13:28:55Z</time>
			</trkpt>
			<trkpt lat="39.480067" lon="-105.254463">
				<ele>2303.697207</ele>
				<time>2021-11-29T13:29:11Z</time>
			</trkpt>
			<trkpt lat="39.478943" lon="-105.253691">
				<ele>2296.902218</ele>
				<time>2021-11-29T13:29:32Z</time>
			</trkpt>
			<trkpt lat="39.478797" lon="-105.253632">
				<ele>2296.085344</ele>
				<time>2021-11-29T13:29:34Z</time>
			</trkpt>
			<trkpt lat="39.478628" lon="-105.253604">
				<ele>2295.209876</ele>
				<time>2021-11-29T13:29:37Z</time>
			</trkpt>
			<trkpt lat="39.478133" lon="-105.253619">
				<ele>2292.676922</ele>
				<time>2021-11-29T13:29:45Z</time>
			</trkpt>
			<trkpt lat="39.477905" lon="-105.253547">
				<ele>2291.476398</ele>
				<time>2021-11-29T13:29:49Z</time>
			</trkpt>
			<trkpt lat="39.477742" lon="-105.253357">
				<ele>2290.354712</ele>
				<time>2021-11-29T13:29:53Z</time>
			</trkpt>
			<trkpt lat="39.477644" lon="-105.253161">
				<ele>2289.432587</ele>
				<time>2021-11-29T13:29:56Z</time>
			</trkpt>
			<trkpt lat="39.477369" lon="-105.252448">
				<ele>2286.24311</ele>
				<time>2021-11-29T13:30:06Z</time>
			</trkpt>
			<trkpt lat="39.477274" lon="-105.252251">
				<ele>2285.249603</ele>
				<time>2021-11-29T13:30:09Z</time>
			</trkpt>
			<trkpt lat="39.47715" lon="-105.252105">
				<ele>2284.321135</ele>
				<time>2021-11-29T13:30:12Z</time>
			</trkpt>
			<trkpt lat="39.47688" lon="-105.251944">
				<ele>2282.674158</ele>
				<time>2021-11-29T13:30:17Z</time>
			</trkpt>
			<trkpt lat="39.476701" lon="-105.251877">
				<ele>2281.641725</ele>
				<time>2021-11-29T13:30:20Z</time>
			</trkpt>
			<trkpt lat="39.476333" lon="-105.251794">
				<ele>2279.571911</ele>
				<time>2021-11-29T13:30:26Z</time>
			</trkpt>
			<trkpt lat="39.476164" lon="-105.251743">
				<ele>2278.610386</ele>
				<time>2021-11-29T13:30:28Z</time>
			</trkpt>
			<trkpt lat="39.47541" lon="-105.251274">
				<ele>2273.770242</ele>
				<time>2021-11-29T13:30:42Z</time>
			</trkpt>
			<trkpt lat="39.475095" lon="-105.251017">
				<ele>2271.558745</ele>
				<time>2021-11-29T13:30:48Z</time>
			</trkpt>
			<trkpt lat="39.474632" lon="-105.250509">
				<ele>2267.954287</ele>
				<time>2021-11-29T13:30:58Z</time>
			</trkpt>
			<trkpt lat="39.473389" lon="-105.249143">
				<ele>2258.001272</ele>
				<time>2021-11-29T13:31:24Z</time>
			</trkpt>
			<trkpt lat="39.472711" lon="-105.248326">
				<ele>2252.537667</ele>
				<time>2021-11-29T13:31:39Z</time>
			</trkpt>
			<trkpt lat="39.472487" lon="-105.248006">
				<ele>2250.655408</ele>
				<time>2021-11-29T13:31:45Z</time>
			</trkpt>
			<trkpt lat="39.472206" lon="-105.247524">
				<ele>2248.023521</ele>
				<time>2021-11-29T13:31:52Z</time>
			</trkpt>
			<trkpt lat="39.472014" lon="-105.247055">
				<ele>2245.710338</ele>
				<time>2021-11-29T13:31:59Z</time>
			</trkpt>
			<trkpt lat="39.471842" lon="-105.246455">
				<ele>2242.919089</ele>
				<time>2021-11-29T13:32:07Z</time>
			</trkpt>
			<trkpt lat="39.471665" lon="-105.24605">
				<ele>2240.888756</ele>
				<time>2021-11-29T13:32:13Z</time>
			</trkpt>
			<trkpt lat="39.471523" lon="-105.245805">
				<ele>2239.552201</ele>
				<time>2021-11-29T13:32:17Z</time>
			</trkpt>
			<trkpt lat="39.471207" lon="-105.245429">
				<ele>2237.127358</ele>
				<time>2021-11-29T13:32:24Z</time>
			</trkpt>
			<trkpt lat="39.470793" lon="-105.245008">
				<ele>2234.261102</ele>
				<time>2021-11-29T13:32:32Z</time>
			</trkpt>
			<trkpt lat="39.470583" lon="-105.244753">
				<ele>2232.918956</ele>
				<time>2021-11-29T13:32:37Z</time>
			</trkpt>
			<trkpt lat="39.470462" lon="-105.244572">
				<ele>2232.057094</ele>
				<time>2021-11-29T13:32:40Z</time>
			</trkpt>
			<trkpt lat="39.470348" lon="-105.244343">
				<ele>2231.076263</ele>
				<time>2021-11-29T13:32:44Z</time>
			</trkpt>
			<trkpt lat="39.47019" lon="-105.243943">
				<ele>2229.4589</ele>
				<time>2021-11-29T13:32:50Z</time>
			</trkpt>
			<trkpt lat="39.469917" lon="-105.243264">
				<ele>2226.703162</ele>
				<time>2021-11-29T13:33:00Z</time>
			</trkpt>
			<trkpt lat="39.469386" lon="-105.242279">
				<ele>2222.203565</ele>
				<time>2021-11-29T13:33:15Z</time>
			</trkpt>
			<trkpt lat="39.468863" lon="-105.240848">
				<ele>2216.38026</ele>
				<time>2021-11-29T13:33:36Z</time>
			</trkpt>
			<trkpt lat="39.468776" lon="-105.240653">
				<ele>2215.610919</ele>
				<time>2021-11-29T13:33:39Z</time>
			</trkpt>
			<trkpt lat="39.468629" lon="-105.240431">
				<ele>2214.611839</ele>
				<time>2021-11-29T13:33:42Z</time>
			</trkpt>
			<trkpt lat="39.468395" lon="-105.240157">
				<ele>2213.216088</ele>
				<time>2021-11-29T13:33:48Z</time>
			</trkpt>
			<trkpt lat="39.46778" lon="-105.23964">
				<ele>2209.971955</ele>
				<time>2021-11-29T13:34:00Z</time>
			</trkpt>
			<trkpt lat="39.467706" lon="-105.239585">
				<ele>2209.720095</ele>
				<time>2021-11-29T13:34:01Z</time>
			</trkpt>
			<trkpt lat="39.467735" lon="-105.239504">
				<ele>2209.906765</ele>
				<time>2021-11-29T13:34:04Z</time>
			</trkpt>
			<trkpt lat="39.467728" lon="-105.239464">
				<ele>2209.992514</ele>
				<time>2021-11-29T13:34:05Z</time>
			</trkpt>
			<trkpt lat="39.467471" lon="-105.239102">
				<ele>2211.020717</ele>
				<time>2021-11-29T13:34:17Z</time>
			</trkpt>
			<trkpt lat="39.467105" lon="-105.238826">
				<ele>2212.167638</ele>
				<time>2021-11-29T13:34:33Z</time>
			</trkpt>
			<trkpt lat="39.467036" lon="-105.238729">
				<ele>2212.443401</ele>
				<time>2021-11-29T13:34:37Z</time>
			</trkpt>
			<trkpt lat="39.467022" lon="-105.238544">
				<ele>2212.832033</ele>
				<time>2021-11-29T13:34:46Z</time>
			</trkpt>
			<trkpt lat="39.467053" lon="-105.238209">
				<ele>2213.537428</ele>
				<time>2021-11-29T13:35:02Z</time>
			</trkpt>
			<trkpt lat="39.467014" lon="-105.238043">
				<ele>2213.900198</ele>
				<time>2021-11-29T13:35:13Z</time>
			</trkpt>
			<trkpt lat="39.467047" lon="-105.237807">
				<ele>2214.40163</ele>
				<time>2021-11-29T13:35:28Z</time>
			</trkpt>
			<trkpt lat="39.467016" lon="-105.237517">
				<ele>2217.697182</ele>
				<time>2021-11-29T13:35:49Z</time>
			</trkpt>
			<trkpt lat="39.46713" lon="-105.237128">
				<ele>2223.530948</ele>
				<time>2021-11-29T13:36:21Z</time>
			</trkpt>
			<trkpt lat="39.467198" lon="-105.236951">
				<ele>2226.302902</ele>
				<time>2021-11-29T13:36:38Z</time>
			</trkpt>
			<trkpt lat="39.46725" lon="-105.236876">
				<ele>2227.71628</ele>
				<time>2021-11-29T13:36:47Z</time>
			</trkpt>
			<trkpt lat="39.467324" lon="-105.236812">
				<ele>2229.332262</ele>
				<time>2021-11-29T13:36:58Z</time>
			</trkpt>
			<trkpt lat="39.467499" lon="-105.236767">
				<ele>2232.572561</ele>
				<time>2021-11-29T13:37:21Z</time>
			</trkpt>
			<trkpt lat="39.467515" lon="-105.236763">
				<ele>2232.868509</ele>
				<time>2021-11-29T13:37:23Z</time>
			</trkpt>
			<trkpt lat="39.467774" lon="-105.236618">
				<ele>2237.992884</ele>
				<time>2021-11-29T13:38:04Z</time>
			</trkpt>
			<trkpt lat="39.468008" lon="-105.236361">
				<ele>2243.564627</ele>
				<time>2021-11-29T13:38:50Z</time>
			</trkpt>
			<trkpt lat="39.468113" lon="-105.236203">
				<ele>2246.487593</ele>
				<time>2021-11-29T13:39:15Z</time>
			</trkpt>
			<trkpt lat="39.46821" lon="-105.235975">
				<ele>2250.402993</ele>
				<time>2021-11-29T13:39:46Z</time>
			</trkpt>
			<trkpt lat="39.46819" lon="-105.235765">
				<ele>2253.638568</ele>
				<time>2021-11-29T13:40:11Z</time>
			</trkpt>
			<trkpt lat="39.468126" lon="-105.235521">
				<ele>2257.579202</ele>
				<time>2021-11-29T13:40:41Z</time>
			</trkpt>
			<trkpt lat="39.468194" lon="-105.235382">
				<ele>2260.095587</ele>
				<time>2021-11-29T13:41:00Z</time>
			</trkpt>
			<trkpt lat="39.468523" lon="-105.235063">
				<ele>2268.235939</ele>
				<time>2021-11-29T13:42:01Z</time>
			</trkpt>
			<trkpt lat="39.468651" lon="-105.234813">
				<ele>2272.823196</ele>
				<time>2021-11-29T13:42:31Z</time>
			</trkpt>
			<trkpt lat="39.468676" lon="-105.234395">
				<ele>2279.234185</ele>
				<time>2021-11-29T13:43:06Z</time>
			</trkpt>
			<trkpt lat="39.468643" lon="-105.234322">
				<ele>2280.527771</ele>
				<time>2021-11-29T13:43:13Z</time>
			</trkpt>
			<trkpt lat="39.468467" lon="-105.234186">
				<ele>2283.027866</ele>
				<time>2021-11-29T13:43:31Z</time>
			</trkpt>
			<trkpt lat="39.468312" lon="-105.234161">
				<ele>2283.364046</ele>
				<time>2021-11-29T13:43:45Z</time>
			</trkpt>
			<trkpt lat="39.468132" lon="-105.233995">
				<ele>2283.839609</ele>
				<time>2021-11-29T13:44:01Z</time>
			</trkpt>
			<trkpt lat="39.467821" lon="-105.233813">
				<ele>2284.574107</ele>
				<time>2021-11-29T13:44:23Z</time>
			</trkpt>
			<trkpt lat="39.46756" lon="-105.233676">
				<ele>2285.180221</ele>
				<time>2021-11-29T13:44:36Z</time>
			</trkpt>
			<trkpt lat="39.467541" lon="-105.233675">
				<ele>2285.221148</ele>
				<time>2021-11-29T13:44:37Z</time>
			</trkpt>
			<trkpt lat="39.467378" lon="-105.233668">
				<ele>2285.572163</ele>
				<time>2021-11-29T13:44:43Z</time>
			</trkpt>
			<trkpt lat="39.467291" lon="-105.233614">
				<ele>2285.779799</ele>
				<time>2021-11-29T13:44:46Z</time>
			</trkpt>
			<trkpt lat="39.467316" lon="-105.233459">
				<ele>2286.042898</ele>
				<time>2021-11-29T13:44:49Z</time>
			</trkpt>
			<trkpt lat="39.467299" lon="-105.232952">
				<ele>2286.039948</ele>
				<time>2021-11-29T13:45:00Z</time>
			</trkpt>
			<trkpt lat="39.46726" lon="-105.232855">
				<ele>2285.353537</ele>
				<time>2021-11-29T13:45:02Z</time>
			</trkpt>
			<trkpt lat="39.467239" lon="-105.232668">
				<ele>2284.167532</ele>
				<time>2021-11-29T13:45:06Z</time>
			</trkpt>
			<trkpt lat="39.467188" lon="-105.23249">
				<ele>2282.975905</ele>
				<time>2021-11-29T13:45:10Z</time>
			</trkpt>
			<trkpt lat="39.467026" lon="-105.232144">
				<ele>2280.43615</ele>
				<time>2021-11-29T13:45:18Z</time>
			</trkpt>
			<trkpt lat="39.466862" lon="-105.232013">
				<ele>2278.869719</ele>
				<time>2021-11-29T13:45:23Z</time>
			</trkpt>
			<trkpt lat="39.466651" lon="-105.231922">
				<ele>2277.061722</ele>
				<time>2021-11-29T13:45:29Z</time>
			</trkpt>
			<trkpt lat="39.466531" lon="-105.231833">
				<ele>2275.937533</ele>
				<time>2021-11-29T13:45:33Z</time>
			</trkpt>
			<trkpt lat="39.466088" lon="-105.231753">
				<ele>2272.30114</ele>
				<time>2021-11-29T13:45:45Z</time>
			</trkpt>
			<trkpt lat="39.466026" lon="-105.231544">
				<ele>2271.222907</ele>
				<time>2021-11-29T13:45:49Z</time>
			</trkpt>
			<trkpt lat="39.46584" lon="-105.23138">
				<ele>2269.896261</ele>
				<time>2021-11-29T13:45:55Z</time>
			</trkpt>
			<trkpt lat="39.465761" lon="-105.231015">
				<ele>2268.17077</ele>
				<time>2021-11-29T13:46:03Z</time>
			</trkpt>
			<trkpt lat="39.465632" lon="-105.230975">
				<ele>2267.388675</ele>
				<time>2021-11-29T13:46:07Z</time>
			</trkpt>
			<trkpt lat="39.465324" lon="-105.230704">
				<ele>2265.193316</ele>
				<time>2021-11-29T13:46:17Z</time>
			</trkpt>
			<trkpt lat="39.465264" lon="-105.230701">
				<ele>2264.839282</ele>
				<time>2021-11-29T13:46:19Z</time>
			</trkpt>
			<trkpt lat="39.465204" lon="-105.230659">
				<ele>2264.437159</ele>
				<time>2021-11-29T13:46:21Z</time>
			</trkpt>
			<trkpt lat="39.465169" lon="-105.230599">
				<ele>2264.094846</ele>
				<time>2021-11-29T13:46:22Z</time>
			</trkpt>
			<trkpt lat="39.465154" lon="-105.230541">
				<ele>2263.816415</ele>
				<time>2021-11-29T13:46:24Z</time>
			</trkpt>
			<trkpt lat="39.465173" lon="-105.230516">
				<ele>2263.656728</ele>
				<time>2021-11-29T13:46:25Z</time>
			</trkpt>
			<trkpt lat="39.465262" lon="-105.230554">
				<ele>2263.104196</ele>
				<time>2021-11-29T13:46:27Z</time>
			</trkpt>
			<trkpt lat="39.465521" lon="-105.230557">
				<ele>2261.577028</ele>
				<time>2021-11-29T13:46:36Z</time>
			</trkpt>
			<trkpt lat="39.4659" lon="-105.230468">
				<ele>2260.423373</ele>
				<time>2021-11-29T13:46:48Z</time>
			</trkpt>
			<trkpt lat="39.46627" lon="-105.230913">
				<ele>2258.9758</ele>
				<time>2021-11-29T13:47:05Z</time>
			</trkpt>
			<trkpt lat="39.466715" lon="-105.230932">
				<ele>2257.69926</ele>
				<time>2021-11-29T13:47:19Z</time>
			</trkpt>
			<trkpt lat="39.466617" lon="-105.230685">
				<ele>2257.084583</ele>
				<time>2021-11-29T13:47:26Z</time>
			</trkpt>
			<trkpt lat="39.466415" lon="-105.230441">
				<ele>2256.280727</ele>
				<time>2021-11-29T13:47:34Z</time>
			</trkpt>
			<trkpt lat="39.466247" lon="-105.230167">
				<ele>2255.211738</ele>
				<time>2021-11-29T13:47:42Z</time>
			</trkpt>
			<trkpt lat="39.466042" lon="-105.22995">
				<ele>2254.164048</ele>
				<time>2021-11-29T13:47:49Z</time>
			</trkpt>
			<trkpt lat="39.465764" lon="-105.229773">
				<ele>2252.938183</ele>
				<time>2021-11-29T13:47:58Z</time>
			</trkpt>
			<trkpt lat="39.46564" lon="-105.229527">
				<ele>2252.040609</ele>
				<time>2021-11-29T13:48:05Z</time>
			</trkpt>
			<trkpt lat="39.465634" lon="-105.229304">
				<ele>2251.358904</ele>
				<time>2021-11-29T13:48:10Z</time>
			</trkpt>
			<trkpt lat="39.465448" lon="-105.229105">
				<ele>2250.404217</ele>
				<time>2021-11-29T13:48:17Z</time>
			</trkpt>
			<trkpt lat="39.465212" lon="-105.228754">
				<ele>2248.98202</ele>
				<time>2021-11-29T13:48:29Z</time>
			</trkpt>
			<trkpt lat="39.464992" lon="-105.228277">
				<ele>2247.283221</ele>
				<time>2021-11-29T13:48:43Z</time>
			</trkpt>
			<trkpt lat="39.464873" lon="-105.228089">
				<ele>2246.539933</ele>
				<time>2021-11-29T13:48:49Z</time>
			</trkpt>
			<trkpt lat="39.464692" lon="-105.227805">
				<ele>2245.413988</ele>
				<time>2021-11-29T13:48:57Z</time>
			</trkpt>
			<trkpt lat="39.464613" lon="-105.227585">
				<ele>2244.672161</ele>
				<time>2021-11-29T13:49:02Z</time>
			</trkpt>
			<trkpt lat="39.464632" lon="-105.227241">
				<ele>2243.617731</ele>
				<time>2021-11-29T13:49:10Z</time>
			</trkpt>
			<trkpt lat="39.46458" lon="-105.227182">
				<ele>2243.343965</ele>
				<time>2021-11-29T13:49:12Z</time>
			</trkpt>
			<trkpt lat="39.464348" lon="-105.227343">
				<ele>2242.301631</ele>
				<time>2021-11-29T13:49:19Z</time>
			</trkpt>
			<trkpt lat="39.464126" lon="-105.227434">
				<ele>2241.750695</ele>
				<time>2021-11-29T13:49:26Z</time>
			</trkpt>
			<trkpt lat="39.463909" lon="-105.227603">
				<ele>2241.276914</ele>
				<time>2021-11-29T13:49:34Z</time>
			</trkpt>
			<trkpt lat="39.463702" lon="-105.227609">
				<ele>2240.88949</ele>
				<time>2021-11-29T13:49:40Z</time>
			</trkpt>
			<trkpt lat="39.463422" lon="-105.227458">
				<ele>2240.321974</ele>
				<time>2021-11-29T13:49:50Z</time>
			</trkpt>
			<trkpt lat="39.463213" lon="-105.227032">
				<ele>2239.592835</ele>
				<time>2021-11-29T13:50:03Z</time>
			</trkpt>
			<trkpt lat="39.463114" lon="-105.226667">
				<ele>2239.033968</ele>
				<time>2021-11-29T13:50:15Z</time>
			</trkpt>
			<trkpt lat="39.463114" lon="-105.226337">
				<ele>2238.850834</ele>
				<time>2021-11-29T13:50:26Z</time>
			</trkpt>
			<trkpt lat="39.463226" lon="-105.226005">
				<ele>2239.285397</ele>
				<time>2021-11-29T13:50:39Z</time>
			</trkpt>
			<trkpt lat="39.463476" lon="-105.225691">
				<ele>2239.826405</ele>
				<time>2021-11-29T13:50:58Z</time>
			</trkpt>
			<trkpt lat="39.46352" lon="-105.225586">
				<ele>2239.969699</ele>
				<time>2021-11-29T13:51:03Z</time>
			</trkpt>
			<trkpt lat="39.463126" lon="-105.225345">
				<ele>2240.64663</ele>
				<time>2021-11-29T13:51:27Z</time>
			</trkpt>
			<trkpt lat="39.462867" lon="-105.225364">
				<ele>2241.049653</ele>
				<time>2021-11-29T13:51:39Z</time>
			</trkpt>
			<trkpt lat="39.462506" lon="-105.225277">
				<ele>2241.203255</ele>
				<time>2021-11-29T13:51:53Z</time>
			</trkpt>
			<trkpt lat="39.462426" lon="-105.22516">
				<ele>2240.667996</ele>
				<time>2021-11-29T13:51:57Z</time>
			</trkpt>
			<trkpt lat="39.462289" lon="-105.225105">
				<ele>2240.031739</ele>
				<time>2021-11-29T13:52:02Z</time>
			</trkpt>
			<trkpt lat="39.461847" lon="-105.225129">
				<ele>2238.069293</ele>
				<time>2021-11-29T13:52:14Z</time>
			</trkpt>
			<trkpt lat="39.461767" lon="-105.22508">
				<ele>2237.676733</ele>
				<time>2021-11-29T13:52:16Z</time>
			</trkpt>
			<trkpt lat="39.461701" lon="-105.224967">
				<ele>2237.191457</ele>
				<time>2021-11-29T13:52:19Z</time>
			</trkpt>
			<trkpt lat="39.461691" lon="-105.224871">
				<ele>2236.859694</ele>
				<time>2021-11-29T13:52:21Z</time>
			</trkpt>
			<trkpt lat="39.461742" lon="-105.224592">
				<ele>2235.877749</ele>
				<time>2021-11-29T13:52:27Z</time>
			</trkpt>
			<trkpt lat="39.461722" lon="-105.224391">
				<ele>2235.183664</ele>
				<time>2021-11-29T13:52:31Z</time>
			</trkpt>
			<trkpt lat="39.46163" lon="-105.224245">
				<ele>2234.538232</ele>
				<time>2021-11-29T13:52:36Z</time>
			</trkpt>
			<trkpt lat="39.461345" lon="-105.223956">
				<ele>2233.874184</ele>
				<time>2021-11-29T13:52:47Z</time>
			</trkpt>
			<trkpt lat="39.461278" lon="-105.223868">
				<ele>2234.114539</ele>
				<time>2021-11-29T13:52:50Z</time>
			</trkpt>
			<trkpt lat="39.461245" lon="-105.223779">
				<ele>2234.306547</ele>
				<time>2021-11-29T13:52:52Z</time>
			</trkpt>
			<trkpt lat="39.461305" lon="-105.223218">
				<ele>2235.407964</ele>
				<time>2021-11-29T13:53:12Z</time>
			</trkpt>
			<trkpt lat="39.461384" lon="-105.222902">
				<ele>2236.053916</ele>
				<time>2021-11-29T13:53:25Z</time>
			</trkpt>
			<trkpt lat="39.461499" lon="-105.222747">
				<ele>2236.471976</ele>
				<time>2021-11-29T13:53:35Z</time>
			</trkpt>
			<trkpt lat="39.461604" lon="-105.22269">
				<ele>2236.758752</ele>
				<time>2021-11-29T13:53:43Z</time>
			</trkpt>
			<trkpt lat="39.461932" lon="-105.222592">
				<ele>2237.606653</ele>
				<time>2021-11-29T13:54:06Z</time>
			</trkpt>
			<trkpt lat="39.461972" lon="-105.222533">
				<ele>2237.759352</ele>
				<time>2021-11-29T13:54:11Z</time>
			</trkpt>
			<trkpt lat="39.461954" lon="-105.222444">
				<ele>2237.938272</ele>
				<time>2021-11-29T13:54:15Z</time>
			</trkpt>
			<trkpt lat="39.46184" lon="-105.222342">
				<ele>2238.38443</ele>
				<time>2021-11-29T13:54:25Z</time>
			</trkpt>
			<trkpt lat="39.461531" lon="-105.222236">
				<ele>2239.539632</ele>
				<time>2021-11-29T13:54:48Z</time>
			</trkpt>
			<trkpt lat="39.461412" lon="-105.222257">
				<ele>2239.973661</ele>
				<time>2021-11-29T13:54:57Z</time>
			</trkpt>
			<trkpt lat="39.461182" lon="-105.22237">
				<ele>2240.86265</ele>
				<time>2021-11-29T13:55:11Z</time>
			</trkpt>
			<trkpt lat="39.461034" lon="-105.22228">
				<ele>2241.453525</ele>
				<time>2021-11-29T13:55:20Z</time>
			</trkpt>
			<trkpt lat="39.460947" lon="-105.222292">
				<ele>2241.769714</ele>
				<time>2021-11-29T13:55:24Z</time>
			</trkpt>
			<trkpt lat="39.460761" lon="-105.222416">
				<ele>2242.525716</ele>
				<time>2021-11-29T13:55:31Z</time>
			</trkpt>
			<trkpt lat="39.460447" lon="-105.222481">
				<ele>2243.674888</ele>
				<time>2021-11-29T13:55:43Z</time>
			</trkpt>
			<trkpt lat="39.460189" lon="-105.222403">
				<ele>2244.697649</ele>
				<time>2021-11-29T13:55:54Z</time>
			</trkpt>
			<trkpt lat="39.460011" lon="-105.222381">
				<ele>2245.960882</ele>
				<time>2021-11-29T13:56:04Z</time>
			</trkpt>
			<trkpt lat="39.459932" lon="-105.222387">
				<ele>2246.519954</ele>
				<time>2021-11-29T13:56:08Z</time>
			</trkpt>
			<trkpt lat="39.459481" lon="-105.222564">
				<ele>2249.8492</ele>
				<time>2021-11-29T13:56:43Z</time>
			</trkpt>
			<trkpt lat="39.459383" lon="-105.222576">
				<ele>2250.54463</ele>
				<time>2021-11-29T13:56:51Z</time>
			</trkpt>
			<trkpt lat="39.459294" lon="-105.222549">
				<ele>2251.190408</ele>
				<time>2021-11-29T13:56:57Z</time>
			</trkpt>
			<trkpt lat="39.459314" lon="-105.222171">
				<ele>2253.257046</ele>
				<time>2021-11-29T13:57:23Z</time>
			</trkpt>
			<trkpt lat="39.459364" lon="-105.222029">
				<ele>2254.108331</ele>
				<time>2021-11-29T13:57:33Z</time>
			</trkpt>
			<trkpt lat="39.459549" lon="-105.221731">
				<ele>2256.194052</ele>
				<time>2021-11-29T13:57:56Z</time>
			</trkpt>
			<trkpt lat="39.459637" lon="-105.221484">
				<ele>2257.8767</ele>
				<time>2021-11-29T13:58:13Z</time>
			</trkpt>
			<trkpt lat="39.459645" lon="-105.221324">
				<ele>2259.178595</ele>
				<time>2021-11-29T13:58:22Z</time>
			</trkpt>
			<trkpt lat="39.459615" lon="-105.221147">
				<ele>2260.650029</ele>
				<time>2021-11-29T13:58:34Z</time>
			</trkpt>
			<trkpt lat="39.459415" lon="-105.220532">
				<ele>2266.068638</ele>
				<time>2021-11-29T13:59:21Z</time>
			</trkpt>
			<trkpt lat="39.459367" lon="-105.220496">
				<ele>2266.651977</ele>
				<time>2021-11-29T13:59:27Z</time>
			</trkpt>
			<trkpt lat="39.459309" lon="-105.220533">
				<ele>2267.331932</ele>
				<time>2021-11-29T13:59:34Z</time>
			</trkpt>
			<trkpt lat="39.459149" lon="-105.220883">
				<ele>2270.634694</ele>
				<time>2021-11-29T14:00:08Z</time>
			</trkpt>
			<trkpt lat="39.458684" lon="-105.221032">
				<ele>2275.672503</ele>
				<time>2021-11-29T14:00:55Z</time>
			</trkpt>
			<trkpt lat="39.458566" lon="-105.221002">
				<ele>2276.523456</ele>
				<time>2021-11-29T14:01:04Z</time>
			</trkpt>
			<trkpt lat="39.458441" lon="-105.220874">
				<ele>2277.274991</ele>
				<time>2021-11-29T14:01:15Z</time>
			</trkpt>
			<trkpt lat="39.458273" lon="-105.220509">
				<ele>2278.822356</ele>
				<time>2021-11-29T14:01:34Z</time>
			</trkpt>
			<trkpt lat="39.458108" lon="-105.219879">
				<ele>2281.244838</ele>
				<time>2021-11-29T14:01:56Z</time>
			</trkpt>
			<trkpt lat="39.458081" lon="-105.219568">
				<ele>2282.384455</ele>
				<time>2021-11-29T14:02:07Z</time>
			</trkpt>
			<trkpt lat="39.458042" lon="-105.219504">
				<ele>2282.681347</ele>
				<time>2021-11-29T14:02:10Z</time>
			</trkpt>
			<trkpt lat="39.457923" lon="-105.219429">
				<ele>2283.305509</ele>
				<time>2021-11-29T14:02:17Z</time>
			</trkpt>
			<trkpt lat="39.457767" lon="-105.219409">
				<ele>2284.04485</ele>
				<time>2021-11-29T14:02:27Z</time>
			</trkpt>
			<trkpt lat="39.457526" lon="-105.219492">
				<ele>2285.643692</ele>
				<time>2021-11-29T14:02:44Z</time>
			</trkpt>
			<trkpt lat="39.457326" lon="-105.219606">
				<ele>2287.464961</ele>
				<time>2021-11-29T14:03:01Z</time>
			</trkpt>
			<trkpt lat="39.457286" lon="-105.219608">
				<ele>2287.798604</ele>
				<time>2021-11-29T14:03:04Z</time>
			</trkpt>
			<trkpt lat="39.457259" lon="-105.219609">
				<ele>2288.023738</ele>
				<time>2021-11-29T14:03:06Z</time>
			</trkpt>
			<trkpt lat="39.457204" lon="-105.219528">
				<ele>2288.717902</ele>
				<time>2021-11-29T14:03:12Z</time>
			</trkpt>
			<trkpt lat="39.45718" lon="-105.219335">
				<ele>2289.975931</ele>
				<time>2021-11-29T14:03:25Z</time>
			</trkpt>
			<trkpt lat="39.457124" lon="-105.219142">
				<ele>2291.302763</ele>
				<time>2021-11-29T14:03:37Z</time>
			</trkpt>
			<trkpt lat="39.456893" lon="-105.218807">
				<ele>2294.193211</ele>
				<time>2021-11-29T14:04:05Z</time>
			</trkpt>
			<trkpt lat="39.45674" lon="-105.218628">
				<ele>2295.911694</ele>
				<time>2021-11-29T14:04:24Z</time>
			</trkpt>
			<trkpt lat="39.456662" lon="-105.218475">
				<ele>2297.091578</ele>
				<time>2021-11-29T14:04:36Z</time>
			</trkpt>
			<trkpt lat="39.456675" lon="-105.218266">
				<ele>2298.440935</ele>
				<time>2021-11-29T14:04:50Z</time>
			</trkpt>
			<trkpt lat="39.456916" lon="-105.217684">
				<ele>2300.753185</ele>
				<time>2021-11-29T14:05:34Z</time>
			</trkpt>
			<trkpt lat="39.456911" lon="-105.217564">
				<ele>2301.031872</ele>
				<time>2021-11-29T14:05:42Z</time>
			</trkpt>
			<trkpt lat="39.456832" lon="-105.217401">
				<ele>2301.478172</ele>
				<time>2021-11-29T14:05:54Z</time>
			</trkpt>
			<trkpt lat="39.456463" lon="-105.217006">
				<ele>2302.916015</ele>
				<time>2021-11-29T14:06:24Z</time>
			</trkpt>
			<trkpt lat="39.456386" lon="-105.21696">
				<ele>2303.170701</ele>
				<time>2021-11-29T14:06:28Z</time>
			</trkpt>
			<trkpt lat="39.456318" lon="-105.216964">
				<ele>2303.37515</ele>
				<time>2021-11-29T14:06:31Z</time>
			</trkpt>
			<trkpt lat="39.456212" lon="-105.217021">
				<ele>2303.719872</ele>
				<time>2021-11-29T14:06:35Z</time>
			</trkpt>
			<trkpt lat="39.45597" lon="-105.217218">
				<ele>2304.578371</ele>
				<time>2021-11-29T14:06:44Z</time>
			</trkpt>
			<trkpt lat="39.455557" lon="-105.217432">
				<ele>2301.513927</ele>
				<time>2021-11-29T14:06:56Z</time>
			</trkpt>
			<trkpt lat="39.4554" lon="-105.217543">
				<ele>2299.272093</ele>
				<time>2021-11-29T14:07:01Z</time>
			</trkpt>
			<trkpt lat="39.455267" lon="-105.217612">
				<ele>2297.476395</ele>
				<time>2021-11-29T14:07:04Z</time>
			</trkpt>
			<trkpt lat="39.455136" lon="-105.21763">
				<ele>2295.825314</ele>
				<time>2021-11-29T14:07:08Z</time>
			</trkpt>
			<trkpt lat="39.45499" lon="-105.217579">
				<ele>2293.930058</ele>
				<time>2021-11-29T14:07:11Z</time>
			</trkpt>
			<trkpt lat="39.454904" lon="-105.217519">
				<ele>2292.705747</ele>
				<time>2021-11-29T14:07:14Z</time>
			</trkpt>
			<trkpt lat="39.454814" lon="-105.217425">
				<ele>2291.256651</ele>
				<time>2021-11-29T14:07:16Z</time>
			</trkpt>
			<trkpt lat="39.454671" lon="-105.21719">
				<ele>2288.361125</ele>
				<time>2021-11-29T14:07:22Z</time>
			</trkpt>
			<trkpt lat="39.454624" lon="-105.217039">
				<ele>2286.785583</ele>
				<time>2021-11-29T14:07:25Z</time>
			</trkpt>
			<trkpt lat="39.454626" lon="-105.216871">
				<ele>2285.159596</ele>
				<time>2021-11-29T14:07:28Z</time>
			</trkpt>
			<trkpt lat="39.454689" lon="-105.216706">
				<ele>2283.378273</ele>
				<time>2021-11-29T14:07:32Z</time>
			</trkpt>
			<trkpt lat="39.454899" lon="-105.216361">
				<ele>2278.716529</ele>
				<time>2021-11-29T14:07:40Z</time>
			</trkpt>
			<trkpt lat="39.454901" lon="-105.216287">
				<ele>2277.913327</ele>
				<time>2021-11-29T14:07:41Z</time>
			</trkpt>
			<trkpt lat="39.454412" lon="-105.215667">
				<ele>2268.299443</ele>
				<time>2021-11-29T14:07:58Z</time>
			</trkpt>
			<trkpt lat="39.454373" lon="-105.21565">
				<ele>2267.721338</ele>
				<time>2021-11-29T14:07:59Z</time>
			</trkpt>
			<trkpt lat="39.454356" lon="-105.215693">
				<ele>2267.197306</ele>
				<time>2021-11-29T14:08:00Z</time>
			</trkpt>
			<trkpt lat="39.454427" lon="-105.21597">
				<ele>2264.031306</ele>
				<time>2021-11-29T14:08:05Z</time>
			</trkpt>
			<trkpt lat="39.454433" lon="-105.21607">
				<ele>2262.943284</ele>
				<time>2021-11-29T14:08:07Z</time>
			</trkpt>
			<trkpt lat="39.454391" lon="-105.216071">
				<ele>2262.353134</ele>
				<time>2021-11-29T14:08:08Z</time>
			</trkpt>
			<trkpt lat="39.454352" lon="-105.21603">
				<ele>2261.647442</ele>
				<time>2021-11-29T14:08:09Z</time>
			</trkpt>
			<trkpt lat="39.454054" lon="-105.215482">
				<ele>2254.767064</ele>
				<time>2021-11-29T14:08:22Z</time>
			</trkpt>
			<trkpt lat="39.453876" lon="-105.214723">
				<ele>2247.330626</ele>
				<time>2021-11-29T14:08:37Z</time>
			</trkpt>
			<trkpt lat="39.453845" lon="-105.214405">
				<ele>2244.32577</ele>
				<time>2021-11-29T14:08:44Z</time>
			</trkpt>
			<trkpt lat="39.453894" lon="-105.214237">
				<ele>2242.642183</ele>
				<time>2021-11-29T14:08:47Z</time>
			</trkpt>
			<trkpt lat="39.453973" lon="-105.214147">
				<ele>2241.364728</ele>
				<time>2021-11-29T14:08:50Z</time>
			</trkpt>
			<trkpt lat="39.45428" lon="-105.213926">
				<ele>2237.100219</ele>
				<time>2021-11-29T14:08:58Z</time>
			</trkpt>
			<trkpt lat="39.454314" lon="-105.213843">
				<ele>2236.219392</ele>
				<time>2021-11-29T14:09:00Z</time>
			</trkpt>
			<trkpt lat="39.454306" lon="-105.213758">
				<ele>2235.41664</ele>
				<time>2021-11-29T14:09:02Z</time>
			</trkpt>
			<trkpt lat="39.454182" lon="-105.213415">
				<ele>2232.667973</ele>
				<time>2021-11-29T14:09:09Z</time>
			</trkpt>
			<trkpt lat="39.453903" lon="-105.212869">
				<ele>2227.917284</ele>
				<time>2021-11-29T14:09:23Z</time>
			</trkpt>
			<trkpt lat="39.453733" lon="-105.212653">
				<ele>2225.679334</ele>
				<time>2021-11-29T14:09:29Z</time>
			</trkpt>
			<trkpt lat="39.45365" lon="-105.212429">
				<ele>2223.876551</ele>
				<time>2021-11-29T14:09:34Z</time>
			</trkpt>
			<trkpt lat="39.45363" lon="-105.212249">
				<ele>2222.557031</ele>
				<time>2021-11-29T14:09:38Z</time>
			</trkpt>
			<trkpt lat="39.453643" lon="-105.211849">
				<ele>2219.652092</ele>
				<time>2021-11-29T14:09:46Z</time>
			</trkpt>
			<trkpt lat="39.45357" lon="-105.211636">
				<ele>2218.163968</ele>
				<time>2021-11-29T14:09:50Z</time>
			</trkpt>
			<trkpt lat="39.453564" lon="-105.211528">
				<ele>2217.667704</ele>
				<time>2021-11-29T14:09:52Z</time>
			</trkpt>
			<trkpt lat="39.45362" lon="-105.21144">
				<ele>2217.145059</ele>
				<time>2021-11-29T14:09:55Z</time>
			</trkpt>
			<trkpt lat="39.453737" lon="-105.211393">
				<ele>2216.417941</ele>
				<time>2021-11-29T14:09:58Z</time>
			</trkpt>
			<trkpt lat="39.453909" lon="-105.211392">
				<ele>2215.396989</ele>
				<time>2021-11-29T14:10:03Z</time>
			</trkpt>
			<trkpt lat="39.45392" lon="-105.211344">
				<ele>2215.167512</ele>
				<time>2021-11-29T14:10:04Z</time>
			</trkpt>
			<trkpt lat="39.453881" lon="-105.211278">
				<ele>2214.786607</ele>
				<time>2021-11-29T14:10:05Z</time>
			</trkpt>
			<trkpt lat="39.453756" lon="-105.211192">
				<ele>2213.946448</ele>
				<time>2021-11-29T14:10:09Z</time>
			</trkpt>
			<trkpt lat="39.453419" lon="-105.211053">
				<ele>2211.847119</ele>
				<time>2021-11-29T14:10:20Z</time>
			</trkpt>
			<trkpt lat="39.453316" lon="-105.211069">
				<ele>2211.231359</ele>
				<time>2021-11-29T14:10:23Z</time>
			</trkpt>
			<trkpt lat="39.453129" lon="-105.211197">
				<ele>2209.975888</ele>
				<time>2021-11-29T14:10:29Z</time>
			</trkpt>
			<trkpt lat="39.453053" lon="-105.21131">
				<ele>2209.289062</ele>
				<time>2021-11-29T14:10:33Z</time>
			</trkpt>
			<trkpt lat="39.453013" lon="-105.211481">
				<ele>2208.470155</ele>
				<time>2021-11-29T14:10:37Z</time>
			</trkpt>
			<trkpt lat="39.453036" lon="-105.211638">
				<ele>2207.739373</ele>
				<time>2021-11-29T14:10:40Z</time>
			</trkpt>
			<trkpt lat="39.453155" lon="-105.211879">
				<ele>2206.450026</ele>
				<time>2021-11-29T14:10:47Z</time>
			</trkpt>
			<trkpt lat="39.453171" lon="-105.211965">
				<ele>2206.051315</ele>
				<time>2021-11-29T14:10:49Z</time>
			</trkpt>
			<trkpt lat="39.453068" lon="-105.212375">
				<ele>2204.108019</ele>
				<time>2021-11-29T14:10:59Z</time>
			</trkpt>
			<trkpt lat="39.452935" lon="-105.212642">
				<ele>2202.675905</ele>
				<time>2021-11-29T14:11:06Z</time>
			</trkpt>
			<trkpt lat="39.452786" lon="-105.211827">
				<ele>2198.900968</ele>
				<time>2021-11-29T14:11:24Z</time>
			</trkpt>
			<trkpt lat="39.452682" lon="-105.211435">
				<ele>2196.873332</ele>
				<time>2021-11-29T14:11:32Z</time>
			</trkpt>
			<trkpt lat="39.452628" lon="-105.210985">
				<ele>2193.743024</ele>
				<time>2021-11-29T14:11:42Z</time>
			</trkpt>
			<trkpt lat="39.452624" lon="-105.210647">
				<ele>2191.419431</ele>
				<time>2021-11-29T14:11:48Z</time>
			</trkpt>
			<trkpt lat="39.452545" lon="-105.210298">
				<ele>2188.91954</ele>
				<time>2021-11-29T14:11:55Z</time>
			</trkpt>
			<trkpt lat="39.452442" lon="-105.210126">
				<ele>2187.423371</ele>
				<time>2021-11-29T14:12:00Z</time>
			</trkpt>
			<trkpt lat="39.452202" lon="-105.209896">
				<ele>2184.765541</ele>
				<time>2021-11-29T14:12:08Z</time>
			</trkpt>
			<trkpt lat="39.451945" lon="-105.209585">
				<ele>2181.634388</ele>
				<time>2021-11-29T14:12:17Z</time>
			</trkpt>
			<trkpt lat="39.451771" lon="-105.20944">
				<ele>2180.163231</ele>
				<time>2021-11-29T14:12:23Z</time>
			</trkpt>
			<trkpt lat="39.451651" lon="-105.209118">
				<ele>2178.300239</ele>
				<time>2021-11-29T14:12:30Z</time>
			</trkpt>
			<trkpt lat="39.45158" lon="-105.208995">
				<ele>2177.500051</ele>
				<time>2021-11-29T14:12:33Z</time>
			</trkpt>
			<trkpt lat="39.451427" lon="-105.208823">
				<ele>2176.132878</ele>
				<time>2021-11-29T14:12:39Z</time>
			</trkpt>
			<trkpt lat="39.451054" lon="-105.208549">
				<ele>2173.23914</ele>
				<time>2021-11-29T14:12:51Z</time>
			</trkpt>
			<trkpt lat="39.450839" lon="-105.208512">
				<ele>2171.775558</ele>
				<time>2021-11-29T14:12:57Z</time>
			</trkpt>
			<trkpt lat="39.450512" lon="-105.208367">
				<ele>2169.443185</ele>
				<time>2021-11-29T14:13:07Z</time>
			</trkpt>
			<trkpt lat="39.450404" lon="-105.208372">
				<ele>2168.546346</ele>
				<time>2021-11-29T14:13:10Z</time>
			</trkpt>
			<trkpt lat="39.450118" lon="-105.208517">
				<ele>2165.740269</ele>
				<time>2021-11-29T14:13:18Z</time>
			</trkpt>
			<trkpt lat="39.449944" lon="-105.208571">
				<ele>2164.105546</ele>
				<time>2021-11-29T14:13:23Z</time>
			</trkpt>
			<trkpt lat="39.449708" lon="-105.208539">
				<ele>2161.937598</ele>
				<time>2021-11-29T14:13:29Z</time>
			</trkpt>
			<trkpt lat="39.449377" lon="-105.208447">
				<ele>2158.844622</ele>
				<time>2021-11-29T14:13:38Z</time>
			</trkpt>
			<trkpt lat="39.449058" lon="-105.208297">
				<ele>2155.743973</ele>
				<time>2021-11-29T14:13:46Z</time>
			</trkpt>
			<trkpt lat="39.448797" lon="-105.208152">
				<ele>2153.149241</ele>
				<time>2021-11-29T14:13:54Z</time>
			</trkpt>
			<trkpt lat="39.44859" lon="-105.207997">
				<ele>2150.813587</ele>
				<time>2021-11-29T14:14:00Z</time>
			</trkpt>
			<trkpt lat="39.448316" lon="-105.20804">
				<ele>2148.079119</ele>
				<time>2021-11-29T14:14:07Z</time>
			</trkpt>
			<trkpt lat="39.44815" lon="-105.208018">
				<ele>2146.425913</ele>
				<time>2021-11-29T14:14:11Z</time>
			</trkpt>
			<trkpt lat="39.447687" lon="-105.207879">
				<ele>2141.717169</ele>
				<time>2021-11-29T14:14:23Z</time>
			</trkpt>
			<trkpt lat="39.446705" lon="-105.207181">
				<ele>2131.334189</ele>
				<time>2021-11-29T14:14:52Z</time>
			</trkpt>
			<trkpt lat="39.446394" lon="-105.207047">
				<ele>2128.625064</ele>
				<time>2021-11-29T14:15:01Z</time>
			</trkpt>
			<trkpt lat="39.446112" lon="-105.206983">
				<ele>2126.258667</ele>
				<time>2021-11-29T14:15:09Z</time>
			</trkpt>
			<trkpt lat="39.445537" lon="-105.206731">
				<ele>2121.241198</ele>
				<time>2021-11-29T14:15:25Z</time>
			</trkpt>
			<trkpt lat="39.44528" lon="-105.206457">
				<ele>2119.396346</ele>
				<time>2021-11-29T14:15:34Z</time>
			</trkpt>
			<trkpt lat="39.444919" lon="-105.206221">
				<ele>2117.973843</ele>
				<time>2021-11-29T14:15:45Z</time>
			</trkpt>
			<trkpt lat="39.444832" lon="-105.206119">
				<ele>2117.561016</ele>
				<time>2021-11-29T14:15:49Z</time>
			</trkpt>
			<trkpt lat="39.444494" lon="-105.205785">
				<ele>2116.065428</ele>
				<time>2021-11-29T14:16:01Z</time>
			</trkpt>
			<trkpt lat="39.444155" lon="-105.205629">
				<ele>2114.799899</ele>
				<time>2021-11-29T14:16:13Z</time>
			</trkpt>
			<trkpt lat="39.444019" lon="-105.205625">
				<ele>2114.32138</ele>
				<time>2021-11-29T14:16:18Z</time>
			</trkpt>
			<trkpt lat="39.443915" lon="-105.205942">
				<ele>2114.10812</ele>
				<time>2021-11-29T14:16:29Z</time>
			</trkpt>
			<trkpt lat="39.44386" lon="-105.205993">
				<ele>2114.353807</ele>
				<time>2021-11-29T14:16:33Z</time>
			</trkpt>
			<trkpt lat="39.443816" lon="-105.205967">
				<ele>2114.529462</ele>
				<time>2021-11-29T14:16:35Z</time>
			</trkpt>
			<trkpt lat="39.443752" lon="-105.205824">
				<ele>2114.993025</ele>
				<time>2021-11-29T14:16:43Z</time>
			</trkpt>
			<trkpt lat="39.443694" lon="-105.205757">
				<ele>2115.275312</ele>
				<time>2021-11-29T14:16:47Z</time>
			</trkpt>
			<trkpt lat="39.443611" lon="-105.205722">
				<ele>2115.59234</ele>
				<time>2021-11-29T14:16:52Z</time>
			</trkpt>
			<trkpt lat="39.443271" lon="-105.205714">
				<ele>2116.827387</ele>
				<time>2021-11-29T14:17:13Z</time>
			</trkpt>
			<trkpt lat="39.443043" lon="-105.205758">
				<ele>2117.664604</ele>
				<time>2021-11-29T14:17:27Z</time>
			</trkpt>
			<trkpt lat="39.442933" lon="-105.205737">
				<ele>2118.06843</ele>
				<time>2021-11-29T14:17:34Z</time>
			</trkpt>
			<trkpt lat="39.442783" lon="-105.205618">
				<ele>2118.707327</ele>
				<time>2021-11-29T14:17:44Z</time>
			</trkpt>
			<trkpt lat="39.442654" lon="-105.205586">
				<ele>2119.184361</ele>
				<time>2021-11-29T14:17:52Z</time>
			</trkpt>
			<trkpt lat="39.442436" lon="-105.205635">
				<ele>2119.987953</ele>
				<time>2021-11-29T14:18:05Z</time>
			</trkpt>
			<trkpt lat="39.442291" lon="-105.205735">
				<ele>2120.451851</ele>
				<time>2021-11-29T14:18:15Z</time>
			</trkpt>
			<trkpt lat="39.442224" lon="-105.205741">
				<ele>2120.591632</ele>
				<time>2021-11-29T14:18:19Z</time>
			</trkpt>
			<trkpt lat="39.442179" lon="-105.205676">
				<ele>2120.731943</ele>
				<time>2021-11-29T14:18:23Z</time>
			</trkpt>
			<trkpt lat="39.442081" lon="-105.205241">
				<ele>2121.460272</ele>
				<time>2021-11-29T14:18:42Z</time>
			</trkpt>
			<trkpt lat="39.441784" lon="-105.204684">
				<ele>2122.548223</ele>
				<time>2021-11-29T14:19:07Z</time>
			</trkpt>
			<trkpt lat="39.441654" lon="-105.204528">
				<ele>2122.917114</ele>
				<time>2021-11-29T14:19:14Z</time>
			</trkpt>
			<trkpt lat="39.441559" lon="-105.20447">
				<ele>2123.135713</ele>
				<time>2021-11-29T14:19:18Z</time>
			</trkpt>
			<trkpt lat="39.441393" lon="-105.204451">
				<ele>2123.482557</ele>
				<time>2021-11-29T14:19:25Z</time>
			</trkpt>
			<trkpt lat="39.441243" lon="-105.20453">
				<ele>2123.819589</ele>
				<time>2021-11-29T14:19:31Z</time>
			</trkpt>
			<trkpt lat="39.441169" lon="-105.20453">
				<ele>2123.973605</ele>
				<time>2021-11-29T14:19:34Z</time>
			</trkpt>
			<trkpt lat="39.441142" lon="-105.204489">
				<ele>2123.993251</ele>
				<time>2021-11-29T14:19:35Z</time>
			</trkpt>
			<trkpt lat="39.441048" lon="-105.204052">
				<ele>2123.587819</ele>
				<time>2021-11-29T14:19:49Z</time>
			</trkpt>
			<trkpt lat="39.441009" lon="-105.203944">
				<ele>2123.481264</ele>
				<time>2021-11-29T14:19:52Z</time>
			</trkpt>
			<trkpt lat="39.44096" lon="-105.203906">
				<ele>2123.415165</ele>
				<time>2021-11-29T14:19:54Z</time>
			</trkpt>
			<trkpt lat="39.440632" lon="-105.2039">
				<ele>2123.03554</ele>
				<time>2021-11-29T14:20:07Z</time>
			</trkpt>
			<trkpt lat="39.440365" lon="-105.204066">
				<ele>2122.692775</ele>
				<time>2021-11-29T14:20:17Z</time>
			</trkpt>
			<trkpt lat="39.440032" lon="-105.204191">
				<ele>2122.291534</ele>
				<time>2021-11-29T14:20:28Z</time>
			</trkpt>
			<trkpt lat="39.439914" lon="-105.204185">
				<ele>2122.15487</ele>
				<time>2021-11-29T14:20:32Z</time>
			</trkpt>
			<trkpt lat="39.439849" lon="-105.20413">
				<ele>2122.06501</ele>
				<time>2021-11-29T14:20:35Z</time>
			</trkpt>
			<trkpt lat="39.439638" lon="-105.203804">
				<ele>2120.612803</ele>
				<time>2021-11-29T14:20:45Z</time>
			</trkpt>
			<trkpt lat="39.43945" lon="-105.20361">
				<ele>2119.145376</ele>
				<time>2021-11-29T14:20:51Z</time>
			</trkpt>
			<trkpt lat="39.439376" lon="-105.203576">
				<ele>2118.666075</ele>
				<time>2021-11-29T14:20:54Z</time>
			</trkpt>
			<trkpt lat="39.439215" lon="-105.203595">
				<ele>2117.679235</ele>
				<time>2021-11-29T14:20:58Z</time>
			</trkpt>
			<trkpt lat="39.439133" lon="-105.203572">
				<ele>2117.167087</ele>
				<time>2021-11-29T14:21:01Z</time>
			</trkpt>
			<trkpt lat="39.438827" lon="-105.20342">
				<ele>2115.16649</ele>
				<time>2021-11-29T14:21:09Z</time>
			</trkpt>
			<trkpt lat="39.438265" lon="-105.203375">
				<ele>2111.729411</ele>
				<time>2021-11-29T14:21:24Z</time>
			</trkpt>
			<trkpt lat="39.437966" lon="-105.203408">
				<ele>2110.316961</ele>
				<time>2021-11-29T14:21:32Z</time>
			</trkpt>
			<trkpt lat="39.437946" lon="-105.203407">
				<ele>2110.24317</ele>
				<time>2021-11-29T14:21:33Z</time>
			</trkpt>
			<trkpt lat="39.437779" lon="-105.203394">
				<ele>2109.626356</ele>
				<time>2021-11-29T14:21:38Z</time>
			</trkpt>
			<trkpt lat="39.437587" lon="-105.203432">
				<ele>2108.910261</ele>
				<time>2021-11-29T14:21:43Z</time>
			</trkpt>
			<trkpt lat="39.437271" lon="-105.203394">
				<ele>2107.740205</ele>
				<time>2021-11-29T14:21:53Z</time>
			</trkpt>
			<trkpt lat="39.43713" lon="-105.203413">
				<ele>2107.217553</ele>
				<time>2021-11-29T14:21:57Z</time>
			</trkpt>
			<trkpt lat="39.437091" lon="-105.203451">
				<ele>2107.037602</ele>
				<time>2021-11-29T14:21:59Z</time>
			</trkpt>
			<trkpt lat="39.437011" lon="-105.20376">
				<ele>2106.109625</ele>
				<time>2021-11-29T14:22:07Z</time>
			</trkpt>
			<trkpt lat="39.436942" lon="-105.203908">
				<ele>2105.617375</ele>
				<time>2021-11-29T14:22:12Z</time>
			</trkpt>
			<trkpt lat="39.436792" lon="-105.204079">
				<ele>2104.880543</ele>
				<time>2021-11-29T14:22:19Z</time>
			</trkpt>
			<trkpt lat="39.436769" lon="-105.204138">
				<ele>2104.692357</ele>
				<time>2021-11-29T14:22:20Z</time>
			</trkpt>
			<trkpt lat="39.43679" lon="-105.204221">
				<ele>2104.44366</ele>
				<time>2021-11-29T14:22:23Z</time>
			</trkpt>
			<trkpt lat="39.437192" lon="-105.20474">
				<ele>2101.384676</ele>
				<time>2021-11-29T14:22:41Z</time>
			</trkpt>
			<trkpt lat="39.43716" lon="-105.204771">
				<ele>2101.165244</ele>
				<time>2021-11-29T14:22:43Z</time>
			</trkpt>
			<trkpt lat="39.436799" lon="-105.204521">
				<ele>2098.917449</ele>
				<time>2021-11-29T14:22:55Z</time>
			</trkpt>
			<trkpt lat="39.43669" lon="-105.204474">
				<ele>2098.286663</ele>
				<time>2021-11-29T14:22:58Z</time>
			</trkpt>
			<trkpt lat="39.436435" lon="-105.204485">
				<ele>2096.885789</ele>
				<time>2021-11-29T14:23:05Z</time>
			</trkpt>
			<trkpt lat="39.436259" lon="-105.204458">
				<ele>2095.912688</ele>
				<time>2021-11-29T14:23:10Z</time>
			</trkpt>
			<trkpt lat="39.435889" lon="-105.204348">
				<ele>2092.95166</ele>
				<time>2021-11-29T14:23:20Z</time>
			</trkpt>
			<trkpt lat="39.435583" lon="-105.204394">
				<ele>2088.873603</ele>
				<time>2021-11-29T14:23:27Z</time>
			</trkpt>
			<trkpt lat="39.435501" lon="-105.204378">
				<ele>2087.775825</ele>
				<time>2021-11-29T14:23:29Z</time>
			</trkpt>
			<trkpt lat="39.43527" lon="-105.204028">
				<ele>2083.0687</ele>
				<time>2021-11-29T14:23:38Z</time>
			</trkpt>
			<trkpt lat="39.435169" lon="-105.203957">
				<ele>2081.547301</ele>
				<time>2021-11-29T14:23:41Z</time>
			</trkpt>
			<trkpt lat="39.434916" lon="-105.203857">
				<ele>2078.045485</ele>
				<time>2021-11-29T14:23:47Z</time>
			</trkpt>
			<trkpt lat="39.434696" lon="-105.203716">
				<ele>2074.795833</ele>
				<time>2021-11-29T14:23:53Z</time>
			</trkpt>
			<trkpt lat="39.434514" lon="-105.203658">
				<ele>2072.314599</ele>
				<time>2021-11-29T14:23:57Z</time>
			</trkpt>
			<trkpt lat="39.434479" lon="-105.203624">
				<ele>2071.735354</ele>
				<time>2021-11-29T14:23:59Z</time>
			</trkpt>
			<trkpt lat="39.434469" lon="-105.203555">
				<ele>2071.017556</ele>
				<time>2021-11-29T14:24:00Z</time>
			</trkpt>
			<trkpt lat="39.434517" lon="-105.20334">
				<ele>2069.74988</ele>
				<time>2021-11-29T14:24:04Z</time>
			</trkpt>
			<trkpt lat="39.434457" lon="-105.202911">
				<ele>2067.674446</ele>
				<time>2021-11-29T14:24:13Z</time>
			</trkpt>
			<trkpt lat="39.434459" lon="-105.202621">
				<ele>2066.293868</ele>
				<time>2021-11-29T14:24:19Z</time>
			</trkpt>
			<trkpt lat="39.434479" lon="-105.202535">
				<ele>2065.866316</ele>
				<time>2021-11-29T14:24:21Z</time>
			</trkpt>
			<trkpt lat="39.434561" lon="-105.202447">
				<ele>2065.209862</ele>
				<time>2021-11-29T14:24:24Z</time>
			</trkpt>
			<trkpt lat="39.434656" lon="-105.202428">
				<ele>2064.617381</ele>
				<time>2021-11-29T14:24:26Z</time>
			</trkpt>
			<trkpt lat="39.43526" lon="-105.202535">
				<ele>2060.859916</ele>
				<time>2021-11-29T14:24:45Z</time>
			</trkpt>
			<trkpt lat="39.435444" lon="-105.202522">
				<ele>2059.724136</ele>
				<time>2021-11-29T14:24:51Z</time>
			</trkpt>
			<trkpt lat="39.435907" lon="-105.202562">
				<ele>2059.200408</ele>
				<time>2021-11-29T14:25:10Z</time>
			</trkpt>
			<trkpt lat="39.436116" lon="-105.202445">
				<ele>2059.016371</ele>
				<time>2021-11-29T14:25:20Z</time>
			</trkpt>
			<trkpt lat="39.436393" lon="-105.202378">
				<ele>2058.788613</ele>
				<time>2021-11-29T14:25:32Z</time>
			</trkpt>
			<trkpt lat="39.436542" lon="-105.202284">
				<ele>2058.654649</ele>
				<time>2021-11-29T14:25:38Z</time>
			</trkpt>
			<trkpt lat="39.436746" lon="-105.202083">
				<ele>2058.447455</ele>
				<time>2021-11-29T14:25:47Z</time>
			</trkpt>
			<trkpt lat="39.436751" lon="-105.202008">
				<ele>2058.400464</ele>
				<time>2021-11-29T14:25:49Z</time>
			</trkpt>
			<trkpt lat="39.436664" lon="-105.201977">
				<ele>2058.327532</ele>
				<time>2021-11-29T14:25:52Z</time>
			</trkpt>
			<trkpt lat="39.436353" lon="-105.201959">
				<ele>2057.923505</ele>
				<time>2021-11-29T14:26:02Z</time>
			</trkpt>
			<trkpt lat="39.436135" lon="-105.201866">
				<ele>2056.527233</ele>
				<time>2021-11-29T14:26:09Z</time>
			</trkpt>
			<trkpt lat="39.435842" lon="-105.201684">
				<ele>2054.550347</ele>
				<time>2021-11-29T14:26:19Z</time>
			</trkpt>
			<trkpt lat="39.435687" lon="-105.201547">
				<ele>2053.408694</ele>
				<time>2021-11-29T14:26:24Z</time>
			</trkpt>
			<trkpt lat="39.435308" lon="-105.201407">
				<ele>2051.011156</ele>
				<time>2021-11-29T14:26:35Z</time>
			</trkpt>
			<trkpt lat="39.434701" lon="-105.20093">
				<ele>2046.541015</ele>
				<time>2021-11-29T14:26:53Z</time>
			</trkpt>
			<trkpt lat="39.434042" lon="-105.200546">
				<ele>2040.722821</ele>
				<time>2021-11-29T14:27:13Z</time>
			</trkpt>
			<trkpt lat="39.433877" lon="-105.200465">
				<ele>2039.302118</ele>
				<time>2021-11-29T14:27:17Z</time>
			</trkpt>
			<trkpt lat="39.433603" lon="-105.200386">
				<ele>2037.042098</ele>
				<time>2021-11-29T14:27:25Z</time>
			</trkpt>
			<trkpt lat="39.433481" lon="-105.200302">
				<ele>2035.92962</ele>
				<time>2021-11-29T14:27:29Z</time>
			</trkpt>
			<trkpt lat="39.433347" lon="-105.200167">
				<ele>2034.562648</ele>
				<time>2021-11-29T14:27:33Z</time>
			</trkpt>
			<trkpt lat="39.433206" lon="-105.199974">
				<ele>2032.910678</ele>
				<time>2021-11-29T14:27:39Z</time>
			</trkpt>
			<trkpt lat="39.433111" lon="-105.199794">
				<ele>2031.427114</ele>
				<time>2021-11-29T14:27:43Z</time>
			</trkpt>
			<trkpt lat="39.432937" lon="-105.199599">
				<ele>2029.363082</ele>
				<time>2021-11-29T14:27:49Z</time>
			</trkpt>
			<trkpt lat="39.432755" lon="-105.199319">
				<ele>2026.827953</ele>
				<time>2021-11-29T14:27:56Z</time>
			</trkpt>
			<trkpt lat="39.432516" lon="-105.199212">
				<ele>2024.559829</ele>
				<time>2021-11-29T14:28:03Z</time>
			</trkpt>
			<trkpt lat="39.432245" lon="-105.199002">
				<ele>2021.727144</ele>
				<time>2021-11-29T14:28:11Z</time>
			</trkpt>
			<trkpt lat="39.432058" lon="-105.198943">
				<ele>2020.000862</ele>
				<time>2021-11-29T14:28:16Z</time>
			</trkpt>
			<trkpt lat="39.431841" lon="-105.198818">
				<ele>2017.87065</ele>
				<time>2021-11-29T14:28:22Z</time>
			</trkpt>
			<trkpt lat="39.43159" lon="-105.198599">
				<ele>2016.403585</ele>
				<time>2021-11-29T14:28:31Z</time>
			</trkpt>
			<trkpt lat="39.431365" lon="-105.198257">
				<ele>2016.087228</ele>
				<time>2021-11-29T14:28:41Z</time>
			</trkpt>
			<trkpt lat="39.431212" lon="-105.198088">
				<ele>2015.903867</ele>
				<time>2021-11-29T14:28:47Z</time>
			</trkpt>
			<trkpt lat="39.431137" lon="-105.198059">
				<ele>2015.832504</ele>
				<time>2021-11-29T14:28:49Z</time>
			</trkpt>
			<trkpt lat="39.430963" lon="-105.198074">
				<ele>2015.673515</ele>
				<time>2021-11-29T14:28:55Z</time>
			</trkpt>
			<trkpt lat="39.430893" lon="-105.198123">
				<ele>2015.600964</ele>
				<time>2021-11-29T14:28:58Z</time>
			</trkpt>
			<trkpt lat="39.430788" lon="-105.198274">
				<ele>2015.457886</ele>
				<time>2021-11-29T14:29:05Z</time>
			</trkpt>
			<trkpt lat="39.430428" lon="-105.198087">
				<ele>2015.104237</ele>
				<time>2021-11-29T14:29:24Z</time>
			</trkpt>
			<trkpt lat="39.430259" lon="-105.198066">
				<ele>2014.94945</ele>
				<time>2021-11-29T14:29:34Z</time>
			</trkpt>
			<trkpt lat="39.430189" lon="-105.198076">
				<ele>2014.94276</ele>
				<time>2021-11-29T14:29:39Z</time>
			</trkpt>
			<trkpt lat="39.430011" lon="-105.198172">
				<ele>2015.281016</ele>
				<time>2021-11-29T14:29:51Z</time>
			</trkpt>
			<trkpt lat="39.42988" lon="-105.198185">
				<ele>2015.51149</ele>
				<time>2021-11-29T14:30:00Z</time>
			</trkpt>
			<trkpt lat="39.429791" lon="-105.198229">
				<ele>2015.678609</ele>
				<time>2021-11-29T14:30:06Z</time>
			</trkpt>
			<trkpt lat="39.429471" lon="-105.198459">
				<ele>2016.320655</ele>
				<time>2021-11-29T14:30:31Z</time>
			</trkpt>
			<trkpt lat="39.429361" lon="-105.198458">
				<ele>2016.513621</ele>
				<time>2021-11-29T14:30:37Z</time>
			</trkpt>
			<trkpt lat="39.42919" lon="-105.198346">
				<ele>2016.849791</ele>
				<time>2021-11-29T14:30:47Z</time>
			</trkpt>
			<trkpt lat="39.429108" lon="-105.198357">
				<ele>2016.994405</ele>
				<time>2021-11-29T14:30:51Z</time>
			</trkpt>
			<trkpt lat="39.428984" lon="-105.198513">
				<ele>2017.29771</ele>
				<time>2021-11-29T14:30:57Z</time>
			</trkpt>
			<trkpt lat="39.428857" lon="-105.198762">
				<ele>2017.702013</ele>
				<time>2021-11-29T14:31:05Z</time>
			</trkpt>
			<trkpt lat="39.42856" lon="-105.198973">
				<ele>2016.579933</ele>
				<time>2021-11-29T14:31:16Z</time>
			</trkpt>
			<trkpt lat="39.428359" lon="-105.199237">
				<ele>2013.432622</ele>
				<time>2021-11-29T14:31:23Z</time>
			</trkpt>
			<trkpt lat="39.428278" lon="-105.199276">
				<ele>2012.482691</ele>
				<time>2021-11-29T14:31:26Z</time>
			</trkpt>
			<trkpt lat="39.428031" lon="-105.199162">
				<ele>2009.600301</ele>
				<time>2021-11-29T14:31:32Z</time>
			</trkpt>
			<trkpt lat="39.427603" lon="-105.199369">
				<ele>2004.578164</ele>
				<time>2021-11-29T14:31:44Z</time>
			</trkpt>
			<trkpt lat="39.427534" lon="-105.199357">
				<ele>2003.812904</ele>
				<time>2021-11-29T14:31:45Z</time>
			</trkpt>
			<trkpt lat="39.427462" lon="-105.199258">
				<ele>2002.658394</ele>
				<time>2021-11-29T14:31:48Z</time>
			</trkpt>
			<trkpt lat="39.427299" lon="-105.198686">
				<ele>1997.460159</ele>
				<time>2021-11-29T14:31:59Z</time>
			</trkpt>
			<trkpt lat="39.427218" lon="-105.198523">
				<ele>1995.770334</ele>
				<time>2021-11-29T14:32:03Z</time>
			</trkpt>
			<trkpt lat="39.42711" lon="-105.198431">
				<ele>1994.311087</ele>
				<time>2021-11-29T14:32:06Z</time>
			</trkpt>
			<trkpt lat="39.427025" lon="-105.198396">
				<ele>1993.304312</ele>
				<time>2021-11-29T14:32:08Z</time>
			</trkpt>
			<trkpt lat="39.426779" lon="-105.198333">
				<ele>1990.473844</ele>
				<time>2021-11-29T14:32:14Z</time>
			</trkpt>
			<trkpt lat="39.426622" lon="-105.198331">
				<ele>1988.701661</ele>
				<time>2021-11-29T14:32:18Z</time>
			</trkpt>
			<trkpt lat="39.426571" lon="-105.1983">
				<ele>1988.065719</ele>
				<time>2021-11-29T14:32:20Z</time>
			</trkpt>
			<trkpt lat="39.426577" lon="-105.198179">
				<ele>1987.008584</ele>
				<time>2021-11-29T14:32:22Z</time>
			</trkpt>
			<trkpt lat="39.426814" lon="-105.197693">
				<ele>1981.997536</ele>
				<time>2021-11-29T14:32:33Z</time>
			</trkpt>
			<trkpt lat="39.426808" lon="-105.197467">
				<ele>1980.025952</ele>
				<time>2021-11-29T14:32:38Z</time>
			</trkpt>
			<trkpt lat="39.426767" lon="-105.197275">
				<ele>1978.289175</ele>
				<time>2021-11-29T14:32:42Z</time>
			</trkpt>
			<trkpt lat="39.426772" lon="-105.197144">
				<ele>1977.748925</ele>
				<time>2021-11-29T14:32:45Z</time>
			</trkpt>
			<trkpt lat="39.426839" lon="-105.197068">
				<ele>1977.4638</ele>
				<time>2021-11-29T14:32:47Z</time>
			</trkpt>
			<trkpt lat="39.427106" lon="-105.196936">
				<ele>1976.549001</ele>
				<time>2021-11-29T14:32:55Z</time>
			</trkpt>
			<trkpt lat="39.427539" lon="-105.196854">
				<ele>1975.148318</ele>
				<time>2021-11-29T14:33:08Z</time>
			</trkpt>
			<trkpt lat="39.427626" lon="-105.196864">
				<ele>1974.868756</ele>
				<time>2021-11-29T14:33:11Z</time>
			</trkpt>
			<trkpt lat="39.42785" lon="-105.197001">
				<ele>1974.075802</ele>
				<time>2021-11-29T14:33:19Z</time>
			</trkpt>
			<trkpt lat="39.427981" lon="-105.197022">
				<ele>1973.653299</ele>
				<time>2021-11-29T14:33:24Z</time>
			</trkpt>
			<trkpt lat="39.428051" lon="-105.197002">
				<ele>1973.423854</ele>
				<time>2021-11-29T14:33:26Z</time>
			</trkpt>
			<trkpt lat="39.428123" lon="-105.196906">
				<ele>1973.093033</ele>
				<time>2021-11-29T14:33:30Z</time>
			</trkpt>
			<trkpt lat="39.42815" lon="-105.196693">
				<ele>1972.55938</ele>
				<time>2021-11-29T14:33:37Z</time>
			</trkpt>
			<trkpt lat="39.428311" lon="-105.196163">
				<ele>1972.785051</ele>
				<time>2021-11-29T14:33:56Z</time>
			</trkpt>
			<trkpt lat="39.428439" lon="-105.195875">
				<ele>1973.206991</ele>
				<time>2021-11-29T14:34:06Z</time>
			</trkpt>
			<trkpt lat="39.428563" lon="-105.195677">
				<ele>1973.530682</ele>
				<time>2021-11-29T14:34:14Z</time>
			</trkpt>
			<trkpt lat="39.428641" lon="-105.195635">
				<ele>1973.669564</ele>
				<time>2021-11-29T14:34:17Z</time>
			</trkpt>
			<trkpt lat="39.4287" lon="-105.195657">
				<ele>1973.770503</ele>
				<time>2021-11-29T14:34:20Z</time>
			</trkpt>
			<trkpt lat="39.428816" lon="-105.195883">
				<ele>1974.115075</ele>
				<time>2021-11-29T14:34:27Z</time>
			</trkpt>
			<trkpt lat="39.429086" lon="-105.196297">
				<ele>1974.803124</ele>
				<time>2021-11-29T14:34:46Z</time>
			</trkpt>
			<trkpt lat="39.429182" lon="-105.196415">
				<ele>1975.02075</ele>
				<time>2021-11-29T14:34:53Z</time>
			</trkpt>
			<trkpt lat="39.429296" lon="-105.196497">
				<ele>1975.343308</ele>
				<time>2021-11-29T14:35:01Z</time>
			</trkpt>
			<trkpt lat="39.429538" lon="-105.196523">
				<ele>1976.651689</ele>
				<time>2021-11-29T14:35:17Z</time>
			</trkpt>
			<trkpt lat="39.429606" lon="-105.196502">
				<ele>1977.028353</ele>
				<time>2021-11-29T14:35:22Z</time>
			</trkpt>
			<trkpt lat="39.429653" lon="-105.196444">
				<ele>1977.3782</ele>
				<time>2021-11-29T14:35:27Z</time>
			</trkpt>
			<trkpt lat="39.429646" lon="-105.196338">
				<ele>1977.820953</ele>
				<time>2021-11-29T14:35:33Z</time>
			</trkpt>
			<trkpt lat="39.429435" lon="-105.19611">
				<ele>1979.301776</ele>
				<time>2021-11-29T14:35:55Z</time>
			</trkpt>
			<trkpt lat="39.429343" lon="-105.195919">
				<ele>1980.238564</ele>
				<time>2021-11-29T14:36:08Z</time>
			</trkpt>
			<trkpt lat="39.429322" lon="-105.195821">
				<ele>1980.661819</ele>
				<time>2021-11-29T14:36:14Z</time>
			</trkpt>
			<trkpt lat="39.429335" lon="-105.195563">
				<ele>1981.737832</ele>
				<time>2021-11-29T14:36:28Z</time>
			</trkpt>
			<trkpt lat="39.429319" lon="-105.194828">
				<ele>1984.79793</ele>
				<time>2021-11-29T14:37:02Z</time>
			</trkpt>
			<trkpt lat="39.429275" lon="-105.194731">
				<ele>1985.008564</ele>
				<time>2021-11-29T14:37:06Z</time>
			</trkpt>
			<trkpt lat="39.429106" lon="-105.194705">
				<ele>1985.315856</ele>
				<time>2021-11-29T14:37:14Z</time>
			</trkpt>
			<trkpt lat="39.428944" lon="-105.194547">
				<ele>1985.682075</ele>
				<time>2021-11-29T14:37:23Z</time>
			</trkpt>
			<trkpt lat="39.428725" lon="-105.194437">
				<ele>1986.106216</ele>
				<time>2021-11-29T14:37:33Z</time>
			</trkpt>
			<trkpt lat="39.428569" lon="-105.194299">
				<ele>1986.447364</ele>
				<time>2021-11-29T14:37:42Z</time>
			</trkpt>
			<trkpt lat="39.428505" lon="-105.194308">
				<ele>1986.563601</ele>
				<time>2021-11-29T14:37:45Z</time>
			</trkpt>
			<trkpt lat="39.428332" lon="-105.194585">
				<ele>1987.06041</ele>
				<time>2021-11-29T14:37:57Z</time>
			</trkpt>
			<trkpt lat="39.427974" lon="-105.194884">
				<ele>1987.829651</ele>
				<time>2021-11-29T14:38:14Z</time>
			</trkpt>
			<trkpt lat="39.427847" lon="-105.194951">
				<ele>1988.077269</ele>
				<time>2021-11-29T14:38:20Z</time>
			</trkpt>
			<trkpt lat="39.42777" lon="-105.194969">
				<ele>1988.35982</ele>
				<time>2021-11-29T14:38:23Z</time>
			</trkpt>
			<trkpt lat="39.427465" lon="-105.194915">
				<ele>1989.767639</ele>
				<time>2021-11-29T14:38:36Z</time>
			</trkpt>
			<trkpt lat="39.42734" lon="-105.194936">
				<ele>1990.344087</ele>
				<time>2021-11-29T14:38:42Z</time>
			</trkpt>
			<trkpt lat="39.427268" lon="-105.194915">
				<ele>1990.681612</ele>
				<time>2021-11-29T14:38:47Z</time>
			</trkpt>
			<trkpt lat="39.427231" lon="-105.194862">
				<ele>1990.93397</ele>
				<time>2021-11-29T14:38:50Z</time>
			</trkpt>
			<trkpt lat="39.427214" lon="-105.194755">
				<ele>1991.319861</ele>
				<time>2021-11-29T14:38:55Z</time>
			</trkpt>
			<trkpt lat="39.427276" lon="-105.194372">
				<ele>1992.702204</ele>
				<time>2021-11-29T14:39:13Z</time>
			</trkpt>
			<trkpt lat="39.427283" lon="-105.194251">
				<ele>1993.130835</ele>
				<time>2021-11-29T14:39:18Z</time>
			</trkpt>
			<trkpt lat="39.427256" lon="-105.194046">
				<ele>1993.865451</ele>
				<time>2021-11-29T14:39:29Z</time>
			</trkpt>
			<trkpt lat="39.427304" lon="-105.193704">
				<ele>1995.093349</ele>
				<time>2021-11-29T14:39:47Z</time>
			</trkpt>
			<trkpt lat="39.427268" lon="-105.193602">
				<ele>1995.489496</ele>
				<time>2021-11-29T14:39:54Z</time>
			</trkpt>
			<trkpt lat="39.426989" lon="-105.193568">
				<ele>1996.903268</ele>
				<time>2021-11-29T14:40:15Z</time>
			</trkpt>
			<trkpt lat="39.426854" lon="-105.19357">
				<ele>1997.715467</ele>
				<time>2021-11-29T14:40:26Z</time>
			</trkpt>
			<trkpt lat="39.426747" lon="-105.193438">
				<ele>1998.604622</ele>
				<time>2021-11-29T14:40:38Z</time>
			</trkpt>
			<trkpt lat="39.426633" lon="-105.19346">
				<ele>1999.298012</ele>
				<time>2021-11-29T14:40:47Z</time>
			</trkpt>
			<trkpt lat="39.426579" lon="-105.193534">
				<ele>1999.771066</ele>
				<time>2021-11-29T14:40:54Z</time>
			</trkpt>
			<trkpt lat="39.42653" lon="-105.193766">
				<ele>2000.888723</ele>
				<time>2021-11-29T14:41:08Z</time>
			</trkpt>
			<trkpt lat="39.426552" lon="-105.194196">
				<ele>2002.891274</ele>
				<time>2021-11-29T14:41:34Z</time>
			</trkpt>
			<trkpt lat="39.426526" lon="-105.194279">
				<ele>2003.307477</ele>
				<time>2021-11-29T14:41:39Z</time>
			</trkpt>
			<trkpt lat="39.426398" lon="-105.194377">
				<ele>2004.202094</ele>
				<time>2021-11-29T14:41:49Z</time>
			</trkpt>
			<trkpt lat="39.426175" lon="-105.194406">
				<ele>2005.550389</ele>
				<time>2021-11-29T14:42:03Z</time>
			</trkpt>
			<trkpt lat="39.425948" lon="-105.194361">
				<ele>2006.931914</ele>
				<time>2021-11-29T14:42:15Z</time>
			</trkpt>
			<trkpt lat="39.42574" lon="-105.194497">
				<ele>2006.458953</ele>
				<time>2021-11-29T14:42:25Z</time>
			</trkpt>
			<trkpt lat="39.425378" lon="-105.194561">
				<ele>2005.108579</ele>
				<time>2021-11-29T14:42:36Z</time>
			</trkpt>
			<trkpt lat="39.425227" lon="-105.194636">
				<ele>2004.510815</ele>
				<time>2021-11-29T14:42:41Z</time>
			</trkpt>
			<trkpt lat="39.425008" lon="-105.194801">
				<ele>2003.574288</ele>
				<time>2021-11-29T14:42:49Z</time>
			</trkpt>
			<trkpt lat="39.424807" lon="-105.194797">
				<ele>2002.831302</ele>
				<time>2021-11-29T14:42:55Z</time>
			</trkpt>
			<trkpt lat="39.424605" lon="-105.194734">
				<ele>2002.063348</ele>
				<time>2021-11-29T14:43:01Z</time>
			</trkpt>
			<trkpt lat="39.424445" lon="-105.194799">
				<ele>2001.443552</ele>
				<time>2021-11-29T14:43:05Z</time>
			</trkpt>
			<trkpt lat="39.424481" lon="-105.195553">
				<ele>1997.134967</ele>
				<time>2021-11-29T14:43:21Z</time>
			</trkpt>
			<trkpt lat="39.42438" lon="-105.195918">
				<ele>1994.103889</ele>
				<time>2021-11-29T14:43:29Z</time>
			</trkpt>
			<trkpt lat="39.424228" lon="-105.196095">
				<ele>1992.034758</ele>
				<time>2021-11-29T14:43:34Z</time>
			</trkpt>
			<trkpt lat="39.42407" lon="-105.195965">
				<ele>1990.140044</ele>
				<time>2021-11-29T14:43:39Z</time>
			</trkpt>
			<trkpt lat="39.423915" lon="-105.195907">
				<ele>1988.507118</ele>
				<time>2021-11-29T14:43:43Z</time>
			</trkpt>
			<trkpt lat="39.423532" lon="-105.195938">
				<ele>1984.623325</ele>
				<time>2021-11-29T14:43:52Z</time>
			</trkpt>
			<trkpt lat="39.423449" lon="-105.195863">
				<ele>1983.598907</ele>
				<time>2021-11-29T14:43:55Z</time>
			</trkpt>
			<trkpt lat="39.423398" lon="-105.195714">
				<ele>1982.324797</ele>
				<time>2021-11-29T14:43:58Z</time>
			</trkpt>
			<trkpt lat="39.423401" lon="-105.195545">
				<ele>1981.099855</ele>
				<time>2021-11-29T14:44:01Z</time>
			</trkpt>
			<trkpt lat="39.423475" lon="-105.195369">
				<ele>1979.648153</ele>
				<time>2021-11-29T14:44:05Z</time>
			</trkpt>
			<trkpt lat="39.423474" lon="-105.195288">
				<ele>1979.06126</ele>
				<time>2021-11-29T14:44:07Z</time>
			</trkpt>
			<trkpt lat="39.423206" lon="-105.194614">
				<ele>1973.569421</ele>
				<time>2021-11-29T14:44:21Z</time>
			</trkpt>
			<trkpt lat="39.422857" lon="-105.194646">
				<ele>1970.288113</ele>
				<time>2021-11-29T14:44:31Z</time>
			</trkpt>
			<trkpt lat="39.422747" lon="-105.194793">
				<ele>1968.805394</ele>
				<time>2021-11-29T14:44:35Z</time>
			</trkpt>
			<trkpt lat="39.422646" lon="-105.19487">
				<ele>1967.706103</ele>
				<time>2021-11-29T14:44:38Z</time>
			</trkpt>
			<trkpt lat="39.422474" lon="-105.194907">
				<ele>1966.070875</ele>
				<time>2021-11-29T14:44:43Z</time>
			</trkpt>
			<trkpt lat="39.422377" lon="-105.194903">
				<ele>1965.54525</ele>
				<time>2021-11-29T14:44:46Z</time>
			</trkpt>
			<trkpt lat="39.422306" lon="-105.194828">
				<ele>1965.818465</ele>
				<time>2021-11-29T14:44:48Z</time>
			</trkpt>
			<trkpt lat="39.422275" lon="-105.194705">
				<ele>1966.116445</ele>
				<time>2021-11-29T14:44:51Z</time>
			</trkpt>
			<trkpt lat="39.422306" lon="-105.194544">
				<ele>1966.498592</ele>
				<time>2021-11-29T14:44:55Z</time>
			</trkpt>
			<trkpt lat="39.422413" lon="-105.19432">
				<ele>1967.105157</ele>
				<time>2021-11-29T14:45:02Z</time>
			</trkpt>
			<trkpt lat="39.422649" lon="-105.194055">
				<ele>1968.036594</ele>
				<time>2021-11-29T14:45:13Z</time>
			</trkpt>
			<trkpt lat="39.422781" lon="-105.19368">
				<ele>1968.985698</ele>
				<time>2021-11-29T14:45:32Z</time>
			</trkpt>
			<trkpt lat="39.422998" lon="-105.193175">
				<ele>1970.316597</ele>
				<time>2021-11-29T14:46:09Z</time>
			</trkpt>
			<trkpt lat="39.422825" lon="-105.192741">
				<ele>1972.392063</ele>
				<time>2021-11-29T14:46:46Z</time>
			</trkpt>
			<trkpt lat="39.422744" lon="-105.192442">
				<ele>1974.229437</ele>
				<time>2021-11-29T14:47:12Z</time>
			</trkpt>
			<trkpt lat="39.422751" lon="-105.192291">
				<ele>1975.106634</ele>
				<time>2021-11-29T14:47:23Z</time>
			</trkpt>
			<trkpt lat="39.422805" lon="-105.192038">
				<ele>1976.628707</ele>
				<time>2021-11-29T14:47:42Z</time>
			</trkpt>
			<trkpt lat="39.422896" lon="-105.191812">
				<ele>1978.106589</ele>
				<time>2021-11-29T14:47:59Z</time>
			</trkpt>
			<trkpt lat="39.422862" lon="-105.191712">
				<ele>1978.740154</ele>
				<time>2021-11-29T14:48:06Z</time>
			</trkpt>
			<trkpt lat="39.422783" lon="-105.191708">
				<ele>1979.33364</ele>
				<time>2021-11-29T14:48:12Z</time>
			</trkpt>
			<trkpt lat="39.422482" lon="-105.191891">
				<ele>1981.829955</ele>
				<time>2021-11-29T14:48:34Z</time>
			</trkpt>
			<trkpt lat="39.422218" lon="-105.192063">
				<ele>1984.048572</ele>
				<time>2021-11-29T14:48:48Z</time>
			</trkpt>
			<trkpt lat="39.422157" lon="-105.192149">
				<ele>1984.109579</ele>
				<time>2021-11-29T14:48:52Z</time>
			</trkpt>
			<trkpt lat="39.422105" lon="-105.192276">
				<ele>1983.686532</ele>
				<time>2021-11-29T14:48:56Z</time>
			</trkpt>
			<trkpt lat="39.422078" lon="-105.192422">
				<ele>1983.244681</ele>
				<time>2021-11-29T14:49:00Z</time>
			</trkpt>
			<trkpt lat="39.422154" lon="-105.192975">
				<ele>1981.59153</ele>
				<time>2021-11-29T14:49:13Z</time>
			</trkpt>
			<trkpt lat="39.422072" lon="-105.193062">
				<ele>1981.187581</ele>
				<time>2021-11-29T14:49:16Z</time>
			</trkpt>
			<trkpt lat="39.421883" lon="-105.193094">
				<ele>1980.461351</ele>
				<time>2021-11-29T14:49:21Z</time>
			</trkpt>
			<trkpt lat="39.42159" lon="-105.193086">
				<ele>1979.344763</ele>
				<time>2021-11-29T14:49:29Z</time>
			</trkpt>
			<trkpt lat="39.421443" lon="-105.193189">
				<ele>1978.707906</ele>
				<time>2021-11-29T14:49:34Z</time>
			</trkpt>
			<trkpt lat="39.421281" lon="-105.193208">
				<ele>1978.088153</ele>
				<time>2021-11-29T14:49:38Z</time>
			</trkpt>
			<trkpt lat="39.421092" lon="-105.192973">
				<ele>1976.871836</ele>
				<time>2021-11-29T14:49:46Z</time>
			</trkpt>
			<trkpt lat="39.420884" lon="-105.192714">
				<ele>1975.132406</ele>
				<time>2021-11-29T14:49:54Z</time>
			</trkpt>
			<trkpt lat="39.420881" lon="-105.192548">
				<ele>1974.359327</ele>
				<time>2021-11-29T14:49:58Z</time>
			</trkpt>
			<trkpt lat="39.420955" lon="-105.1923">
				<ele>1973.121541</ele>
				<time>2021-11-29T14:50:04Z</time>
			</trkpt>
			<trkpt lat="39.420878" lon="-105.192126">
				<ele>1972.18792</ele>
				<time>2021-11-29T14:50:08Z</time>
			</trkpt>
			<trkpt lat="39.420887" lon="-105.191952">
				<ele>1971.375992</ele>
				<time>2021-11-29T14:50:12Z</time>
			</trkpt>
			<trkpt lat="39.420946" lon="-105.191715">
				<ele>1970.21668</ele>
				<time>2021-11-29T14:50:17Z</time>
			</trkpt>
			<trkpt lat="39.420833" lon="-105.191573">
				<ele>1969.267517</ele>
				<time>2021-11-29T14:50:21Z</time>
			</trkpt>
			<trkpt lat="39.420799" lon="-105.191403">
				<ele>1968.44993</ele>
				<time>2021-11-29T14:50:25Z</time>
			</trkpt>
			<trkpt lat="39.420634" lon="-105.191039">
				<ele>1966.533948</ele>
				<time>2021-11-29T14:50:34Z</time>
			</trkpt>
			<trkpt lat="39.420448" lon="-105.190885">
				<ele>1965.672744</ele>
				<time>2021-11-29T14:50:40Z</time>
			</trkpt>
			<trkpt lat="39.420225" lon="-105.190897">
				<ele>1964.802174</ele>
				<time>2021-11-29T14:50:47Z</time>
			</trkpt>
			<trkpt lat="39.420103" lon="-105.190854">
				<ele>1964.308986</ele>
				<time>2021-11-29T14:50:50Z</time>
			</trkpt>
			<trkpt lat="39.419972" lon="-105.190648">
				<ele>1963.505006</ele>
				<time>2021-11-29T14:50:57Z</time>
			</trkpt>
			<trkpt lat="39.419862" lon="-105.190324">
				<ele>1962.438604</ele>
				<time>2021-11-29T14:51:05Z</time>
			</trkpt>
			<trkpt lat="39.419813" lon="-105.19002">
				<ele>1961.50286</ele>
				<time>2021-11-29T14:51:11Z</time>
			</trkpt>
			<trkpt lat="39.419838" lon="-105.189795">
				<ele>1960.81791</ele>
				<time>2021-11-29T14:51:17Z</time>
			</trkpt>
			<trkpt lat="39.419911" lon="-105.189731">
				<ele>1960.474013</ele>
				<time>2021-11-29T14:51:19Z</time>
			</trkpt>
			<trkpt lat="39.420482" lon="-105.18964">
				<ele>1960.581995</ele>
				<time>2021-11-29T14:51:39Z</time>
			</trkpt>
			<trkpt lat="39.420662" lon="-105.189542">
				<ele>1961.120254</ele>
				<time>2021-11-29T14:51:49Z</time>
			</trkpt>
			<trkpt lat="39.421077" lon="-105.189151">
				<ele>1962.535093</ele>
				<time>2021-11-29T14:52:19Z</time>
			</trkpt>
			<trkpt lat="39.42118" lon="-105.189151">
				<ele>1962.819008</ele>
				<time>2021-11-29T14:52:25Z</time>
			</trkpt>
			<trkpt lat="39.421187" lon="-105.189036">
				<ele>1963.064643</ele>
				<time>2021-11-29T14:52:30Z</time>
			</trkpt>
			<trkpt lat="39.421126" lon="-105.188941">
				<ele>1963.327689</ele>
				<time>2021-11-29T14:52:36Z</time>
			</trkpt>
			<trkpt lat="39.421144" lon="-105.188815">
				<ele>1963.600537</ele>
				<time>2021-11-29T14:52:42Z</time>
			</trkpt>
			<trkpt lat="39.421184" lon="-105.188724">
				<ele>1963.823482</ele>
				<time>2021-11-29T14:52:47Z</time>
			</trkpt>
			<trkpt lat="39.421333" lon="-105.188519">
				<ele>1964.422842</ele>
				<time>2021-11-29T14:52:59Z</time>
			</trkpt>
			<trkpt lat="39.421376" lon="-105.18842">
				<ele>1964.708993</ele>
				<time>2021-11-29T14:53:04Z</time>
			</trkpt>
			<trkpt lat="39.421364" lon="-105.188368">
				<ele>1964.876432</ele>
				<time>2021-11-29T14:53:07Z</time>
			</trkpt>
			<trkpt lat="39.420817" lon="-105.188273">
				<ele>1967.080647</ele>
				<time>2021-11-29T14:53:43Z</time>
			</trkpt>
			<trkpt lat="39.420732" lon="-105.188112">
				<ele>1967.682298</ele>
				<time>2021-11-29T14:53:53Z</time>
			</trkpt>
			<trkpt lat="39.42054" lon="-105.188254">
				<ele>1968.565449</ele>
				<time>2021-11-29T14:54:08Z</time>
			</trkpt>
			<trkpt lat="39.420408" lon="-105.188246">
				<ele>1969.093216</ele>
				<time>2021-11-29T14:54:16Z</time>
			</trkpt>
			<trkpt lat="39.420115" lon="-105.187799">
				<ele>1970.901905</ele>
				<time>2021-11-29T14:54:39Z</time>
			</trkpt>
			<trkpt lat="39.419859" lon="-105.187274">
				<ele>1971.289837</ele>
				<time>2021-11-29T14:55:00Z</time>
			</trkpt>
			<trkpt lat="39.419743" lon="-105.187175">
				<ele>1971.05097</ele>
				<time>2021-11-29T14:55:05Z</time>
			</trkpt>
			<trkpt lat="39.419716" lon="-105.186989">
				<ele>1970.799621</ele>
				<time>2021-11-29T14:55:10Z</time>
			</trkpt>
			<trkpt lat="39.419642" lon="-105.186914">
				<ele>1970.638046</ele>
				<time>2021-11-29T14:55:14Z</time>
			</trkpt>
			<trkpt lat="39.41959" lon="-105.186974">
				<ele>1970.518289</ele>
				<time>2021-11-29T14:55:16Z</time>
			</trkpt>
			<trkpt lat="39.419505" lon="-105.187523">
				<ele>1969.774664</ele>
				<time>2021-11-29T14:55:32Z</time>
			</trkpt>
			<trkpt lat="39.419441" lon="-105.187641">
				<ele>1969.58318</ele>
				<time>2021-11-29T14:55:36Z</time>
			</trkpt>
			<trkpt lat="39.419325" lon="-105.187697">
				<ele>1969.370338</ele>
				<time>2021-11-29T14:55:40Z</time>
			</trkpt>
			<trkpt lat="39.41909" lon="-105.187681">
				<ele>1968.965771</ele>
				<time>2021-11-29T14:55:47Z</time>
			</trkpt>
			<trkpt lat="39.418806" lon="-105.187586">
				<ele>1967.688587</ele>
				<time>2021-11-29T14:55:55Z</time>
			</trkpt>
			<trkpt lat="39.418653" lon="-105.187578">
				<ele>1966.386347</ele>
				<time>2021-11-29T14:55:59Z</time>
			</trkpt>
			<trkpt lat="39.418336" lon="-105.18772">
				<ele>1963.533581</ele>
				<time>2021-11-29T14:56:08Z</time>
			</trkpt>
			<trkpt lat="39.418104" lon="-105.187724">
				<ele>1961.560376</ele>
				<time>2021-11-29T14:56:13Z</time>
			</trkpt>
			<trkpt lat="39.417478" lon="-105.187464">
				<ele>1955.969262</ele>
				<time>2021-11-29T14:56:30Z</time>
			</trkpt>
			<trkpt lat="39.4172" lon="-105.187203">
				<ele>1953.364886</ele>
				<time>2021-11-29T14:56:39Z</time>
			</trkpt>
			<trkpt lat="39.416703" lon="-105.187053">
				<ele>1953.420827</ele>
				<time>2021-11-29T14:56:55Z</time>
			</trkpt>
			<trkpt lat="39.416599" lon="-105.186986">
				<ele>1953.433562</ele>
				<time>2021-11-29T14:56:59Z</time>
			</trkpt>
			<trkpt lat="39.416575" lon="-105.186855">
				<ele>1953.444963</ele>
				<time>2021-11-29T14:57:03Z</time>
			</trkpt>
			<trkpt lat="39.416624" lon="-105.186681">
				<ele>1953.460647</ele>
				<time>2021-11-29T14:57:10Z</time>
			</trkpt>
			<trkpt lat="39.416694" lon="-105.186618">
				<ele>1953.469992</ele>
				<time>2021-11-29T14:57:14Z</time>
			</trkpt>
			<trkpt lat="39.416984" lon="-105.186476">
				<ele>1953.50398</ele>
				<time>2021-11-29T14:57:31Z</time>
			</trkpt>
			<trkpt lat="39.417185" lon="-105.186116">
				<ele>1953.541595</ele>
				<time>2021-11-29T14:57:51Z</time>
			</trkpt>
			<trkpt lat="39.417219" lon="-105.185856">
				<ele>1953.584479</ele>
				<time>2021-11-29T14:58:03Z</time>
			</trkpt>
			<trkpt lat="39.417289" lon="-105.185757">
				<ele>1953.635426</ele>
				<time>2021-11-29T14:58:09Z</time>
			</trkpt>
			<trkpt lat="39.417439" lon="-105.185654">
				<ele>1953.718864</ele>
				<time>2021-11-29T14:58:19Z</time>
			</trkpt>
			<trkpt lat="39.417616" lon="-105.185429">
				<ele>1953.840767</ele>
				<time>2021-11-29T14:58:32Z</time>
			</trkpt>
			<trkpt lat="39.417643" lon="-105.185354">
				<ele>1953.872178</ele>
				<time>2021-11-29T14:58:35Z</time>
			</trkpt>
			<trkpt lat="39.417524" lon="-105.18535">
				<ele>1953.930673</ele>
				<time>2021-11-29T14:58:42Z</time>
			</trkpt>
			<trkpt lat="39.417439" lon="-105.185306">
				<ele>1953.975657</ele>
				<time>2021-11-29T14:58:46Z</time>
			</trkpt>
			<trkpt lat="39.417478" lon="-105.185018">
				<ele>1954.086655</ele>
				<time>2021-11-29T14:58:57Z</time>
			</trkpt>
			<trkpt lat="39.417405" lon="-105.185042">
				<ele>1954.123665</ele>
				<time>2021-11-29T14:59:00Z</time>
			</trkpt>
			<trkpt lat="39.41731" lon="-105.185129">
				<ele>1954.180849</ele>
				<time>2021-11-29T14:59:04Z</time>
			</trkpt>
			<trkpt lat="39.417026" lon="-105.185547">
				<ele>1954.392167</ele>
				<time>2021-11-29T14:59:18Z</time>
			</trkpt>
			<trkpt lat="39.416877" lon="-105.185686">
				<ele>1953.773982</ele>
				<time>2021-11-29T14:59:24Z</time>
			</trkpt>
			<trkpt lat="39.41673" lon="-105.185717">
				<ele>1952.568738</ele>
				<time>2021-11-29T14:59:28Z</time>
			</trkpt>
			<trkpt lat="39.415937" lon="-105.185662">
				<ele>1946.142376</ele>
				<time>2021-11-29T14:59:48Z</time>
			</trkpt>
			<trkpt lat="39.415821" lon="-105.185271">
				<ele>1943.523906</ele>
				<time>2021-11-29T14:59:56Z</time>
			</trkpt>
			<trkpt lat="39.415775" lon="-105.185239">
				<ele>1943.10131</ele>
				<time>2021-11-29T14:59:58Z</time>
			</trkpt>
			<trkpt lat="39.415598" lon="-105.185299">
				<ele>1941.620679</ele>
				<time>2021-11-29T15:00:03Z</time>
			</trkpt>
			<trkpt lat="39.415442" lon="-105.185492">
				<ele>1939.877023</ele>
				<time>2021-11-29T15:00:08Z</time>
			</trkpt>
			<trkpt lat="39.415268" lon="-105.185816">
				<ele>1937.932634</ele>
				<time>2021-11-29T15:00:17Z</time>
			</trkpt>
			<trkpt lat="39.415131" lon="-105.185871">
				<ele>1937.017749</ele>
				<time>2021-11-29T15:00:20Z</time>
			</trkpt>
			<trkpt lat="39.415036" lon="-105.185852">
				<ele>1936.404625</ele>
				<time>2021-11-29T15:00:23Z</time>
			</trkpt>
			<trkpt lat="39.414933" lon="-105.185784">
				<ele>1935.667146</ele>
				<time>2021-11-29T15:00:26Z</time>
			</trkpt>
			<trkpt lat="39.414896" lon="-105.185658">
				<ele>1935.002926</ele>
				<time>2021-11-29T15:00:29Z</time>
			</trkpt>
			<trkpt lat="39.414899" lon="-105.185512">
				<ele>1934.283236</ele>
				<time>2021-11-29T15:00:32Z</time>
			</trkpt>
			<trkpt lat="39.41471" lon="-105.185346">
				<ele>1932.82642</ele>
				<time>2021-11-29T15:00:38Z</time>
			</trkpt>
			<trkpt lat="39.414627" lon="-105.185397">
				<ele>1932.240403</ele>
				<time>2021-11-29T15:00:41Z</time>
			</trkpt>
			<trkpt lat="39.414511" lon="-105.185393">
				<ele>1931.500263</ele>
				<time>2021-11-29T15:00:44Z</time>
			</trkpt>
			<trkpt lat="39.41431" lon="-105.185275">
				<ele>1930.092534</ele>
				<time>2021-11-29T15:00:51Z</time>
			</trkpt>
			<trkpt lat="39.414014" lon="-105.185346">
				<ele>1928.118721</ele>
				<time>2021-11-29T15:01:00Z</time>
			</trkpt>
			<trkpt lat="39.41387" lon="-105.185433">
				<ele>1926.880328</ele>
				<time>2021-11-29T15:01:04Z</time>
			</trkpt>
			<trkpt lat="39.413767" lon="-105.185611">
				<ele>1925.541398</ele>
				<time>2021-11-29T15:01:10Z</time>
			</trkpt>
			<trkpt lat="39.413715" lon="-105.185658">
				<ele>1925.047151</ele>
				<time>2021-11-29T15:01:11Z</time>
			</trkpt>
			<trkpt lat="39.413648" lon="-105.185642">
				<ele>1924.516219</ele>
				<time>2021-11-29T15:01:13Z</time>
			</trkpt>
			<trkpt lat="39.413528" lon="-105.185476">
				<ele>1923.147523</ele>
				<time>2021-11-29T15:01:18Z</time>
			</trkpt>
			<trkpt lat="39.413351" lon="-105.185397">
				<ele>1921.688489</ele>
				<time>2021-11-29T15:01:24Z</time>
			</trkpt>
			<trkpt lat="39.413123" lon="-105.185022">
				<ele>1918.815461</ele>
				<time>2021-11-29T15:01:33Z</time>
			</trkpt>
			<trkpt lat="39.412872" lon="-105.185117">
				<ele>1916.777549</ele>
				<time>2021-11-29T15:01:40Z</time>
			</trkpt>
			<trkpt lat="39.412762" lon="-105.185113">
				<ele>1915.919999</ele>
				<time>2021-11-29T15:01:43Z</time>
			</trkpt>
			<trkpt lat="39.4125" lon="-105.18501">
				<ele>1913.349487</ele>
				<time>2021-11-29T15:01:50Z</time>
			</trkpt>
			<trkpt lat="39.4121" lon="-105.184998">
				<ele>1908.006244</ele>
				<time>2021-11-29T15:02:00Z</time>
			</trkpt>
			<trkpt lat="39.411877" lon="-105.18484">
				<ele>1904.611192</ele>
				<time>2021-11-29T15:02:06Z</time>
			</trkpt>
			<trkpt lat="39.411093" lon="-105.184927">
				<ele>1894.102838</ele>
				<time>2021-11-29T15:02:25Z</time>
			</trkpt>
			<trkpt lat="39.411007" lon="-105.18488">
				<ele>1892.856166</ele>
				<time>2021-11-29T15:02:27Z</time>
			</trkpt>
			<trkpt lat="39.410977" lon="-105.184789">
				<ele>1891.835338</ele>
				<time>2021-11-29T15:02:29Z</time>
			</trkpt>
			<trkpt lat="39.411062" lon="-105.184627">
				<ele>1890.057789</ele>
				<time>2021-11-29T15:02:33Z</time>
			</trkpt>
			<trkpt lat="39.411105" lon="-105.184299">
				<ele>1888.105921</ele>
				<time>2021-11-29T15:02:39Z</time>
			</trkpt>
			<trkpt lat="39.411187" lon="-105.183908">
				<ele>1885.728934</ele>
				<time>2021-11-29T15:02:47Z</time>
			</trkpt>
			<trkpt lat="39.411212" lon="-105.183599">
				<ele>1883.906134</ele>
				<time>2021-11-29T15:02:53Z</time>
			</trkpt>
			<trkpt lat="39.411319" lon="-105.183224">
				<ele>1881.560788</ele>
				<time>2021-11-29T15:03:02Z</time>
			</trkpt>
			<trkpt lat="39.411456" lon="-105.182821">
				<ele>1878.977659</ele>
				<time>2021-11-29T15:03:12Z</time>
			</trkpt>
			<trkpt lat="39.411645" lon="-105.182537">
				<ele>1876.778557</ele>
				<time>2021-11-29T15:03:21Z</time>
			</trkpt>
			<trkpt lat="39.411834" lon="-105.18209">
				<ele>1877.69742</ele>
				<time>2021-11-29T15:03:37Z</time>
			</trkpt>
			<trkpt lat="39.411957" lon="-105.181549">
				<ele>1878.801178</ele>
				<time>2021-11-29T15:04:01Z</time>
			</trkpt>
			<trkpt lat="39.411954" lon="-105.181316">
				<ele>1879.257275</ele>
				<time>2021-11-29T15:04:11Z</time>
			</trkpt>
			<trkpt lat="39.411874" lon="-105.181182">
				<ele>1879.588723</ele>
				<time>2021-11-29T15:04:19Z</time>
			</trkpt>
			<trkpt lat="39.411709" lon="-105.181051">
				<ele>1880.079089</ele>
				<time>2021-11-29T15:04:30Z</time>
			</trkpt>
			<trkpt lat="39.411673" lon="-105.180881">
				<ele>1880.424092</ele>
				<time>2021-11-29T15:04:38Z</time>
			</trkpt>
			<trkpt lat="39.411697" lon="-105.180498">
				<ele>1881.176175</ele>
				<time>2021-11-29T15:04:56Z</time>
			</trkpt>
			<trkpt lat="39.411677" lon="-105.18037">
				<ele>1881.265551</ele>
				<time>2021-11-29T15:05:01Z</time>
			</trkpt>
			<trkpt lat="39.411547" lon="-105.17985">
				<ele>1881.192177</ele>
				<time>2021-11-29T15:05:24Z</time>
			</trkpt>
			<trkpt lat="39.411438" lon="-105.179763">
				<ele>1881.169925</ele>
				<time>2021-11-29T15:05:30Z</time>
			</trkpt>
			<trkpt lat="39.411349" lon="-105.179763">
				<ele>1881.15446</ele>
				<time>2021-11-29T15:05:34Z</time>
			</trkpt>
			<trkpt lat="39.411264" lon="-105.179913">
				<ele>1881.129487</ele>
				<time>2021-11-29T15:05:40Z</time>
			</trkpt>
			<trkpt lat="39.411212" lon="-105.180123">
				<ele>1881.099882</ele>
				<time>2021-11-29T15:05:46Z</time>
			</trkpt>
			<trkpt lat="39.411062" lon="-105.180273">
				<ele>1881.066944</ele>
				<time>2021-11-29T15:05:53Z</time>
			</trkpt>
			<trkpt lat="39.410928" lon="-105.180305">
				<ele>1881.043267</ele>
				<time>2021-11-29T15:05:58Z</time>
			</trkpt>
			<trkpt lat="39.410778" lon="-105.180158">
				<ele>1881.010574</ele>
				<time>2021-11-29T15:06:03Z</time>
			</trkpt>
			<trkpt lat="39.410711" lon="-105.180143">
				<ele>1880.998759</ele>
				<time>2021-11-29T15:06:06Z</time>
			</trkpt>
			<trkpt lat="39.410409" lon="-105.180186">
				<ele>1880.402986</ele>
				<time>2021-11-29T15:06:14Z</time>
			</trkpt>
			<trkpt lat="39.40992" lon="-105.180064">
				<ele>1877.664399</ele>
				<time>2021-11-29T15:06:28Z</time>
			</trkpt>
			<trkpt lat="39.409725" lon="-105.179925">
				<ele>1876.44019</ele>
				<time>2021-11-29T15:06:34Z</time>
			</trkpt>
			<trkpt lat="39.409469" lon="-105.179661">
				<ele>1874.640184</ele>
				<time>2021-11-29T15:06:43Z</time>
			</trkpt>
			<trkpt lat="39.409295" lon="-105.179321">
				<ele>1872.907436</ele>
				<time>2021-11-29T15:06:52Z</time>
			</trkpt>
			<trkpt lat="39.409194" lon="-105.178957">
				<ele>1871.264158</ele>
				<time>2021-11-29T15:07:01Z</time>
			</trkpt>
			<trkpt lat="39.409313" lon="-105.178732">
				<ele>1870.682023</ele>
				<time>2021-11-29T15:07:07Z</time>
			</trkpt>
			<trkpt lat="39.409157" lon="-105.178539">
				<ele>1870.202609</ele>
				<time>2021-11-29T15:07:13Z</time>
			</trkpt>
			<trkpt lat="39.409075" lon="-105.178376">
				<ele>1869.868757</ele>
				<time>2021-11-29T15:07:18Z</time>
			</trkpt>
			<trkpt lat="39.40918" lon="-105.178083">
				<ele>1869.314389</ele>
				<time>2021-11-29T15:07:26Z</time>
			</trkpt>
			<trkpt lat="39.409279" lon="-105.177808">
				<ele>1868.793655</ele>
				<time>2021-11-29T15:07:34Z</time>
			</trkpt>
			<trkpt lat="39.409383" lon="-105.177815">
				<ele>1868.562307</ele>
				<time>2021-11-29T15:07:37Z</time>
			</trkpt>
			<trkpt lat="39.409441" lon="-105.177788">
				<ele>1868.425379</ele>
				<time>2021-11-29T15:07:39Z</time>
			</trkpt>
			<trkpt lat="39.409469" lon="-105.177717">
				<ele>1868.288558</ele>
				<time>2021-11-29T15:07:41Z</time>
			</trkpt>
			<trkpt lat="39.40931" lon="-105.177488">
				<ele>1867.760111</ele>
				<time>2021-11-29T15:07:50Z</time>
			</trkpt>
			<trkpt lat="39.409307" lon="-105.176899">
				<ele>1866.994914</ele>
				<time>2021-11-29T15:08:06Z</time>
			</trkpt>
			<trkpt lat="39.409594" lon="-105.176377">
				<ele>1866.719656</ele>
				<time>2021-11-29T15:08:24Z</time>
			</trkpt>
			<trkpt lat="39.409679" lon="-105.176302">
				<ele>1866.662452</ele>
				<time>2021-11-29T15:08:28Z</time>
			</trkpt>
			<trkpt lat="39.410033" lon="-105.17631">
				<ele>1866.465572</ele>
				<time>2021-11-29T15:08:40Z</time>
			</trkpt>
			<trkpt lat="39.410094" lon="-105.176282">
				<ele>1866.429582</ele>
				<time>2021-11-29T15:08:43Z</time>
			</trkpt>
			<trkpt lat="39.41007" lon="-105.176196">
				<ele>1866.390297</ele>
				<time>2021-11-29T15:08:45Z</time>
			</trkpt>
			<trkpt lat="39.409896" lon="-105.175931">
				<ele>1866.240884</ele>
				<time>2021-11-29T15:08:55Z</time>
			</trkpt>
			<trkpt lat="39.409826" lon="-105.175781">
				<ele>1866.165596</ele>
				<time>2021-11-29T15:08:59Z</time>
			</trkpt>
			<trkpt lat="39.409814" lon="-105.175516">
				<ele>1866.023113</ele>
				<time>2021-11-29T15:09:07Z</time>
			</trkpt>
			<trkpt lat="39.409844" lon="-105.175307">
				<ele>1865.828968</ele>
				<time>2021-11-29T15:09:12Z</time>
			</trkpt>
			<trkpt lat="39.409948" lon="-105.17524">
				<ele>1865.691647</ele>
				<time>2021-11-29T15:09:17Z</time>
			</trkpt>
			<trkpt lat="39.410058" lon="-105.175243">
				<ele>1865.561591</ele>
				<time>2021-11-29T15:09:20Z</time>
			</trkpt>
			<trkpt lat="39.410091" lon="-105.175161">
				<ele>1865.477151</ele>
				<time>2021-11-29T15:09:23Z</time>
			</trkpt>
			<trkpt lat="39.409844" lon="-105.174829">
				<ele>1865.056218</ele>
				<time>2021-11-29T15:09:35Z</time>
			</trkpt>
			<trkpt lat="39.409759" lon="-105.174671">
				<ele>1864.880384</ele>
				<time>2021-11-29T15:09:41Z</time>
			</trkpt>
			<trkpt lat="39.409689" lon="-105.174339">
				<ele>1864.566083</ele>
				<time>2021-11-29T15:09:50Z</time>
			</trkpt>
			<trkpt lat="39.409792" lon="-105.174094">
				<ele>1864.311346</ele>
				<time>2021-11-29T15:09:57Z</time>
			</trkpt>
			<trkpt lat="39.409786" lon="-105.173983">
				<ele>1864.209723</ele>
				<time>2021-11-29T15:09:59Z</time>
			</trkpt>
			<trkpt lat="39.409661" lon="-105.173916">
				<ele>1864.049795</ele>
				<time>2021-11-29T15:10:04Z</time>
			</trkpt>
			<trkpt lat="39.409356" lon="-105.173126">
				<ele>1864.700352</ele>
				<time>2021-11-29T15:10:26Z</time>
			</trkpt>
			<trkpt lat="39.40915" lon="-105.172798">
				<ele>1865.109423</ele>
				<time>2021-11-29T15:10:37Z</time>
			</trkpt>
			<trkpt lat="39.408763" lon="-105.172233">
				<ele>1865.840144</ele>
				<time>2021-11-29T15:11:07Z</time>
			</trkpt>
			<trkpt lat="39.408579" lon="-105.172068">
				<ele>1866.120529</ele>
				<time>2021-11-29T15:11:24Z</time>
			</trkpt>
			<trkpt lat="39.40845" lon="-105.171736">
				<ele>1866.917247</ele>
				<time>2021-11-29T15:11:40Z</time>
			</trkpt>
			<trkpt lat="39.408298" lon="-105.171209">
				<ele>1868.321984</ele>
				<time>2021-11-29T15:12:00Z</time>
			</trkpt>
			<trkpt lat="39.408212" lon="-105.170783">
				<ele>1869.421511</ele>
				<time>2021-11-29T15:12:13Z</time>
			</trkpt>
			<trkpt lat="39.407981" lon="-105.170306">
				<ele>1870.827326</ele>
				<time>2021-11-29T15:12:30Z</time>
			</trkpt>
			<trkpt lat="39.407626" lon="-105.170405">
				<ele>1872.001036</ele>
				<time>2021-11-29T15:12:46Z</time>
			</trkpt>
			<trkpt lat="39.407091" lon="-105.170413">
				<ele>1870.649763</ele>
				<time>2021-11-29T15:13:07Z</time>
			</trkpt>
			<trkpt lat="39.406196" lon="-105.170394">
				<ele>1868.341327</ele>
				<time>2021-11-29T15:13:33Z</time>
			</trkpt>
			<trkpt lat="39.405507" lon="-105.170309">
				<ele>1866.971901</ele>
				<time>2021-11-29T15:13:54Z</time>
			</trkpt>
			<trkpt lat="39.404989" lon="-105.170136">
				<ele>1866.289661</ele>
				<time>2021-11-29T15:14:11Z</time>
			</trkpt>
			<trkpt lat="39.404273" lon="-105.169604">
				<ele>1865.236771</ele>
				<time>2021-11-29T15:14:43Z</time>
			</trkpt>
			<trkpt lat="39.403862" lon="-105.169354">
				<ele>1865.214949</ele>
				<time>2021-11-29T15:15:02Z</time>
			</trkpt>
			<trkpt lat="39.403327" lon="-105.169301">
				<ele>1865.423888</ele>
				<time>2021-11-29T15:15:23Z</time>
			</trkpt>
			<trkpt lat="39.402434" lon="-105.168925">
				<ele>1865.803447</ele>
				<time>2021-11-29T15:15:59Z</time>
			</trkpt>
			<trkpt lat="39.401682" lon="-105.168712">
				<ele>1867.009657</ele>
				<time>2021-11-29T15:16:28Z</time>
			</trkpt>
			<trkpt lat="39.401259" lon="-105.168554">
				<ele>1867.699515</ele>
				<time>2021-11-29T15:16:48Z</time>
			</trkpt>
			<trkpt lat="39.400947" lon="-105.168241">
				<ele>1868.318081</ele>
				<time>2021-11-29T15:17:08Z</time>
			</trkpt>
			<trkpt lat="39.400456" lon="-105.167654">
				<ele>1870.783376</ele>
				<time>2021-11-29T15:17:45Z</time>
			</trkpt>
			<trkpt lat="39.400054" lon="-105.16719">
				<ele>1873.197566</ele>
				<time>2021-11-29T15:18:18Z</time>
			</trkpt>
			<trkpt lat="39.399848" lon="-105.167011">
				<ele>1874.309633</ele>
				<time>2021-11-29T15:18:34Z</time>
			</trkpt>
			<trkpt lat="39.399617" lon="-105.166892">
				<ele>1875.423943</ele>
				<time>2021-11-29T15:18:49Z</time>
			</trkpt>
			<trkpt lat="39.39886" lon="-105.166869">
				<ele>1878.213242</ele>
				<time>2021-11-29T15:19:37Z</time>
			</trkpt>
			<trkpt lat="39.39843" lon="-105.166815">
				<ele>1879.605998</ele>
				<time>2021-11-29T15:20:00Z</time>
			</trkpt>
			<trkpt lat="39.39815" lon="-105.166731">
				<ele>1880.532607</ele>
				<time>2021-11-29T15:20:15Z</time>
			</trkpt>
			<trkpt lat="39.397887" lon="-105.166702">
				<ele>1881.383544</ele>
				<time>2021-11-29T15:20:27Z</time>
			</trkpt>
			<trkpt lat="39.3976" lon="-105.166797">
				<ele>1882.33857</ele>
				<time>2021-11-29T15:20:42Z</time>
			</trkpt>
			<trkpt lat="39.397381" lon="-105.166929">
				<ele>1882.396631</ele>
				<time>2021-11-29T15:20:52Z</time>
			</trkpt>
			<trkpt lat="39.397083" lon="-105.166993">
				<ele>1882.29794</ele>
				<time>2021-11-29T15:21:05Z</time>
			</trkpt>
			<trkpt lat="39.396442" lon="-105.166956">
				<ele>1882.088312</ele>
				<time>2021-11-29T15:21:28Z</time>
			</trkpt>
			<trkpt lat="39.39613" lon="-105.166974">
				<ele>1881.986277</ele>
				<time>2021-11-29T15:21:38Z</time>
			</trkpt>
			<trkpt lat="39.395538" lon="-105.167234">
				<ele>1881.424983</ele>
				<time>2021-11-29T15:21:59Z</time>
			</trkpt>
			<trkpt lat="39.395299" lon="-105.167255">
				<ele>1881.047195</ele>
				<time>2021-11-29T15:22:07Z</time>
			</trkpt>
			<trkpt lat="39.394605" lon="-105.167052">
				<ele>1879.925093</ele>
				<time>2021-11-29T15:22:30Z</time>
			</trkpt>
			<trkpt lat="39.394332" lon="-105.16679">
				<ele>1879.389065</ele>
				<time>2021-11-29T15:22:42Z</time>
			</trkpt>
			<trkpt lat="39.394211" lon="-105.166523">
				<ele>1879.045717</ele>
				<time>2021-11-29T15:22:50Z</time>
			</trkpt>
			<trkpt lat="39.394198" lon="-105.166188">
				<ele>1879.15182</ele>
				<time>2021-11-29T15:22:59Z</time>
			</trkpt>
			<trkpt lat="39.394251" lon="-105.165819">
				<ele>1879.270543</ele>
				<time>2021-11-29T15:23:09Z</time>
			</trkpt>
			<trkpt lat="39.394257" lon="-105.165556">
				<ele>1879.353773</ele>
				<time>2021-11-29T15:23:16Z</time>
			</trkpt>
			<trkpt lat="39.394145" lon="-105.165278">
				<ele>1879.452944</ele>
				<time>2021-11-29T15:23:26Z</time>
			</trkpt>
			<trkpt lat="39.393886" lon="-105.165021">
				<ele>1879.586541</ele>
				<time>2021-11-29T15:23:39Z</time>
			</trkpt>
			<trkpt lat="39.392633" lon="-105.164557">
				<ele>1883.583702</ele>
				<time>2021-11-29T15:24:41Z</time>
			</trkpt>
			<trkpt lat="39.39244" lon="-105.164428">
				<ele>1884.565184</ele>
				<time>2021-11-29T15:24:55Z</time>
			</trkpt>
			<trkpt lat="39.392182" lon="-105.164068">
				<ele>1886.279536</ele>
				<time>2021-11-29T15:25:22Z</time>
			</trkpt>
			<trkpt lat="39.391956" lon="-105.163855">
				<ele>1887.542804</ele>
				<time>2021-11-29T15:25:42Z</time>
			</trkpt>
			<trkpt lat="39.39177" lon="-105.163733">
				<ele>1888.581598</ele>
				<time>2021-11-29T15:25:58Z</time>
			</trkpt>
			<trkpt lat="39.391518" lon="-105.163665">
				<ele>1889.937284</ele>
				<time>2021-11-29T15:26:17Z</time>
			</trkpt>
			<trkpt lat="39.391332" lon="-105.163725">
				<ele>1890.946817</ele>
				<time>2021-11-29T15:26:32Z</time>
			</trkpt>
			<trkpt lat="39.391153" lon="-105.163836">
				<ele>1891.992168</ele>
				<time>2021-11-29T15:26:46Z</time>
			</trkpt>
			<trkpt lat="39.391001" lon="-105.164085">
				<ele>1893.283624</ele>
				<time>2021-11-29T15:27:03Z</time>
			</trkpt>
			<trkpt lat="39.390954" lon="-105.164403">
				<ele>1894.601358</ele>
				<time>2021-11-29T15:27:19Z</time>
			</trkpt>
			<trkpt lat="39.390908" lon="-105.165364">
				<ele>1897.63747</ele>
				<time>2021-11-29T15:27:55Z</time>
			</trkpt>
			<trkpt lat="39.390795" lon="-105.165776">
				<ele>1898.046447</ele>
				<time>2021-11-29T15:28:08Z</time>
			</trkpt>
			<trkpt lat="39.390284" lon="-105.166961">
				<ele>1899.315911</ele>
				<time>2021-11-29T15:28:52Z</time>
			</trkpt>
			<trkpt lat="39.390157" lon="-105.167181">
				<ele>1899.584185</ele>
				<time>2021-11-29T15:29:01Z</time>
			</trkpt>
			<trkpt lat="39.389674" lon="-105.167767">
				<ele>1900.80905</ele>
				<time>2021-11-29T15:29:30Z</time>
			</trkpt>
			<trkpt lat="39.389415" lon="-105.168317">
				<ele>1901.729867</ele>
				<time>2021-11-29T15:29:54Z</time>
			</trkpt>
			<trkpt lat="39.38913" lon="-105.169098">
				<ele>1902.872642</ele>
				<time>2021-11-29T15:30:29Z</time>
			</trkpt>
			<trkpt lat="39.388905" lon="-105.169613">
				<ele>1902.814059</ele>
				<time>2021-11-29T15:30:47Z</time>
			</trkpt>
			<trkpt lat="39.388781" lon="-105.169815">
				<ele>1902.788514</ele>
				<time>2021-11-29T15:30:54Z</time>
			</trkpt>
			<trkpt lat="39.388606" lon="-105.169956">
				<ele>1902.7621</ele>
				<time>2021-11-29T15:31:01Z</time>
			</trkpt>
			<trkpt lat="39.387996" lon="-105.170248">
				<ele>1902.678764</ele>
				<time>2021-11-29T15:31:23Z</time>
			</trkpt>
			<trkpt lat="39.387366" lon="-105.170737">
				<ele>1902.394768</ele>
				<time>2021-11-29T15:31:50Z</time>
			</trkpt>
			<trkpt lat="39.38645" lon="-105.171218">
				<ele>1901.889467</ele>
				<time>2021-11-29T15:32:27Z</time>
			</trkpt>
			<trkpt lat="39.386132" lon="-105.171544">
				<ele>1901.418575</ele>
				<time>2021-11-29T15:32:41Z</time>
			</trkpt>
			<trkpt lat="39.385886" lon="-105.17187">
				<ele>1900.22275</ele>
				<time>2021-11-29T15:32:52Z</time>
			</trkpt>
			<trkpt lat="39.385687" lon="-105.172213">
				<ele>1899.09707</ele>
				<time>2021-11-29T15:33:03Z</time>
			</trkpt>
			<trkpt lat="39.385472" lon="-105.172723">
				<ele>1897.572314</ele>
				<time>2021-11-29T15:33:16Z</time>
			</trkpt>
			<trkpt lat="39.385309" lon="-105.172892">
				<ele>1896.862981</ele>
				<time>2021-11-29T15:33:23Z</time>
			</trkpt>
			<trkpt lat="39.385051" lon="-105.17296">
				<ele>1895.968843</ele>
				<time>2021-11-29T15:33:30Z</time>
			</trkpt>
			<trkpt lat="39.384235" lon="-105.172934">
				<ele>1892.541656</ele>
				<time>2021-11-29T15:33:53Z</time>
			</trkpt>
			<trkpt lat="39.383531" lon="-105.173003">
				<ele>1889.495897</ele>
				<time>2021-11-29T15:34:14Z</time>
			</trkpt>
			<trkpt lat="39.383114" lon="-105.172917">
				<ele>1887.847154</ele>
				<time>2021-11-29T15:34:27Z</time>
			</trkpt>
			<trkpt lat="39.382888" lon="-105.172737">
				<ele>1887.760008</ele>
				<time>2021-11-29T15:34:36Z</time>
			</trkpt>
			<trkpt lat="39.382749" lon="-105.172531">
				<ele>1887.690603</ele>
				<time>2021-11-29T15:34:43Z</time>
			</trkpt>
			<trkpt lat="39.382524" lon="-105.172047">
				<ele>1887.547254</ele>
				<time>2021-11-29T15:34:58Z</time>
			</trkpt>
			<trkpt lat="39.382445" lon="-105.1718">
				<ele>1887.479408</ele>
				<time>2021-11-29T15:35:05Z</time>
			</trkpt>
			<trkpt lat="39.382437" lon="-105.170832">
				<ele>1887.771987</ele>
				<time>2021-11-29T15:35:38Z</time>
			</trkpt>
			<trkpt lat="39.382272" lon="-105.170522">
				<ele>1889.063684</ele>
				<time>2021-11-29T15:35:53Z</time>
			</trkpt>
			<trkpt lat="39.382092" lon="-105.170334">
				<ele>1890.090801</ele>
				<time>2021-11-29T15:36:05Z</time>
			</trkpt>
			<trkpt lat="39.381694" lon="-105.170145">
				<ele>1891.973187</ele>
				<time>2021-11-29T15:36:31Z</time>
			</trkpt>
			<trkpt lat="39.381463" lon="-105.169968">
				<ele>1893.165202</ele>
				<time>2021-11-29T15:36:49Z</time>
			</trkpt>
			<trkpt lat="39.380915" lon="-105.169338">
				<ele>1896.528784</ele>
				<time>2021-11-29T15:37:40Z</time>
			</trkpt>
			<trkpt lat="39.380675" lon="-105.169279">
				<ele>1897.714748</ele>
				<time>2021-11-29T15:37:57Z</time>
			</trkpt>
			<trkpt lat="39.38048" lon="-105.169322">
				<ele>1898.675059</ele>
				<time>2021-11-29T15:38:10Z</time>
			</trkpt>
			<trkpt lat="39.380285" lon="-105.169461">
				<ele>1899.755897</ele>
				<time>2021-11-29T15:38:25Z</time>
			</trkpt>
			<trkpt lat="39.38014" lon="-105.169649">
				<ele>1900.75248</ele>
				<time>2021-11-29T15:38:38Z</time>
			</trkpt>
			<trkpt lat="39.379856" lon="-105.170402">
				<ele>1903.896486</ele>
				<time>2021-11-29T15:39:15Z</time>
			</trkpt>
			<trkpt lat="39.379617" lon="-105.170711">
				<ele>1903.284203</ele>
				<time>2021-11-29T15:39:31Z</time>
			</trkpt>
			<trkpt lat="39.379418" lon="-105.170874">
				<ele>1902.764077</ele>
				<time>2021-11-29T15:39:39Z</time>
			</trkpt>
			<trkpt lat="39.378884" lon="-105.171103">
				<ele>1901.521745</ele>
				<time>2021-11-29T15:39:56Z</time>
			</trkpt>
			<trkpt lat="39.378668" lon="-105.171263">
				<ele>1900.972097</ele>
				<time>2021-11-29T15:40:03Z</time>
			</trkpt>
			<trkpt lat="39.37849" lon="-105.171516">
				<ele>1900.388133</ele>
				<time>2021-11-29T15:40:11Z</time>
			</trkpt>
			<trkpt lat="39.37835" lon="-105.171819">
				<ele>1899.639174</ele>
				<time>2021-11-29T15:40:19Z</time>
			</trkpt>
			<trkpt lat="39.378138" lon="-105.172033">
				<ele>1898.669018</ele>
				<time>2021-11-29T15:40:27Z</time>
			</trkpt>
			<trkpt lat="39.377799" lon="-105.172119">
				<ele>1897.422652</ele>
				<time>2021-11-29T15:40:37Z</time>
			</trkpt>
			<trkpt lat="39.377594" lon="-105.172102">
				<ele>1896.681518</ele>
				<time>2021-11-29T15:40:43Z</time>
			</trkpt>
			<trkpt lat="39.377355" lon="-105.172016">
				<ele>1895.7865</ele>
				<time>2021-11-29T15:40:51Z</time>
			</trkpt>
			<trkpt lat="39.377083" lon="-105.171802">
				<ele>1894.637926</ele>
				<time>2021-11-29T15:41:00Z</time>
			</trkpt>
			<trkpt lat="39.376771" lon="-105.171501">
				<ele>1893.444367</ele>
				<time>2021-11-29T15:41:13Z</time>
			</trkpt>
			<trkpt lat="39.376353" lon="-105.171218">
				<ele>1892.963714</ele>
				<time>2021-11-29T15:41:28Z</time>
			</trkpt>
			<trkpt lat="39.375794" lon="-105.17062">
				<ele>1892.224708</ele>
				<time>2021-11-29T15:41:54Z</time>
			</trkpt>
			<trkpt lat="39.375546" lon="-105.170303">
				<ele>1891.869513</ele>
				<time>2021-11-29T15:42:06Z</time>
			</trkpt>
			<trkpt lat="39.375205" lon="-105.170016">
				<ele>1892.021331</ele>
				<time>2021-11-29T15:42:21Z</time>
			</trkpt>
			<trkpt lat="39.37502" lon="-105.169742">
				<ele>1892.411563</ele>
				<time>2021-11-29T15:42:32Z</time>
			</trkpt>
			<trkpt lat="39.374847" lon="-105.169398">
				<ele>1892.851772</ele>
				<time>2021-11-29T15:42:46Z</time>
			</trkpt>
			<trkpt lat="39.374767" lon="-105.169055">
				<ele>1893.236074</ele>
				<time>2021-11-29T15:43:00Z</time>
			</trkpt>
			<trkpt lat="39.374747" lon="-105.1686">
				<ele>1893.72492</ele>
				<time>2021-11-29T15:43:18Z</time>
			</trkpt>
			<trkpt lat="39.374528" lon="-105.167759">
				<ele>1894.610927</ele>
				<time>2021-11-29T15:43:50Z</time>
			</trkpt>
			<trkpt lat="39.374356" lon="-105.167536">
				<ele>1894.90303</ele>
				<time>2021-11-29T15:44:00Z</time>
			</trkpt>
			<trkpt lat="39.374097" lon="-105.16733">
				<ele>1895.267731</ele>
				<time>2021-11-29T15:44:13Z</time>
			</trkpt>
			<trkpt lat="39.373719" lon="-105.167184">
				<ele>1895.74093</ele>
				<time>2021-11-29T15:44:30Z</time>
			</trkpt>
			<trkpt lat="39.372783" lon="-105.167004">
				<ele>1896.428383</ele>
				<time>2021-11-29T15:45:09Z</time>
			</trkpt>
			<trkpt lat="39.371841" lon="-105.166737">
				<ele>1896.604192</ele>
				<time>2021-11-29T15:45:44Z</time>
			</trkpt>
			<trkpt lat="39.371463" lon="-105.166806">
				<ele>1896.673787</ele>
				<time>2021-11-29T15:45:59Z</time>
			</trkpt>
			<trkpt lat="39.370163" lon="-105.16745">
				<ele>1896.014192</ele>
				<time>2021-11-29T15:46:50Z</time>
			</trkpt>
			<trkpt lat="39.369944" lon="-105.167725">
				<ele>1895.867761</ele>
				<time>2021-11-29T15:47:00Z</time>
			</trkpt>
			<trkpt lat="39.369572" lon="-105.168428">
				<ele>1894.994347</ele>
				<time>2021-11-29T15:47:22Z</time>
			</trkpt>
			<trkpt lat="39.3694" lon="-105.168669">
				<ele>1894.613217</ele>
				<time>2021-11-29T15:47:30Z</time>
			</trkpt>
			<trkpt lat="39.369207" lon="-105.168797">
				<ele>1894.287215</ele>
				<time>2021-11-29T15:47:37Z</time>
			</trkpt>
			<trkpt lat="39.368995" lon="-105.168883">
				<ele>1893.95326</ele>
				<time>2021-11-29T15:47:45Z</time>
			</trkpt>
			<trkpt lat="39.368723" lon="-105.168883">
				<ele>1893.544421</ele>
				<time>2021-11-29T15:47:54Z</time>
			</trkpt>
			<trkpt lat="39.367933" lon="-105.168729">
				<ele>1893.178203</ele>
				<time>2021-11-29T15:48:22Z</time>
			</trkpt>
			<trkpt lat="39.367528" lon="-105.168583">
				<ele>1893.234769</ele>
				<time>2021-11-29T15:48:38Z</time>
			</trkpt>
			<trkpt lat="39.367223" lon="-105.168411">
				<ele>1893.279534</ele>
				<time>2021-11-29T15:48:51Z</time>
			</trkpt>
			<trkpt lat="39.366473" lon="-105.167607">
				<ele>1893.748769</ele>
				<time>2021-11-29T15:49:31Z</time>
			</trkpt>
			<trkpt lat="39.366321" lon="-105.167381">
				<ele>1893.958626</ele>
				<time>2021-11-29T15:49:41Z</time>
			</trkpt>
			<trkpt lat="39.366135" lon="-105.167235">
				<ele>1894.155782</ele>
				<time>2021-11-29T15:49:50Z</time>
			</trkpt>
			<trkpt lat="39.365923" lon="-105.167107">
				<ele>1894.367789</ele>
				<time>2021-11-29T15:50:00Z</time>
			</trkpt>
			<trkpt lat="39.365113" lon="-105.166807">
				<ele>1895.194014</ele>
				<time>2021-11-29T15:50:35Z</time>
			</trkpt>
			<trkpt lat="39.364761" lon="-105.166695">
				<ele>1895.660063</ele>
				<time>2021-11-29T15:50:50Z</time>
			</trkpt>
			<trkpt lat="39.363049" lon="-105.166265">
				<ele>1897.945778</ele>
				<time>2021-11-29T15:52:07Z</time>
			</trkpt>
			<trkpt lat="39.362645" lon="-105.166205">
				<ele>1898.506015</ele>
				<time>2021-11-29T15:52:26Z</time>
			</trkpt>
			<trkpt lat="39.362439" lon="-105.166205">
				<ele>1898.789815</ele>
				<time>2021-11-29T15:52:35Z</time>
			</trkpt>
			<trkpt lat="39.362087" lon="-105.166265">
				<ele>1899.278949</ele>
				<time>2021-11-29T15:52:51Z</time>
			</trkpt>
			<trkpt lat="39.361722" lon="-105.166394">
				<ele>1899.78792</ele>
				<time>2021-11-29T15:53:07Z</time>
			</trkpt>
			<trkpt lat="39.359313" lon="-105.167278">
				<ele>1901.087265</ele>
				<time>2021-11-29T15:54:49Z</time>
			</trkpt>
			<trkpt lat="39.359134" lon="-105.167398">
				<ele>1901.063682</ele>
				<time>2021-11-29T15:54:56Z</time>
			</trkpt>
			<trkpt lat="39.358971" lon="-105.167541">
				<ele>1901.040644</ele>
				<time>2021-11-29T15:55:03Z</time>
			</trkpt>
			<trkpt lat="39.358814" lon="-105.167818">
				<ele>1901.009583</ele>
				<time>2021-11-29T15:55:12Z</time>
			</trkpt>
			<trkpt lat="39.358566" lon="-105.16859">
				<ele>1900.909174</ele>
				<time>2021-11-29T15:55:35Z</time>
			</trkpt>
			<trkpt lat="39.358408" lon="-105.168984">
				<ele>1900.833248</ele>
				<time>2021-11-29T15:55:47Z</time>
			</trkpt>
			<trkpt lat="39.35825" lon="-105.16929">
				<ele>1900.770302</ele>
				<time>2021-11-29T15:55:58Z</time>
			</trkpt>
			<trkpt lat="39.358059" lon="-105.169475">
				<ele>1900.717506</ele>
				<time>2021-11-29T15:56:06Z</time>
			</trkpt>
			<trkpt lat="39.357944" lon="-105.169605">
				<ele>1900.683714</ele>
				<time>2021-11-29T15:56:12Z</time>
			</trkpt>
			<trkpt lat="39.357117" lon="-105.17054">
				<ele>1901.047769</ele>
				<time>2021-11-29T15:56:52Z</time>
			</trkpt>
			<trkpt lat="39.356452" lon="-105.171181">
				<ele>1901.768722</ele>
				<time>2021-11-29T15:57:29Z</time>
			</trkpt>
			<trkpt lat="39.356193" lon="-105.17137">
				<ele>1902.027228</ele>
				<time>2021-11-29T15:57:42Z</time>
			</trkpt>
			<trkpt lat="39.3559" lon="-105.171516">
				<ele>1902.40375</ele>
				<time>2021-11-29T15:57:56Z</time>
			</trkpt>
			<trkpt lat="39.355472" lon="-105.17156">
				<ele>1903.000649</ele>
				<time>2021-11-29T15:58:14Z</time>
			</trkpt>
			<trkpt lat="39.353511" lon="-105.171501">
				<ele>1905.458105</ele>
				<time>2021-11-29T15:59:41Z</time>
			</trkpt>
			<trkpt lat="39.353218" lon="-105.171574">
				<ele>1905.771263</ele>
				<time>2021-11-29T15:59:53Z</time>
			</trkpt>
			<trkpt lat="39.352993" lon="-105.171734">
				<ele>1906.040746</ele>
				<time>2021-11-29T16:00:04Z</time>
			</trkpt>
			<trkpt lat="39.352626" lon="-105.172136">
				<ele>1906.536006</ele>
				<time>2021-11-29T16:00:23Z</time>
			</trkpt>
			<trkpt lat="39.351528" lon="-105.173509">
				<ele>1907.630161</ele>
				<time>2021-11-29T16:01:25Z</time>
			</trkpt>
			<trkpt lat="39.35123" lon="-105.173853">
				<ele>1907.816154</ele>
				<time>2021-11-29T16:01:43Z</time>
			</trkpt>
			<trkpt lat="39.349402" lon="-105.176156">
				<ele>1907.77491</ele>
				<time>2021-11-29T16:03:16Z</time>
			</trkpt>
			<trkpt lat="39.349305" lon="-105.176273">
				<ele>1907.750455</ele>
				<time>2021-11-29T16:03:21Z</time>
			</trkpt>
			<trkpt lat="39.349066" lon="-105.176445">
				<ele>1907.70003</ele>
				<time>2021-11-29T16:03:30Z</time>
			</trkpt>
			<trkpt lat="39.348801" lon="-105.176557">
				<ele>1907.648633</ele>
				<time>2021-11-29T16:03:41Z</time>
			</trkpt>
			<trkpt lat="39.348399" lon="-105.17659">
				<ele>1908.109491</ele>
				<time>2021-11-29T16:03:56Z</time>
			</trkpt>
			<trkpt lat="39.348017" lon="-105.176458">
				<ele>1909.098604</ele>
				<time>2021-11-29T16:04:13Z</time>
			</trkpt>
			<trkpt lat="39.347785" lon="-105.176316">
				<ele>1909.740685</ele>
				<time>2021-11-29T16:04:25Z</time>
			</trkpt>
			<trkpt lat="39.347592" lon="-105.176239">
				<ele>1910.245935</ele>
				<time>2021-11-29T16:04:35Z</time>
			</trkpt>
			<trkpt lat="39.347325" lon="-105.176211">
				<ele>1910.916036</ele>
				<time>2021-11-29T16:04:50Z</time>
			</trkpt>
			<trkpt lat="39.346889" lon="-105.176265">
				<ele>1912.011694</ele>
				<time>2021-11-29T16:05:16Z</time>
			</trkpt>
			<trkpt lat="39.344712" lon="-105.176925">
				<ele>1920.034011</ele>
				<time>2021-11-29T16:07:33Z</time>
			</trkpt>
			<trkpt lat="39.34428" lon="-105.177114">
				<ele>1919.77169</ele>
				<time>2021-11-29T16:07:48Z</time>
			</trkpt>
			<trkpt lat="39.343942" lon="-105.177466">
				<ele>1919.52206</ele>
				<time>2021-11-29T16:08:02Z</time>
			</trkpt>
			<trkpt lat="39.34369" lon="-105.177844">
				<ele>1919.300062</ele>
				<time>2021-11-29T16:08:13Z</time>
			</trkpt>
			<trkpt lat="39.343457" lon="-105.178273">
				<ele>1919.284452</ele>
				<time>2021-11-29T16:08:26Z</time>
			</trkpt>
			<trkpt lat="39.343238" lon="-105.178582">
				<ele>1919.349282</ele>
				<time>2021-11-29T16:08:36Z</time>
			</trkpt>
			<trkpt lat="39.342987" lon="-105.178782">
				<ele>1919.40825</ele>
				<time>2021-11-29T16:08:47Z</time>
			</trkpt>
			<trkpt lat="39.342759" lon="-105.178859">
				<ele>1919.455382</ele>
				<time>2021-11-29T16:08:55Z</time>
			</trkpt>
			<trkpt lat="39.342687" lon="-105.178883">
				<ele>1919.470253</ele>
				<time>2021-11-29T16:08:58Z</time>
			</trkpt>
			<trkpt lat="39.342382" lon="-105.178857">
				<ele>1919.531388</ele>
				<time>2021-11-29T16:09:13Z</time>
			</trkpt>
			<trkpt lat="39.341934" lon="-105.178683">
				<ele>1920.519357</ele>
				<time>2021-11-29T16:09:40Z</time>
			</trkpt>
			<trkpt lat="39.341599" lon="-105.178462">
				<ele>1922.418297</ele>
				<time>2021-11-29T16:10:05Z</time>
			</trkpt>
			<trkpt lat="39.341188" lon="-105.178367">
				<ele>1924.526446</ele>
				<time>2021-11-29T16:10:35Z</time>
			</trkpt>
			<trkpt lat="39.340882" lon="-105.178367">
				<ele>1926.071524</ele>
				<time>2021-11-29T16:10:56Z</time>
			</trkpt>
			<trkpt lat="39.340205" lon="-105.178676">
				<ele>1928.659409</ele>
				<time>2021-11-29T16:11:40Z</time>
			</trkpt>
			<trkpt lat="39.339428" lon="-105.179243">
				<ele>1928.613384</ele>
				<time>2021-11-29T16:12:15Z</time>
			</trkpt>
			<trkpt lat="39.339136" lon="-105.179578">
				<ele>1928.593246</ele>
				<time>2021-11-29T16:12:27Z</time>
			</trkpt>
			<trkpt lat="39.338977" lon="-105.179938">
				<ele>1928.557303</ele>
				<time>2021-11-29T16:12:37Z</time>
			</trkpt>
			<trkpt lat="39.33887" lon="-105.180342">
				<ele>1927.729134</ele>
				<time>2021-11-29T16:12:47Z</time>
			</trkpt>
			<trkpt lat="39.338811" lon="-105.180968">
				<ele>1926.506111</ele>
				<time>2021-11-29T16:13:02Z</time>
			</trkpt>
			<trkpt lat="39.338638" lon="-105.181483">
				<ele>1925.417196</ele>
				<time>2021-11-29T16:13:15Z</time>
			</trkpt>
			<trkpt lat="39.338479" lon="-105.181784">
				<ele>1924.710282</ele>
				<time>2021-11-29T16:13:25Z</time>
			</trkpt>
			<trkpt lat="39.338339" lon="-105.181955">
				<ele>1924.227352</ele>
				<time>2021-11-29T16:13:31Z</time>
			</trkpt>
			<trkpt lat="39.338107" lon="-105.182127">
				<ele>1924.415922</ele>
				<time>2021-11-29T16:13:40Z</time>
			</trkpt>
			<trkpt lat="39.337271" lon="-105.182213">
				<ele>1925.854444</ele>
				<time>2021-11-29T16:14:14Z</time>
			</trkpt>
			<trkpt lat="39.337058" lon="-105.182359">
				<ele>1926.267971</ele>
				<time>2021-11-29T16:14:26Z</time>
			</trkpt>
			<trkpt lat="39.33666" lon="-105.182873">
				<ele>1927.262148</ele>
				<time>2021-11-29T16:15:01Z</time>
			</trkpt>
			<trkpt lat="39.336474" lon="-105.183062">
				<ele>1927.814992</ele>
				<time>2021-11-29T16:15:16Z</time>
			</trkpt>
			<trkpt lat="39.335777" lon="-105.183406">
				<ele>1929.558474</ele>
				<time>2021-11-29T16:15:57Z</time>
			</trkpt>
			<trkpt lat="39.335491" lon="-105.183577">
				<ele>1930.294844</ele>
				<time>2021-11-29T16:16:11Z</time>
			</trkpt>
			<trkpt lat="39.335232" lon="-105.183809">
				<ele>1931.031181</ele>
				<time>2021-11-29T16:16:24Z</time>
			</trkpt>
			<trkpt lat="39.334987" lon="-105.184221">
				<ele>1930.008103</ele>
				<time>2021-11-29T16:16:38Z</time>
			</trkpt>
			<trkpt lat="39.334832" lon="-105.184546">
				<ele>1928.496327</ele>
				<time>2021-11-29T16:16:47Z</time>
			</trkpt>
			<trkpt lat="39.33468" lon="-105.184935">
				<ele>1926.770721</ele>
				<time>2021-11-29T16:16:57Z</time>
			</trkpt>
			<trkpt lat="39.334548" lon="-105.185378">
				<ele>1924.891035</ele>
				<time>2021-11-29T16:17:07Z</time>
			</trkpt>
			<trkpt lat="39.334511" lon="-105.185842">
				<ele>1923.044119</ele>
				<time>2021-11-29T16:17:17Z</time>
			</trkpt>
			<trkpt lat="39.334515" lon="-105.186256">
				<ele>1921.342746</ele>
				<time>2021-11-29T16:17:25Z</time>
			</trkpt>
			<trkpt lat="39.334453" lon="-105.186714">
				<ele>1919.348079</ele>
				<time>2021-11-29T16:17:35Z</time>
			</trkpt>
			<trkpt lat="39.334297" lon="-105.187165">
				<ele>1917.228643</ele>
				<time>2021-11-29T16:17:45Z</time>
			</trkpt>
			<trkpt lat="39.33415" lon="-105.187309">
				<ele>1916.205714</ele>
				<time>2021-11-29T16:17:51Z</time>
			</trkpt>
			<trkpt lat="39.334004" lon="-105.187322">
				<ele>1915.394012</ele>
				<time>2021-11-29T16:17:55Z</time>
			</trkpt>
			<trkpt lat="39.333864" lon="-105.187286">
				<ele>1914.602298</ele>
				<time>2021-11-29T16:17:59Z</time>
			</trkpt>
			<trkpt lat="39.333647" lon="-105.187053">
				<ele>1913.037769</ele>
				<time>2021-11-29T16:18:08Z</time>
			</trkpt>
			<trkpt lat="39.333442" lon="-105.186627">
				<ele>1912.092834</ele>
				<time>2021-11-29T16:18:20Z</time>
			</trkpt>
			<trkpt lat="39.33335" lon="-105.186076">
				<ele>1911.944291</ele>
				<time>2021-11-29T16:18:35Z</time>
			</trkpt>
			<trkpt lat="39.333295" lon="-105.185346">
				<ele>1911.751013</ele>
				<time>2021-11-29T16:18:57Z</time>
			</trkpt>
			<trkpt lat="39.333234" lon="-105.184967">
				<ele>1911.649001</ele>
				<time>2021-11-29T16:19:09Z</time>
			</trkpt>
			<trkpt lat="39.333152" lon="-105.184682">
				<ele>1911.568871</ele>
				<time>2021-11-29T16:19:19Z</time>
			</trkpt>
			<trkpt lat="39.332981" lon="-105.184314">
				<ele>1912.467126</ele>
				<time>2021-11-29T16:19:32Z</time>
			</trkpt>
			<trkpt lat="39.331714" lon="-105.182215">
				<ele>1920.520117</ele>
				<time>2021-11-29T16:21:25Z</time>
			</trkpt>
			<trkpt lat="39.331549" lon="-105.181979">
				<ele>1922.08002</ele>
				<time>2021-11-29T16:21:44Z</time>
			</trkpt>
			<trkpt lat="39.331351" lon="-105.181754">
				<ele>1923.751185</ele>
				<time>2021-11-29T16:22:05Z</time>
			</trkpt>
			<trkpt lat="39.33108" lon="-105.18159">
				<ele>1925.648072</ele>
				<time>2021-11-29T16:22:29Z</time>
			</trkpt>
			<trkpt lat="39.330787" lon="-105.181516">
				<ele>1927.540638</ele>
				<time>2021-11-29T16:22:51Z</time>
			</trkpt>
			<trkpt lat="39.330426" lon="-105.181505">
				<ele>1928.920536</ele>
				<time>2021-11-29T16:23:17Z</time>
			</trkpt>
			<trkpt lat="39.329986" lon="-105.18167">
				<ele>1930.044223</ele>
				<time>2021-11-29T16:23:47Z</time>
			</trkpt>
			<trkpt lat="39.329627" lon="-105.181928">
				<ele>1931.05166</ele>
				<time>2021-11-29T16:24:08Z</time>
			</trkpt>
			<trkpt lat="39.329287" lon="-105.182326">
				<ele>1932.176653</ele>
				<time>2021-11-29T16:24:25Z</time>
			</trkpt>
			<trkpt lat="39.329063" lon="-105.182667">
				<ele>1932.382497</ele>
				<time>2021-11-29T16:24:36Z</time>
			</trkpt>
			<trkpt lat="39.328935" lon="-105.182953">
				<ele>1931.500397</ele>
				<time>2021-11-29T16:24:44Z</time>
			</trkpt>
			<trkpt lat="39.328865" lon="-105.1832">
				<ele>1930.798138</ele>
				<time>2021-11-29T16:24:50Z</time>
			</trkpt>
			<trkpt lat="39.328841" lon="-105.183412">
				<ele>1930.22615</ele>
				<time>2021-11-29T16:24:54Z</time>
			</trkpt>
			<trkpt lat="39.328827" lon="-105.184289">
				<ele>1927.884394</ele>
				<time>2021-11-29T16:25:15Z</time>
			</trkpt>
			<trkpt lat="39.3288" lon="-105.184606">
				<ele>1927.033009</ele>
				<time>2021-11-29T16:25:22Z</time>
			</trkpt>
			<trkpt lat="39.328705" lon="-105.184862">
				<ele>1926.27465</ele>
				<time>2021-11-29T16:25:29Z</time>
			</trkpt>
			<trkpt lat="39.328469" lon="-105.185234">
				<ele>1924.988597</ele>
				<time>2021-11-29T16:25:41Z</time>
			</trkpt>
			<trkpt lat="39.328331" lon="-105.18553">
				<ele>1924.064758</ele>
				<time>2021-11-29T16:25:49Z</time>
			</trkpt>
			<trkpt lat="39.328273" lon="-105.18576">
				<ele>1923.418099</ele>
				<time>2021-11-29T16:25:54Z</time>
			</trkpt>
			<trkpt lat="39.328172" lon="-105.186522">
				<ele>1921.351509</ele>
				<time>2021-11-29T16:26:12Z</time>
			</trkpt>
			<trkpt lat="39.328091" lon="-105.186862">
				<ele>1920.400525</ele>
				<time>2021-11-29T16:26:21Z</time>
			</trkpt>
			<trkpt lat="39.327985" lon="-105.187099">
				<ele>1919.747863</ele>
				<time>2021-11-29T16:26:27Z</time>
			</trkpt>
			<trkpt lat="39.327807" lon="-105.187291">
				<ele>1919.041888</ele>
				<time>2021-11-29T16:26:34Z</time>
			</trkpt>
			<trkpt lat="39.327697" lon="-105.187358">
				<ele>1918.671583</ele>
				<time>2021-11-29T16:26:38Z</time>
			</trkpt>
			<trkpt lat="39.327542" lon="-105.187404">
				<ele>1918.187279</ele>
				<time>2021-11-29T16:26:43Z</time>
			</trkpt>
			<trkpt lat="39.327326" lon="-105.18736">
				<ele>1917.521372</ele>
				<time>2021-11-29T16:26:49Z</time>
			</trkpt>
			<trkpt lat="39.327104" lon="-105.187192">
				<ele>1916.737993</ele>
				<time>2021-11-29T16:26:57Z</time>
			</trkpt>
			<trkpt lat="39.326874" lon="-105.18666">
				<ele>1915.302315</ele>
				<time>2021-11-29T16:27:11Z</time>
			</trkpt>
			<trkpt lat="39.326389" lon="-105.185693">
				<ele>1915.53268</ele>
				<time>2021-11-29T16:27:44Z</time>
			</trkpt>
			<trkpt lat="39.326246" lon="-105.185455">
				<ele>1915.743759</ele>
				<time>2021-11-29T16:27:55Z</time>
			</trkpt>
			<trkpt lat="39.326063" lon="-105.185242">
				<ele>1915.966726</ele>
				<time>2021-11-29T16:28:07Z</time>
			</trkpt>
			<trkpt lat="39.325767" lon="-105.185053">
				<ele>1916.265655</ele>
				<time>2021-11-29T16:28:22Z</time>
			</trkpt>
			<trkpt lat="39.325463" lon="-105.18496">
				<ele>1916.600672</ele>
				<time>2021-11-29T16:28:38Z</time>
			</trkpt>
			<trkpt lat="39.325246" lon="-105.184957">
				<ele>1916.961825</ele>
				<time>2021-11-29T16:28:48Z</time>
			</trkpt>
			<trkpt lat="39.324925" lon="-105.185031">
				<ele>1917.504463</ele>
				<time>2021-11-29T16:29:05Z</time>
			</trkpt>
			<trkpt lat="39.324321" lon="-105.185251">
				<ele>1918.548782</ele>
				<time>2021-11-29T16:29:34Z</time>
			</trkpt>
			<trkpt lat="39.323693" lon="-105.185504">
				<ele>1919.477272</ele>
				<time>2021-11-29T16:30:01Z</time>
			</trkpt>
			<trkpt lat="39.323443" lon="-105.185636">
				<ele>1919.470907</ele>
				<time>2021-11-29T16:30:11Z</time>
			</trkpt>
			<trkpt lat="39.322993" lon="-105.18594">
				<ele>1919.45894</ele>
				<time>2021-11-29T16:30:30Z</time>
			</trkpt>
			<trkpt lat="39.322417" lon="-105.186431">
				<ele>1919.442679</ele>
				<time>2021-11-29T16:30:55Z</time>
			</trkpt>
			<trkpt lat="39.321401" lon="-105.187302">
				<ele>1919.101144</ele>
				<time>2021-11-29T16:31:38Z</time>
			</trkpt>
			<trkpt lat="39.320979" lon="-105.187549">
				<ele>1918.943371</ele>
				<time>2021-11-29T16:31:55Z</time>
			</trkpt>
			<trkpt lat="39.320515" lon="-105.18773">
				<ele>1918.932753</ele>
				<time>2021-11-29T16:32:13Z</time>
			</trkpt>
			<trkpt lat="39.3198" lon="-105.187853">
				<ele>1919.506326</ele>
				<time>2021-11-29T16:32:41Z</time>
			</trkpt>
			<trkpt lat="39.318695" lon="-105.1881">
				<ele>1920.611784</ele>
				<time>2021-11-29T16:33:29Z</time>
			</trkpt>
			<trkpt lat="39.317954" lon="-105.188323">
				<ele>1922.119932</ele>
				<time>2021-11-29T16:34:07Z</time>
			</trkpt>
			<trkpt lat="39.317585" lon="-105.188405">
				<ele>1922.862121</ele>
				<time>2021-11-29T16:34:25Z</time>
			</trkpt>
			<trkpt lat="39.316929" lon="-105.188637">
				<ele>1924.058833</ele>
				<time>2021-11-29T16:34:56Z</time>
			</trkpt>
			<trkpt lat="39.31613" lon="-105.18935">
				<ele>1925.236068</ele>
				<time>2021-11-29T16:35:38Z</time>
			</trkpt>
			<trkpt lat="39.315551" lon="-105.189945">
				<ele>1926.121786</ele>
				<time>2021-11-29T16:36:08Z</time>
			</trkpt>
			<trkpt lat="39.313797" lon="-105.191524">
				<ele>1928.333182</ele>
				<time>2021-11-29T16:37:40Z</time>
			</trkpt>
			<trkpt lat="39.313533" lon="-105.19175">
				<ele>1928.570748</ele>
				<time>2021-11-29T16:37:54Z</time>
			</trkpt>
			<trkpt lat="39.313035" lon="-105.192029">
				<ele>1928.977955</ele>
				<time>2021-11-29T16:38:17Z</time>
			</trkpt>
			<trkpt lat="39.31287" lon="-105.192161">
				<ele>1929.123539</ele>
				<time>2021-11-29T16:38:25Z</time>
			</trkpt>
			<trkpt lat="39.312466" lon="-105.192589">
				<ele>1928.992789</ele>
				<time>2021-11-29T16:38:44Z</time>
			</trkpt>
			<trkpt lat="39.312298" lon="-105.192912">
				<ele>1928.518525</ele>
				<time>2021-11-29T16:38:54Z</time>
			</trkpt>
			<trkpt lat="39.311867" lon="-105.194386">
				<ele>1926.598378</ele>
				<time>2021-11-29T16:39:34Z</time>
			</trkpt>
			<trkpt lat="39.31162" lon="-105.19549">
				<ele>1925.25334</ele>
				<time>2021-11-29T16:40:02Z</time>
			</trkpt>
			<trkpt lat="39.311516" lon="-105.195771">
				<ele>1924.889734</ele>
				<time>2021-11-29T16:40:11Z</time>
			</trkpt>
			<trkpt lat="39.3114" lon="-105.196001">
				<ele>1924.569252</ele>
				<time>2021-11-29T16:40:18Z</time>
			</trkpt>
			<trkpt lat="39.310762" lon="-105.197005">
				<ele>1923.433941</ele>
				<time>2021-11-29T16:40:53Z</time>
			</trkpt>
			<trkpt lat="39.310444" lon="-105.197461">
				<ele>1923.082738</ele>
				<time>2021-11-29T16:41:09Z</time>
			</trkpt>
			<trkpt lat="39.310153" lon="-105.197735">
				<ele>1922.816525</ele>
				<time>2021-11-29T16:41:22Z</time>
			</trkpt>
			<trkpt lat="39.309577" lon="-105.198042">
				<ele>1922.468811</ele>
				<time>2021-11-29T16:41:44Z</time>
			</trkpt>
			<trkpt lat="39.30943" lon="-105.198138">
				<ele>1922.467047</ele>
				<time>2021-11-29T16:41:50Z</time>
			</trkpt>
			<trkpt lat="39.309002" lon="-105.198458">
				<ele>1922.461753</ele>
				<time>2021-11-29T16:42:01Z</time>
			</trkpt>
			<trkpt lat="39.3087" lon="-105.198631">
				<ele>1922.458215</ele>
				<time>2021-11-29T16:42:13Z</time>
			</trkpt>
			<trkpt lat="39.308325" lon="-105.19869">
				<ele>1922.45417</ele>
				<time>2021-11-29T16:42:28Z</time>
			</trkpt>
			<trkpt lat="39.308066" lon="-105.198722">
				<ele>1922.451384</ele>
				<time>2021-11-29T16:42:38Z</time>
			</trkpt>
			<trkpt lat="39.307556" lon="-105.198778">
				<ele>1922.521531</ele>
				<time>2021-11-29T16:42:58Z</time>
			</trkpt>
			<trkpt lat="39.306925" lon="-105.198842">
				<ele>1922.611324</ele>
				<time>2021-11-29T16:43:22Z</time>
			</trkpt>
			<trkpt lat="39.306584" lon="-105.198974">
				<ele>1922.661824</ele>
				<time>2021-11-29T16:43:35Z</time>
			</trkpt>
			<trkpt lat="39.306491" lon="-105.198981">
				<ele>1922.67504</ele>
				<time>2021-11-29T16:43:38Z</time>
			</trkpt>
			<trkpt lat="39.306356" lon="-105.198923">
				<ele>1922.695223</ele>
				<time>2021-11-29T16:43:44Z</time>
			</trkpt>
			<trkpt lat="39.306048" lon="-105.198647">
				<ele>1922.631165</ele>
				<time>2021-11-29T16:43:58Z</time>
			</trkpt>
			<trkpt lat="39.305816" lon="-105.198505">
				<ele>1922.565973</ele>
				<time>2021-11-29T16:44:07Z</time>
			</trkpt>
			<trkpt lat="39.30487" lon="-105.198356">
				<ele>1922.32395</ele>
				<time>2021-11-29T16:44:41Z</time>
			</trkpt>
			<trkpt lat="39.304615" lon="-105.198283">
				<ele>1922.257621</ele>
				<time>2021-11-29T16:44:51Z</time>
			</trkpt>
			<trkpt lat="39.304408" lon="-105.198158">
				<ele>1922.176535</ele>
				<time>2021-11-29T16:44:59Z</time>
			</trkpt>
			<trkpt lat="39.303742" lon="-105.197589">
				<ele>1921.88027</ele>
				<time>2021-11-29T16:45:28Z</time>
			</trkpt>
			<trkpt lat="39.303549" lon="-105.197496">
				<ele>1921.803834</ele>
				<time>2021-11-29T16:45:36Z</time>
			</trkpt>
			<trkpt lat="39.303375" lon="-105.197484">
				<ele>1921.739173</ele>
				<time>2021-11-29T16:45:42Z</time>
			</trkpt>
			<trkpt lat="39.303263" lon="-105.197514">
				<ele>1921.696728</ele>
				<time>2021-11-29T16:45:46Z</time>
			</trkpt>
			<trkpt lat="39.302936" lon="-105.197733">
				<ele>1921.574385</ele>
				<time>2021-11-29T16:45:59Z</time>
			</trkpt>
			<trkpt lat="39.30272" lon="-105.197919">
				<ele>1921.540531</ele>
				<time>2021-11-29T16:46:08Z</time>
			</trkpt>
			<trkpt lat="39.30251" lon="-105.19823">
				<ele>1921.498873</ele>
				<time>2021-11-29T16:46:20Z</time>
			</trkpt>
			<trkpt lat="39.302297" lon="-105.198747">
				<ele>1921.43976</ele>
				<time>2021-11-29T16:46:36Z</time>
			</trkpt>
			<trkpt lat="39.30229" lon="-105.198926">
				<ele>1921.421671</ele>
				<time>2021-11-29T16:46:41Z</time>
			</trkpt>
			<trkpt lat="39.302389" lon="-105.199291">
				<ele>1921.382635</ele>
				<time>2021-11-29T16:46:53Z</time>
			</trkpt>
			<trkpt lat="39.302418" lon="-105.199478">
				<ele>1921.363387</ele>
				<time>2021-11-29T16:46:58Z</time>
			</trkpt>
			<trkpt lat="39.302414" lon="-105.199668">
				<ele>1921.351888</ele>
				<time>2021-11-29T16:47:04Z</time>
			</trkpt>
			<trkpt lat="39.30236" lon="-105.199897">
				<ele>1921.383069</ele>
				<time>2021-11-29T16:47:11Z</time>
			</trkpt>
			<trkpt lat="39.301873" lon="-105.20091">
				<ele>1921.538402</ele>
				<time>2021-11-29T16:47:46Z</time>
			</trkpt>
			<trkpt lat="39.301764" lon="-105.201082">
				<ele>1921.567359</ele>
				<time>2021-11-29T16:47:53Z</time>
			</trkpt>
			<trkpt lat="39.301666" lon="-105.201184">
				<ele>1921.588539</ele>
				<time>2021-11-29T16:47:57Z</time>
			</trkpt>
			<trkpt lat="39.301485" lon="-105.201307">
				<ele>1921.622961</ele>
				<time>2021-11-29T16:48:05Z</time>
			</trkpt>
			<trkpt lat="39.301052" lon="-105.201491">
				<ele>1921.789831</ele>
				<time>2021-11-29T16:48:22Z</time>
			</trkpt>
			<trkpt lat="39.299923" lon="-105.201724">
				<ele>1922.33363</ele>
				<time>2021-11-29T16:49:07Z</time>
			</trkpt>
			<trkpt lat="39.299771" lon="-105.201828">
				<ele>1922.415435</ele>
				<time>2021-11-29T16:49:14Z</time>
			</trkpt>
			<trkpt lat="39.299669" lon="-105.201995">
				<ele>1922.493742</ele>
				<time>2021-11-29T16:49:21Z</time>
			</trkpt>
			<trkpt lat="39.299608" lon="-105.202217">
				<ele>1922.645226</ele>
				<time>2021-11-29T16:49:28Z</time>
			</trkpt>
			<trkpt lat="39.299608" lon="-105.202475">
				<ele>1922.822594</ele>
				<time>2021-11-29T16:49:37Z</time>
			</trkpt>
			<trkpt lat="39.299846" lon="-105.203216">
				<ele>1923.374148</ele>
				<time>2021-11-29T16:50:03Z</time>
			</trkpt>
			<trkpt lat="39.299911" lon="-105.203673">
				<ele>1923.693585</ele>
				<time>2021-11-29T16:50:18Z</time>
			</trkpt>
			<trkpt lat="39.300063" lon="-105.204346">
				<ele>1924.116105</ele>
				<time>2021-11-29T16:50:41Z</time>
			</trkpt>
			<trkpt lat="39.300082" lon="-105.20494">
				<ele>1924.186652</ele>
				<time>2021-11-29T16:50:59Z</time>
			</trkpt>
			<trkpt lat="39.299993" lon="-105.205462">
				<ele>1924.250081</ele>
				<time>2021-11-29T16:51:15Z</time>
			</trkpt>
			<trkpt lat="39.299885" lon="-105.205867">
				<ele>1924.300913</ele>
				<time>2021-11-29T16:51:27Z</time>
			</trkpt>
			<trkpt lat="39.299644" lon="-105.206519">
				<ele>1924.412282</ele>
				<time>2021-11-29T16:51:47Z</time>
			</trkpt>
			<trkpt lat="39.299399" lon="-105.206981">
				<ele>1924.717258</ele>
				<time>2021-11-29T16:52:03Z</time>
			</trkpt>
			<trkpt lat="39.299171" lon="-105.207312">
				<ele>1924.95856</ele>
				<time>2021-11-29T16:52:15Z</time>
			</trkpt>
			<trkpt lat="39.298943" lon="-105.207573">
				<ele>1925.172894</ele>
				<time>2021-11-29T16:52:27Z</time>
			</trkpt>
			<trkpt lat="39.298408" lon="-105.207979">
				<ele>1925.609474</ele>
				<time>2021-11-29T16:52:55Z</time>
			</trkpt>
			<trkpt lat="39.298156" lon="-105.208118">
				<ele>1926.409701</ele>
				<time>2021-11-29T16:53:08Z</time>
			</trkpt>
			<trkpt lat="39.297625" lon="-105.208277">
				<ele>1928.276125</ele>
				<time>2021-11-29T16:53:37Z</time>
			</trkpt>
			<trkpt lat="39.297172" lon="-105.208371">
				<ele>1929.847158</ele>
				<time>2021-11-29T16:54:02Z</time>
			</trkpt>
			<trkpt lat="39.296893" lon="-105.208355">
				<ele>1930.803449</ele>
				<time>2021-11-29T16:54:19Z</time>
			</trkpt>
			<trkpt lat="39.296662" lon="-105.208279">
				<ele>1931.619673</ele>
				<time>2021-11-29T16:54:34Z</time>
			</trkpt>
			<trkpt lat="39.296024" lon="-105.207973">
				<ele>1933.669349</ele>
				<time>2021-11-29T16:55:13Z</time>
			</trkpt>
			<trkpt lat="39.295574" lon="-105.207883">
				<ele>1935.024699</ele>
				<time>2021-11-29T16:55:37Z</time>
			</trkpt>
			<trkpt lat="39.295208" lon="-105.207721">
				<ele>1936.176218</ele>
				<time>2021-11-29T16:55:56Z</time>
			</trkpt>
			<trkpt lat="39.295067" lon="-105.207701">
				<ele>1936.598418</ele>
				<time>2021-11-29T16:56:03Z</time>
			</trkpt>
			<trkpt lat="39.294741" lon="-105.20772">
				<ele>1937.067407</ele>
				<time>2021-11-29T16:56:17Z</time>
			</trkpt>
			<trkpt lat="39.294073" lon="-105.207917">
				<ele>1936.620851</ele>
				<time>2021-11-29T16:56:44Z</time>
			</trkpt>
			<trkpt lat="39.293827" lon="-105.207898">
				<ele>1936.460237</ele>
				<time>2021-11-29T16:56:52Z</time>
			</trkpt>
			<trkpt lat="39.293559" lon="-105.207779">
				<ele>1936.275546</ele>
				<time>2021-11-29T16:57:02Z</time>
			</trkpt>
			<trkpt lat="39.293177" lon="-105.207557">
				<ele>1936.00256</ele>
				<time>2021-11-29T16:57:15Z</time>
			</trkpt>
			<trkpt lat="39.292919" lon="-105.207345">
				<ele>1935.300866</ele>
				<time>2021-11-29T16:57:25Z</time>
			</trkpt>
			<trkpt lat="39.292254" lon="-105.206696">
				<ele>1933.259205</ele>
				<time>2021-11-29T16:57:51Z</time>
			</trkpt>
			<trkpt lat="39.292023" lon="-105.206587">
				<ele>1932.656726</ele>
				<time>2021-11-29T16:57:58Z</time>
			</trkpt>
			<trkpt lat="39.291677" lon="-105.206564">
				<ele>1931.807945</ele>
				<time>2021-11-29T16:58:10Z</time>
			</trkpt>
			<trkpt lat="39.291498" lon="-105.206637">
				<ele>1931.605874</ele>
				<time>2021-11-29T16:58:16Z</time>
			</trkpt>
			<trkpt lat="39.291406" lon="-105.206727">
				<ele>1931.638876</ele>
				<time>2021-11-29T16:58:20Z</time>
			</trkpt>
			<trkpt lat="39.291242" lon="-105.207052">
				<ele>1931.724752</ele>
				<time>2021-11-29T16:58:30Z</time>
			</trkpt>
			<trkpt lat="39.291161" lon="-105.207151">
				<ele>1931.75664</ele>
				<time>2021-11-29T16:58:34Z</time>
			</trkpt>
			<trkpt lat="39.291083" lon="-105.20722">
				<ele>1931.783675</ele>
				<time>2021-11-29T16:58:38Z</time>
			</trkpt>
			<trkpt lat="39.290681" lon="-105.207536">
				<ele>1931.918249</ele>
				<time>2021-11-29T16:58:49Z</time>
			</trkpt>
			<trkpt lat="39.290382" lon="-105.20774">
				<ele>1932.014951</ele>
				<time>2021-11-29T16:59:04Z</time>
			</trkpt>
			<trkpt lat="39.289463" lon="-105.207985">
				<ele>1933.888612</ele>
				<time>2021-11-29T16:59:50Z</time>
			</trkpt>
			<trkpt lat="39.289011" lon="-105.208352">
				<ele>1935.331315</ele>
				<time>2021-11-29T17:00:17Z</time>
			</trkpt>
			<trkpt lat="39.288504" lon="-105.208515">
				<ele>1936.743265</ele>
				<time>2021-11-29T17:00:44Z</time>
			</trkpt>
			<trkpt lat="39.288168" lon="-105.208741">
				<ele>1938.004631</ele>
				<time>2021-11-29T17:01:05Z</time>
			</trkpt>
			<trkpt lat="39.28757" lon="-105.209292">
				<ele>1940.569945</ele>
				<time>2021-11-29T17:01:45Z</time>
			</trkpt>
			<trkpt lat="39.287371" lon="-105.209415">
				<ele>1941.340421</ele>
				<time>2021-11-29T17:01:57Z</time>
			</trkpt>
			<trkpt lat="39.287025" lon="-105.209512">
				<ele>1942.577002</ele>
				<time>2021-11-29T17:02:17Z</time>
			</trkpt>
			<trkpt lat="39.286534" lon="-105.209499">
				<ele>1944.027292</ele>
				<time>2021-11-29T17:02:44Z</time>
			</trkpt>
			<trkpt lat="39.285557" lon="-105.20939">
				<ele>1946.592966</ele>
				<time>2021-11-29T17:03:34Z</time>
			</trkpt>
			<trkpt lat="39.283485" lon="-105.209282">
				<ele>1950.275208</ele>
				<time>2021-11-29T17:05:07Z</time>
			</trkpt>
			<trkpt lat="39.283182" lon="-105.209286">
				<ele>1950.685099</ele>
				<time>2021-11-29T17:05:20Z</time>
			</trkpt>
			<trkpt lat="39.282889" lon="-105.209369">
				<ele>1950.923439</ele>
				<time>2021-11-29T17:05:33Z</time>
			</trkpt>
			<trkpt lat="39.28257" lon="-105.20953">
				<ele>1951.195562</ele>
				<time>2021-11-29T17:05:48Z</time>
			</trkpt>
			<trkpt lat="39.282257" lon="-105.209754">
				<ele>1951.479871</ele>
				<time>2021-11-29T17:06:02Z</time>
			</trkpt>
			<trkpt lat="39.282083" lon="-105.209818">
				<ele>1951.623621</ele>
				<time>2021-11-29T17:06:09Z</time>
			</trkpt>
			<trkpt lat="39.281849" lon="-105.209792">
				<ele>1951.810237</ele>
				<time>2021-11-29T17:06:18Z</time>
			</trkpt>
			<trkpt lat="39.281459" lon="-105.209587">
				<ele>1952.169324</ele>
				<time>2021-11-29T17:06:34Z</time>
			</trkpt>
			<trkpt lat="39.281311" lon="-105.209592">
				<ele>1952.322984</ele>
				<time>2021-11-29T17:06:40Z</time>
			</trkpt>
			<trkpt lat="39.281177" lon="-105.209707">
				<ele>1952.489951</ele>
				<time>2021-11-29T17:06:47Z</time>
			</trkpt>
			<trkpt lat="39.280863" lon="-105.210188">
				<ele>1952.995452</ele>
				<time>2021-11-29T17:07:09Z</time>
			</trkpt>
			<trkpt lat="39.280668" lon="-105.210381">
				<ele>1953.250407</ele>
				<time>2021-11-29T17:07:21Z</time>
			</trkpt>
			<trkpt lat="39.280453" lon="-105.210449">
				<ele>1953.480142</ele>
				<time>2021-11-29T17:07:31Z</time>
			</trkpt>
			<trkpt lat="39.279541" lon="-105.210578">
				<ele>1953.65506</ele>
				<time>2021-11-29T17:08:06Z</time>
			</trkpt>
			<trkpt lat="39.279316" lon="-105.210653">
				<ele>1953.521986</ele>
				<time>2021-11-29T17:08:15Z</time>
			</trkpt>
			<trkpt lat="39.279156" lon="-105.21074">
				<ele>1953.422571</ele>
				<time>2021-11-29T17:08:21Z</time>
			</trkpt>
			<trkpt lat="39.27854" lon="-105.211276">
				<ele>1952.997242</ele>
				<time>2021-11-29T17:08:47Z</time>
			</trkpt>
			<trkpt lat="39.277904" lon="-105.211927">
				<ele>1951.836629</ele>
				<time>2021-11-29T17:09:13Z</time>
			</trkpt>
			<trkpt lat="39.277429" lon="-105.212236">
				<ele>1950.957437</ele>
				<time>2021-11-29T17:09:30Z</time>
			</trkpt>
			<trkpt lat="39.276449" lon="-105.212742">
				<ele>1949.189668</ele>
				<time>2021-11-29T17:10:07Z</time>
			</trkpt>
			<trkpt lat="39.27631" lon="-105.212836">
				<ele>1948.921934</ele>
				<time>2021-11-29T17:10:12Z</time>
			</trkpt>
			<trkpt lat="39.276168" lon="-105.213">
				<ele>1948.596894</ele>
				<time>2021-11-29T17:10:19Z</time>
			</trkpt>
			<trkpt lat="39.275807" lon="-105.213623">
				<ele>1947.568896</ele>
				<time>2021-11-29T17:10:38Z</time>
			</trkpt>
			<trkpt lat="39.27557" lon="-105.213969">
				<ele>1946.958592</ele>
				<time>2021-11-29T17:10:50Z</time>
			</trkpt>
			<trkpt lat="39.274654" lon="-105.215077">
				<ele>1944.212954</ele>
				<time>2021-11-29T17:11:29Z</time>
			</trkpt>
			<trkpt lat="39.274366" lon="-105.215274">
				<ele>1943.492249</ele>
				<time>2021-11-29T17:11:40Z</time>
			</trkpt>
			<trkpt lat="39.27415" lon="-105.21534">
				<ele>1943.001376</ele>
				<time>2021-11-29T17:11:47Z</time>
			</trkpt>
			<trkpt lat="39.273918" lon="-105.21535">
				<ele>1942.774895</ele>
				<time>2021-11-29T17:11:55Z</time>
			</trkpt>
			<trkpt lat="39.273269" lon="-105.215185">
				<ele>1942.380274</ele>
				<time>2021-11-29T17:12:18Z</time>
			</trkpt>
			<trkpt lat="39.273017" lon="-105.215188">
				<ele>1942.229924</ele>
				<time>2021-11-29T17:12:28Z</time>
			</trkpt>
			<trkpt lat="39.2724" lon="-105.215401">
				<ele>1941.848904</ele>
				<time>2021-11-29T17:12:51Z</time>
			</trkpt>
			<trkpt lat="39.271811" lon="-105.215781">
				<ele>1941.40187</ele>
				<time>2021-11-29T17:13:15Z</time>
			</trkpt>
			<trkpt lat="39.271554" lon="-105.216021">
				<ele>1941.183489</ele>
				<time>2021-11-29T17:13:26Z</time>
			</trkpt>
			<trkpt lat="39.271366" lon="-105.216282">
				<ele>1940.993437</ele>
				<time>2021-11-29T17:13:35Z</time>
			</trkpt>
			<trkpt lat="39.270578" lon="-105.217732">
				<ele>1940.066463</ele>
				<time>2021-11-29T17:14:23Z</time>
			</trkpt>
			<trkpt lat="39.27033" lon="-105.218073">
				<ele>1939.825417</ele>
				<time>2021-11-29T17:14:36Z</time>
			</trkpt>
			<trkpt lat="39.270125" lon="-105.218237">
				<ele>1939.664946</ele>
				<time>2021-11-29T17:14:45Z</time>
			</trkpt>
			<trkpt lat="39.268933" lon="-105.218842">
				<ele>1938.82673</ele>
				<time>2021-11-29T17:15:30Z</time>
			</trkpt>
			<trkpt lat="39.268114" lon="-105.219248">
				<ele>1938.257633</ele>
				<time>2021-11-29T17:16:01Z</time>
			</trkpt>
			<trkpt lat="39.267939" lon="-105.219277">
				<ele>1938.169661</ele>
				<time>2021-11-29T17:16:07Z</time>
			</trkpt>
			<trkpt lat="39.267741" lon="-105.219234">
				<ele>1938.094852</ele>
				<time>2021-11-29T17:16:14Z</time>
			</trkpt>
			<trkpt lat="39.267585" lon="-105.219137">
				<ele>1938.030342</ele>
				<time>2021-11-29T17:16:20Z</time>
			</trkpt>
			<trkpt lat="39.267497" lon="-105.219046">
				<ele>1937.98834</ele>
				<time>2021-11-29T17:16:24Z</time>
			</trkpt>
			<trkpt lat="39.267066" lon="-105.218404">
				<ele>1937.743216</ele>
				<time>2021-11-29T17:16:48Z</time>
			</trkpt>
			<trkpt lat="39.266754" lon="-105.218028">
				<ele>1937.584224</ele>
				<time>2021-11-29T17:17:04Z</time>
			</trkpt>
			<trkpt lat="39.266497" lon="-105.217821">
				<ele>1937.596909</ele>
				<time>2021-11-29T17:17:15Z</time>
			</trkpt>
			<trkpt lat="39.266283" lon="-105.217754">
				<ele>1937.67615</ele>
				<time>2021-11-29T17:17:23Z</time>
			</trkpt>
			<trkpt lat="39.266129" lon="-105.217758">
				<ele>1937.73158</ele>
				<time>2021-11-29T17:17:29Z</time>
			</trkpt>
			<trkpt lat="39.264858" lon="-105.217985">
				<ele>1938.242082</ele>
				<time>2021-11-29T17:18:18Z</time>
			</trkpt>
			<trkpt lat="39.264739" lon="-105.218024">
				<ele>1938.485382</ele>
				<time>2021-11-29T17:18:24Z</time>
			</trkpt>
			<trkpt lat="39.264598" lon="-105.218142">
				<ele>1938.818336</ele>
				<time>2021-11-29T17:18:31Z</time>
			</trkpt>
			<trkpt lat="39.264528" lon="-105.218279">
				<ele>1939.070188</ele>
				<time>2021-11-29T17:18:37Z</time>
			</trkpt>
			<trkpt lat="39.264281" lon="-105.218784">
				<ele>1939.98669</ele>
				<time>2021-11-29T17:19:00Z</time>
			</trkpt>
			<trkpt lat="39.264172" lon="-105.218941">
				<ele>1940.310246</ele>
				<time>2021-11-29T17:19:08Z</time>
			</trkpt>
			<trkpt lat="39.263896" lon="-105.219229">
				<ele>1941.013406</ele>
				<time>2021-11-29T17:19:25Z</time>
			</trkpt>
			<trkpt lat="39.263742" lon="-105.219338">
				<ele>1941.361416</ele>
				<time>2021-11-29T17:19:34Z</time>
			</trkpt>
			<trkpt lat="39.263592" lon="-105.219385">
				<ele>1941.6673</ele>
				<time>2021-11-29T17:19:41Z</time>
			</trkpt>
			<trkpt lat="39.263271" lon="-105.219381">
				<ele>1942.19174</ele>
				<time>2021-11-29T17:19:57Z</time>
			</trkpt>
			<trkpt lat="39.262991" lon="-105.21935">
				<ele>1942.636852</ele>
				<time>2021-11-29T17:20:10Z</time>
			</trkpt>
			<trkpt lat="39.262693" lon="-105.219321">
				<ele>1943.110185</ele>
				<time>2021-11-29T17:20:24Z</time>
			</trkpt>
			<trkpt lat="39.262239" lon="-105.219337">
				<ele>1943.829533</ele>
				<time>2021-11-29T17:20:45Z</time>
			</trkpt>
			<trkpt lat="39.261796" lon="-105.219469">
				<ele>1944.549622</ele>
				<time>2021-11-29T17:21:03Z</time>
			</trkpt>
			<trkpt lat="39.261724" lon="-105.219502">
				<ele>1944.672523</ele>
				<time>2021-11-29T17:21:06Z</time>
			</trkpt>
			<trkpt lat="39.261539" lon="-105.219606">
				<ele>1945.000183</ele>
				<time>2021-11-29T17:21:14Z</time>
			</trkpt>
			<trkpt lat="39.261313" lon="-105.219793">
				<ele>1945.436058</ele>
				<time>2021-11-29T17:21:25Z</time>
			</trkpt>
			<trkpt lat="39.261107" lon="-105.220073">
				<ele>1945.92172</ele>
				<time>2021-11-29T17:21:38Z</time>
			</trkpt>
			<trkpt lat="39.260916" lon="-105.220505">
				<ele>1946.547234</ele>
				<time>2021-11-29T17:21:55Z</time>
			</trkpt>
			<trkpt lat="39.260753" lon="-105.221043">
				<ele>1947.273658</ele>
				<time>2021-11-29T17:22:18Z</time>
			</trkpt>
			<trkpt lat="39.26068" lon="-105.221403">
				<ele>1947.771677</ele>
				<time>2021-11-29T17:22:33Z</time>
			</trkpt>
			<trkpt lat="39.260642" lon="-105.221747">
				<ele>1948.267068</ele>
				<time>2021-11-29T17:22:46Z</time>
			</trkpt>
			<trkpt lat="39.260587" lon="-105.222856">
				<ele>1949.851359</ele>
				<time>2021-11-29T17:23:26Z</time>
			</trkpt>
			<trkpt lat="39.260656" lon="-105.223209">
				<ele>1950.370404</ele>
				<time>2021-11-29T17:23:39Z</time>
			</trkpt>
			<trkpt lat="39.261003" lon="-105.224138">
				<ele>1951.116683</ele>
				<time>2021-11-29T17:24:12Z</time>
			</trkpt>
			<trkpt lat="39.26104" lon="-105.224314">
				<ele>1951.19069</ele>
				<time>2021-11-29T17:24:18Z</time>
			</trkpt>
			<trkpt lat="39.261042" lon="-105.22444">
				<ele>1951.241832</ele>
				<time>2021-11-29T17:24:21Z</time>
			</trkpt>
			<trkpt lat="39.261016" lon="-105.224587">
				<ele>1951.303021</ele>
				<time>2021-11-29T17:24:26Z</time>
			</trkpt>
			<trkpt lat="39.260864" lon="-105.225025">
				<ele>1951.497799</ele>
				<time>2021-11-29T17:24:40Z</time>
			</trkpt>
			<trkpt lat="39.260675" lon="-105.225403">
				<ele>1951.680396</ele>
				<time>2021-11-29T17:24:53Z</time>
			</trkpt>
			<trkpt lat="39.260473" lon="-105.225623">
				<ele>1951.778935</ele>
				<time>2021-11-29T17:25:03Z</time>
			</trkpt>
			<trkpt lat="39.260281" lon="-105.225723">
				<ele>1951.796534</ele>
				<time>2021-11-29T17:25:12Z</time>
			</trkpt>
			<trkpt lat="39.260146" lon="-105.225753">
				<ele>1951.80818</ele>
				<time>2021-11-29T17:25:17Z</time>
			</trkpt>
			<trkpt lat="39.259837" lon="-105.225725">
				<ele>1951.834513</ele>
				<time>2021-11-29T17:25:31Z</time>
			</trkpt>
			<trkpt lat="39.259476" lon="-105.225589">
				<ele>1951.866482</ele>
				<time>2021-11-29T17:25:45Z</time>
			</trkpt>
			<trkpt lat="39.259321" lon="-105.225451">
				<ele>1951.882486</ele>
				<time>2021-11-29T17:25:52Z</time>
			</trkpt>
			<trkpt lat="39.259247" lon="-105.22531">
				<ele>1951.893699</ele>
				<time>2021-11-29T17:25:57Z</time>
			</trkpt>
			<trkpt lat="39.259053" lon="-105.224751">
				<ele>1951.919222</ele>
				<time>2021-11-29T17:26:13Z</time>
			</trkpt>
			<trkpt lat="39.258822" lon="-105.224317">
				<ele>1951.902138</ele>
				<time>2021-11-29T17:26:27Z</time>
			</trkpt>
			<trkpt lat="39.258519" lon="-105.223921">
				<ele>1951.884078</ele>
				<time>2021-11-29T17:26:42Z</time>
			</trkpt>
			<trkpt lat="39.258415" lon="-105.223825">
				<ele>1951.878722</ele>
				<time>2021-11-29T17:26:47Z</time>
			</trkpt>
			<trkpt lat="39.258229" lon="-105.223721">
				<ele>1951.87023</ele>
				<time>2021-11-29T17:26:54Z</time>
			</trkpt>
			<trkpt lat="39.257959" lon="-105.223685">
				<ele>1951.858859</ele>
				<time>2021-11-29T17:27:04Z</time>
			</trkpt>
			<trkpt lat="39.257295" lon="-105.223803">
				<ele>1953.70344</ele>
				<time>2021-11-29T17:27:36Z</time>
			</trkpt>
			<trkpt lat="39.256796" lon="-105.223825">
				<ele>1955.861801</ele>
				<time>2021-11-29T17:28:09Z</time>
			</trkpt>
			<trkpt lat="39.256609" lon="-105.223873">
				<ele>1956.685987</ele>
				<time>2021-11-29T17:28:23Z</time>
			</trkpt>
			<trkpt lat="39.25638" lon="-105.223973">
				<ele>1957.730981</ele>
				<time>2021-11-29T17:28:38Z</time>
			</trkpt>
			<trkpt lat="39.256105" lon="-105.224166">
				<ele>1959.083963</ele>
				<time>2021-11-29T17:28:58Z</time>
			</trkpt>
			<trkpt lat="39.255825" lon="-105.224485">
				<ele>1959.946887</ele>
				<time>2021-11-29T17:29:14Z</time>
			</trkpt>
			<trkpt lat="39.255744" lon="-105.224647">
				<ele>1960.140928</ele>
				<time>2021-11-29T17:29:22Z</time>
			</trkpt>
			<trkpt lat="39.255721" lon="-105.224752">
				<ele>1960.250729</ele>
				<time>2021-11-29T17:29:27Z</time>
			</trkpt>
			<trkpt lat="39.255724" lon="-105.225153">
				<ele>1960.65425</ele>
				<time>2021-11-29T17:29:42Z</time>
			</trkpt>
			<trkpt lat="39.255808" lon="-105.225529">
				<ele>1961.048028</ele>
				<time>2021-11-29T17:29:56Z</time>
			</trkpt>
			<trkpt lat="39.256068" lon="-105.226029">
				<ele>1961.654067</ele>
				<time>2021-11-29T17:30:14Z</time>
			</trkpt>
			<trkpt lat="39.256111" lon="-105.226158">
				<ele>1961.795388</ele>
				<time>2021-11-29T17:30:18Z</time>
			</trkpt>
			<trkpt lat="39.256108" lon="-105.226462">
				<ele>1961.773421</ele>
				<time>2021-11-29T17:30:25Z</time>
			</trkpt>
			<trkpt lat="39.25604" lon="-105.226687">
				<ele>1961.447043</ele>
				<time>2021-11-29T17:30:30Z</time>
			</trkpt>
			<trkpt lat="39.255894" lon="-105.226962">
				<ele>1960.996479</ele>
				<time>2021-11-29T17:30:38Z</time>
			</trkpt>
			<trkpt lat="39.25568" lon="-105.227133">
				<ele>1960.557317</ele>
				<time>2021-11-29T17:30:46Z</time>
			</trkpt>
			<trkpt lat="39.255467" lon="-105.227195">
				<ele>1960.176282</ele>
				<time>2021-11-29T17:30:53Z</time>
			</trkpt>
			<trkpt lat="39.254871" lon="-105.227232">
				<ele>1959.134989</ele>
				<time>2021-11-29T17:31:13Z</time>
			</trkpt>
			<trkpt lat="39.254488" lon="-105.227241">
				<ele>1959.167776</ele>
				<time>2021-11-29T17:31:28Z</time>
			</trkpt>
			<trkpt lat="39.254111" lon="-105.227139">
				<ele>1959.819676</ele>
				<time>2021-11-29T17:31:44Z</time>
			</trkpt>
			<trkpt lat="39.254176" lon="-105.227305">
				<ele>1960.063457</ele>
				<time>2021-11-29T17:31:48Z</time>
			</trkpt>
			<trkpt lat="39.25423" lon="-105.227622">
				<ele>1960.488828</ele>
				<time>2021-11-29T17:31:56Z</time>
			</trkpt>
			<trkpt lat="39.254198" lon="-105.229237">
				<ele>1962.880872</ele>
				<time>2021-11-29T17:32:42Z</time>
			</trkpt>
			<trkpt lat="39.25411" lon="-105.231097">
				<ele>1966.091529</ele>
				<time>2021-11-29T17:33:30Z</time>
			</trkpt>
			<trkpt lat="39.254145" lon="-105.231486">
				<ele>1966.275819</ele>
				<time>2021-11-29T17:33:39Z</time>
			</trkpt>
			<trkpt lat="39.254218" lon="-105.231754">
				<ele>1966.409511</ele>
				<time>2021-11-29T17:33:45Z</time>
			</trkpt>
			<trkpt lat="39.254427" lon="-105.232163">
				<ele>1966.640111</ele>
				<time>2021-11-29T17:33:55Z</time>
			</trkpt>
			<trkpt lat="39.255262" lon="-105.233295">
				<ele>1967.266425</ele>
				<time>2021-11-29T17:34:21Z</time>
			</trkpt>
			<trkpt lat="39.25582" lon="-105.234115">
				<ele>1967.546545</ele>
				<time>2021-11-29T17:34:39Z</time>
			</trkpt>
			<trkpt lat="39.255873" lon="-105.234232">
				<ele>1967.581328</ele>
				<time>2021-11-29T17:34:42Z</time>
			</trkpt>
			<trkpt lat="39.255915" lon="-105.234435">
				<ele>1967.635245</ele>
				<time>2021-11-29T17:34:46Z</time>
			</trkpt>
			<trkpt lat="39.25592" lon="-105.234686">
				<ele>1967.699674</ele>
				<time>2021-11-29T17:34:52Z</time>
			</trkpt>
			<trkpt lat="39.255843" lon="-105.235029">
				<ele>1968.202127</ele>
				<time>2021-11-29T17:35:01Z</time>
			</trkpt>
			<trkpt lat="39.255808" lon="-105.235112">
				<ele>1968.392336</ele>
				<time>2021-11-29T17:35:03Z</time>
			</trkpt>
			<trkpt lat="39.255696" lon="-105.235246">
				<ele>1968.789165</ele>
				<time>2021-11-29T17:35:08Z</time>
			</trkpt>
			<trkpt lat="39.254715" lon="-105.235908">
				<ele>1971.666046</ele>
				<time>2021-11-29T17:35:46Z</time>
			</trkpt>
			<trkpt lat="39.254466" lon="-105.235975">
				<ele>1972.327132</ele>
				<time>2021-11-29T17:35:57Z</time>
			</trkpt>
			<trkpt lat="39.254258" lon="-105.235925">
				<ele>1973.180731</ele>
				<time>2021-11-29T17:36:06Z</time>
			</trkpt>
			<trkpt lat="39.253968" lon="-105.2358">
				<ele>1974.487911</ele>
				<time>2021-11-29T17:36:20Z</time>
			</trkpt>
			<trkpt lat="39.253702" lon="-105.235797">
				<ele>1975.625276</ele>
				<time>2021-11-29T17:36:31Z</time>
			</trkpt>
			<trkpt lat="39.253518" lon="-105.235891">
				<ele>1976.471317</ele>
				<time>2021-11-29T17:36:40Z</time>
			</trkpt>
			<trkpt lat="39.253414" lon="-105.23601">
				<ele>1977.065421</ele>
				<time>2021-11-29T17:36:45Z</time>
			</trkpt>
			<trkpt lat="39.253273" lon="-105.23627">
				<ele>1978.116358</ele>
				<time>2021-11-29T17:36:56Z</time>
			</trkpt>
			<trkpt lat="39.25237" lon="-105.238103">
				<ele>1987.578242</ele>
				<time>2021-11-29T17:38:16Z</time>
			</trkpt>
			<trkpt lat="39.252127" lon="-105.238731">
				<ele>1990.914401</ele>
				<time>2021-11-29T17:38:49Z</time>
			</trkpt>
			<trkpt lat="39.25206" lon="-105.239057">
				<ele>1993.245583</ele>
				<time>2021-11-29T17:39:07Z</time>
			</trkpt>
			<trkpt lat="39.252054" lon="-105.239429">
				<ele>1995.945093</ele>
				<time>2021-11-29T17:39:26Z</time>
			</trkpt>
			<trkpt lat="39.252184" lon="-105.240149">
				<ele>2001.308929</ele>
				<time>2021-11-29T17:40:06Z</time>
			</trkpt>
			<trkpt lat="39.252176" lon="-105.240398">
				<ele>2003.117018</ele>
				<time>2021-11-29T17:40:20Z</time>
			</trkpt>
			<trkpt lat="39.252142" lon="-105.240502">
				<ele>2003.936041</ele>
				<time>2021-11-29T17:40:26Z</time>
			</trkpt>
			<trkpt lat="39.252026" lon="-105.240689">
				<ele>2005.67439</ele>
				<time>2021-11-29T17:40:40Z</time>
			</trkpt>
			<trkpt lat="39.251881" lon="-105.240815">
				<ele>2007.311846</ele>
				<time>2021-11-29T17:40:53Z</time>
			</trkpt>
			<trkpt lat="39.251602" lon="-105.24093">
				<ele>2009.939504</ele>
				<time>2021-11-29T17:41:14Z</time>
			</trkpt>
			<trkpt lat="39.250412" lon="-105.24124">
				<ele>2020.674461</ele>
				<time>2021-11-29T17:42:39Z</time>
			</trkpt>
			<trkpt lat="39.250006" lon="-105.241251">
				<ele>2023.953526</ele>
				<time>2021-11-29T17:43:03Z</time>
			</trkpt>
			<trkpt lat="39.24971" lon="-105.241202">
				<ele>2024.392737</ele>
				<time>2021-11-29T17:43:19Z</time>
			</trkpt>
			<trkpt lat="39.249468" lon="-105.241106">
				<ele>2024.765335</ele>
				<time>2021-11-29T17:43:30Z</time>
			</trkpt>
			<trkpt lat="39.249001" lon="-105.240729">
				<ele>2025.575914</ele>
				<time>2021-11-29T17:43:47Z</time>
			</trkpt>
			<trkpt lat="39.248642" lon="-105.240543">
				<ele>2026.145225</ele>
				<time>2021-11-29T17:43:55Z</time>
			</trkpt>
			<trkpt lat="39.248407" lon="-105.240516">
				<ele>2026.49246</ele>
				<time>2021-11-29T17:43:59Z</time>
			</trkpt>
			<trkpt lat="39.247504" lon="-105.240659">
				<ele>2020.55402</ele>
				<time>2021-11-29T17:44:13Z</time>
			</trkpt>
			<trkpt lat="39.2471" lon="-105.240844">
				<ele>2017.634062</ele>
				<time>2021-11-29T17:44:19Z</time>
			</trkpt>
			<trkpt lat="39.245981" lon="-105.24151">
				<ele>2009.840046</ele>
				<time>2021-11-29T17:44:37Z</time>
			</trkpt>
			<trkpt lat="39.245839" lon="-105.24166">
				<ele>2008.738756</ele>
				<time>2021-11-29T17:44:40Z</time>
			</trkpt>
			<trkpt lat="39.245605" lon="-105.242103">
				<ele>2006.245905</ele>
				<time>2021-11-29T17:44:47Z</time>
			</trkpt>
			<trkpt lat="39.245468" lon="-105.242225">
				<ele>2005.246913</ele>
				<time>2021-11-29T17:44:49Z</time>
			</trkpt>
			<trkpt lat="39.245288" lon="-105.242302">
				<ele>2004.108656</ele>
				<time>2021-11-29T17:44:52Z</time>
			</trkpt>
			<trkpt lat="39.244821" lon="-105.24239">
				<ele>2002.859393</ele>
				<time>2021-11-29T17:45:01Z</time>
			</trkpt>
			<trkpt lat="39.244682" lon="-105.242486">
				<ele>2002.590155</ele>
				<time>2021-11-29T17:45:04Z</time>
			</trkpt>
			<trkpt lat="39.244607" lon="-105.242588">
				<ele>2002.404109</ele>
				<time>2021-11-29T17:45:06Z</time>
			</trkpt>
			<trkpt lat="39.244547" lon="-105.24273">
				<ele>2002.19014</ele>
				<time>2021-11-29T17:45:08Z</time>
			</trkpt>
			<trkpt lat="39.244483" lon="-105.242988">
				<ele>2001.831789</ele>
				<time>2021-11-29T17:45:12Z</time>
			</trkpt>
			<trkpt lat="39.244442" lon="-105.243694">
				<ele>2000.895298</ele>
				<time>2021-11-29T17:45:23Z</time>
			</trkpt>
			<trkpt lat="39.244307" lon="-105.245173">
				<ele>1999.758391</ele>
				<time>2021-11-29T17:45:47Z</time>
			</trkpt>
			<trkpt lat="39.24425" lon="-105.245489">
				<ele>1999.568863</ele>
				<time>2021-11-29T17:45:52Z</time>
			</trkpt>
			<trkpt lat="39.244189" lon="-105.245644">
				<ele>1999.467302</ele>
				<time>2021-11-29T17:45:55Z</time>
			</trkpt>
			<trkpt lat="39.244019" lon="-105.245874">
				<ele>1999.281583</ele>
				<time>2021-11-29T17:46:00Z</time>
			</trkpt>
			<trkpt lat="39.243776" lon="-105.245988">
				<ele>1999.086577</ele>
				<time>2021-11-29T17:46:05Z</time>
			</trkpt>
			<trkpt lat="39.24359" lon="-105.246005">
				<ele>1998.929812</ele>
				<time>2021-11-29T17:46:09Z</time>
			</trkpt>
			<trkpt lat="39.243121" lon="-105.245941">
				<ele>1998.524048</ele>
				<time>2021-11-29T17:46:18Z</time>
			</trkpt>
			<trkpt lat="39.242946" lon="-105.245976">
				<ele>1998.371687</ele>
				<time>2021-11-29T17:46:22Z</time>
			</trkpt>
			<trkpt lat="39.242784" lon="-105.246084">
				<ele>1998.214824</ele>
				<time>2021-11-29T17:46:26Z</time>
			</trkpt>
			<trkpt lat="39.242689" lon="-105.246197">
				<ele>1998.103693</ele>
				<time>2021-11-29T17:46:28Z</time>
			</trkpt>
			<trkpt lat="39.242595" lon="-105.246421">
				<ele>1997.93393</ele>
				<time>2021-11-29T17:46:32Z</time>
			</trkpt>
			<trkpt lat="39.242579" lon="-105.246515">
				<ele>1997.869799</ele>
				<time>2021-11-29T17:46:34Z</time>
			</trkpt>
			<trkpt lat="39.24259" lon="-105.246792">
				<ele>1997.68498</ele>
				<time>2021-11-29T17:46:38Z</time>
			</trkpt>
			<trkpt lat="39.242682" lon="-105.247115">
				<ele>1997.383328</ele>
				<time>2021-11-29T17:46:43Z</time>
			</trkpt>
			<trkpt lat="39.243193" lon="-105.248243">
				<ele>1995.414459</ele>
				<time>2021-11-29T17:47:03Z</time>
			</trkpt>
			<trkpt lat="39.244111" lon="-105.250397">
				<ele>1989.489474</ele>
				<time>2021-11-29T17:47:36Z</time>
			</trkpt>
			<trkpt lat="39.244296" lon="-105.250986">
				<ele>1987.608746</ele>
				<time>2021-11-29T17:47:44Z</time>
			</trkpt>
			<trkpt lat="39.244333" lon="-105.251322">
				<ele>1986.550704</ele>
				<time>2021-11-29T17:47:48Z</time>
			</trkpt>
			<trkpt lat="39.244334" lon="-105.251722">
				<ele>1985.248546</ele>
				<time>2021-11-29T17:47:53Z</time>
			</trkpt>
			<trkpt lat="39.244295" lon="-105.252081">
				<ele>1984.068423</ele>
				<time>2021-11-29T17:47:57Z</time>
			</trkpt>
			<trkpt lat="39.244199" lon="-105.252509">
				<ele>1982.61786</ele>
				<time>2021-11-29T17:48:03Z</time>
			</trkpt>
			<trkpt lat="39.243979" lon="-105.253339">
				<ele>1979.762017</ele>
				<time>2021-11-29T17:48:14Z</time>
			</trkpt>
			<trkpt lat="39.243869" lon="-105.253629">
				<ele>1979.601964</ele>
				<time>2021-11-29T17:48:18Z</time>
			</trkpt>
			<trkpt lat="39.243737" lon="-105.253844">
				<ele>1979.623117</ele>
				<time>2021-11-29T17:48:22Z</time>
			</trkpt>
			<trkpt lat="39.243553" lon="-105.254019">
				<ele>1979.645868</ele>
				<time>2021-11-29T17:48:27Z</time>
			</trkpt>
			<trkpt lat="39.243324" lon="-105.254165">
				<ele>1979.671293</ele>
				<time>2021-11-29T17:48:32Z</time>
			</trkpt>
			<trkpt lat="39.242703" lon="-105.254487">
				<ele>1979.737913</ele>
				<time>2021-11-29T17:48:51Z</time>
			</trkpt>
			<trkpt lat="39.242325" lon="-105.25473">
				<ele>1980.446924</ele>
				<time>2021-11-29T17:49:08Z</time>
			</trkpt>
			<trkpt lat="39.241779" lon="-105.255215">
				<ele>1982.764384</ele>
				<time>2021-11-29T17:49:35Z</time>
			</trkpt>
			<trkpt lat="39.241675" lon="-105.255354">
				<ele>1983.287805</ele>
				<time>2021-11-29T17:49:41Z</time>
			</trkpt>
			<trkpt lat="39.241613" lon="-105.255524">
				<ele>1983.796702</ele>
				<time>2021-11-29T17:49:47Z</time>
			</trkpt>
			<trkpt lat="39.241598" lon="-105.255709">
				<ele>1984.300468</ele>
				<time>2021-11-29T17:49:53Z</time>
			</trkpt>
			<trkpt lat="39.241631" lon="-105.25593">
				<ele>1984.910015</ele>
				<time>2021-11-29T17:50:01Z</time>
			</trkpt>
			<trkpt lat="39.242151" lon="-105.257716">
				<ele>1989.928768</ele>
				<time>2021-11-29T17:50:59Z</time>
			</trkpt>
			<trkpt lat="39.242185" lon="-105.257861">
				<ele>1990.32392</ele>
				<time>2021-11-29T17:51:03Z</time>
			</trkpt>
			<trkpt lat="39.24221" lon="-105.258187">
				<ele>1991.178371</ele>
				<time>2021-11-29T17:51:13Z</time>
			</trkpt>
			<trkpt lat="39.24218" lon="-105.258466">
				<ele>1991.913055</ele>
				<time>2021-11-29T17:51:22Z</time>
			</trkpt>
			<trkpt lat="39.242104" lon="-105.258706">
				<ele>1992.747345</ele>
				<time>2021-11-29T17:51:29Z</time>
			</trkpt>
			<trkpt lat="39.241763" lon="-105.259335">
				<ele>1995.406471</ele>
				<time>2021-11-29T17:51:51Z</time>
			</trkpt>
			<trkpt lat="39.241675" lon="-105.259612">
				<ele>1996.443397</ele>
				<time>2021-11-29T17:52:01Z</time>
			</trkpt>
			<trkpt lat="39.241656" lon="-105.259781">
				<ele>1997.034841</ele>
				<time>2021-11-29T17:52:06Z</time>
			</trkpt>
			<trkpt lat="39.241663" lon="-105.259987">
				<ele>1997.748981</ele>
				<time>2021-11-29T17:52:14Z</time>
			</trkpt>
			<trkpt lat="39.241867" lon="-105.261079">
				<ele>2002.846228</ele>
				<time>2021-11-29T17:53:01Z</time>
			</trkpt>
			<trkpt lat="39.24173" lon="-105.261134">
				<ele>2004.007836</ele>
				<time>2021-11-29T17:53:12Z</time>
			</trkpt>
			<trkpt lat="39.241684" lon="-105.261191">
				<ele>2004.524041</ele>
				<time>2021-11-29T17:53:17Z</time>
			</trkpt>
			<trkpt lat="39.241694" lon="-105.261702">
				<ele>2007.729372</ele>
				<time>2021-11-29T17:53:47Z</time>
			</trkpt>
			<trkpt lat="39.241594" lon="-105.262094">
				<ele>2010.317383</ele>
				<time>2021-11-29T17:54:12Z</time>
			</trkpt>
			<trkpt lat="39.24132" lon="-105.262952">
				<ele>2016.206228</ele>
				<time>2021-11-29T17:55:14Z</time>
			</trkpt>
			<trkpt lat="39.240489" lon="-105.264624">
				<ele>2029.269373</ele>
				<time>2021-11-29T17:57:19Z</time>
			</trkpt>
			<trkpt lat="39.240458" lon="-105.264938">
				<ele>2030.617656</ele>
				<time>2021-11-29T17:57:36Z</time>
			</trkpt>
			<trkpt lat="39.240535" lon="-105.26544">
				<ele>2032.177875</ele>
				<time>2021-11-29T17:58:02Z</time>
			</trkpt>
			<trkpt lat="39.240915" lon="-105.266497">
				<ele>2035.730691</ele>
				<time>2021-11-29T17:58:48Z</time>
			</trkpt>
			<trkpt lat="39.240972" lon="-105.266707">
				<ele>2036.409113</ele>
				<time>2021-11-29T17:58:56Z</time>
			</trkpt>
			<trkpt lat="39.24098" lon="-105.266875">
				<ele>2036.922274</ele>
				<time>2021-11-29T17:59:01Z</time>
			</trkpt>
			<trkpt lat="39.240939" lon="-105.267208">
				<ele>2038.576252</ele>
				<time>2021-11-29T17:59:13Z</time>
			</trkpt>
			<trkpt lat="39.240972" lon="-105.26746">
				<ele>2039.90593</ele>
				<time>2021-11-29T17:59:23Z</time>
			</trkpt>
			<trkpt lat="39.241057" lon="-105.267561">
				<ele>2040.681909</ele>
				<time>2021-11-29T17:59:30Z</time>
			</trkpt>
			<trkpt lat="39.241463" lon="-105.267693">
				<ele>2043.494351</ele>
				<time>2021-11-29T17:59:57Z</time>
			</trkpt>
			<trkpt lat="39.241884" lon="-105.268057">
				<ele>2046.897917</ele>
				<time>2021-11-29T18:00:36Z</time>
			</trkpt>
			<trkpt lat="39.242157" lon="-105.268457">
				<ele>2050.471292</ele>
				<time>2021-11-29T18:01:14Z</time>
			</trkpt>
			<trkpt lat="39.242383" lon="-105.268907">
				<ele>2057.510578</ele>
				<time>2021-11-29T18:01:57Z</time>
			</trkpt>
			<trkpt lat="39.242468" lon="-105.269189">
				<ele>2061.482206</ele>
				<time>2021-11-29T18:02:25Z</time>
			</trkpt>
			<trkpt lat="39.242653" lon="-105.270391">
				<ele>2077.566716</ele>
				<time>2021-11-29T18:04:34Z</time>
			</trkpt>
			<trkpt lat="39.24268" lon="-105.270683">
				<ele>2081.340145</ele>
				<time>2021-11-29T18:05:07Z</time>
			</trkpt>
			<trkpt lat="39.242641" lon="-105.271407">
				<ele>2090.408836</ele>
				<time>2021-11-29T18:06:22Z</time>
			</trkpt>
			<trkpt lat="39.242522" lon="-105.271634">
				<ele>2093.834058</ele>
				<time>2021-11-29T18:06:49Z</time>
			</trkpt>
			<trkpt lat="39.242365" lon="-105.271844">
				<ele>2097.481305</ele>
				<time>2021-11-29T18:07:15Z</time>
			</trkpt>
			<trkpt lat="39.241943" lon="-105.272158">
				<ele>2105.339637</ele>
				<time>2021-11-29T18:08:08Z</time>
			</trkpt>
			<trkpt lat="39.241691" lon="-105.273107">
				<ele>2112.525287</ele>
				<time>2021-11-29T18:09:18Z</time>
			</trkpt>
			<trkpt lat="39.241636" lon="-105.273579">
				<ele>2115.031531</ele>
				<time>2021-11-29T18:09:44Z</time>
			</trkpt>
			<trkpt lat="39.241511" lon="-105.273948">
				<ele>2117.146286</ele>
				<time>2021-11-29T18:10:02Z</time>
			</trkpt>
			<trkpt lat="39.241491" lon="-105.274169">
				<ele>2118.314598</ele>
				<time>2021-11-29T18:10:11Z</time>
			</trkpt>
			<trkpt lat="39.241444" lon="-105.274291">
				<ele>2119.030064</ele>
				<time>2021-11-29T18:10:16Z</time>
			</trkpt>
			<trkpt lat="39.241284" lon="-105.27443">
				<ele>2120.33749</ele>
				<time>2021-11-29T18:10:26Z</time>
			</trkpt>
			<trkpt lat="39.241203" lon="-105.274636">
				<ele>2121.315698</ele>
				<time>2021-11-29T18:10:36Z</time>
			</trkpt>
			<trkpt lat="39.241212" lon="-105.274982">
				<ele>2122.531131</ele>
				<time>2021-11-29T18:10:51Z</time>
			</trkpt>
			<trkpt lat="39.241308" lon="-105.275413">
				<ele>2124.105632</ele>
				<time>2021-11-29T18:11:12Z</time>
			</trkpt>
			<trkpt lat="39.241259" lon="-105.275851">
				<ele>2125.659333</ele>
				<time>2021-11-29T18:11:34Z</time>
			</trkpt>
			<trkpt lat="39.241309" lon="-105.276073">
				<ele>2126.471024</ele>
				<time>2021-11-29T18:11:45Z</time>
			</trkpt>
			<trkpt lat="39.241312" lon="-105.276294">
				<ele>2127.247036</ele>
				<time>2021-11-29T18:11:56Z</time>
			</trkpt>
			<trkpt lat="39.241178" lon="-105.276809">
				<ele>2128.998723</ele>
				<time>2021-11-29T18:12:23Z</time>
			</trkpt>
			<trkpt lat="39.241101" lon="-105.276925">
				<ele>2129.010606</ele>
				<time>2021-11-29T18:12:30Z</time>
			</trkpt>
			<trkpt lat="39.241153" lon="-105.277266">
				<ele>2129.037637</ele>
				<time>2021-11-29T18:12:45Z</time>
			</trkpt>
			<trkpt lat="39.241104" lon="-105.277523">
				<ele>2129.058223</ele>
				<time>2021-11-29T18:12:56Z</time>
			</trkpt>
			<trkpt lat="39.240804" lon="-105.27823">
				<ele>2129.120926</ele>
				<time>2021-11-29T18:13:19Z</time>
			</trkpt>
			<trkpt lat="39.240698" lon="-105.278658">
				<ele>2129.155876</ele>
				<time>2021-11-29T18:13:30Z</time>
			</trkpt>
			<trkpt lat="39.240705" lon="-105.278866">
				<ele>2129.172069</ele>
				<time>2021-11-29T18:13:35Z</time>
			</trkpt>
			<trkpt lat="39.240647" lon="-105.27906">
				<ele>2128.750509</ele>
				<time>2021-11-29T18:13:39Z</time>
			</trkpt>
			<trkpt lat="39.240635" lon="-105.279292">
				<ele>2128.131085</ele>
				<time>2021-11-29T18:13:44Z</time>
			</trkpt>
			<trkpt lat="39.240484" lon="-105.279745">
				<ele>2126.81727</ele>
				<time>2021-11-29T18:13:55Z</time>
			</trkpt>
			<trkpt lat="39.240348" lon="-105.280049">
				<ele>2125.882016</ele>
				<time>2021-11-29T18:14:03Z</time>
			</trkpt>
			<trkpt lat="39.240379" lon="-105.280145">
				<ele>2125.604933</ele>
				<time>2021-11-29T18:14:05Z</time>
			</trkpt>
			<trkpt lat="39.240587" lon="-105.28032">
				<ele>2124.750996</ele>
				<time>2021-11-29T18:14:13Z</time>
			</trkpt>
			<trkpt lat="39.240636" lon="-105.280391">
				<ele>2124.497654</ele>
				<time>2021-11-29T18:14:15Z</time>
			</trkpt>
			<trkpt lat="39.240639" lon="-105.280546">
				<ele>2124.084606</ele>
				<time>2021-11-29T18:14:19Z</time>
			</trkpt>
			<trkpt lat="39.240573" lon="-105.280658">
				<ele>2123.709693</ele>
				<time>2021-11-29T18:14:23Z</time>
			</trkpt>
			<trkpt lat="39.240432" lon="-105.280766">
				<ele>2123.145782</ele>
				<time>2021-11-29T18:14:28Z</time>
			</trkpt>
			<trkpt lat="39.24019" lon="-105.280895">
				<ele>2123.707112</ele>
				<time>2021-11-29T18:14:38Z</time>
			</trkpt>
			<trkpt lat="39.239851" lon="-105.28117">
				<ele>2125.036271</ele>
				<time>2021-11-29T18:14:55Z</time>
			</trkpt>
			<trkpt lat="39.239764" lon="-105.281379">
				<ele>2125.646377</ele>
				<time>2021-11-29T18:15:05Z</time>
			</trkpt>
			<trkpt lat="39.239584" lon="-105.281608">
				<ele>2126.485327</ele>
				<time>2021-11-29T18:15:20Z</time>
			</trkpt>
			<trkpt lat="39.239268" lon="-105.281564">
				<ele>2127.540512</ele>
				<time>2021-11-29T18:15:40Z</time>
			</trkpt>
			<trkpt lat="39.239156" lon="-105.281569">
				<ele>2127.912567</ele>
				<time>2021-11-29T18:15:48Z</time>
			</trkpt>
			<trkpt lat="39.239051" lon="-105.281621">
				<ele>2128.285925</ele>
				<time>2021-11-29T18:15:55Z</time>
			</trkpt>
			<trkpt lat="39.239054" lon="-105.281757">
				<ele>2128.635769</ele>
				<time>2021-11-29T18:16:03Z</time>
			</trkpt>
			<trkpt lat="39.239192" lon="-105.282135">
				<ele>2130.142703</ele>
				<time>2021-11-29T18:16:26Z</time>
			</trkpt>
			<trkpt lat="39.239214" lon="-105.282475">
				<ele>2131.525937</ele>
				<time>2021-11-29T18:16:44Z</time>
			</trkpt>
			<trkpt lat="39.23908" lon="-105.282947">
				<ele>2133.564031</ele>
				<time>2021-11-29T18:17:08Z</time>
			</trkpt>
			<trkpt lat="39.238982" lon="-105.283089">
				<ele>2134.335123</ele>
				<time>2021-11-29T18:17:16Z</time>
			</trkpt>
			<trkpt lat="39.238777" lon="-105.283165">
				<ele>2135.451564</ele>
				<time>2021-11-29T18:17:29Z</time>
			</trkpt>
			<trkpt lat="39.238413" lon="-105.283162">
				<ele>2137.356975</ele>
				<time>2021-11-29T18:17:50Z</time>
			</trkpt>
			<trkpt lat="39.238288" lon="-105.283103">
				<ele>2138.053644</ele>
				<time>2021-11-29T18:17:58Z</time>
			</trkpt>
			<trkpt lat="39.238187" lon="-105.283015">
				<ele>2138.78906</ele>
				<time>2021-11-29T18:18:06Z</time>
			</trkpt>
			<trkpt lat="39.238084" lon="-105.283074">
				<ele>2139.56116</ele>
				<time>2021-11-29T18:18:13Z</time>
			</trkpt>
			<trkpt lat="39.237865" lon="-105.283514">
				<ele>2142.336864</ele>
				<time>2021-11-29T18:18:41Z</time>
			</trkpt>
			<trkpt lat="39.237843" lon="-105.283679">
				<ele>2143.225413</ele>
				<time>2021-11-29T18:18:50Z</time>
			</trkpt>
			<trkpt lat="39.237733" lon="-105.283738">
				<ele>2144.041589</ele>
				<time>2021-11-29T18:18:59Z</time>
			</trkpt>
			<trkpt lat="39.237422" lon="-105.283788">
				<ele>2146.189029</ele>
				<time>2021-11-29T18:19:22Z</time>
			</trkpt>
			<trkpt lat="39.237145" lon="-105.283695">
				<ele>2148.150165</ele>
				<time>2021-11-29T18:19:44Z</time>
			</trkpt>
			<trkpt lat="39.236774" lon="-105.283466">
				<ele>2151.010749</ele>
				<time>2021-11-29T18:20:14Z</time>
			</trkpt>
			<trkpt lat="39.236239" lon="-105.283289">
				<ele>2155.401019</ele>
				<time>2021-11-29T18:20:57Z</time>
			</trkpt>
			<trkpt lat="39.235885" lon="-105.283113">
				<ele>2158.416499</ele>
				<time>2021-11-29T18:21:27Z</time>
			</trkpt>
			<trkpt lat="39.235717" lon="-105.282823">
				<ele>2160.646235</ele>
				<time>2021-11-29T18:21:49Z</time>
			</trkpt>
			<trkpt lat="39.235628" lon="-105.28278">
				<ele>2161.401636</ele>
				<time>2021-11-29T18:21:57Z</time>
			</trkpt>
			<trkpt lat="39.235546" lon="-105.282819">
				<ele>2162.096299</ele>
				<time>2021-11-29T18:22:04Z</time>
			</trkpt>
			<trkpt lat="39.235497" lon="-105.282952">
				<ele>2163.003115</ele>
				<time>2021-11-29T18:22:12Z</time>
			</trkpt>
			<trkpt lat="39.235345" lon="-105.283047">
				<ele>2164.34554</ele>
				<time>2021-11-29T18:22:25Z</time>
			</trkpt>
			<trkpt lat="39.234665" lon="-105.283051">
				<ele>2169.123428</ele>
				<time>2021-11-29T18:23:15Z</time>
			</trkpt>
			<trkpt lat="39.234429" lon="-105.283037">
				<ele>2170.753443</ele>
				<time>2021-11-29T18:23:32Z</time>
			</trkpt>
			<trkpt lat="39.234225" lon="-105.282913">
				<ele>2172.309151</ele>
				<time>2021-11-29T18:23:47Z</time>
			</trkpt>
			<trkpt lat="39.234096" lon="-105.282798">
				<ele>2173.390764</ele>
				<time>2021-11-29T18:23:58Z</time>
			</trkpt>
			<trkpt lat="39.233444" lon="-105.28259">
				<ele>2178.048566</ele>
				<time>2021-11-29T18:24:44Z</time>
			</trkpt>
			<trkpt lat="39.233102" lon="-105.2827">
				<ele>2180.57488</ele>
				<time>2021-11-29T18:25:11Z</time>
			</trkpt>
			<trkpt lat="39.232716" lon="-105.282514">
				<ele>2183.528085</ele>
				<time>2021-11-29T18:25:42Z</time>
			</trkpt>
			<trkpt lat="39.23232" lon="-105.282189">
				<ele>2186.891522</ele>
				<time>2021-11-29T18:26:19Z</time>
			</trkpt>
			<trkpt lat="39.232166" lon="-105.282133">
				<ele>2188.038313</ele>
				<time>2021-11-29T18:26:31Z</time>
			</trkpt>
			<trkpt lat="39.231998" lon="-105.282135">
				<ele>2189.242553</ele>
				<time>2021-11-29T18:26:43Z</time>
			</trkpt>
			<trkpt lat="39.231722" lon="-105.281816">
				<ele>2191.193252</ele>
				<time>2021-11-29T18:27:07Z</time>
			</trkpt>
			<trkpt lat="39.231407" lon="-105.281668">
				<ele>2192.536468</ele>
				<time>2021-11-29T18:27:28Z</time>
			</trkpt>
			<trkpt lat="39.23129" lon="-105.281545">
				<ele>2193.141075</ele>
				<time>2021-11-29T18:27:37Z</time>
			</trkpt>
			<trkpt lat="39.231188" lon="-105.281483">
				<ele>2193.592833</ele>
				<time>2021-11-29T18:27:43Z</time>
			</trkpt>
			<trkpt lat="39.231025" lon="-105.281412">
				<ele>2194.282159</ele>
				<time>2021-11-29T18:27:53Z</time>
			</trkpt>
			<trkpt lat="39.230857" lon="-105.281427">
				<ele>2194.956954</ele>
				<time>2021-11-29T18:28:02Z</time>
			</trkpt>
			<trkpt lat="39.230839" lon="-105.281546">
				<ele>2195.333292</ele>
				<time>2021-11-29T18:28:07Z</time>
			</trkpt>
			<trkpt lat="39.230899" lon="-105.28168">
				<ele>2195.813702</ele>
				<time>2021-11-29T18:28:13Z</time>
			</trkpt>
			<trkpt lat="39.231063" lon="-105.281884">
				<ele>2196.726274</ele>
				<time>2021-11-29T18:28:25Z</time>
			</trkpt>
			<trkpt lat="39.231084" lon="-105.282078">
				<ele>2197.334277</ele>
				<time>2021-11-29T18:28:32Z</time>
			</trkpt>
			<trkpt lat="39.230989" lon="-105.282221">
				<ele>2197.867103</ele>
				<time>2021-11-29T18:28:39Z</time>
			</trkpt>
			<trkpt lat="39.230838" lon="-105.282244">
				<ele>2198.399555</ele>
				<time>2021-11-29T18:28:46Z</time>
			</trkpt>
			<trkpt lat="39.230649" lon="-105.282197">
				<ele>2199.073579</ele>
				<time>2021-11-29T18:28:55Z</time>
			</trkpt>
			<trkpt lat="39.230481" lon="-105.282206">
				<ele>2199.662402</ele>
				<time>2021-11-29T18:29:03Z</time>
			</trkpt>
			<trkpt lat="39.230311" lon="-105.282292">
				<ele>2200.301798</ele>
				<time>2021-11-29T18:29:11Z</time>
			</trkpt>
			<trkpt lat="39.230152" lon="-105.28249">
				<ele>2201.075423</ele>
				<time>2021-11-29T18:29:21Z</time>
			</trkpt>
			<trkpt lat="39.229611" lon="-105.282847">
				<ele>2203.2031</ele>
				<time>2021-11-29T18:29:56Z</time>
			</trkpt>
			<trkpt lat="39.229415" lon="-105.283078">
				<ele>2204.676012</ele>
				<time>2021-11-29T18:30:15Z</time>
			</trkpt>
			<trkpt lat="39.229129" lon="-105.283584">
				<ele>2209.203041</ele>
				<time>2021-11-29T18:30:52Z</time>
			</trkpt>
			<trkpt lat="39.229072" lon="-105.28385">
				<ele>2211.197702</ele>
				<time>2021-11-29T18:31:10Z</time>
			</trkpt>
			<trkpt lat="39.22903" lon="-105.28434">
				<ele>2214.76069</ele>
				<time>2021-11-29T18:31:44Z</time>
			</trkpt>
			<trkpt lat="39.228707" lon="-105.285136">
				<ele>2221.371498</ele>
				<time>2021-11-29T18:32:49Z</time>
			</trkpt>
			<trkpt lat="39.22866" lon="-105.285443">
				<ele>2224.027208</ele>
				<time>2021-11-29T18:33:12Z</time>
			</trkpt>
			<trkpt lat="39.22865" lon="-105.285922">
				<ele>2228.093657</ele>
				<time>2021-11-29T18:33:46Z</time>
			</trkpt>
			<trkpt lat="39.228582" lon="-105.286068">
				<ele>2229.539383</ele>
				<time>2021-11-29T18:33:58Z</time>
			</trkpt>
			<trkpt lat="39.228414" lon="-105.28632">
				<ele>2232.360901</ele>
				<time>2021-11-29T18:34:22Z</time>
			</trkpt>
			<trkpt lat="39.22825" lon="-105.286418">
				<ele>2234.340739</ele>
				<time>2021-11-29T18:34:38Z</time>
			</trkpt>
			<trkpt lat="39.227834" lon="-105.286485">
				<ele>2238.933523</ele>
				<time>2021-11-29T18:35:17Z</time>
			</trkpt>
			<trkpt lat="39.227674" lon="-105.28662">
				<ele>2240.945882</ele>
				<time>2021-11-29T18:35:35Z</time>
			</trkpt>
			<trkpt lat="39.227329" lon="-105.287141">
				<ele>2246.116341</ele>
				<time>2021-11-29T18:36:22Z</time>
			</trkpt>
			<trkpt lat="39.226915" lon="-105.287422">
				<ele>2250.671227</ele>
				<time>2021-11-29T18:37:02Z</time>
			</trkpt>
			<trkpt lat="39.22661" lon="-105.288015">
				<ele>2256.040836</ele>
				<time>2021-11-29T18:37:48Z</time>
			</trkpt>
			<trkpt lat="39.225986" lon="-105.288277">
				<ele>2260.804914</ele>
				<time>2021-11-29T18:38:41Z</time>
			</trkpt>
			<trkpt lat="39.225879" lon="-105.288348">
				<ele>2261.564472</ele>
				<time>2021-11-29T18:38:51Z</time>
			</trkpt>
			<trkpt lat="39.22581" lon="-105.288487">
				<ele>2262.371886</ele>
				<time>2021-11-29T18:39:00Z</time>
			</trkpt>
			<trkpt lat="39.225752" lon="-105.288908">
				<ele>2264.463204</ele>
				<time>2021-11-29T18:39:24Z</time>
			</trkpt>
			<trkpt lat="39.225665" lon="-105.289166">
				<ele>2265.839386</ele>
				<time>2021-11-29T18:39:39Z</time>
			</trkpt>
			<trkpt lat="39.225584" lon="-105.289573">
				<ele>2267.89457</ele>
				<time>2021-11-29T18:39:58Z</time>
			</trkpt>
			<trkpt lat="39.225588" lon="-105.290096">
				<ele>2269.327628</ele>
				<time>2021-11-29T18:40:19Z</time>
			</trkpt>
			<trkpt lat="39.225729" lon="-105.290576">
				<ele>2269.647718</ele>
				<time>2021-11-29T18:40:36Z</time>
			</trkpt>
			<trkpt lat="39.225846" lon="-105.290762">
				<ele>2269.797115</ele>
				<time>2021-11-29T18:40:44Z</time>
			</trkpt>
			<trkpt lat="39.225983" lon="-105.290877">
				<ele>2269.928651</ele>
				<time>2021-11-29T18:40:51Z</time>
			</trkpt>
			<trkpt lat="39.226189" lon="-105.29097">
				<ele>2270.10431</ele>
				<time>2021-11-29T18:40:59Z</time>
			</trkpt>
			<trkpt lat="39.226203" lon="-105.291063">
				<ele>2270.163382</ele>
				<time>2021-11-29T18:41:02Z</time>
			</trkpt>
			<trkpt lat="39.226186" lon="-105.291166">
				<ele>2270.229047</ele>
				<time>2021-11-29T18:41:05Z</time>
			</trkpt>
			<trkpt lat="39.226079" lon="-105.291323">
				<ele>2270.359434</ele>
				<time>2021-11-29T18:41:11Z</time>
			</trkpt>
			<trkpt lat="39.226034" lon="-105.29145">
				<ele>2270.446513</ele>
				<time>2021-11-29T18:41:15Z</time>
			</trkpt>
			<trkpt lat="39.22605" lon="-105.291836">
				<ele>2270.576072</ele>
				<time>2021-11-29T18:41:25Z</time>
			</trkpt>
			<trkpt lat="39.226196" lon="-105.292128">
				<ele>2270.477209</ele>
				<time>2021-11-29T18:41:34Z</time>
			</trkpt>
			<trkpt lat="39.226326" lon="-105.292173">
				<ele>2270.427785</ele>
				<time>2021-11-29T18:41:38Z</time>
			</trkpt>
			<trkpt lat="39.226461" lon="-105.292297">
				<ele>2270.366943</ele>
				<time>2021-11-29T18:41:44Z</time>
			</trkpt>
			<trkpt lat="39.226506" lon="-105.292394">
				<ele>2270.334781</ele>
				<time>2021-11-29T18:41:47Z</time>
			</trkpt>
			<trkpt lat="39.226467" lon="-105.292764">
				<ele>2270.22856</ele>
				<time>2021-11-29T18:41:57Z</time>
			</trkpt>
			<trkpt lat="39.226344" lon="-105.293028">
				<ele>2270.140925</ele>
				<time>2021-11-29T18:42:06Z</time>
			</trkpt>
			<trkpt lat="39.226239" lon="-105.293151">
				<ele>2270.088859</ele>
				<time>2021-11-29T18:42:12Z</time>
			</trkpt>
			<trkpt lat="39.226195" lon="-105.293283">
				<ele>2270.047981</ele>
				<time>2021-11-29T18:42:16Z</time>
			</trkpt>
			<trkpt lat="39.226183" lon="-105.293455">
				<ele>2269.998856</ele>
				<time>2021-11-29T18:42:21Z</time>
			</trkpt>
			<trkpt lat="39.226256" lon="-105.293724">
				<ele>2270.081857</ele>
				<time>2021-11-29T18:42:30Z</time>
			</trkpt>
			<trkpt lat="39.226358" lon="-105.293947">
				<ele>2270.377458</ele>
				<time>2021-11-29T18:42:38Z</time>
			</trkpt>
			<trkpt lat="39.226667" lon="-105.294071">
				<ele>2270.854257</ele>
				<time>2021-11-29T18:42:51Z</time>
			</trkpt>
			<trkpt lat="39.226731" lon="-105.294224">
				<ele>2271.052732</ele>
				<time>2021-11-29T18:42:57Z</time>
			</trkpt>
			<trkpt lat="39.226775" lon="-105.294464">
				<ele>2271.334243</ele>
				<time>2021-11-29T18:43:05Z</time>
			</trkpt>
			<trkpt lat="39.226843" lon="-105.2953">
				<ele>2272.293728</ele>
				<time>2021-11-29T18:43:36Z</time>
			</trkpt>
			<trkpt lat="39.226731" lon="-105.296038">
				<ele>2273.408509</ele>
				<time>2021-11-29T18:44:05Z</time>
			</trkpt>
			<trkpt lat="39.226649" lon="-105.29629">
				<ele>2273.865583</ele>
				<time>2021-11-29T18:44:15Z</time>
			</trkpt>
			<trkpt lat="39.226444" lon="-105.297306">
				<ele>2275.621272</ele>
				<time>2021-11-29T18:44:54Z</time>
			</trkpt>
			<trkpt lat="39.226263" lon="-105.29858">
				<ele>2277.996306</ele>
				<time>2021-11-29T18:45:42Z</time>
			</trkpt>
			<trkpt lat="39.226258" lon="-105.299279">
				<ele>2279.352704</ele>
				<time>2021-11-29T18:46:08Z</time>
			</trkpt>
			<trkpt lat="39.226288" lon="-105.299609">
				<ele>2279.99743</ele>
				<time>2021-11-29T18:46:21Z</time>
			</trkpt>
			<trkpt lat="39.226466" lon="-105.300511">
				<ele>2282.684309</ele>
				<time>2021-11-29T18:46:58Z</time>
			</trkpt>
			<trkpt lat="39.226479" lon="-105.300762">
				<ele>2283.700135</ele>
				<time>2021-11-29T18:47:09Z</time>
			</trkpt>
			<trkpt lat="39.226188" lon="-105.304077">
				<ele>2299.656319</ele>
				<time>2021-11-29T18:50:05Z</time>
			</trkpt>
			<trkpt lat="39.226139" lon="-105.304293">
				<ele>2300.896853</ele>
				<time>2021-11-29T18:50:19Z</time>
			</trkpt>
			<trkpt lat="39.225763" lon="-105.305264">
				<ele>2308.365289</ele>
				<time>2021-11-29T18:51:29Z</time>
			</trkpt>
			<trkpt lat="39.22563" lon="-105.306016">
				<ele>2314.31509</ele>
				<time>2021-11-29T18:52:22Z</time>
			</trkpt>
			<trkpt lat="39.22522" lon="-105.306571">
				<ele>2320.230627</ele>
				<time>2021-11-29T18:53:16Z</time>
			</trkpt>
			<trkpt lat="39.225033" lon="-105.306873">
				<ele>2322.997487</ele>
				<time>2021-11-29T18:53:43Z</time>
			</trkpt>
			<trkpt lat="39.224943" lon="-105.307115">
				<ele>2324.859858</ele>
				<time>2021-11-29T18:54:01Z</time>
			</trkpt>
			<trkpt lat="39.224917" lon="-105.307392">
				<ele>2326.795654</ele>
				<time>2021-11-29T18:54:20Z</time>
			</trkpt>
			<trkpt lat="39.224948" lon="-105.30782">
				<ele>2329.777936</ele>
				<time>2021-11-29T18:54:48Z</time>
			</trkpt>
			<trkpt lat="39.224857" lon="-105.308443">
				<ele>2334.176282</ele>
				<time>2021-11-29T18:55:27Z</time>
			</trkpt>
			<trkpt lat="39.22455" lon="-105.309">
				<ele>2338.015484</ele>
				<time>2021-11-29T18:56:06Z</time>
			</trkpt>
			<trkpt lat="39.224422" lon="-105.309352">
				<ele>2339.311747</ele>
				<time>2021-11-29T18:56:27Z</time>
			</trkpt>
			<trkpt lat="39.22433" lon="-105.309605">
				<ele>2340.243437</ele>
				<time>2021-11-29T18:56:41Z</time>
			</trkpt>
			<trkpt lat="39.223991" lon="-105.310125">
				<ele>2342.509038</ele>
				<time>2021-11-29T18:57:11Z</time>
			</trkpt>
			<trkpt lat="39.223735" lon="-105.310803">
				<ele>2344.936458</ele>
				<time>2021-11-29T18:57:39Z</time>
			</trkpt>
			<trkpt lat="39.223639" lon="-105.310981">
				<ele>2345.0525</ele>
				<time>2021-11-29T18:57:46Z</time>
			</trkpt>
			<trkpt lat="39.222879" lon="-105.312005">
				<ele>2345.811234</ele>
				<time>2021-11-29T18:58:29Z</time>
			</trkpt>
			<trkpt lat="39.222776" lon="-105.312516">
				<ele>2346.093741</ele>
				<time>2021-11-29T18:58:44Z</time>
			</trkpt>
			<trkpt lat="39.222646" lon="-105.31356">
				<ele>2347.361239</ele>
				<time>2021-11-29T18:59:17Z</time>
			</trkpt>
			<trkpt lat="39.222668" lon="-105.314223">
				<ele>2348.21719</ele>
				<time>2021-11-29T18:59:40Z</time>
			</trkpt>
			<trkpt lat="39.222725" lon="-105.314941">
				<ele>2349.148148</ele>
				<time>2021-11-29T19:00:08Z</time>
			</trkpt>
			<trkpt lat="39.222683" lon="-105.316492">
				<ele>2354.635894</ele>
				<time>2021-11-29T19:01:19Z</time>
			</trkpt>
			<trkpt lat="39.222796" lon="-105.317346">
				<ele>2357.834417</ele>
				<time>2021-11-29T19:02:02Z</time>
			</trkpt>
			<trkpt lat="39.222765" lon="-105.317547">
				<ele>2358.84975</ele>
				<time>2021-11-29T19:02:13Z</time>
			</trkpt>
			<trkpt lat="39.222556" lon="-105.318153">
				<ele>2362.136061</ele>
				<time>2021-11-29T19:02:48Z</time>
			</trkpt>
			<trkpt lat="39.222532" lon="-105.318526">
				<ele>2363.990341</ele>
				<time>2021-11-29T19:03:08Z</time>
			</trkpt>
			<trkpt lat="39.222307" lon="-105.319428">
				<ele>2368.684979</ele>
				<time>2021-11-29T19:04:01Z</time>
			</trkpt>
			<trkpt lat="39.222279" lon="-105.319833">
				<ele>2370.343154</ele>
				<time>2021-11-29T19:04:23Z</time>
			</trkpt>
			<trkpt lat="39.222282" lon="-105.320382">
				<ele>2372.527134</ele>
				<time>2021-11-29T19:04:52Z</time>
			</trkpt>
			<trkpt lat="39.222224" lon="-105.320817">
				<ele>2374.28301</ele>
				<time>2021-11-29T19:05:14Z</time>
			</trkpt>
			<trkpt lat="39.222147" lon="-105.321181">
				<ele>2375.784018</ele>
				<time>2021-11-29T19:05:31Z</time>
			</trkpt>
			<trkpt lat="39.222128" lon="-105.321426">
				<ele>2376.763503</ele>
				<time>2021-11-29T19:05:42Z</time>
			</trkpt>
			<trkpt lat="39.222153" lon="-105.321761">
				<ele>2378.102306</ele>
				<time>2021-11-29T19:05:57Z</time>
			</trkpt>
			<trkpt lat="39.222081" lon="-105.322283">
				<ele>2378.815723</ele>
				<time>2021-11-29T19:06:18Z</time>
			</trkpt>
			<trkpt lat="39.221925" lon="-105.322666">
				<ele>2379.384294</ele>
				<time>2021-11-29T19:06:34Z</time>
			</trkpt>
			<trkpt lat="39.221505" lon="-105.323475">
				<ele>2380.663926</ele>
				<time>2021-11-29T19:07:06Z</time>
			</trkpt>
			<trkpt lat="39.221462" lon="-105.323736">
				<ele>2381.014545</ele>
				<time>2021-11-29T19:07:14Z</time>
			</trkpt>
			<trkpt lat="39.221449" lon="-105.324264">
				<ele>2381.366753</ele>
				<time>2021-11-29T19:07:30Z</time>
			</trkpt>
			<trkpt lat="39.221545" lon="-105.324763">
				<ele>2381.607059</ele>
				<time>2021-11-29T19:07:45Z</time>
			</trkpt>
			<trkpt lat="39.221521" lon="-105.324974">
				<ele>2381.706733</ele>
				<time>2021-11-29T19:07:51Z</time>
			</trkpt>
			<trkpt lat="39.221256" lon="-105.326134">
				<ele>2382.317968</ele>
				<time>2021-11-29T19:08:29Z</time>
			</trkpt>
			<trkpt lat="39.221222" lon="-105.326729">
				<ele>2384.042726</ele>
				<time>2021-11-29T19:08:50Z</time>
			</trkpt>
			<trkpt lat="39.221333" lon="-105.327347">
				<ele>2385.876688</ele>
				<time>2021-11-29T19:09:14Z</time>
			</trkpt>
			<trkpt lat="39.221304" lon="-105.327561">
				<ele>2386.504733</ele>
				<time>2021-11-29T19:09:24Z</time>
			</trkpt>
			<trkpt lat="39.221181" lon="-105.328061">
				<ele>2388.021306</ele>
				<time>2021-11-29T19:09:49Z</time>
			</trkpt>
			<trkpt lat="39.22128" lon="-105.329183">
				<ele>2394.346804</ele>
				<time>2021-11-29T19:10:54Z</time>
			</trkpt>
			<trkpt lat="39.221285" lon="-105.329458">
				<ele>2396.195306</ele>
				<time>2021-11-29T19:11:12Z</time>
			</trkpt>
			<trkpt lat="39.221361" lon="-105.329969">
				<ele>2399.691919</ele>
				<time>2021-11-29T19:11:46Z</time>
			</trkpt>
			<trkpt lat="39.221342" lon="-105.330324">
				<ele>2402.083194</ele>
				<time>2021-11-29T19:12:10Z</time>
			</trkpt>
			<trkpt lat="39.221294" lon="-105.33066">
				<ele>2404.379172</ele>
				<time>2021-11-29T19:12:33Z</time>
			</trkpt>
			<trkpt lat="39.221366" lon="-105.330866">
				<ele>2405.806394</ele>
				<time>2021-11-29T19:12:48Z</time>
			</trkpt>
			<trkpt lat="39.221497" lon="-105.331124">
				<ele>2407.735847</ele>
				<time>2021-11-29T19:13:09Z</time>
			</trkpt>
			<trkpt lat="39.221961" lon="-105.33161">
				<ele>2412.560226</ele>
				<time>2021-11-29T19:13:59Z</time>
			</trkpt>
			<trkpt lat="39.222288" lon="-105.332412">
				<ele>2418.228861</ele>
				<time>2021-11-29T19:14:50Z</time>
			</trkpt>
			<trkpt lat="39.222335" lon="-105.332597">
				<ele>2419.261063</ele>
				<time>2021-11-29T19:15:00Z</time>
			</trkpt>
			<trkpt lat="39.222346" lon="-105.333676">
				<ele>2422.413408</ele>
				<time>2021-11-29T19:15:49Z</time>
			</trkpt>
			<trkpt lat="39.222472" lon="-105.334259">
				<ele>2424.181552</ele>
				<time>2021-11-29T19:16:14Z</time>
			</trkpt>
			<trkpt lat="39.222478" lon="-105.334497">
				<ele>2424.877186</ele>
				<time>2021-11-29T19:16:23Z</time>
			</trkpt>
			<trkpt lat="39.222369" lon="-105.335628">
				<ele>2427.242132</ele>
				<time>2021-11-29T19:17:04Z</time>
			</trkpt>
			<trkpt lat="39.222262" lon="-105.336048">
				<ele>2427.998082</ele>
				<time>2021-11-29T19:17:19Z</time>
			</trkpt>
			<trkpt lat="39.222064" lon="-105.336552">
				<ele>2428.964295</ele>
				<time>2021-11-29T19:17:39Z</time>
			</trkpt>
			<trkpt lat="39.222004" lon="-105.336811">
				<ele>2429.426511</ele>
				<time>2021-11-29T19:17:50Z</time>
			</trkpt>
			<trkpt lat="39.221981" lon="-105.337745">
				<ele>2431.020466</ele>
				<time>2021-11-29T19:18:30Z</time>
			</trkpt>
			<trkpt lat="39.221968" lon="-105.338029">
				<ele>2431.505318</ele>
				<time>2021-11-29T19:18:42Z</time>
			</trkpt>
			<trkpt lat="39.221914" lon="-105.338301">
				<ele>2431.983854</ele>
				<time>2021-11-29T19:18:54Z</time>
			</trkpt>
			<trkpt lat="39.221838" lon="-105.338475">
				<ele>2432.324279</ele>
				<time>2021-11-29T19:19:02Z</time>
			</trkpt>
			<trkpt lat="39.221754" lon="-105.338591">
				<ele>2432.59489</ele>
				<time>2021-11-29T19:19:08Z</time>
			</trkpt>
			<trkpt lat="39.221615" lon="-105.338719">
				<ele>2432.970511</ele>
				<time>2021-11-29T19:19:16Z</time>
			</trkpt>
			<trkpt lat="39.221128" lon="-105.338777">
				<ele>2433.326978</ele>
				<time>2021-11-29T19:19:35Z</time>
			</trkpt>
			<trkpt lat="39.220665" lon="-105.338902">
				<ele>2431.235</ele>
				<time>2021-11-29T19:19:50Z</time>
			</trkpt>
			<trkpt lat="39.220396" lon="-105.339038">
				<ele>2429.957316</ele>
				<time>2021-11-29T19:19:59Z</time>
			</trkpt>
			<trkpt lat="39.219986" lon="-105.339331">
				<ele>2427.884691</ele>
				<time>2021-11-29T19:20:12Z</time>
			</trkpt>
			<trkpt lat="39.219797" lon="-105.339426">
				<ele>2426.987676</ele>
				<time>2021-11-29T19:20:18Z</time>
			</trkpt>
			<trkpt lat="39.219486" lon="-105.339506">
				<ele>2425.565006</ele>
				<time>2021-11-29T19:20:26Z</time>
			</trkpt>
			<trkpt lat="39.219228" lon="-105.339629">
				<ele>2424.256828</ele>
				<time>2021-11-29T19:20:33Z</time>
			</trkpt>
			<trkpt lat="39.219" lon="-105.339694">
				<ele>2423.146232</ele>
				<time>2021-11-29T19:20:39Z</time>
			</trkpt>
			<trkpt lat="39.218774" lon="-105.339691">
				<ele>2422.071229</ele>
				<time>2021-11-29T19:20:45Z</time>
			</trkpt>
			<trkpt lat="39.218606" lon="-105.339759">
				<ele>2421.233787</ele>
				<time>2021-11-29T19:20:50Z</time>
			</trkpt>
			<trkpt lat="39.218416" lon="-105.339944">
				<ele>2420.101778</ele>
				<time>2021-11-29T19:20:57Z</time>
			</trkpt>
			<trkpt lat="39.218291" lon="-105.339996">
				<ele>2419.477112</ele>
				<time>2021-11-29T19:21:01Z</time>
			</trkpt>
			<trkpt lat="39.217869" lon="-105.339913">
				<ele>2417.446742</ele>
				<time>2021-11-29T19:21:16Z</time>
			</trkpt>
			<trkpt lat="39.217647" lon="-105.339913">
				<ele>2418.007848</ele>
				<time>2021-11-29T19:21:27Z</time>
			</trkpt>
			<trkpt lat="39.217498" lon="-105.339981">
				<ele>2418.596543</ele>
				<time>2021-11-29T19:21:35Z</time>
			</trkpt>
			<trkpt lat="39.217391" lon="-105.340117">
				<ele>2419.155924</ele>
				<time>2021-11-29T19:21:44Z</time>
			</trkpt>
			<trkpt lat="39.217256" lon="-105.340364">
				<ele>2420.02828</ele>
				<time>2021-11-29T19:21:57Z</time>
			</trkpt>
			<trkpt lat="39.217" lon="-105.34075">
				<ele>2421.494667</ele>
				<time>2021-11-29T19:22:22Z</time>
			</trkpt>
			<trkpt lat="39.216849" lon="-105.340907">
				<ele>2422.216935</ele>
				<time>2021-11-29T19:22:35Z</time>
			</trkpt>
			<trkpt lat="39.216438" lon="-105.341093">
				<ele>2423.839282</ele>
				<time>2021-11-29T19:23:02Z</time>
			</trkpt>
			<trkpt lat="39.216291" lon="-105.341229">
				<ele>2423.969059</ele>
				<time>2021-11-29T19:23:13Z</time>
			</trkpt>
			<trkpt lat="39.216146" lon="-105.341284">
				<ele>2423.937912</ele>
				<time>2021-11-29T19:23:22Z</time>
			</trkpt>
			<trkpt lat="39.216015" lon="-105.341227">
				<ele>2423.909421</ele>
				<time>2021-11-29T19:23:29Z</time>
			</trkpt>
			<trkpt lat="39.215893" lon="-105.341105">
				<ele>2423.877614</ele>
				<time>2021-11-29T19:23:37Z</time>
			</trkpt>
			<trkpt lat="39.215795" lon="-105.340963">
				<ele>2423.84725</ele>
				<time>2021-11-29T19:23:44Z</time>
			</trkpt>
			<trkpt lat="39.215697" lon="-105.34093">
				<ele>2423.826377</ele>
				<time>2021-11-29T19:23:48Z</time>
			</trkpt>
			<trkpt lat="39.215564" lon="-105.340937">
				<ele>2423.798944</ele>
				<time>2021-11-29T19:23:53Z</time>
			</trkpt>
			<trkpt lat="39.215381" lon="-105.341058">
				<ele>2423.756568</ele>
				<time>2021-11-29T19:23:59Z</time>
			</trkpt>
			<trkpt lat="39.215232" lon="-105.341223">
				<ele>2423.716107</ele>
				<time>2021-11-29T19:24:05Z</time>
			</trkpt>
			<trkpt lat="39.214986" lon="-105.341358">
				<ele>2423.661016</ele>
				<time>2021-11-29T19:24:13Z</time>
			</trkpt>
			<trkpt lat="39.214524" lon="-105.341758">
				<ele>2421.804112</ele>
				<time>2021-11-29T19:24:29Z</time>
			</trkpt>
			<trkpt lat="39.214389" lon="-105.341948">
				<ele>2420.872319</ele>
				<time>2021-11-29T19:24:35Z</time>
			</trkpt>
			<trkpt lat="39.214212" lon="-105.342088">
				<ele>2419.903886</ele>
				<time>2021-11-29T19:24:41Z</time>
			</trkpt>
			<trkpt lat="39.214044" lon="-105.342268">
				<ele>2418.885303</ele>
				<time>2021-11-29T19:24:47Z</time>
			</trkpt>
			<trkpt lat="39.213953" lon="-105.342448">
				<ele>2418.108452</ele>
				<time>2021-11-29T19:24:52Z</time>
			</trkpt>
			<trkpt lat="39.21391" lon="-105.342761">
				<ele>2416.959484</ele>
				<time>2021-11-29T19:24:59Z</time>
			</trkpt>
			<trkpt lat="39.21377" lon="-105.343122">
				<ele>2415.500341</ele>
				<time>2021-11-29T19:25:08Z</time>
			</trkpt>
			<trkpt lat="39.21364" lon="-105.343217">
				<ele>2414.886259</ele>
				<time>2021-11-29T19:25:13Z</time>
			</trkpt>
			<trkpt lat="39.213473" lon="-105.343272">
				<ele>2414.23616</ele>
				<time>2021-11-29T19:25:18Z</time>
			</trkpt>
			<trkpt lat="39.21332" lon="-105.343215">
				<ele>2413.635491</ele>
				<time>2021-11-29T19:25:23Z</time>
			</trkpt>
			<trkpt lat="39.212631" lon="-105.342785">
				<ele>2410.748734</ele>
				<time>2021-11-29T19:25:46Z</time>
			</trkpt>
			<trkpt lat="39.211334" lon="-105.341763">
				<ele>2404.727362</ele>
				<time>2021-11-29T19:26:31Z</time>
			</trkpt>
			<trkpt lat="39.210656" lon="-105.341379">
				<ele>2401.699234</ele>
				<time>2021-11-29T19:26:53Z</time>
			</trkpt>
			<trkpt lat="39.20997" lon="-105.340924">
				<ele>2399.737469</ele>
				<time>2021-11-29T19:27:17Z</time>
			</trkpt>
			<trkpt lat="39.209809" lon="-105.340878">
				<ele>2399.378386</ele>
				<time>2021-11-29T19:27:22Z</time>
			</trkpt>
			<trkpt lat="39.209396" lon="-105.340954">
				<ele>2398.46994</ele>
				<time>2021-11-29T19:27:36Z</time>
			</trkpt>
			<trkpt lat="39.209133" lon="-105.34109">
				<ele>2397.852968</ele>
				<time>2021-11-29T19:27:46Z</time>
			</trkpt>
			<trkpt lat="39.20876" lon="-105.341464">
				<ele>2397.041379</ele>
				<time>2021-11-29T19:28:02Z</time>
			</trkpt>
			<trkpt lat="39.208585" lon="-105.341672">
				<ele>2396.84039</ele>
				<time>2021-11-29T19:28:10Z</time>
			</trkpt>
			<trkpt lat="39.208423" lon="-105.341921">
				<ele>2396.627554</ele>
				<time>2021-11-29T19:28:19Z</time>
			</trkpt>
			<trkpt lat="39.208289" lon="-105.342193">
				<ele>2396.416559</ele>
				<time>2021-11-29T19:28:28Z</time>
			</trkpt>
			<trkpt lat="39.208157" lon="-105.342635">
				<ele>2396.106474</ele>
				<time>2021-11-29T19:28:41Z</time>
			</trkpt>
			<trkpt lat="39.208083" lon="-105.34328">
				<ele>2395.679645</ele>
				<time>2021-11-29T19:28:59Z</time>
			</trkpt>
			<trkpt lat="39.208088" lon="-105.343551">
				<ele>2395.010231</ele>
				<time>2021-11-29T19:29:07Z</time>
			</trkpt>
			<trkpt lat="39.208166" lon="-105.343803">
				<ele>2394.276665</ele>
				<time>2021-11-29T19:29:13Z</time>
			</trkpt>
			<trkpt lat="39.208201" lon="-105.344047">
				<ele>2393.605859</ele>
				<time>2021-11-29T19:29:19Z</time>
			</trkpt>
			<trkpt lat="39.208176" lon="-105.344419">
				<ele>2392.596466</ele>
				<time>2021-11-29T19:29:28Z</time>
			</trkpt>
			<trkpt lat="39.208228" lon="-105.344917">
				<ele>2391.238068</ele>
				<time>2021-11-29T19:29:39Z</time>
			</trkpt>
			<trkpt lat="39.208196" lon="-105.345111">
				<ele>2390.701882</ele>
				<time>2021-11-29T19:29:44Z</time>
			</trkpt>
			<trkpt lat="39.208118" lon="-105.345165">
				<ele>2390.393078</ele>
				<time>2021-11-29T19:29:46Z</time>
			</trkpt>
			<trkpt lat="39.208033" lon="-105.345144">
				<ele>2390.091149</ele>
				<time>2021-11-29T19:29:49Z</time>
			</trkpt>
			<trkpt lat="39.20756" lon="-105.344594">
				<ele>2387.469851</ele>
				<time>2021-11-29T19:30:07Z</time>
			</trkpt>
			<trkpt lat="39.207303" lon="-105.344487">
				<ele>2386.278835</ele>
				<time>2021-11-29T19:30:15Z</time>
			</trkpt>
			<trkpt lat="39.207053" lon="-105.344496">
				<ele>2385.175788</ele>
				<time>2021-11-29T19:30:23Z</time>
			</trkpt>
			<trkpt lat="39.206687" lon="-105.344616">
				<ele>2383.510274</ele>
				<time>2021-11-29T19:30:33Z</time>
			</trkpt>
			<trkpt lat="39.205274" lon="-105.345228">
				<ele>2377.203653</ele>
				<time>2021-11-29T19:31:19Z</time>
			</trkpt>
			<trkpt lat="39.204566" lon="-105.345361">
				<ele>2374.234737</ele>
				<time>2021-11-29T19:31:40Z</time>
			</trkpt>
			<trkpt lat="39.204242" lon="-105.3455">
				<ele>2371.705635</ele>
				<time>2021-11-29T19:31:50Z</time>
			</trkpt>
			<trkpt lat="39.203341" lon="-105.346272">
				<ele>2362.950768</ele>
				<time>2021-11-29T19:32:18Z</time>
			</trkpt>
			<trkpt lat="39.203187" lon="-105.346371">
				<ele>2361.55802</ele>
				<time>2021-11-29T19:32:23Z</time>
			</trkpt>
			<trkpt lat="39.202995" lon="-105.346444">
				<ele>2359.937724</ele>
				<time>2021-11-29T19:32:28Z</time>
			</trkpt>
			<trkpt lat="39.202831" lon="-105.346455">
				<ele>2358.388678</ele>
				<time>2021-11-29T19:32:32Z</time>
			</trkpt>
			<trkpt lat="39.202565" lon="-105.346411">
				<ele>2355.635786</ele>
				<time>2021-11-29T19:32:39Z</time>
			</trkpt>
			<trkpt lat="39.202111" lon="-105.346226">
				<ele>2350.748543</ele>
				<time>2021-11-29T19:32:51Z</time>
			</trkpt>
			<trkpt lat="39.201735" lon="-105.345998">
				<ele>2346.483927</ele>
				<time>2021-11-29T19:33:02Z</time>
			</trkpt>
			<trkpt lat="39.200893" lon="-105.345265">
				<ele>2336.336388</ele>
				<time>2021-11-29T19:33:28Z</time>
			</trkpt>
			<trkpt lat="39.200556" lon="-105.345007">
				<ele>2332.542484</ele>
				<time>2021-11-29T19:33:38Z</time>
			</trkpt>
			<trkpt lat="39.198881" lon="-105.344071">
				<ele>2316.423559</ele>
				<time>2021-11-29T19:34:25Z</time>
			</trkpt>
			<trkpt lat="39.198314" lon="-105.343794">
				<ele>2311.604454</ele>
				<time>2021-11-29T19:34:42Z</time>
			</trkpt>
			<trkpt lat="39.198132" lon="-105.343836">
				<ele>2310.134836</ele>
				<time>2021-11-29T19:34:47Z</time>
			</trkpt>
			<trkpt lat="39.19797" lon="-105.343894">
				<ele>2309.023244</ele>
				<time>2021-11-29T19:34:52Z</time>
			</trkpt>
			<trkpt lat="39.197767" lon="-105.344026">
				<ele>2308.110605</ele>
				<time>2021-11-29T19:34:58Z</time>
			</trkpt>
			<trkpt lat="39.197403" lon="-105.344156">
				<ele>2306.594271</ele>
				<time>2021-11-29T19:35:09Z</time>
			</trkpt>
			<trkpt lat="39.196992" lon="-105.344416">
				<ele>2304.756553</ele>
				<time>2021-11-29T19:35:23Z</time>
			</trkpt>
			<trkpt lat="39.196914" lon="-105.34453">
				<ele>2304.283396</ele>
				<time>2021-11-29T19:35:27Z</time>
			</trkpt>
			<trkpt lat="39.196806" lon="-105.344841">
				<ele>2303.223044</ele>
				<time>2021-11-29T19:35:35Z</time>
			</trkpt>
			<trkpt lat="39.196639" lon="-105.344916">
				<ele>2302.513122</ele>
				<time>2021-11-29T19:35:40Z</time>
			</trkpt>
			<trkpt lat="39.195936" lon="-105.345029">
				<ele>2301.525199</ele>
				<time>2021-11-29T19:36:03Z</time>
			</trkpt>
			<trkpt lat="39.195598" lon="-105.345274">
				<ele>2301.191707</ele>
				<time>2021-11-29T19:36:16Z</time>
			</trkpt>
			<trkpt lat="39.195412" lon="-105.345596">
				<ele>2300.923971</ele>
				<time>2021-11-29T19:36:27Z</time>
			</trkpt>
			<trkpt lat="39.194913" lon="-105.345629">
				<ele>2300.494156</ele>
				<time>2021-11-29T19:36:47Z</time>
			</trkpt>
			<trkpt lat="39.194809" lon="-105.345707">
				<ele>2300.647346</ele>
				<time>2021-11-29T19:36:53Z</time>
			</trkpt>
			<trkpt lat="39.194604" lon="-105.346276">
				<ele>2301.377614</ele>
				<time>2021-11-29T19:37:15Z</time>
			</trkpt>
			<trkpt lat="39.194569" lon="-105.346331">
				<ele>2301.460438</ele>
				<time>2021-11-29T19:37:18Z</time>
			</trkpt>
			<trkpt lat="39.194463" lon="-105.3465">
				<ele>2301.713465</ele>
				<time>2021-11-29T19:37:26Z</time>
			</trkpt>
			<trkpt lat="39.194323" lon="-105.346541">
				<ele>2301.929049</ele>
				<time>2021-11-29T19:37:34Z</time>
			</trkpt>
			<trkpt lat="39.194161" lon="-105.346463">
				<ele>2302.188708</ele>
				<time>2021-11-29T19:37:43Z</time>
			</trkpt>
			<trkpt lat="39.193975" lon="-105.346307">
				<ele>2302.521843</ele>
				<time>2021-11-29T19:37:54Z</time>
			</trkpt>
			<trkpt lat="39.193757" lon="-105.346069">
				<ele>2302.950672</ele>
				<time>2021-11-29T19:38:07Z</time>
			</trkpt>
			<trkpt lat="39.193402" lon="-105.346132">
				<ele>2302.815834</ele>
				<time>2021-11-29T19:38:20Z</time>
			</trkpt>
			<trkpt lat="39.193293" lon="-105.346096">
				<ele>2302.610313</ele>
				<time>2021-11-29T19:38:24Z</time>
			</trkpt>
			<trkpt lat="39.19325" lon="-105.345983">
				<ele>2302.4321</ele>
				<time>2021-11-29T19:38:27Z</time>
			</trkpt>
			<trkpt lat="39.193204" lon="-105.345495">
				<ele>2301.736162</ele>
				<time>2021-11-29T19:38:39Z</time>
			</trkpt>
			<trkpt lat="39.193027" lon="-105.344664">
				<ele>2300.516121</ele>
				<time>2021-11-29T19:39:00Z</time>
			</trkpt>
			<trkpt lat="39.192952" lon="-105.344516">
				<ele>2300.265788</ele>
				<time>2021-11-29T19:39:04Z</time>
			</trkpt>
			<trkpt lat="39.1925" lon="-105.344095">
				<ele>2300.459447</ele>
				<time>2021-11-29T19:39:22Z</time>
			</trkpt>
			<trkpt lat="39.192304" lon="-105.343988">
				<ele>2300.793073</ele>
				<time>2021-11-29T19:39:29Z</time>
			</trkpt>
			<trkpt lat="39.192111" lon="-105.344009">
				<ele>2301.0967</ele>
				<time>2021-11-29T19:39:36Z</time>
			</trkpt>
			<trkpt lat="39.191944" lon="-105.344079">
				<ele>2301.371963</ele>
				<time>2021-11-29T19:39:44Z</time>
			</trkpt>
			<trkpt lat="39.191222" lon="-105.344752">
				<ele>2302.899463</ele>
				<time>2021-11-29T19:40:34Z</time>
			</trkpt>
			<trkpt lat="39.191012" lon="-105.34503">
				<ele>2304.635881</ele>
				<time>2021-11-29T19:40:55Z</time>
			</trkpt>
			<trkpt lat="39.190805" lon="-105.345361">
				<ele>2306.538322</ele>
				<time>2021-11-29T19:41:18Z</time>
			</trkpt>
			<trkpt lat="39.19069" lon="-105.345448">
				<ele>2307.307696</ele>
				<time>2021-11-29T19:41:27Z</time>
			</trkpt>
			<trkpt lat="39.190582" lon="-105.345378">
				<ele>2308.005221</ele>
				<time>2021-11-29T19:41:36Z</time>
			</trkpt>
			<trkpt lat="39.19052" lon="-105.345282">
				<ele>2308.564174</ele>
				<time>2021-11-29T19:41:42Z</time>
			</trkpt>
			<trkpt lat="39.190539" lon="-105.344618">
				<ele>2311.536292</ele>
				<time>2021-11-29T19:42:17Z</time>
			</trkpt>
			<trkpt lat="39.190606" lon="-105.344191">
				<ele>2313.476748</ele>
				<time>2021-11-29T19:42:39Z</time>
			</trkpt>
			<trkpt lat="39.190589" lon="-105.344035">
				<ele>2314.166265</ele>
				<time>2021-11-29T19:42:47Z</time>
			</trkpt>
			<trkpt lat="39.190523" lon="-105.343912">
				<ele>2314.821059</ele>
				<time>2021-11-29T19:42:54Z</time>
			</trkpt>
			<trkpt lat="39.190342" lon="-105.343858">
				<ele>2315.87019</ele>
				<time>2021-11-29T19:43:06Z</time>
			</trkpt>
			<trkpt lat="39.190024" lon="-105.343869">
				<ele>2317.666675</ele>
				<time>2021-11-29T19:43:26Z</time>
			</trkpt>
			<trkpt lat="39.189805" lon="-105.343917">
				<ele>2318.921151</ele>
				<time>2021-11-29T19:43:40Z</time>
			</trkpt>
			<trkpt lat="39.18965" lon="-105.344009">
				<ele>2319.884664</ele>
				<time>2021-11-29T19:43:50Z</time>
			</trkpt>
			<trkpt lat="39.189556" lon="-105.344165">
				<ele>2320.74955</ele>
				<time>2021-11-29T19:44:00Z</time>
			</trkpt>
			<trkpt lat="39.189796" lon="-105.345305">
				<ele>2326.519064</ele>
				<time>2021-11-29T19:45:04Z</time>
			</trkpt>
			<trkpt lat="39.188435" lon="-105.348161">
				<ele>2344.736561</ele>
				<time>2021-11-29T19:48:13Z</time>
			</trkpt>
			<trkpt lat="39.188167" lon="-105.348481">
				<ele>2347.332097</ele>
				<time>2021-11-29T19:48:40Z</time>
			</trkpt>
			<trkpt lat="39.187551" lon="-105.350005">
				<ele>2355.512023</ele>
				<time>2021-11-29T19:50:14Z</time>
			</trkpt>
			<trkpt lat="39.187335" lon="-105.350069">
				<ele>2356.843118</ele>
				<time>2021-11-29T19:50:28Z</time>
			</trkpt>
			<trkpt lat="39.187185" lon="-105.349812">
				<ele>2358.340795</ele>
				<time>2021-11-29T19:50:44Z</time>
			</trkpt>
			<trkpt lat="39.187326" lon="-105.349407">
				<ele>2360.11213</ele>
				<time>2021-11-29T19:51:04Z</time>
			</trkpt>
			<trkpt lat="39.187326" lon="-105.34924">
				<ele>2360.684527</ele>
				<time>2021-11-29T19:51:11Z</time>
			</trkpt>
			<trkpt lat="39.187036" lon="-105.348546">
				<ele>2363.386903</ele>
				<time>2021-11-29T19:51:46Z</time>
			</trkpt>
			<trkpt lat="39.187019" lon="-105.34788">
				<ele>2365.67088</ele>
				<time>2021-11-29T19:52:16Z</time>
			</trkpt>
			<trkpt lat="39.186653" lon="-105.347816">
				<ele>2367.325466</ele>
				<time>2021-11-29T19:52:38Z</time>
			</trkpt>
			<trkpt lat="39.186557" lon="-105.348033">
				<ele>2368.470355</ele>
				<time>2021-11-29T19:52:50Z</time>
			</trkpt>
			<trkpt lat="39.186503" lon="-105.348417">
				<ele>2370.258627</ele>
				<time>2021-11-29T19:53:10Z</time>
			</trkpt>
			<trkpt lat="39.186171" lon="-105.348867">
				<ele>2373.105367</ele>
				<time>2021-11-29T19:53:42Z</time>
			</trkpt>
			<trkpt lat="39.186171" lon="-105.349576">
				<ele>2376.35413</ele>
				<time>2021-11-29T19:54:22Z</time>
			</trkpt>
			<trkpt lat="39.18514" lon="-105.35112">
				<ele>2384.983342</ele>
				<time>2021-11-29T19:56:06Z</time>
			</trkpt>
			<trkpt lat="39.185289" lon="-105.351378">
				<ele>2386.323922</ele>
				<time>2021-11-29T19:56:21Z</time>
			</trkpt>
			<trkpt lat="39.185655" lon="-105.351507">
				<ele>2388.319225</ele>
				<time>2021-11-29T19:56:42Z</time>
			</trkpt>
			<trkpt lat="39.185905" lon="-105.352">
				<ele>2390.641544</ele>
				<time>2021-11-29T19:57:09Z</time>
			</trkpt>
			<trkpt lat="39.18637" lon="-105.351893">
				<ele>2393.043701</ele>
				<time>2021-11-29T19:57:38Z</time>
			</trkpt>
			<trkpt lat="39.186703" lon="-105.352129">
				<ele>2394.975918</ele>
				<time>2021-11-29T19:58:02Z</time>
			</trkpt>
			<trkpt lat="39.186968" lon="-105.352969">
				<ele>2399.429394</ele>
				<time>2021-11-29T19:58:50Z</time>
			</trkpt>
			<trkpt lat="39.187069" lon="-105.353846">
				<ele>2404.574546</ele>
				<time>2021-11-29T19:59:43Z</time>
			</trkpt>
			<trkpt lat="39.186869" lon="-105.354768">
				<ele>2410.130552</ele>
				<time>2021-11-29T20:00:42Z</time>
			</trkpt>
			<trkpt lat="39.18659" lon="-105.355101">
				<ele>2412.611597</ele>
				<time>2021-11-29T20:01:09Z</time>
			</trkpt>
			<trkpt lat="39.185592" lon="-105.355649">
				<ele>2419.682165</ele>
				<time>2021-11-29T20:02:21Z</time>
			</trkpt>
			<trkpt lat="39.185568" lon="-105.355871">
				<ele>2420.814747</ele>
				<time>2021-11-29T20:02:33Z</time>
			</trkpt>
			<trkpt lat="39.185735" lon="-105.356">
				<ele>2422.123072</ele>
				<time>2021-11-29T20:02:47Z</time>
			</trkpt>
			<trkpt lat="39.185921" lon="-105.356227">
				<ele>2424.118272</ele>
				<time>2021-11-29T20:03:05Z</time>
			</trkpt>
			<trkpt lat="39.185941" lon="-105.356481">
				<ele>2425.660358</ele>
				<time>2021-11-29T20:03:19Z</time>
			</trkpt>
			<trkpt lat="39.185831" lon="-105.35711">
				<ele>2429.555097</ele>
				<time>2021-11-29T20:03:56Z</time>
			</trkpt>
			<trkpt lat="39.185572" lon="-105.357923">
				<ele>2434.864324</ele>
				<time>2021-11-29T20:04:51Z</time>
			</trkpt>
			<trkpt lat="39.184856" lon="-105.358644">
				<ele>2441.368185</ele>
				<time>2021-11-29T20:06:07Z</time>
			</trkpt>
			<trkpt lat="39.184408" lon="-105.358545">
				<ele>2444.573739</ele>
				<time>2021-11-29T20:06:41Z</time>
			</trkpt>
			<trkpt lat="39.183443" lon="-105.359403">
				<ele>2450.626468</ele>
				<time>2021-11-29T20:07:48Z</time>
			</trkpt>
			<trkpt lat="39.183361" lon="-105.359572">
				<ele>2451.149772</ele>
				<time>2021-11-29T20:07:55Z</time>
			</trkpt>
			<trkpt lat="39.183424" lon="-105.35971">
				<ele>2451.570127</ele>
				<time>2021-11-29T20:08:01Z</time>
			</trkpt>
			<trkpt lat="39.183544" lon="-105.359779">
				<ele>2452.01499</ele>
				<time>2021-11-29T20:08:08Z</time>
			</trkpt>
			<trkpt lat="39.183796" lon="-105.359767">
				<ele>2452.868868</ele>
				<time>2021-11-29T20:08:20Z</time>
			</trkpt>
			<trkpt lat="39.183992" lon="-105.359854">
				<ele>2453.570727</ele>
				<time>2021-11-29T20:08:31Z</time>
			</trkpt>
			<trkpt lat="39.18412" lon="-105.360141">
				<ele>2454.439789</ele>
				<time>2021-11-29T20:08:45Z</time>
			</trkpt>
			<trkpt lat="39.184076" lon="-105.360372">
				<ele>2455.194977</ele>
				<time>2021-11-29T20:08:55Z</time>
			</trkpt>
			<trkpt lat="39.183979" lon="-105.360413">
				<ele>2455.656358</ele>
				<time>2021-11-29T20:09:01Z</time>
			</trkpt>
			<trkpt lat="39.183843" lon="-105.360372">
				<ele>2456.287651</ele>
				<time>2021-11-29T20:09:09Z</time>
			</trkpt>
			<trkpt lat="39.183643" lon="-105.360412">
				<ele>2457.202468</ele>
				<time>2021-11-29T20:09:21Z</time>
			</trkpt>
			<trkpt lat="39.183427" lon="-105.361141">
				<ele>2459.936868</ele>
				<time>2021-11-29T20:10:00Z</time>
			</trkpt>
			<trkpt lat="39.183127" lon="-105.36127">
				<ele>2461.366235</ele>
				<time>2021-11-29T20:10:21Z</time>
			</trkpt>
			<trkpt lat="39.182462" lon="-105.360905">
				<ele>2462.724766</ele>
				<time>2021-11-29T20:11:03Z</time>
			</trkpt>
			<trkpt lat="39.18188" lon="-105.360862">
				<ele>2462.611499</ele>
				<time>2021-11-29T20:11:27Z</time>
			</trkpt>
			<trkpt lat="39.180466" lon="-105.361356">
				<ele>2458.59463</ele>
				<time>2021-11-29T20:12:11Z</time>
			</trkpt>
			<trkpt lat="39.180216" lon="-105.361892">
				<ele>2455.733083</ele>
				<time>2021-11-29T20:12:24Z</time>
			</trkpt>
			<trkpt lat="39.179967" lon="-105.361935">
				<ele>2454.250552</ele>
				<time>2021-11-29T20:12:31Z</time>
			</trkpt>
			<trkpt lat="39.179534" lon="-105.361291">
				<ele>2450.01461</ele>
				<time>2021-11-29T20:12:49Z</time>
			</trkpt>
			<trkpt lat="39.178104" lon="-105.360519">
				<ele>2438.802498</ele>
				<time>2021-11-29T20:13:31Z</time>
			</trkpt>
			<trkpt lat="39.177405" lon="-105.360755">
				<ele>2433.8729</ele>
				<time>2021-11-29T20:13:51Z</time>
			</trkpt>
			<trkpt lat="39.177368" lon="-105.361147">
				<ele>2431.784377</ele>
				<time>2021-11-29T20:13:59Z</time>
			</trkpt>
			<trkpt lat="39.177267" lon="-105.361369">
				<ele>2430.422989</ele>
				<time>2021-11-29T20:14:05Z</time>
			</trkpt>
			<trkpt lat="39.177062" lon="-105.361338">
				<ele>2429.014787</ele>
				<time>2021-11-29T20:14:11Z</time>
			</trkpt>
			<trkpt lat="39.176474" lon="-105.360648">
				<ele>2423.39878</ele>
				<time>2021-11-29T20:14:32Z</time>
			</trkpt>
			<trkpt lat="39.17501" lon="-105.360884">
				<ele>2412.510386</ele>
				<time>2021-11-29T20:15:12Z</time>
			</trkpt>
			<trkpt lat="39.174594" lon="-105.361506">
				<ele>2406.922859</ele>
				<time>2021-11-29T20:15:29Z</time>
			</trkpt>
			<trkpt lat="39.174045" lon="-105.361356">
				<ele>2401.999137</ele>
				<time>2021-11-29T20:15:44Z</time>
			</trkpt>
			<trkpt lat="39.173047" lon="-105.361527">
				<ele>2394.575886</ele>
				<time>2021-11-29T20:16:10Z</time>
			</trkpt>
			<trkpt lat="39.172864" lon="-105.361249">
				<ele>2392.865494</ele>
				<time>2021-11-29T20:16:18Z</time>
			</trkpt>
			<trkpt lat="39.173297" lon="-105.360519">
				<ele>2388.55475</ele>
				<time>2021-11-29T20:16:38Z</time>
			</trkpt>
			<trkpt lat="39.174577" lon="-105.35994">
				<ele>2383.779686</ele>
				<time>2021-11-29T20:17:23Z</time>
			</trkpt>
			<trkpt lat="39.174644" lon="-105.359467">
				<ele>2382.719125</ele>
				<time>2021-11-29T20:17:35Z</time>
			</trkpt>
			<trkpt lat="39.174295" lon="-105.359446">
				<ele>2381.725064</ele>
				<time>2021-11-29T20:17:46Z</time>
			</trkpt>
			<trkpt lat="39.174078" lon="-105.359768">
				<ele>2379.374174</ele>
				<time>2021-11-29T20:17:55Z</time>
			</trkpt>
			<trkpt lat="39.172695" lon="-105.359968">
				<ele>2369.375486</ele>
				<time>2021-11-29T20:18:32Z</time>
			</trkpt>
			<trkpt lat="39.172322" lon="-105.360403">
				<ele>2367.077047</ele>
				<time>2021-11-29T20:18:46Z</time>
			</trkpt>
			<trkpt lat="39.17216" lon="-105.360322">
				<ele>2366.3715</ele>
				<time>2021-11-29T20:18:51Z</time>
			</trkpt>
			<trkpt lat="39.172141" lon="-105.360017">
				<ele>2365.408216</ele>
				<time>2021-11-29T20:18:58Z</time>
			</trkpt>
			<trkpt lat="39.172714" lon="-105.359618">
				<ele>2362.763967</ele>
				<time>2021-11-29T20:19:18Z</time>
			</trkpt>
			<trkpt lat="39.172669" lon="-105.359384">
				<ele>2362.004976</ele>
				<time>2021-11-29T20:19:24Z</time>
			</trkpt>
			<trkpt lat="39.17242" lon="-105.359247">
				<ele>2361.362154</ele>
				<time>2021-11-29T20:19:33Z</time>
			</trkpt>
			<trkpt lat="39.172151" lon="-105.359259">
				<ele>2361.135375</ele>
				<time>2021-11-29T20:19:43Z</time>
			</trkpt>
			<trkpt lat="39.171902" lon="-105.359365">
				<ele>2360.914451</ele>
				<time>2021-11-29T20:19:54Z</time>
			</trkpt>
			<trkpt lat="39.171826" lon="-105.359636">
				<ele>2360.726212</ele>
				<time>2021-11-29T20:20:02Z</time>
			</trkpt>
			<trkpt lat="39.171804" lon="-105.360301">
				<ele>2360.291449</ele>
				<time>2021-11-29T20:20:20Z</time>
			</trkpt>
			<trkpt lat="39.171751" lon="-105.360446">
				<ele>2360.186737</ele>
				<time>2021-11-29T20:20:24Z</time>
			</trkpt>
			<trkpt lat="39.171334" lon="-105.360583">
				<ele>2360.422473</ele>
				<time>2021-11-29T20:20:38Z</time>
			</trkpt>
			<trkpt lat="39.171198" lon="-105.36032">
				<ele>2361.085762</ele>
				<time>2021-11-29T20:20:47Z</time>
			</trkpt>
			<trkpt lat="39.170934" lon="-105.359811">
				<ele>2362.370658</ele>
				<time>2021-11-29T20:21:09Z</time>
			</trkpt>
			<trkpt lat="39.170254" lon="-105.359211">
				<ele>2364.600335</ele>
				<time>2021-11-29T20:21:59Z</time>
			</trkpt>
			<trkpt lat="39.170036" lon="-105.359167">
				<ele>2365.698644</ele>
				<time>2021-11-29T20:22:13Z</time>
			</trkpt>
			<trkpt lat="39.169288" lon="-105.36024">
				<ele>2372.899571</ele>
				<time>2021-11-29T20:23:33Z</time>
			</trkpt>
			<trkpt lat="39.169112" lon="-105.360173">
				<ele>2374.080756</ele>
				<time>2021-11-29T20:23:47Z</time>
			</trkpt>
			<trkpt lat="39.169021" lon="-105.359983">
				<ele>2375.195262</ele>
				<time>2021-11-29T20:24:00Z</time>
			</trkpt>
			<trkpt lat="39.169131" lon="-105.358915">
				<ele>2378.916657</ele>
				<time>2021-11-29T20:24:55Z</time>
			</trkpt>
			<trkpt lat="39.169108" lon="-105.358687">
				<ele>2379.607578</ele>
				<time>2021-11-29T20:25:05Z</time>
			</trkpt>
			<trkpt lat="39.168792" lon="-105.358515">
				<ele>2380.936994</ele>
				<time>2021-11-29T20:25:21Z</time>
			</trkpt>
			<trkpt lat="39.168726" lon="-105.358361">
				<ele>2381.46577</ele>
				<time>2021-11-29T20:25:28Z</time>
			</trkpt>
			<trkpt lat="39.168922" lon="-105.357665">
				<ele>2383.491122</ele>
				<time>2021-11-29T20:25:56Z</time>
			</trkpt>
			<trkpt lat="39.168807" lon="-105.357246">
				<ele>2383.960009</ele>
				<time>2021-11-29T20:26:14Z</time>
			</trkpt>
			<trkpt lat="39.168589" lon="-105.35685">
				<ele>2384.472353</ele>
				<time>2021-11-29T20:26:32Z</time>
			</trkpt>
			<trkpt lat="39.168239" lon="-105.356807">
				<ele>2384.950741</ele>
				<time>2021-11-29T20:26:47Z</time>
			</trkpt>
			<trkpt lat="39.167973" lon="-105.35685">
				<ele>2385.315509</ele>
				<time>2021-11-29T20:26:58Z</time>
			</trkpt>
			<trkpt lat="39.167665" lon="-105.356697">
				<ele>2385.764601</ele>
				<time>2021-11-29T20:27:10Z</time>
			</trkpt>
			<trkpt lat="39.167474" lon="-105.356378">
				<ele>2385.818989</ele>
				<time>2021-11-29T20:27:21Z</time>
			</trkpt>
			<trkpt lat="39.167474" lon="-105.355648">
				<ele>2385.794617</ele>
				<time>2021-11-29T20:27:42Z</time>
			</trkpt>
			<trkpt lat="39.167211" lon="-105.355323">
				<ele>2385.778933</ele>
				<time>2021-11-29T20:27:55Z</time>
			</trkpt>
			<trkpt lat="39.166792" lon="-105.355047">
				<ele>2385.758674</ele>
				<time>2021-11-29T20:28:12Z</time>
			</trkpt>
			<trkpt lat="39.166609" lon="-105.355212">
				<ele>2386.037851</ele>
				<time>2021-11-29T20:28:20Z</time>
			</trkpt>
			<trkpt lat="39.166537" lon="-105.355477">
				<ele>2386.731198</ele>
				<time>2021-11-29T20:28:28Z</time>
			</trkpt>
			<trkpt lat="39.16724" lon="-105.358188">
				<ele>2396.067949</ele>
				<time>2021-11-29T20:30:37Z</time>
			</trkpt>
			<trkpt lat="39.167154" lon="-105.358663">
				<ele>2398.461048</ele>
				<time>2021-11-29T20:31:04Z</time>
			</trkpt>
			<trkpt lat="39.166595" lon="-105.359661">
				<ele>2405.10067</ele>
				<time>2021-11-29T20:32:17Z</time>
			</trkpt>
			<trkpt lat="39.16601" lon="-105.360519">
				<ele>2412.756262</ele>
				<time>2021-11-29T20:33:34Z</time>
			</trkpt>
			<trkpt lat="39.165228" lon="-105.361399">
				<ele>2420.858712</ele>
				<time>2021-11-29T20:34:53Z</time>
			</trkpt>
			<trkpt lat="39.164829" lon="-105.361442">
				<ele>2423.415565</ele>
				<time>2021-11-29T20:35:21Z</time>
			</trkpt>
			<trkpt lat="39.164413" lon="-105.361055">
				<ele>2426.691031</ele>
				<time>2021-11-29T20:35:57Z</time>
			</trkpt>
			<trkpt lat="39.16403" lon="-105.361055">
				<ele>2429.136831</ele>
				<time>2021-11-29T20:36:21Z</time>
			</trkpt>
			<trkpt lat="39.163881" lon="-105.361313">
				<ele>2430.52778</ele>
				<time>2021-11-29T20:36:36Z</time>
			</trkpt>
			<trkpt lat="39.163698" lon="-105.362085">
				<ele>2433.560606</ele>
				<time>2021-11-29T20:37:12Z</time>
			</trkpt>
			<trkpt lat="39.163115" lon="-105.3623">
				<ele>2436.498701</ele>
				<time>2021-11-29T20:37:49Z</time>
			</trkpt>
			<trkpt lat="39.163016" lon="-105.362965">
				<ele>2439.08222</ele>
				<time>2021-11-29T20:38:23Z</time>
			</trkpt>
			<trkpt lat="39.161834" lon="-105.364253">
				<ele>2447.261911</ele>
				<time>2021-11-29T20:40:02Z</time>
			</trkpt>
			<trkpt lat="39.161585" lon="-105.365283">
				<ele>2452.25723</ele>
				<time>2021-11-29T20:40:54Z</time>
			</trkpt>
			<trkpt lat="39.161069" lon="-105.365454">
				<ele>2455.525909</ele>
				<time>2021-11-29T20:41:29Z</time>
			</trkpt>
			<trkpt lat="39.160337" lon="-105.36642">
				<ele>2463.055953</ele>
				<time>2021-11-29T20:42:47Z</time>
			</trkpt>
			<trkpt lat="39.160387" lon="-105.367064">
				<ele>2467.34923</ele>
				<time>2021-11-29T20:43:27Z</time>
			</trkpt>
			<trkpt lat="39.161119" lon="-105.367986">
				<ele>2476.161108</ele>
				<time>2021-11-29T20:44:52Z</time>
			</trkpt>
			<trkpt lat="39.161069" lon="-105.368415">
				<ele>2479.146449</ele>
				<time>2021-11-29T20:45:21Z</time>
			</trkpt>
			<trkpt lat="39.159671" lon="-105.369638">
				<ele>2492.554807</ele>
				<time>2021-11-29T20:47:39Z</time>
			</trkpt>
			<trkpt lat="39.159422" lon="-105.369853">
				<ele>2494.056007</ele>
				<time>2021-11-29T20:47:57Z</time>
			</trkpt>
			<trkpt lat="39.159093" lon="-105.369847">
				<ele>2495.704385</ele>
				<time>2021-11-29T20:48:16Z</time>
			</trkpt>
			<trkpt lat="39.158954" lon="-105.369696">
				<ele>2496.614866</ele>
				<time>2021-11-29T20:48:26Z</time>
			</trkpt>
			<trkpt lat="39.158906" lon="-105.369159">
				<ele>2498.714689</ele>
				<time>2021-11-29T20:48:48Z</time>
			</trkpt>
			<trkpt lat="39.158855" lon="-105.368932">
				<ele>2499.621472</ele>
				<time>2021-11-29T20:48:57Z</time>
			</trkpt>
			<trkpt lat="39.158782" lon="-105.368817">
				<ele>2500.144695</ele>
				<time>2021-11-29T20:49:03Z</time>
			</trkpt>
			<trkpt lat="39.158686" lon="-105.368763">
				<ele>2500.620214</ele>
				<time>2021-11-29T20:49:08Z</time>
			</trkpt>
			<trkpt lat="39.158428" lon="-105.368711">
				<ele>2501.805819</ele>
				<time>2021-11-29T20:49:22Z</time>
			</trkpt>
			<trkpt lat="39.157422" lon="-105.3686">
				<ele>2506.390002</ele>
				<time>2021-11-29T20:50:18Z</time>
			</trkpt>
			<trkpt lat="39.15691" lon="-105.368364">
				<ele>2509.538096</ele>
				<time>2021-11-29T20:51:01Z</time>
			</trkpt>
			<trkpt lat="39.156796" lon="-105.368385">
				<ele>2510.362011</ele>
				<time>2021-11-29T20:51:11Z</time>
			</trkpt>
			<trkpt lat="39.156652" lon="-105.368483">
				<ele>2511.526947</ele>
				<time>2021-11-29T20:51:25Z</time>
			</trkpt>
			<trkpt lat="39.15608" lon="-105.369168">
				<ele>2517.111843</ele>
				<time>2021-11-29T20:52:27Z</time>
			</trkpt>
			<trkpt lat="39.155946" lon="-105.369297">
				<ele>2518.308243</ele>
				<time>2021-11-29T20:52:38Z</time>
			</trkpt>
			<trkpt lat="39.155757" lon="-105.369251">
				<ele>2519.684354</ele>
				<time>2021-11-29T20:52:51Z</time>
			</trkpt>
			<trkpt lat="39.155667" lon="-105.369184">
				<ele>2520.427866</ele>
				<time>2021-11-29T20:52:57Z</time>
			</trkpt>
			<trkpt lat="39.155626" lon="-105.368863">
				<ele>2521.29331</ele>
				<time>2021-11-29T20:53:12Z</time>
			</trkpt>
			<trkpt lat="39.155877" lon="-105.367321">
				<ele>2525.16199</ele>
				<time>2021-11-29T20:54:10Z</time>
			</trkpt>
			<trkpt lat="39.155858" lon="-105.36712">
				<ele>2525.659169</ele>
				<time>2021-11-29T20:54:18Z</time>
			</trkpt>
			<trkpt lat="39.155809" lon="-105.367022">
				<ele>2525.945479</ele>
				<time>2021-11-29T20:54:22Z</time>
			</trkpt>
			<trkpt lat="39.155636" lon="-105.366922">
				<ele>2526.815406</ele>
				<time>2021-11-29T20:54:32Z</time>
			</trkpt>
			<trkpt lat="39.155471" lon="-105.367007">
				<ele>2527.878546</ele>
				<time>2021-11-29T20:54:41Z</time>
			</trkpt>
			<trkpt lat="39.154684" lon="-105.367685">
				<ele>2533.541699</ele>
				<time>2021-11-29T20:55:48Z</time>
			</trkpt>
			<trkpt lat="39.154005" lon="-105.36812">
				<ele>2537.61385</ele>
				<time>2021-11-29T20:56:46Z</time>
			</trkpt>
			<trkpt lat="39.153857" lon="-105.368127">
				<ele>2538.116577</ele>
				<time>2021-11-29T20:56:56Z</time>
			</trkpt>
			<trkpt lat="39.153715" lon="-105.368058">
				<ele>2538.631683</ele>
				<time>2021-11-29T20:57:05Z</time>
			</trkpt>
			<trkpt lat="39.153656" lon="-105.367879">
				<ele>2539.143662</ele>
				<time>2021-11-29T20:57:14Z</time>
			</trkpt>
			<trkpt lat="39.15369" lon="-105.367732">
				<ele>2539.547455</ele>
				<time>2021-11-29T20:57:20Z</time>
			</trkpt>
			<trkpt lat="39.153824" lon="-105.367526">
				<ele>2540.255227</ele>
				<time>2021-11-29T20:57:31Z</time>
			</trkpt>
			<trkpt lat="39.153996" lon="-105.367439">
				<ele>2540.882392</ele>
				<time>2021-11-29T20:57:40Z</time>
			</trkpt>
			<trkpt lat="39.154082" lon="-105.367313">
				<ele>2541.324236</ele>
				<time>2021-11-29T20:57:46Z</time>
			</trkpt>
			<trkpt lat="39.154185" lon="-105.366783">
				<ele>2542.76249</ele>
				<time>2021-11-29T20:58:04Z</time>
			</trkpt>
			<trkpt lat="39.154193" lon="-105.366461">
				<ele>2543.572757</ele>
				<time>2021-11-29T20:58:14Z</time>
			</trkpt>
		</trkseg>
	</trk>
</gpx>