<?xml version="1.0" encoding="UTF-8"?>
<gpx xmlns:xsi="http://www.w3.org/2001/XMLSchema-instance" xsi:schemaLocation="http://www.topografix.com/GPX/1/1 http://www.topografix.com/GPX/1/1/gpx.xsd" xmlns="http://www.topografix.com/GPX/1/1" version="1.1" creator="https://www.komoot.de">
	<metadata>
		<name>nosoco24-3</name>
		<author>
			<link href="https://www.komoot.de">
				<text>komoot</text>
				<type>text/html</type>
			</link>
		</author>
	</metadata>
	<trk>
		<name>nosoco24-3</name>
		<trkseg>
			<trkpt lat="39.221521" lon="-105.324974">
				<ele>2381.706733</ele>
				<time>2021-11-29T19:07:51Z</time>
			</trkpt>
			<trkpt lat="39.221256" lon="-105.326134">
				<ele>2382.317968</ele>
				<time>2021-11-29T19:08:29Z</time>
			</trkpt>
			<trkpt lat="39.221222" lon="-105.326729">
				<ele>2384.042726</ele>
				<time>2021-11-29T19:08:50Z</time>
			</trkpt>
			<trkpt lat="39.221333" lon="-105.327347">
				<ele>2385.876688</ele>
				<time>2021-11-29T19:09:14Z</time>
			</trkpt>
			<trkpt lat="39.221304" lon="-105.327561">
				<ele>2386.504733</ele>
				<time>2021-11-29T19:09:24Z</time>
			</trkpt>
			<trkpt lat="39.221181" lon="-105.328061">
				<ele>2388.021306</ele>
				<time>2021-11-29T19:09:49Z</time>
			</trkpt>
			<trkpt lat="39.22128" lon="-105.329183">
				<ele>2394.346804</ele>
				<time>2021-11-29T19:10:54Z</time>
			</trkpt>
			<trkpt lat="39.221285" lon="-105.329458">
				<ele>2396.195306</ele>
				<time>2021-11-29T19:11:12Z</time>
			</trkpt>
			<trkpt lat="39.221361" lon="-105.329969">
				<ele>2399.691919</ele>
				<time>2021-11-29T19:11:46Z</time>
			</trkpt>
			<trkpt lat="39.221342" lon="-105.330324">
				<ele>2402.083194</ele>
				<time>2021-11-29T19:12:10Z</time>
			</trkpt>
			<trkpt lat="39.221294" lon="-105.33066">
				<ele>2404.379172</ele>
				<time>2021-11-29T19:12:33Z</time>
			</trkpt>
			<trkpt lat="39.221366" lon="-105.330866">
				<ele>2405.806394</ele>
				<time>2021-11-29T19:12:48Z</time>
			</trkpt>
			<trkpt lat="39.221497" lon="-105.331124">
				<ele>2407.735847</ele>
				<time>2021-11-29T19:13:09Z</time>
			</trkpt>
			<trkpt lat="39.221961" lon="-105.33161">
				<ele>2412.560226</ele>
				<time>2021-11-29T19:13:59Z</time>
			</trkpt>
			<trkpt lat="39.222288" lon="-105.332412">
				<ele>2418.228861</ele>
				<time>2021-11-29T19:14:50Z</time>
			</trkpt>
			<trkpt lat="39.222335" lon="-105.332597">
				<ele>2419.261063</ele>
				<time>2021-11-29T19:15:00Z</time>
			</trkpt>
			<trkpt lat="39.222346" lon="-105.333676">
				<ele>2422.413408</ele>
				<time>2021-11-29T19:15:49Z</time>
			</trkpt>
			<trkpt lat="39.222472" lon="-105.334259">
				<ele>2424.181552</ele>
				<time>2021-11-29T19:16:14Z</time>
			</trkpt>
			<trkpt lat="39.222478" lon="-105.334497">
				<ele>2424.877186</ele>
				<time>2021-11-29T19:16:23Z</time>
			</trkpt>
			<trkpt lat="39.222369" lon="-105.335628">
				<ele>2427.242132</ele>
				<time>2021-11-29T19:17:04Z</time>
			</trkpt>
			<trkpt lat="39.222262" lon="-105.336048">
				<ele>2427.998082</ele>
				<time>2021-11-29T19:17:19Z</time>
			</trkpt>
			<trkpt lat="39.222064" lon="-105.336552">
				<ele>2428.964295</ele>
				<time>2021-11-29T19:17:39Z</time>
			</trkpt>
			<trkpt lat="39.222004" lon="-105.336811">
				<ele>2429.426511</ele>
				<time>2021-11-29T19:17:50Z</time>
			</trkpt>
			<trkpt lat="39.221981" lon="-105.337745">
				<ele>2431.020466</ele>
				<time>2021-11-29T19:18:30Z</time>
			</trkpt>
			<trkpt lat="39.221968" lon="-105.338029">
				<ele>2431.505318</ele>
				<time>2021-11-29T19:18:42Z</time>
			</trkpt>
			<trkpt lat="39.221914" lon="-105.338301">
				<ele>2431.983854</ele>
				<time>2021-11-29T19:18:54Z</time>
			</trkpt>
			<trkpt lat="39.221838" lon="-105.338475">
				<ele>2432.324279</ele>
				<time>2021-11-29T19:19:02Z</time>
			</trkpt>
			<trkpt lat="39.221754" lon="-105.338591">
				<ele>2432.59489</ele>
				<time>2021-11-29T19:19:08Z</time>
			</trkpt>
			<trkpt lat="39.221615" lon="-105.338719">
				<ele>2432.970511</ele>
				<time>2021-11-29T19:19:16Z</time>
			</trkpt>
			<trkpt lat="39.221128" lon="-105.338777">
				<ele>2433.326978</ele>
				<time>2021-11-29T19:19:35Z</time>
			</trkpt>
			<trkpt lat="39.220665" lon="-105.338902">
				<ele>2431.235</ele>
				<time>2021-11-29T19:19:50Z</time>
			</trkpt>
			<trkpt lat="39.220396" lon="-105.339038">
				<ele>2429.957316</ele>
				<time>2021-11-29T19:19:59Z</time>
			</trkpt>
			<trkpt lat="39.219986" lon="-105.339331">
				<ele>2427.884691</ele>
				<time>2021-11-29T19:20:12Z</time>
			</trkpt>
			<trkpt lat="39.219797" lon="-105.339426">
				<ele>2426.987676</ele>
				<time>2021-11-29T19:20:18Z</time>
			</trkpt>
			<trkpt lat="39.219486" lon="-105.339506">
				<ele>2425.565006</ele>
				<time>2021-11-29T19:20:26Z</time>
			</trkpt>
			<trkpt lat="39.219228" lon="-105.339629">
				<ele>2424.256828</ele>
				<time>2021-11-29T19:20:33Z</time>
			</trkpt>
			<trkpt lat="39.219" lon="-105.339694">
				<ele>2423.146232</ele>
				<time>2021-11-29T19:20:39Z</time>
			</trkpt>
			<trkpt lat="39.218774" lon="-105.339691">
				<ele>2422.071229</ele>
				<time>2021-11-29T19:20:45Z</time>
			</trkpt>
			<trkpt lat="39.218606" lon="-105.339759">
				<ele>2421.233787</ele>
				<time>2021-11-29T19:20:50Z</time>
			</trkpt>
			<trkpt lat="39.218416" lon="-105.339944">
				<ele>2420.101778</ele>
				<time>2021-11-29T19:20:57Z</time>
			</trkpt>
			<trkpt lat="39.218291" lon="-105.339996">
				<ele>2419.477112</ele>
				<time>2021-11-29T19:21:01Z</time>
			</trkpt>
			<trkpt lat="39.217869" lon="-105.339913">
				<ele>2417.446742</ele>
				<time>2021-11-29T19:21:16Z</time>
			</trkpt>
			<trkpt lat="39.217647" lon="-105.339913">
				<ele>2418.007848</ele>
				<time>2021-11-29T19:21:27Z</time>
			</trkpt>
			<trkpt lat="39.217498" lon="-105.339981">
				<ele>2418.596543</ele>
				<time>2021-11-29T19:21:35Z</time>
			</trkpt>
			<trkpt lat="39.217391" lon="-105.340117">
				<ele>2419.155924</ele>
				<time>2021-11-29T19:21:44Z</time>
			</trkpt>
			<trkpt lat="39.217256" lon="-105.340364">
				<ele>2420.02828</ele>
				<time>2021-11-29T19:21:57Z</time>
			</trkpt>
			<trkpt lat="39.217" lon="-105.34075">
				<ele>2421.494667</ele>
				<time>2021-11-29T19:22:22Z</time>
			</trkpt>
			<trkpt lat="39.216849" lon="-105.340907">
				<ele>2422.216935</ele>
				<time>2021-11-29T19:22:35Z</time>
			</trkpt>
			<trkpt lat="39.216438" lon="-105.341093">
				<ele>2423.839282</ele>
				<time>2021-11-29T19:23:02Z</time>
			</trkpt>
			<trkpt lat="39.216291" lon="-105.341229">
				<ele>2423.969059</ele>
				<time>2021-11-29T19:23:13Z</time>
			</trkpt>
			<trkpt lat="39.216146" lon="-105.341284">
				<ele>2423.937912</ele>
				<time>2021-11-29T19:23:22Z</time>
			</trkpt>
			<trkpt lat="39.216015" lon="-105.341227">
				<ele>2423.909421</ele>
				<time>2021-11-29T19:23:29Z</time>
			</trkpt>
			<trkpt lat="39.215893" lon="-105.341105">
				<ele>2423.877614</ele>
				<time>2021-11-29T19:23:37Z</time>
			</trkpt>
			<trkpt lat="39.215795" lon="-105.340963">
				<ele>2423.84725</ele>
				<time>2021-11-29T19:23:44Z</time>
			</trkpt>
			<trkpt lat="39.215697" lon="-105.34093">
				<ele>2423.826377</ele>
				<time>2021-11-29T19:23:48Z</time>
			</trkpt>
			<trkpt lat="39.215564" lon="-105.340937">
				<ele>2423.798944</ele>
				<time>2021-11-29T19:23:53Z</time>
			</trkpt>
			<trkpt lat="39.215381" lon="-105.341058">
				<ele>2423.756568</ele>
				<time>2021-11-29T19:23:59Z</time>
			</trkpt>
			<trkpt lat="39.215232" lon="-105.341223">
				<ele>2423.716107</ele>
				<time>2021-11-29T19:24:05Z</time>
			</trkpt>
			<trkpt lat="39.214986" lon="-105.341358">
				<ele>2423.661016</ele>
				<time>2021-11-29T19:24:13Z</time>
			</trkpt>
			<trkpt lat="39.214524" lon="-105.341758">
				<ele>2421.804112</ele>
				<time>2021-11-29T19:24:29Z</time>
			</trkpt>
			<trkpt lat="39.214389" lon="-105.341948">
				<ele>2420.872319</ele>
				<time>2021-11-29T19:24:35Z</time>
			</trkpt>
			<trkpt lat="39.214212" lon="-105.342088">
				<ele>2419.903886</ele>
				<time>2021-11-29T19:24:41Z</time>
			</trkpt>
			<trkpt lat="39.214044" lon="-105.342268">
				<ele>2418.885303</ele>
				<time>2021-11-29T19:24:47Z</time>
			</trkpt>
			<trkpt lat="39.213953" lon="-105.342448">
				<ele>2418.108452</ele>
				<time>2021-11-29T19:24:52Z</time>
			</trkpt>
			<trkpt lat="39.21391" lon="-105.342761">
				<ele>2416.959484</ele>
				<time>2021-11-29T19:24:59Z</time>
			</trkpt>
			<trkpt lat="39.21377" lon="-105.343122">
				<ele>2415.500341</ele>
				<time>2021-11-29T19:25:08Z</time>
			</trkpt>
			<trkpt lat="39.21364" lon="-105.343217">
				<ele>2414.886259</ele>
				<time>2021-11-29T19:25:13Z</time>
			</trkpt>
			<trkpt lat="39.213473" lon="-105.343272">
				<ele>2414.23616</ele>
				<time>2021-11-29T19:25:18Z</time>
			</trkpt>
			<trkpt lat="39.21332" lon="-105.343215">
				<ele>2413.635491</ele>
				<time>2021-11-29T19:25:23Z</time>
			</trkpt>
			<trkpt lat="39.212631" lon="-105.342785">
				<ele>2410.748734</ele>
				<time>2021-11-29T19:25:46Z</time>
			</trkpt>
			<trkpt lat="39.211334" lon="-105.341763">
				<ele>2404.727362</ele>
				<time>2021-11-29T19:26:31Z</time>
			</trkpt>
			<trkpt lat="39.210656" lon="-105.341379">
				<ele>2401.699234</ele>
				<time>2021-11-29T19:26:53Z</time>
			</trkpt>
			<trkpt lat="39.20997" lon="-105.340924">
				<ele>2399.737469</ele>
				<time>2021-11-29T19:27:17Z</time>
			</trkpt>
			<trkpt lat="39.209809" lon="-105.340878">
				<ele>2399.378386</ele>
				<time>2021-11-29T19:27:22Z</time>
			</trkpt>
			<trkpt lat="39.209396" lon="-105.340954">
				<ele>2398.46994</ele>
				<time>2021-11-29T19:27:36Z</time>
			</trkpt>
			<trkpt lat="39.209133" lon="-105.34109">
				<ele>2397.852968</ele>
				<time>2021-11-29T19:27:46Z</time>
			</trkpt>
			<trkpt lat="39.20876" lon="-105.341464">
				<ele>2397.041379</ele>
				<time>2021-11-29T19:28:02Z</time>
			</trkpt>
			<trkpt lat="39.208585" lon="-105.341672">
				<ele>2396.84039</ele>
				<time>2021-11-29T19:28:10Z</time>
			</trkpt>
			<trkpt lat="39.208423" lon="-105.341921">
				<ele>2396.627554</ele>
				<time>2021-11-29T19:28:19Z</time>
			</trkpt>
			<trkpt lat="39.208289" lon="-105.342193">
				<ele>2396.416559</ele>
				<time>2021-11-29T19:28:28Z</time>
			</trkpt>
			<trkpt lat="39.208157" lon="-105.342635">
				<ele>2396.106474</ele>
				<time>2021-11-29T19:28:41Z</time>
			</trkpt>
			<trkpt lat="39.208083" lon="-105.34328">
				<ele>2395.679645</ele>
				<time>2021-11-29T19:28:59Z</time>
			</trkpt>
			<trkpt lat="39.208088" lon="-105.343551">
				<ele>2395.010231</ele>
				<time>2021-11-29T19:29:07Z</time>
			</trkpt>
			<trkpt lat="39.208166" lon="-105.343803">
				<ele>2394.276665</ele>
				<time>2021-11-29T19:29:13Z</time>
			</trkpt>
			<trkpt lat="39.208201" lon="-105.344047">
				<ele>2393.605859</ele>
				<time>2021-11-29T19:29:19Z</time>
			</trkpt>
			<trkpt lat="39.208176" lon="-105.344419">
				<ele>2392.596466</ele>
				<time>2021-11-29T19:29:28Z</time>
			</trkpt>
			<trkpt lat="39.208228" lon="-105.344917">
				<ele>2391.238068</ele>
				<time>2021-11-29T19:29:39Z</time>
			</trkpt>
			<trkpt lat="39.208196" lon="-105.345111">
				<ele>2390.701882</ele>
				<time>2021-11-29T19:29:44Z</time>
			</trkpt>
			<trkpt lat="39.208118" lon="-105.345165">
				<ele>2390.393078</ele>
				<time>2021-11-29T19:29:46Z</time>
			</trkpt>
			<trkpt lat="39.208033" lon="-105.345144">
				<ele>2390.091149</ele>
				<time>2021-11-29T19:29:49Z</time>
			</trkpt>
			<trkpt lat="39.20756" lon="-105.344594">
				<ele>2387.469851</ele>
				<time>2021-11-29T19:30:07Z</time>
			</trkpt>
			<trkpt lat="39.207303" lon="-105.344487">
				<ele>2386.278835</ele>
				<time>2021-11-29T19:30:15Z</time>
			</trkpt>
			<trkpt lat="39.207053" lon="-105.344496">
				<ele>2385.175788</ele>
				<time>2021-11-29T19:30:23Z</time>
			</trkpt>
			<trkpt lat="39.206687" lon="-105.344616">
				<ele>2383.510274</ele>
				<time>2021-11-29T19:30:33Z</time>
			</trkpt>
			<trkpt lat="39.205274" lon="-105.345228">
				<ele>2377.203653</ele>
				<time>2021-11-29T19:31:19Z</time>
			</trkpt>
			<trkpt lat="39.204566" lon="-105.345361">
				<ele>2374.234737</ele>
				<time>2021-11-29T19:31:40Z</time>
			</trkpt>
			<trkpt lat="39.204242" lon="-105.3455">
				<ele>2371.705635</ele>
				<time>2021-11-29T19:31:50Z</time>
			</trkpt>
			<trkpt lat="39.203341" lon="-105.346272">
				<ele>2362.950768</ele>
				<time>2021-11-29T19:32:18Z</time>
			</trkpt>
			<trkpt lat="39.203187" lon="-105.346371">
				<ele>2361.55802</ele>
				<time>2021-11-29T19:32:23Z</time>
			</trkpt>
			<trkpt lat="39.202995" lon="-105.346444">
				<ele>2359.937724</ele>
				<time>2021-11-29T19:32:28Z</time>
			</trkpt>
			<trkpt lat="39.202831" lon="-105.346455">
				<ele>2358.388678</ele>
				<time>2021-11-29T19:32:32Z</time>
			</trkpt>
			<trkpt lat="39.202565" lon="-105.346411">
				<ele>2355.635786</ele>
				<time>2021-11-29T19:32:39Z</time>
			</trkpt>
			<trkpt lat="39.202111" lon="-105.346226">
				<ele>2350.748543</ele>
				<time>2021-11-29T19:32:51Z</time>
			</trkpt>
			<trkpt lat="39.201735" lon="-105.345998">
				<ele>2346.483927</ele>
				<time>2021-11-29T19:33:02Z</time>
			</trkpt>
			<trkpt lat="39.200893" lon="-105.345265">
				<ele>2336.336388</ele>
				<time>2021-11-29T19:33:28Z</time>
			</trkpt>
			<trkpt lat="39.200556" lon="-105.345007">
				<ele>2332.542484</ele>
				<time>2021-11-29T19:33:38Z</time>
			</trkpt>
			<trkpt lat="39.198881" lon="-105.344071">
				<ele>2316.423559</ele>
				<time>2021-11-29T19:34:25Z</time>
			</trkpt>
			<trkpt lat="39.198314" lon="-105.343794">
				<ele>2311.604454</ele>
				<time>2021-11-29T19:34:42Z</time>
			</trkpt>
			<trkpt lat="39.198132" lon="-105.343836">
				<ele>2310.134836</ele>
				<time>2021-11-29T19:34:47Z</time>
			</trkpt>
			<trkpt lat="39.19797" lon="-105.343894">
				<ele>2309.023244</ele>
				<time>2021-11-29T19:34:52Z</time>
			</trkpt>
			<trkpt lat="39.197767" lon="-105.344026">
				<ele>2308.110605</ele>
				<time>2021-11-29T19:34:58Z</time>
			</trkpt>
			<trkpt lat="39.197403" lon="-105.344156">
				<ele>2306.594271</ele>
				<time>2021-11-29T19:35:09Z</time>
			</trkpt>
			<trkpt lat="39.196992" lon="-105.344416">
				<ele>2304.756553</ele>
				<time>2021-11-29T19:35:23Z</time>
			</trkpt>
			<trkpt lat="39.196914" lon="-105.34453">
				<ele>2304.283396</ele>
				<time>2021-11-29T19:35:27Z</time>
			</trkpt>
			<trkpt lat="39.196806" lon="-105.344841">
				<ele>2303.223044</ele>
				<time>2021-11-29T19:35:35Z</time>
			</trkpt>
			<trkpt lat="39.196639" lon="-105.344916">
				<ele>2302.513122</ele>
				<time>2021-11-29T19:35:40Z</time>
			</trkpt>
			<trkpt lat="39.195936" lon="-105.345029">
				<ele>2301.525199</ele>
				<time>2021-11-29T19:36:03Z</time>
			</trkpt>
			<trkpt lat="39.195598" lon="-105.345274">
				<ele>2301.191707</ele>
				<time>2021-11-29T19:36:16Z</time>
			</trkpt>
			<trkpt lat="39.195412" lon="-105.345596">
				<ele>2300.923971</ele>
				<time>2021-11-29T19:36:27Z</time>
			</trkpt>
			<trkpt lat="39.194913" lon="-105.345629">
				<ele>2300.494156</ele>
				<time>2021-11-29T19:36:47Z</time>
			</trkpt>
			<trkpt lat="39.194809" lon="-105.345707">
				<ele>2300.647346</ele>
				<time>2021-11-29T19:36:53Z</time>
			</trkpt>
			<trkpt lat="39.194604" lon="-105.346276">
				<ele>2301.377614</ele>
				<time>2021-11-29T19:37:15Z</time>
			</trkpt>
			<trkpt lat="39.194569" lon="-105.346331">
				<ele>2301.460438</ele>
				<time>2021-11-29T19:37:18Z</time>
			</trkpt>
			<trkpt lat="39.194463" lon="-105.3465">
				<ele>2301.713465</ele>
				<time>2021-11-29T19:37:26Z</time>
			</trkpt>
			<trkpt lat="39.194323" lon="-105.346541">
				<ele>2301.929049</ele>
				<time>2021-11-29T19:37:34Z</time>
			</trkpt>
			<trkpt lat="39.194161" lon="-105.346463">
				<ele>2302.188708</ele>
				<time>2021-11-29T19:37:43Z</time>
			</trkpt>
			<trkpt lat="39.193975" lon="-105.346307">
				<ele>2302.521843</ele>
				<time>2021-11-29T19:37:54Z</time>
			</trkpt>
			<trkpt lat="39.193757" lon="-105.346069">
				<ele>2302.950672</ele>
				<time>2021-11-29T19:38:07Z</time>
			</trkpt>
			<trkpt lat="39.193402" lon="-105.346132">
				<ele>2302.815834</ele>
				<time>2021-11-29T19:38:20Z</time>
			</trkpt>
			<trkpt lat="39.193293" lon="-105.346096">
				<ele>2302.610313</ele>
				<time>2021-11-29T19:38:24Z</time>
			</trkpt>
			<trkpt lat="39.19325" lon="-105.345983">
				<ele>2302.4321</ele>
				<time>2021-11-29T19:38:27Z</time>
			</trkpt>
			<trkpt lat="39.193204" lon="-105.345495">
				<ele>2301.736162</ele>
				<time>2021-11-29T19:38:39Z</time>
			</trkpt>
			<trkpt lat="39.193027" lon="-105.344664">
				<ele>2300.516121</ele>
				<time>2021-11-29T19:39:00Z</time>
			</trkpt>
			<trkpt lat="39.192952" lon="-105.344516">
				<ele>2300.265788</ele>
				<time>2021-11-29T19:39:04Z</time>
			</trkpt>
			<trkpt lat="39.1925" lon="-105.344095">
				<ele>2300.459447</ele>
				<time>2021-11-29T19:39:22Z</time>
			</trkpt>
			<trkpt lat="39.192304" lon="-105.343988">
				<ele>2300.793073</ele>
				<time>2021-11-29T19:39:29Z</time>
			</trkpt>
			<trkpt lat="39.192111" lon="-105.344009">
				<ele>2301.0967</ele>
				<time>2021-11-29T19:39:36Z</time>
			</trkpt>
			<trkpt lat="39.191944" lon="-105.344079">
				<ele>2301.371963</ele>
				<time>2021-11-29T19:39:44Z</time>
			</trkpt>
			<trkpt lat="39.191222" lon="-105.344752">
				<ele>2302.899463</ele>
				<time>2021-11-29T19:40:34Z</time>
			</trkpt>
			<trkpt lat="39.191012" lon="-105.34503">
				<ele>2304.635881</ele>
				<time>2021-11-29T19:40:55Z</time>
			</trkpt>
			<trkpt lat="39.190805" lon="-105.345361">
				<ele>2306.538322</ele>
				<time>2021-11-29T19:41:18Z</time>
			</trkpt>
			<trkpt lat="39.19069" lon="-105.345448">
				<ele>2307.307696</ele>
				<time>2021-11-29T19:41:27Z</time>
			</trkpt>
			<trkpt lat="39.190582" lon="-105.345378">
				<ele>2308.005221</ele>
				<time>2021-11-29T19:41:36Z</time>
			</trkpt>
			<trkpt lat="39.19052" lon="-105.345282">
				<ele>2308.564174</ele>
				<time>2021-11-29T19:41:42Z</time>
			</trkpt>
			<trkpt lat="39.190539" lon="-105.344618">
				<ele>2311.536292</ele>
				<time>2021-11-29T19:42:17Z</time>
			</trkpt>
			<trkpt lat="39.190606" lon="-105.344191">
				<ele>2313.476748</ele>
				<time>2021-11-29T19:42:39Z</time>
			</trkpt>
			<trkpt lat="39.190589" lon="-105.344035">
				<ele>2314.166265</ele>
				<time>2021-11-29T19:42:47Z</time>
			</trkpt>
			<trkpt lat="39.190523" lon="-105.343912">
				<ele>2314.821059</ele>
				<time>2021-11-29T19:42:54Z</time>
			</trkpt>
			<trkpt lat="39.190342" lon="-105.343858">
				<ele>2315.87019</ele>
				<time>2021-11-29T19:43:06Z</time>
			</trkpt>
			<trkpt lat="39.190024" lon="-105.343869">
				<ele>2317.666675</ele>
				<time>2021-11-29T19:43:26Z</time>
			</trkpt>
			<trkpt lat="39.189805" lon="-105.343917">
				<ele>2318.921151</ele>
				<time>2021-11-29T19:43:40Z</time>
			</trkpt>
			<trkpt lat="39.18965" lon="-105.344009">
				<ele>2319.884664</ele>
				<time>2021-11-29T19:43:50Z</time>
			</trkpt>
			<trkpt lat="39.189556" lon="-105.344165">
				<ele>2320.74955</ele>
				<time>2021-11-29T19:44:00Z</time>
			</trkpt>
			<trkpt lat="39.189796" lon="-105.345305">
				<ele>2326.519064</ele>
				<time>2021-11-29T19:45:04Z</time>
			</trkpt>
			<trkpt lat="39.188435" lon="-105.348161">
				<ele>2344.736561</ele>
				<time>2021-11-29T19:48:13Z</time>
			</trkpt>
			<trkpt lat="39.188167" lon="-105.348481">
				<ele>2347.332097</ele>
				<time>2021-11-29T19:48:40Z</time>
			</trkpt>
			<trkpt lat="39.187551" lon="-105.350005">
				<ele>2355.512023</ele>
				<time>2021-11-29T19:50:14Z</time>
			</trkpt>
			<trkpt lat="39.187335" lon="-105.350069">
				<ele>2356.843118</ele>
				<time>2021-11-29T19:50:28Z</time>
			</trkpt>
			<trkpt lat="39.187185" lon="-105.349812">
				<ele>2358.340795</ele>
				<time>2021-11-29T19:50:44Z</time>
			</trkpt>
			<trkpt lat="39.187326" lon="-105.349407">
				<ele>2360.11213</ele>
				<time>2021-11-29T19:51:04Z</time>
			</trkpt>
			<trkpt lat="39.187326" lon="-105.34924">
				<ele>2360.684527</ele>
				<time>2021-11-29T19:51:11Z</time>
			</trkpt>
			<trkpt lat="39.187036" lon="-105.348546">
				<ele>2363.386903</ele>
				<time>2021-11-29T19:51:46Z</time>
			</trkpt>
			<trkpt lat="39.187019" lon="-105.34788">
				<ele>2365.67088</ele>
				<time>2021-11-29T19:52:16Z</time>
			</trkpt>
			<trkpt lat="39.186653" lon="-105.347816">
				<ele>2367.325466</ele>
				<time>2021-11-29T19:52:38Z</time>
			</trkpt>
			<trkpt lat="39.186557" lon="-105.348033">
				<ele>2368.470355</ele>
				<time>2021-11-29T19:52:50Z</time>
			</trkpt>
			<trkpt lat="39.186503" lon="-105.348417">
				<ele>2370.258627</ele>
				<time>2021-11-29T19:53:10Z</time>
			</trkpt>
			<trkpt lat="39.186171" lon="-105.348867">
				<ele>2373.105367</ele>
				<time>2021-11-29T19:53:42Z</time>
			</trkpt>
			<trkpt lat="39.186171" lon="-105.349576">
				<ele>2376.35413</ele>
				<time>2021-11-29T19:54:22Z</time>
			</trkpt>
			<trkpt lat="39.18514" lon="-105.35112">
				<ele>2384.983342</ele>
				<time>2021-11-29T19:56:06Z</time>
			</trkpt>
			<trkpt lat="39.185289" lon="-105.351378">
				<ele>2386.323922</ele>
				<time>2021-11-29T19:56:21Z</time>
			</trkpt>
			<trkpt lat="39.185655" lon="-105.351507">
				<ele>2388.319225</ele>
				<time>2021-11-29T19:56:42Z</time>
			</trkpt>
			<trkpt lat="39.185905" lon="-105.352">
				<ele>2390.641544</ele>
				<time>2021-11-29T19:57:09Z</time>
			</trkpt>
			<trkpt lat="39.18637" lon="-105.351893">
				<ele>2393.043701</ele>
				<time>2021-11-29T19:57:38Z</time>
			</trkpt>
			<trkpt lat="39.186703" lon="-105.352129">
				<ele>2394.975918</ele>
				<time>2021-11-29T19:58:02Z</time>
			</trkpt>
			<trkpt lat="39.186968" lon="-105.352969">
				<ele>2399.429394</ele>
				<time>2021-11-29T19:58:50Z</time>
			</trkpt>
			<trkpt lat="39.187069" lon="-105.353846">
				<ele>2404.574546</ele>
				<time>2021-11-29T19:59:43Z</time>
			</trkpt>
			<trkpt lat="39.186869" lon="-105.354768">
				<ele>2410.130552</ele>
				<time>2021-11-29T20:00:42Z</time>
			</trkpt>
			<trkpt lat="39.18659" lon="-105.355101">
				<ele>2412.611597</ele>
				<time>2021-11-29T20:01:09Z</time>
			</trkpt>
			<trkpt lat="39.185592" lon="-105.355649">
				<ele>2419.682165</ele>
				<time>2021-11-29T20:02:21Z</time>
			</trkpt>
			<trkpt lat="39.185568" lon="-105.355871">
				<ele>2420.814747</ele>
				<time>2021-11-29T20:02:33Z</time>
			</trkpt>
			<trkpt lat="39.185735" lon="-105.356">
				<ele>2422.123072</ele>
				<time>2021-11-29T20:02:47Z</time>
			</trkpt>
			<trkpt lat="39.185921" lon="-105.356227">
				<ele>2424.118272</ele>
				<time>2021-11-29T20:03:05Z</time>
			</trkpt>
			<trkpt lat="39.185941" lon="-105.356481">
				<ele>2425.660358</ele>
				<time>2021-11-29T20:03:19Z</time>
			</trkpt>
			<trkpt lat="39.185831" lon="-105.35711">
				<ele>2429.555097</ele>
				<time>2021-11-29T20:03:56Z</time>
			</trkpt>
			<trkpt lat="39.185572" lon="-105.357923">
				<ele>2434.864324</ele>
				<time>2021-11-29T20:04:51Z</time>
			</trkpt>
			<trkpt lat="39.184856" lon="-105.358644">
				<ele>2441.368185</ele>
				<time>2021-11-29T20:06:07Z</time>
			</trkpt>
			<trkpt lat="39.184408" lon="-105.358545">
				<ele>2444.573739</ele>
				<time>2021-11-29T20:06:41Z</time>
			</trkpt>
			<trkpt lat="39.183443" lon="-105.359403">
				<ele>2450.626468</ele>
				<time>2021-11-29T20:07:48Z</time>
			</trkpt>
			<trkpt lat="39.183361" lon="-105.359572">
				<ele>2451.149772</ele>
				<time>2021-11-29T20:07:55Z</time>
			</trkpt>
			<trkpt lat="39.183424" lon="-105.35971">
				<ele>2451.570127</ele>
				<time>2021-11-29T20:08:01Z</time>
			</trkpt>
			<trkpt lat="39.183544" lon="-105.359779">
				<ele>2452.01499</ele>
				<time>2021-11-29T20:08:08Z</time>
			</trkpt>
			<trkpt lat="39.183796" lon="-105.359767">
				<ele>2452.868868</ele>
				<time>2021-11-29T20:08:20Z</time>
			</trkpt>
			<trkpt lat="39.183992" lon="-105.359854">
				<ele>2453.570727</ele>
				<time>2021-11-29T20:08:31Z</time>
			</trkpt>
			<trkpt lat="39.18412" lon="-105.360141">
				<ele>2454.439789</ele>
				<time>2021-11-29T20:08:45Z</time>
			</trkpt>
			<trkpt lat="39.184076" lon="-105.360372">
				<ele>2455.194977</ele>
				<time>2021-11-29T20:08:55Z</time>
			</trkpt>
			<trkpt lat="39.183979" lon="-105.360413">
				<ele>2455.656358</ele>
				<time>2021-11-29T20:09:01Z</time>
			</trkpt>
			<trkpt lat="39.183843" lon="-105.360372">
				<ele>2456.287651</ele>
				<time>2021-11-29T20:09:09Z</time>
			</trkpt>
			<trkpt lat="39.183643" lon="-105.360412">
				<ele>2457.202468</ele>
				<time>2021-11-29T20:09:21Z</time>
			</trkpt>
			<trkpt lat="39.183427" lon="-105.361141">
				<ele>2459.936868</ele>
				<time>2021-11-29T20:10:00Z</time>
			</trkpt>
			<trkpt lat="39.183127" lon="-105.36127">
				<ele>2461.366235</ele>
				<time>2021-11-29T20:10:21Z</time>
			</trkpt>
			<trkpt lat="39.182462" lon="-105.360905">
				<ele>2462.724766</ele>
				<time>2021-11-29T20:11:03Z</time>
			</trkpt>
			<trkpt lat="39.18188" lon="-105.360862">
				<ele>2462.611499</ele>
				<time>2021-11-29T20:11:27Z</time>
			</trkpt>
			<trkpt lat="39.180466" lon="-105.361356">
				<ele>2458.59463</ele>
				<time>2021-11-29T20:12:11Z</time>
			</trkpt>
			<trkpt lat="39.180216" lon="-105.361892">
				<ele>2455.733083</ele>
				<time>2021-11-29T20:12:24Z</time>
			</trkpt>
			<trkpt lat="39.179967" lon="-105.361935">
				<ele>2454.250552</ele>
				<time>2021-11-29T20:12:31Z</time>
			</trkpt>
			<trkpt lat="39.179534" lon="-105.361291">
				<ele>2450.01461</ele>
				<time>2021-11-29T20:12:49Z</time>
			</trkpt>
			<trkpt lat="39.178104" lon="-105.360519">
				<ele>2438.802498</ele>
				<time>2021-11-29T20:13:31Z</time>
			</trkpt>
			<trkpt lat="39.177405" lon="-105.360755">
				<ele>2433.8729</ele>
				<time>2021-11-29T20:13:51Z</time>
			</trkpt>
			<trkpt lat="39.177368" lon="-105.361147">
				<ele>2431.784377</ele>
				<time>2021-11-29T20:13:59Z</time>
			</trkpt>
			<trkpt lat="39.177267" lon="-105.361369">
				<ele>2430.422989</ele>
				<time>2021-11-29T20:14:05Z</time>
			</trkpt>
			<trkpt lat="39.177062" lon="-105.361338">
				<ele>2429.014787</ele>
				<time>2021-11-29T20:14:11Z</time>
			</trkpt>
			<trkpt lat="39.176474" lon="-105.360648">
				<ele>2423.39878</ele>
				<time>2021-11-29T20:14:32Z</time>
			</trkpt>
			<trkpt lat="39.17501" lon="-105.360884">
				<ele>2412.510386</ele>
				<time>2021-11-29T20:15:12Z</time>
			</trkpt>
			<trkpt lat="39.174594" lon="-105.361506">
				<ele>2406.922859</ele>
				<time>2021-11-29T20:15:29Z</time>
			</trkpt>
			<trkpt lat="39.174045" lon="-105.361356">
				<ele>2401.999137</ele>
				<time>2021-11-29T20:15:44Z</time>
			</trkpt>
			<trkpt lat="39.173047" lon="-105.361527">
				<ele>2394.575886</ele>
				<time>2021-11-29T20:16:10Z</time>
			</trkpt>
			<trkpt lat="39.172864" lon="-105.361249">
				<ele>2392.865494</ele>
				<time>2021-11-29T20:16:18Z</time>
			</trkpt>
			<trkpt lat="39.173297" lon="-105.360519">
				<ele>2388.55475</ele>
				<time>2021-11-29T20:16:38Z</time>
			</trkpt>
			<trkpt lat="39.174577" lon="-105.35994">
				<ele>2383.779686</ele>
				<time>2021-11-29T20:17:23Z</time>
			</trkpt>
			<trkpt lat="39.174644" lon="-105.359467">
				<ele>2382.719125</ele>
				<time>2021-11-29T20:17:35Z</time>
			</trkpt>
			<trkpt lat="39.174295" lon="-105.359446">
				<ele>2381.725064</ele>
				<time>2021-11-29T20:17:46Z</time>
			</trkpt>
			<trkpt lat="39.174078" lon="-105.359768">
				<ele>2379.374174</ele>
				<time>2021-11-29T20:17:55Z</time>
			</trkpt>
			<trkpt lat="39.172695" lon="-105.359968">
				<ele>2369.375486</ele>
				<time>2021-11-29T20:18:32Z</time>
			</trkpt>
			<trkpt lat="39.172322" lon="-105.360403">
				<ele>2367.077047</ele>
				<time>2021-11-29T20:18:46Z</time>
			</trkpt>
			<trkpt lat="39.17216" lon="-105.360322">
				<ele>2366.3715</ele>
				<time>2021-11-29T20:18:51Z</time>
			</trkpt>
			<trkpt lat="39.172141" lon="-105.360017">
				<ele>2365.408216</ele>
				<time>2021-11-29T20:18:58Z</time>
			</trkpt>
			<trkpt lat="39.172714" lon="-105.359618">
				<ele>2362.763967</ele>
				<time>2021-11-29T20:19:18Z</time>
			</trkpt>
			<trkpt lat="39.172669" lon="-105.359384">
				<ele>2362.004976</ele>
				<time>2021-11-29T20:19:24Z</time>
			</trkpt>
			<trkpt lat="39.17242" lon="-105.359247">
				<ele>2361.362154</ele>
				<time>2021-11-29T20:19:33Z</time>
			</trkpt>
			<trkpt lat="39.172151" lon="-105.359259">
				<ele>2361.135375</ele>
				<time>2021-11-29T20:19:43Z</time>
			</trkpt>
			<trkpt lat="39.171902" lon="-105.359365">
				<ele>2360.914451</ele>
				<time>2021-11-29T20:19:54Z</time>
			</trkpt>
			<trkpt lat="39.171826" lon="-105.359636">
				<ele>2360.726212</ele>
				<time>2021-11-29T20:20:02Z</time>
			</trkpt>
			<trkpt lat="39.171804" lon="-105.360301">
				<ele>2360.291449</ele>
				<time>2021-11-29T20:20:20Z</time>
			</trkpt>
			<trkpt lat="39.171751" lon="-105.360446">
				<ele>2360.186737</ele>
				<time>2021-11-29T20:20:24Z</time>
			</trkpt>
			<trkpt lat="39.171334" lon="-105.360583">
				<ele>2360.422473</ele>
				<time>2021-11-29T20:20:38Z</time>
			</trkpt>
			<trkpt lat="39.171198" lon="-105.36032">
				<ele>2361.085762</ele>
				<time>2021-11-29T20:20:47Z</time>
			</trkpt>
			<trkpt lat="39.170934" lon="-105.359811">
				<ele>2362.370658</ele>
				<time>2021-11-29T20:21:09Z</time>
			</trkpt>
			<trkpt lat="39.170254" lon="-105.359211">
				<ele>2364.600335</ele>
				<time>2021-11-29T20:21:59Z</time>
			</trkpt>
			<trkpt lat="39.170036" lon="-105.359167">
				<ele>2365.698644</ele>
				<time>2021-11-29T20:22:13Z</time>
			</trkpt>
			<trkpt lat="39.169288" lon="-105.36024">
				<ele>2372.899571</ele>
				<time>2021-11-29T20:23:33Z</time>
			</trkpt>
			<trkpt lat="39.169112" lon="-105.360173">
				<ele>2374.080756</ele>
				<time>2021-11-29T20:23:47Z</time>
			</trkpt>
			<trkpt lat="39.169021" lon="-105.359983">
				<ele>2375.195262</ele>
				<time>2021-11-29T20:24:00Z</time>
			</trkpt>
			<trkpt lat="39.169131" lon="-105.358915">
				<ele>2378.916657</ele>
				<time>2021-11-29T20:24:55Z</time>
			</trkpt>
			<trkpt lat="39.169108" lon="-105.358687">
				<ele>2379.607578</ele>
				<time>2021-11-29T20:25:05Z</time>
			</trkpt>
			<trkpt lat="39.168792" lon="-105.358515">
				<ele>2380.936994</ele>
				<time>2021-11-29T20:25:21Z</time>
			</trkpt>
			<trkpt lat="39.168726" lon="-105.358361">
				<ele>2381.46577</ele>
				<time>2021-11-29T20:25:28Z</time>
			</trkpt>
			<trkpt lat="39.168922" lon="-105.357665">
				<ele>2383.491122</ele>
				<time>2021-11-29T20:25:56Z</time>
			</trkpt>
			<trkpt lat="39.168807" lon="-105.357246">
				<ele>2383.960009</ele>
				<time>2021-11-29T20:26:14Z</time>
			</trkpt>
			<trkpt lat="39.168589" lon="-105.35685">
				<ele>2384.472353</ele>
				<time>2021-11-29T20:26:32Z</time>
			</trkpt>
			<trkpt lat="39.168239" lon="-105.356807">
				<ele>2384.950741</ele>
				<time>2021-11-29T20:26:47Z</time>
			</trkpt>
			<trkpt lat="39.167973" lon="-105.35685">
				<ele>2385.315509</ele>
				<time>2021-11-29T20:26:58Z</time>
			</trkpt>
			<trkpt lat="39.167665" lon="-105.356697">
				<ele>2385.764601</ele>
				<time>2021-11-29T20:27:10Z</time>
			</trkpt>
			<trkpt lat="39.167474" lon="-105.356378">
				<ele>2385.818989</ele>
				<time>2021-11-29T20:27:21Z</time>
			</trkpt>
			<trkpt lat="39.167474" lon="-105.355648">
				<ele>2385.794617</ele>
				<time>2021-11-29T20:27:42Z</time>
			</trkpt>
			<trkpt lat="39.167211" lon="-105.355323">
				<ele>2385.778933</ele>
				<time>2021-11-29T20:27:55Z</time>
			</trkpt>
			<trkpt lat="39.166792" lon="-105.355047">
				<ele>2385.758674</ele>
				<time>2021-11-29T20:28:12Z</time>
			</trkpt>
			<trkpt lat="39.166609" lon="-105.355212">
				<ele>2386.037851</ele>
				<time>2021-11-29T20:28:20Z</time>
			</trkpt>
			<trkpt lat="39.166537" lon="-105.355477">
				<ele>2386.731198</ele>
				<time>2021-11-29T20:28:28Z</time>
			</trkpt>
			<trkpt lat="39.16724" lon="-105.358188">
				<ele>2396.067949</ele>
				<time>2021-11-29T20:30:37Z</time>
			</trkpt>
			<trkpt lat="39.167154" lon="-105.358663">
				<ele>2398.461048</ele>
				<time>2021-11-29T20:31:04Z</time>
			</trkpt>
			<trkpt lat="39.166595" lon="-105.359661">
				<ele>2405.10067</ele>
				<time>2021-11-29T20:32:17Z</time>
			</trkpt>
			<trkpt lat="39.16601" lon="-105.360519">
				<ele>2412.756262</ele>
				<time>2021-11-29T20:33:34Z</time>
			</trkpt>
			<trkpt lat="39.165228" lon="-105.361399">
				<ele>2420.858712</ele>
				<time>2021-11-29T20:34:53Z</time>
			</trkpt>
			<trkpt lat="39.164829" lon="-105.361442">
				<ele>2423.415565</ele>
				<time>2021-11-29T20:35:21Z</time>
			</trkpt>
			<trkpt lat="39.164413" lon="-105.361055">
				<ele>2426.691031</ele>
				<time>2021-11-29T20:35:57Z</time>
			</trkpt>
			<trkpt lat="39.16403" lon="-105.361055">
				<ele>2429.136831</ele>
				<time>2021-11-29T20:36:21Z</time>
			</trkpt>
			<trkpt lat="39.163881" lon="-105.361313">
				<ele>2430.52778</ele>
				<time>2021-11-29T20:36:36Z</time>
			</trkpt>
			<trkpt lat="39.163698" lon="-105.362085">
				<ele>2433.560606</ele>
				<time>2021-11-29T20:37:12Z</time>
			</trkpt>
			<trkpt lat="39.163115" lon="-105.3623">
				<ele>2436.498701</ele>
				<time>2021-11-29T20:37:49Z</time>
			</trkpt>
			<trkpt lat="39.163016" lon="-105.362965">
				<ele>2439.08222</ele>
				<time>2021-11-29T20:38:23Z</time>
			</trkpt>
			<trkpt lat="39.161834" lon="-105.364253">
				<ele>2447.261911</ele>
				<time>2021-11-29T20:40:02Z</time>
			</trkpt>
			<trkpt lat="39.161585" lon="-105.365283">
				<ele>2452.25723</ele>
				<time>2021-11-29T20:40:54Z</time>
			</trkpt>
			<trkpt lat="39.161069" lon="-105.365454">
				<ele>2455.525909</ele>
				<time>2021-11-29T20:41:29Z</time>
			</trkpt>
			<trkpt lat="39.160337" lon="-105.36642">
				<ele>2463.055953</ele>
				<time>2021-11-29T20:42:47Z</time>
			</trkpt>
			<trkpt lat="39.160387" lon="-105.367064">
				<ele>2467.34923</ele>
				<time>2021-11-29T20:43:27Z</time>
			</trkpt>
			<trkpt lat="39.161119" lon="-105.367986">
				<ele>2476.161108</ele>
				<time>2021-11-29T20:44:52Z</time>
			</trkpt>
			<trkpt lat="39.161069" lon="-105.368415">
				<ele>2479.146449</ele>
				<time>2021-11-29T20:45:21Z</time>
			</trkpt>
			<trkpt lat="39.159671" lon="-105.369638">
				<ele>2492.554807</ele>
				<time>2021-11-29T20:47:39Z</time>
			</trkpt>
			<trkpt lat="39.159422" lon="-105.369853">
				<ele>2494.056007</ele>
				<time>2021-11-29T20:47:57Z</time>
			</trkpt>
			<trkpt lat="39.159093" lon="-105.369847">
				<ele>2495.704385</ele>
				<time>2021-11-29T20:48:16Z</time>
			</trkpt>
			<trkpt lat="39.158954" lon="-105.369696">
				<ele>2496.614866</ele>
				<time>2021-11-29T20:48:26Z</time>
			</trkpt>
			<trkpt lat="39.158906" lon="-105.369159">
				<ele>2498.714689</ele>
				<time>2021-11-29T20:48:48Z</time>
			</trkpt>
			<trkpt lat="39.158855" lon="-105.368932">
				<ele>2499.621472</ele>
				<time>2021-11-29T20:48:57Z</time>
			</trkpt>
			<trkpt lat="39.158782" lon="-105.368817">
				<ele>2500.144695</ele>
				<time>2021-11-29T20:49:03Z</time>
			</trkpt>
			<trkpt lat="39.158686" lon="-105.368763">
				<ele>2500.620214</ele>
				<time>2021-11-29T20:49:08Z</time>
			</trkpt>
			<trkpt lat="39.158428" lon="-105.368711">
				<ele>2501.805819</ele>
				<time>2021-11-29T20:49:22Z</time>
			</trkpt>
			<trkpt lat="39.157422" lon="-105.3686">
				<ele>2506.390002</ele>
				<time>2021-11-29T20:50:18Z</time>
			</trkpt>
			<trkpt lat="39.15691" lon="-105.368364">
				<ele>2509.538096</ele>
				<time>2021-11-29T20:51:01Z</time>
			</trkpt>
			<trkpt lat="39.156796" lon="-105.368385">
				<ele>2510.362011</ele>
				<time>2021-11-29T20:51:11Z</time>
			</trkpt>
			<trkpt lat="39.156652" lon="-105.368483">
				<ele>2511.526947</ele>
				<time>2021-11-29T20:51:25Z</time>
			</trkpt>
			<trkpt lat="39.15608" lon="-105.369168">
				<ele>2517.111843</ele>
				<time>2021-11-29T20:52:27Z</time>
			</trkpt>
			<trkpt lat="39.155946" lon="-105.369297">
				<ele>2518.308243</ele>
				<time>2021-11-29T20:52:38Z</time>
			</trkpt>
			<trkpt lat="39.155757" lon="-105.369251">
				<ele>2519.684354</ele>
				<time>2021-11-29T20:52:51Z</time>
			</trkpt>
			<trkpt lat="39.155667" lon="-105.369184">
				<ele>2520.427866</ele>
				<time>2021-11-29T20:52:57Z</time>
			</trkpt>
			<trkpt lat="39.155626" lon="-105.368863">
				<ele>2521.29331</ele>
				<time>2021-11-29T20:53:12Z</time>
			</trkpt>
			<trkpt lat="39.155877" lon="-105.367321">
				<ele>2525.16199</ele>
				<time>2021-11-29T20:54:10Z</time>
			</trkpt>
			<trkpt lat="39.155858" lon="-105.36712">
				<ele>2525.659169</ele>
				<time>2021-11-29T20:54:18Z</time>
			</trkpt>
			<trkpt lat="39.155809" lon="-105.367022">
				<ele>2525.945479</ele>
				<time>2021-11-29T20:54:22Z</time>
			</trkpt>
			<trkpt lat="39.155636" lon="-105.366922">
				<ele>2526.815406</ele>
				<time>2021-11-29T20:54:32Z</time>
			</trkpt>
			<trkpt lat="39.155471" lon="-105.367007">
				<ele>2527.878546</ele>
				<time>2021-11-29T20:54:41Z</time>
			</trkpt>
			<trkpt lat="39.154684" lon="-105.367685">
				<ele>2533.541699</ele>
				<time>2021-11-29T20:55:48Z</time>
			</trkpt>
			<trkpt lat="39.154005" lon="-105.36812">
				<ele>2537.61385</ele>
				<time>2021-11-29T20:56:46Z</time>
			</trkpt>
			<trkpt lat="39.153857" lon="-105.368127">
				<ele>2538.116577</ele>
				<time>2021-11-29T20:56:56Z</time>
			</trkpt>
			<trkpt lat="39.153715" lon="-105.368058">
				<ele>2538.631683</ele>
				<time>2021-11-29T20:57:05Z</time>
			</trkpt>
			<trkpt lat="39.153656" lon="-105.367879">
				<ele>2539.143662</ele>
				<time>2021-11-29T20:57:14Z</time>
			</trkpt>
			<trkpt lat="39.15369" lon="-105.367732">
				<ele>2539.547455</ele>
				<time>2021-11-29T20:57:20Z</time>
			</trkpt>
			<trkpt lat="39.153824" lon="-105.367526">
				<ele>2540.255227</ele>
				<time>2021-11-29T20:57:31Z</time>
			</trkpt>
			<trkpt lat="39.153996" lon="-105.367439">
				<ele>2540.882392</ele>
				<time>2021-11-29T20:57:40Z</time>
			</trkpt>
			<trkpt lat="39.154082" lon="-105.367313">
				<ele>2541.324236</ele>
				<time>2021-11-29T20:57:46Z</time>
			</trkpt>
			<trkpt lat="39.154185" lon="-105.366783">
				<ele>2542.76249</ele>
				<time>2021-11-29T20:58:04Z</time>
			</trkpt>
			<trkpt lat="39.154193" lon="-105.366461">
				<ele>2543.572757</ele>
				<time>2021-11-29T20:58:14Z</time>
			</trkpt>
			<trkpt lat="39.154113" lon="-105.366311">
				<ele>2544.015781</ele>
				<time>2021-11-29T20:58:20Z</time>
			</trkpt>
			<trkpt lat="39.154025" lon="-105.366229">
				<ele>2544.356489</ele>
				<time>2021-11-29T20:58:25Z</time>
			</trkpt>
			<trkpt lat="39.15379" lon="-105.36618">
				<ele>2545.103536</ele>
				<time>2021-11-29T20:58:34Z</time>
			</trkpt>
			<trkpt lat="39.153483" lon="-105.366192">
				<ele>2546.067395</ele>
				<time>2021-11-29T20:58:48Z</time>
			</trkpt>
			<trkpt lat="39.152317" lon="-105.366703">
				<ele>2550.723328</ele>
				<time>2021-11-29T21:00:05Z</time>
			</trkpt>
			<trkpt lat="39.152029" lon="-105.366829">
				<ele>2552.319305</ele>
				<time>2021-11-29T21:00:28Z</time>
			</trkpt>
			<trkpt lat="39.15189" lon="-105.366919">
				<ele>2553.135536</ele>
				<time>2021-11-29T21:00:39Z</time>
			</trkpt>
			<trkpt lat="39.151674" lon="-105.366999">
				<ele>2554.314885</ele>
				<time>2021-11-29T21:00:55Z</time>
			</trkpt>
			<trkpt lat="39.151472" lon="-105.367032">
				<ele>2555.383412</ele>
				<time>2021-11-29T21:01:08Z</time>
			</trkpt>
			<trkpt lat="39.151282" lon="-105.366938">
				<ele>2556.451357</ele>
				<time>2021-11-29T21:01:21Z</time>
			</trkpt>
			<trkpt lat="39.151128" lon="-105.366765">
				<ele>2557.523172</ele>
				<time>2021-11-29T21:01:33Z</time>
			</trkpt>
			<trkpt lat="39.150804" lon="-105.366318">
				<ele>2558.306419</ele>
				<time>2021-11-29T21:01:56Z</time>
			</trkpt>
			<trkpt lat="39.150624" lon="-105.366167">
				<ele>2558.376149</ele>
				<time>2021-11-29T21:02:05Z</time>
			</trkpt>
			<trkpt lat="39.150252" lon="-105.366003">
				<ele>2558.50381</ele>
				<time>2021-11-29T21:02:20Z</time>
			</trkpt>
			<trkpt lat="39.149836" lon="-105.365878">
				<ele>2558.642514</ele>
				<time>2021-11-29T21:02:34Z</time>
			</trkpt>
			<trkpt lat="39.149733" lon="-105.365847">
				<ele>2558.676859</ele>
				<time>2021-11-29T21:02:38Z</time>
			</trkpt>
			<trkpt lat="39.149432" lon="-105.365895">
				<ele>2558.775345</ele>
				<time>2021-11-29T21:02:48Z</time>
			</trkpt>
			<trkpt lat="39.149" lon="-105.366098">
				<ele>2558.175152</ele>
				<time>2021-11-29T21:03:04Z</time>
			</trkpt>
			<trkpt lat="39.148778" lon="-105.366173">
				<ele>2557.869062</ele>
				<time>2021-11-29T21:03:12Z</time>
			</trkpt>
			<trkpt lat="39.148282" lon="-105.366166">
				<ele>2557.207473</ele>
				<time>2021-11-29T21:03:28Z</time>
			</trkpt>
			<trkpt lat="39.148082" lon="-105.366207">
				<ele>2556.93737</ele>
				<time>2021-11-29T21:03:35Z</time>
			</trkpt>
			<trkpt lat="39.147693" lon="-105.366617">
				<ele>2556.493073</ele>
				<time>2021-11-29T21:03:52Z</time>
			</trkpt>
			<trkpt lat="39.147544" lon="-105.366591">
				<ele>2556.698061</ele>
				<time>2021-11-29T21:03:57Z</time>
			</trkpt>
			<trkpt lat="39.147391" lon="-105.366414">
				<ele>2556.978298</ele>
				<time>2021-11-29T21:04:04Z</time>
			</trkpt>
			<trkpt lat="39.147158" lon="-105.365786">
				<ele>2557.714358</ele>
				<time>2021-11-29T21:04:27Z</time>
			</trkpt>
			<trkpt lat="39.147018" lon="-105.365723">
				<ele>2557.916515</ele>
				<time>2021-11-29T21:04:34Z</time>
			</trkpt>
			<trkpt lat="39.1469" lon="-105.365722">
				<ele>2558.077392</ele>
				<time>2021-11-29T21:04:40Z</time>
			</trkpt>
			<trkpt lat="39.146714" lon="-105.365854">
				<ele>2558.366843</ele>
				<time>2021-11-29T21:04:50Z</time>
			</trkpt>
			<trkpt lat="39.146244" lon="-105.366365">
				<ele>2560.186414</ele>
				<time>2021-11-29T21:05:24Z</time>
			</trkpt>
			<trkpt lat="39.145692" lon="-105.366667">
				<ele>2563.149695</ele>
				<time>2021-11-29T21:06:01Z</time>
			</trkpt>
			<trkpt lat="39.144894" lon="-105.367015">
				<ele>2567.312707</ele>
				<time>2021-11-29T21:06:56Z</time>
			</trkpt>
			<trkpt lat="39.144677" lon="-105.366922">
				<ele>2568.38665</ele>
				<time>2021-11-29T21:07:11Z</time>
			</trkpt>
			<trkpt lat="39.144384" lon="-105.366497">
				<ele>2570.396922</ele>
				<time>2021-11-29T21:07:39Z</time>
			</trkpt>
			<trkpt lat="39.144213" lon="-105.366455">
				<ele>2571.190408</ele>
				<time>2021-11-29T21:07:49Z</time>
			</trkpt>
			<trkpt lat="39.143552" lon="-105.366573">
				<ele>2574.232188</ele>
				<time>2021-11-29T21:08:27Z</time>
			</trkpt>
			<trkpt lat="39.143084" lon="-105.366893">
				<ele>2576.703804</ele>
				<time>2021-11-29T21:08:57Z</time>
			</trkpt>
			<trkpt lat="39.142928" lon="-105.366942">
				<ele>2577.49289</ele>
				<time>2021-11-29T21:09:07Z</time>
			</trkpt>
			<trkpt lat="39.142756" lon="-105.366936">
				<ele>2578.338497</ele>
				<time>2021-11-29T21:09:18Z</time>
			</trkpt>
			<trkpt lat="39.142516" lon="-105.366878">
				<ele>2579.538521</ele>
				<time>2021-11-29T21:09:33Z</time>
			</trkpt>
			<trkpt lat="39.14215" lon="-105.366878">
				<ele>2581.337236</ele>
				<time>2021-11-29T21:09:57Z</time>
			</trkpt>
			<trkpt lat="39.141869" lon="-105.367011">
				<ele>2582.808325</ele>
				<time>2021-11-29T21:10:16Z</time>
			</trkpt>
			<trkpt lat="39.141422" lon="-105.367366">
				<ele>2585.136738</ele>
				<time>2021-11-29T21:10:49Z</time>
			</trkpt>
			<trkpt lat="39.141235" lon="-105.367243">
				<ele>2585.756622</ele>
				<time>2021-11-29T21:11:01Z</time>
			</trkpt>
			<trkpt lat="39.141073" lon="-105.366985">
				<ele>2586.516859</ele>
				<time>2021-11-29T21:11:16Z</time>
			</trkpt>
			<trkpt lat="39.140718" lon="-105.366641">
				<ele>2587.828168</ele>
				<time>2021-11-29T21:11:40Z</time>
			</trkpt>
			<trkpt lat="39.140387" lon="-105.366413">
				<ele>2588.9363</ele>
				<time>2021-11-29T21:11:58Z</time>
			</trkpt>
			<trkpt lat="39.139801" lon="-105.366199">
				<ele>2589.966856</ele>
				<time>2021-11-29T21:12:24Z</time>
			</trkpt>
			<trkpt lat="39.139522" lon="-105.366182">
				<ele>2589.840295</ele>
				<time>2021-11-29T21:12:34Z</time>
			</trkpt>
			<trkpt lat="39.139269" lon="-105.366232">
				<ele>2589.724318</ele>
				<time>2021-11-29T21:12:44Z</time>
			</trkpt>
			<trkpt lat="39.138345" lon="-105.366589">
				<ele>2589.287244</ele>
				<time>2021-11-29T21:13:18Z</time>
			</trkpt>
			<trkpt lat="39.137914" lon="-105.366709">
				<ele>2587.664048</ele>
				<time>2021-11-29T21:13:32Z</time>
			</trkpt>
			<trkpt lat="39.137662" lon="-105.36685">
				<ele>2586.475887</ele>
				<time>2021-11-29T21:13:40Z</time>
			</trkpt>
			<trkpt lat="39.136926" lon="-105.367516">
				<ele>2582.586727</ele>
				<time>2021-11-29T21:14:06Z</time>
			</trkpt>
			<trkpt lat="39.136811" lon="-105.36765">
				<ele>2581.916287</ele>
				<time>2021-11-29T21:14:11Z</time>
			</trkpt>
			<trkpt lat="39.136618" lon="-105.367812">
				<ele>2580.489389</ele>
				<time>2021-11-29T21:14:17Z</time>
			</trkpt>
			<trkpt lat="39.136485" lon="-105.367869">
				<ele>2579.412098</ele>
				<time>2021-11-29T21:14:21Z</time>
			</trkpt>
			<trkpt lat="39.136391" lon="-105.367895">
				<ele>2578.673138</ele>
				<time>2021-11-29T21:14:23Z</time>
			</trkpt>
			<trkpt lat="39.136216" lon="-105.36789">
				<ele>2577.327692</ele>
				<time>2021-11-29T21:14:28Z</time>
			</trkpt>
			<trkpt lat="39.13533" lon="-105.367377">
				<ele>2569.862293</ele>
				<time>2021-11-29T21:14:54Z</time>
			</trkpt>
			<trkpt lat="39.134835" lon="-105.367283">
				<ele>2565.820579</ele>
				<time>2021-11-29T21:15:07Z</time>
			</trkpt>
			<trkpt lat="39.134159" lon="-105.36733">
				<ele>2559.992805</ele>
				<time>2021-11-29T21:15:25Z</time>
			</trkpt>
			<trkpt lat="39.133907" lon="-105.367279">
				<ele>2557.796906</ele>
				<time>2021-11-29T21:15:32Z</time>
			</trkpt>
			<trkpt lat="39.132493" lon="-105.366753">
				<ele>2545.513085</ele>
				<time>2021-11-29T21:16:10Z</time>
			</trkpt>
			<trkpt lat="39.132342" lon="-105.36679">
				<ele>2544.262344</ele>
				<time>2021-11-29T21:16:14Z</time>
			</trkpt>
			<trkpt lat="39.132036" lon="-105.367006">
				<ele>2541.423476</ele>
				<time>2021-11-29T21:16:24Z</time>
			</trkpt>
			<trkpt lat="39.131817" lon="-105.367269">
				<ele>2538.987965</ele>
				<time>2021-11-29T21:16:32Z</time>
			</trkpt>
			<trkpt lat="39.13171" lon="-105.367319">
				<ele>2538.061831</ele>
				<time>2021-11-29T21:16:35Z</time>
			</trkpt>
			<trkpt lat="39.131527" lon="-105.36729">
				<ele>2536.861958</ele>
				<time>2021-11-29T21:16:40Z</time>
			</trkpt>
			<trkpt lat="39.131456" lon="-105.367145">
				<ele>2536.115482</ele>
				<time>2021-11-29T21:16:44Z</time>
			</trkpt>
			<trkpt lat="39.131427" lon="-105.367014">
				<ele>2535.522425</ele>
				<time>2021-11-29T21:16:47Z</time>
			</trkpt>
			<trkpt lat="39.131465" lon="-105.366874">
				<ele>2534.876724</ele>
				<time>2021-11-29T21:16:50Z</time>
			</trkpt>
			<trkpt lat="39.131567" lon="-105.366732">
				<ele>2534.034213</ele>
				<time>2021-11-29T21:16:54Z</time>
			</trkpt>
			<trkpt lat="39.132277" lon="-105.365971">
				<ele>2528.852295</ele>
				<time>2021-11-29T21:17:20Z</time>
			</trkpt>
			<trkpt lat="39.13234" lon="-105.365866">
				<ele>2528.274417</ele>
				<time>2021-11-29T21:17:23Z</time>
			</trkpt>
			<trkpt lat="39.132379" lon="-105.365581">
				<ele>2527.116381</ele>
				<time>2021-11-29T21:17:30Z</time>
			</trkpt>
			<trkpt lat="39.132286" lon="-105.365447">
				<ele>2526.522948</ele>
				<time>2021-11-29T21:17:34Z</time>
			</trkpt>
			<trkpt lat="39.132171" lon="-105.3654">
				<ele>2526.009649</ele>
				<time>2021-11-29T21:17:38Z</time>
			</trkpt>
			<trkpt lat="39.132" lon="-105.365441">
				<ele>2525.269604</ele>
				<time>2021-11-29T21:17:43Z</time>
			</trkpt>
			<trkpt lat="39.13183" lon="-105.365549">
				<ele>2524.463233</ele>
				<time>2021-11-29T21:17:48Z</time>
			</trkpt>
			<trkpt lat="39.131234" lon="-105.366078">
				<ele>2521.384466</ele>
				<time>2021-11-29T21:18:10Z</time>
			</trkpt>
			<trkpt lat="39.13106" lon="-105.366307">
				<ele>2520.326482</ele>
				<time>2021-11-29T21:18:17Z</time>
			</trkpt>
			<trkpt lat="39.130972" lon="-105.366652">
				<ele>2519.081353</ele>
				<time>2021-11-29T21:18:26Z</time>
			</trkpt>
			<trkpt lat="39.130907" lon="-105.367155">
				<ele>2517.27885</ele>
				<time>2021-11-29T21:18:37Z</time>
			</trkpt>
			<trkpt lat="39.130834" lon="-105.367274">
				<ele>2516.742571</ele>
				<time>2021-11-29T21:18:40Z</time>
			</trkpt>
			<trkpt lat="39.130693" lon="-105.367415">
				<ele>2515.929405</ele>
				<time>2021-11-29T21:18:46Z</time>
			</trkpt>
			<trkpt lat="39.13051" lon="-105.3675">
				<ele>2515.043021</ele>
				<time>2021-11-29T21:18:51Z</time>
			</trkpt>
			<trkpt lat="39.130434" lon="-105.367511">
				<ele>2514.694523</ele>
				<time>2021-11-29T21:18:54Z</time>
			</trkpt>
			<trkpt lat="39.130238" lon="-105.367425">
				<ele>2513.75106</ele>
				<time>2021-11-29T21:19:00Z</time>
			</trkpt>
			<trkpt lat="39.129805" lon="-105.367071">
				<ele>2511.40465</ele>
				<time>2021-11-29T21:19:15Z</time>
			</trkpt>
			<trkpt lat="39.12961" lon="-105.366964">
				<ele>2510.383019</ele>
				<time>2021-11-29T21:19:21Z</time>
			</trkpt>
			<trkpt lat="39.129501" lon="-105.366958">
				<ele>2509.857094</ele>
				<time>2021-11-29T21:19:24Z</time>
			</trkpt>
			<trkpt lat="39.129212" lon="-105.367051">
				<ele>2508.421189</ele>
				<time>2021-11-29T21:19:33Z</time>
			</trkpt>
			<trkpt lat="39.129087" lon="-105.367057">
				<ele>2507.818195</ele>
				<time>2021-11-29T21:19:36Z</time>
			</trkpt>
			<trkpt lat="39.1287" lon="-105.366918">
				<ele>2505.881562</ele>
				<time>2021-11-29T21:19:48Z</time>
			</trkpt>
			<trkpt lat="39.128462" lon="-105.366896">
				<ele>2504.731312</ele>
				<time>2021-11-29T21:19:55Z</time>
			</trkpt>
			<trkpt lat="39.128346" lon="-105.366939">
				<ele>2504.149462</ele>
				<time>2021-11-29T21:19:58Z</time>
			</trkpt>
			<trkpt lat="39.12821" lon="-105.367036">
				<ele>2503.400202</ele>
				<time>2021-11-29T21:20:03Z</time>
			</trkpt>
			<trkpt lat="39.127818" lon="-105.367378">
				<ele>2500.619336</ele>
				<time>2021-11-29T21:20:17Z</time>
			</trkpt>
			<trkpt lat="39.127618" lon="-105.367455">
				<ele>2499.333757</ele>
				<time>2021-11-29T21:20:23Z</time>
			</trkpt>
			<trkpt lat="39.127458" lon="-105.367467">
				<ele>2498.346639</ele>
				<time>2021-11-29T21:20:27Z</time>
			</trkpt>
			<trkpt lat="39.126597" lon="-105.367425">
				<ele>2493.039883</ele>
				<time>2021-11-29T21:20:51Z</time>
			</trkpt>
			<trkpt lat="39.125892" lon="-105.367173">
				<ele>2488.149445</ele>
				<time>2021-11-29T21:21:10Z</time>
			</trkpt>
			<trkpt lat="39.125601" lon="-105.36714">
				<ele>2486.140883</ele>
				<time>2021-11-29T21:21:18Z</time>
			</trkpt>
			<trkpt lat="39.12535" lon="-105.367251">
				<ele>2484.316343</ele>
				<time>2021-11-29T21:21:25Z</time>
			</trkpt>
			<trkpt lat="39.12492" lon="-105.367693">
				<ele>2480.534863</ele>
				<time>2021-11-29T21:21:41Z</time>
			</trkpt>
			<trkpt lat="39.124666" lon="-105.367856">
				<ele>2479.013218</ele>
				<time>2021-11-29T21:21:49Z</time>
			</trkpt>
			<trkpt lat="39.123802" lon="-105.36812">
				<ele>2475.862367</ele>
				<time>2021-11-29T21:22:16Z</time>
			</trkpt>
			<trkpt lat="39.123545" lon="-105.368157">
				<ele>2474.944736</ele>
				<time>2021-11-29T21:22:25Z</time>
			</trkpt>
			<trkpt lat="39.1234" lon="-105.368144">
				<ele>2474.428962</ele>
				<time>2021-11-29T21:22:29Z</time>
			</trkpt>
			<trkpt lat="39.123267" lon="-105.368087">
				<ele>2473.931612</ele>
				<time>2021-11-29T21:22:34Z</time>
			</trkpt>
			<trkpt lat="39.12315" lon="-105.367997">
				<ele>2473.448132</ele>
				<time>2021-11-29T21:22:38Z</time>
			</trkpt>
			<trkpt lat="39.122976" lon="-105.367704">
				<ele>2472.282226</ele>
				<time>2021-11-29T21:22:46Z</time>
			</trkpt>
			<trkpt lat="39.122745" lon="-105.366838">
				<ele>2469.184509</ele>
				<time>2021-11-29T21:23:07Z</time>
			</trkpt>
			<trkpt lat="39.122498" lon="-105.366088">
				<ele>2466.428364</ele>
				<time>2021-11-29T21:23:25Z</time>
			</trkpt>
			<trkpt lat="39.122413" lon="-105.365977">
				<ele>2465.90078</ele>
				<time>2021-11-29T21:23:29Z</time>
			</trkpt>
			<trkpt lat="39.122304" lon="-105.365896">
				<ele>2465.352185</ele>
				<time>2021-11-29T21:23:32Z</time>
			</trkpt>
			<trkpt lat="39.122134" lon="-105.365887">
				<ele>2465.731617</ele>
				<time>2021-11-29T21:23:37Z</time>
			</trkpt>
			<trkpt lat="39.121939" lon="-105.366002">
				<ele>2466.445963</ele>
				<time>2021-11-29T21:23:44Z</time>
			</trkpt>
			<trkpt lat="39.121629" lon="-105.366475">
				<ele>2468.046183</ele>
				<time>2021-11-29T21:24:01Z</time>
			</trkpt>
			<trkpt lat="39.120701" lon="-105.368554">
				<ele>2479.427232</ele>
				<time>2021-11-29T21:26:30Z</time>
			</trkpt>
			<trkpt lat="39.120489" lon="-105.368739">
				<ele>2481.749677</ele>
				<time>2021-11-29T21:26:54Z</time>
			</trkpt>
			<trkpt lat="39.120289" lon="-105.368821">
				<ele>2483.653552</ele>
				<time>2021-11-29T21:27:13Z</time>
			</trkpt>
			<trkpt lat="39.120014" lon="-105.368878">
				<ele>2486.180265</ele>
				<time>2021-11-29T21:27:35Z</time>
			</trkpt>
			<trkpt lat="39.119657" lon="-105.368878">
				<ele>2489.222767</ele>
				<time>2021-11-29T21:28:02Z</time>
			</trkpt>
			<trkpt lat="39.119534" lon="-105.368807">
				<ele>2490.316825</ele>
				<time>2021-11-29T21:28:13Z</time>
			</trkpt>
			<trkpt lat="39.119453" lon="-105.36864">
				<ele>2491.557238</ele>
				<time>2021-11-29T21:28:24Z</time>
			</trkpt>
			<trkpt lat="39.119449" lon="-105.368535">
				<ele>2492.219338</ele>
				<time>2021-11-29T21:28:31Z</time>
			</trkpt>
			<trkpt lat="39.119476" lon="-105.368322">
				<ele>2493.578627</ele>
				<time>2021-11-29T21:28:45Z</time>
			</trkpt>
			<trkpt lat="39.11977" lon="-105.367763">
				<ele>2497.831989</ele>
				<time>2021-11-29T21:29:30Z</time>
			</trkpt>
			<trkpt lat="39.119807" lon="-105.367485">
				<ele>2499.608436</ele>
				<time>2021-11-29T21:29:47Z</time>
			</trkpt>
			<trkpt lat="39.119729" lon="-105.367367">
				<ele>2500.58478</ele>
				<time>2021-11-29T21:29:56Z</time>
			</trkpt>
			<trkpt lat="39.11964" lon="-105.367301">
				<ele>2501.418316</ele>
				<time>2021-11-29T21:30:03Z</time>
			</trkpt>
			<trkpt lat="39.11949" lon="-105.367301">
				<ele>2502.356644</ele>
				<time>2021-11-29T21:30:13Z</time>
			</trkpt>
			<trkpt lat="39.119217" lon="-105.367473">
				<ele>2503.390054</ele>
				<time>2021-11-29T21:30:31Z</time>
			</trkpt>
			<trkpt lat="39.119037" lon="-105.367543">
				<ele>2504.029462</ele>
				<time>2021-11-29T21:30:42Z</time>
			</trkpt>
			<trkpt lat="39.118905" lon="-105.367463">
				<ele>2504.525523</ele>
				<time>2021-11-29T21:30:50Z</time>
			</trkpt>
			<trkpt lat="39.118809" lon="-105.367336">
				<ele>2504.993365</ele>
				<time>2021-11-29T21:30:58Z</time>
			</trkpt>
			<trkpt lat="39.118774" lon="-105.367194">
				<ele>2505.386486</ele>
				<time>2021-11-29T21:31:05Z</time>
			</trkpt>
			<trkpt lat="39.118708" lon="-105.366174">
				<ele>2508.087112</ele>
				<time>2021-11-29T21:31:47Z</time>
			</trkpt>
			<trkpt lat="39.118377" lon="-105.365308">
				<ele>2506.674448</ele>
				<time>2021-11-29T21:32:11Z</time>
			</trkpt>
			<trkpt lat="39.118234" lon="-105.365045">
				<ele>2506.101305</ele>
				<time>2021-11-29T21:32:19Z</time>
			</trkpt>
			<trkpt lat="39.118014" lon="-105.364794">
				<ele>2505.425479</ele>
				<time>2021-11-29T21:32:27Z</time>
			</trkpt>
			<trkpt lat="39.117692" lon="-105.364609">
				<ele>2504.614551</ele>
				<time>2021-11-29T21:32:38Z</time>
			</trkpt>
			<trkpt lat="39.11737" lon="-105.364478">
				<ele>2504.588681</ele>
				<time>2021-11-29T21:32:48Z</time>
			</trkpt>
			<trkpt lat="39.117102" lon="-105.364407">
				<ele>2505.55041</ele>
				<time>2021-11-29T21:32:57Z</time>
			</trkpt>
			<trkpt lat="39.116662" lon="-105.364512">
				<ele>2507.123321</ele>
				<time>2021-11-29T21:33:14Z</time>
			</trkpt>
			<trkpt lat="39.115778" lon="-105.364608">
				<ele>2510.241641</ele>
				<time>2021-11-29T21:34:16Z</time>
			</trkpt>
			<trkpt lat="39.115591" lon="-105.364752">
				<ele>2512.581815</ele>
				<time>2021-11-29T21:34:35Z</time>
			</trkpt>
			<trkpt lat="39.115499" lon="-105.364922">
				<ele>2514.764799</ele>
				<time>2021-11-29T21:34:51Z</time>
			</trkpt>
			<trkpt lat="39.115453" lon="-105.365091">
				<ele>2516.651088</ele>
				<time>2021-11-29T21:35:06Z</time>
			</trkpt>
			<trkpt lat="39.1154" lon="-105.365647">
				<ele>2522.551009</ele>
				<time>2021-11-29T21:35:54Z</time>
			</trkpt>
			<trkpt lat="39.115288" lon="-105.365888">
				<ele>2525.509761</ele>
				<time>2021-11-29T21:36:21Z</time>
			</trkpt>
			<trkpt lat="39.114446" lon="-105.367398">
				<ele>2542.740429</ele>
				<time>2021-11-29T21:39:00Z</time>
			</trkpt>
			<trkpt lat="39.114323" lon="-105.36747">
				<ele>2544.151883</ele>
				<time>2021-11-29T21:39:12Z</time>
			</trkpt>
			<trkpt lat="39.114186" lon="-105.367436">
				<ele>2545.60957</ele>
				<time>2021-11-29T21:39:23Z</time>
			</trkpt>
			<trkpt lat="39.114098" lon="-105.367304">
				<ele>2547.02039</ele>
				<time>2021-11-29T21:39:34Z</time>
			</trkpt>
			<trkpt lat="39.114073" lon="-105.367121">
				<ele>2548.526718</ele>
				<time>2021-11-29T21:39:45Z</time>
			</trkpt>
			<trkpt lat="39.114068" lon="-105.36653">
				<ele>2553.318006</ele>
				<time>2021-11-29T21:40:18Z</time>
			</trkpt>
			<trkpt lat="39.114001" lon="-105.366176">
				<ele>2554.941462</ele>
				<time>2021-11-29T21:40:36Z</time>
			</trkpt>
			<trkpt lat="39.113876" lon="-105.366032">
				<ele>2555.79904</ele>
				<time>2021-11-29T21:40:47Z</time>
			</trkpt>
			<trkpt lat="39.113662" lon="-105.365938">
				<ele>2556.955503</ele>
				<time>2021-11-29T21:41:00Z</time>
			</trkpt>
			<trkpt lat="39.112181" lon="-105.36581">
				<ele>2565.443846</ele>
				<time>2021-11-29T21:42:28Z</time>
			</trkpt>
			<trkpt lat="39.112063" lon="-105.365761">
				<ele>2566.41566</ele>
				<time>2021-11-29T21:42:38Z</time>
			</trkpt>
			<trkpt lat="39.111759" lon="-105.365363">
				<ele>2569.812544</ele>
				<time>2021-11-29T21:43:11Z</time>
			</trkpt>
			<trkpt lat="39.111581" lon="-105.36524">
				<ele>2571.395771</ele>
				<time>2021-11-29T21:43:28Z</time>
			</trkpt>
			<trkpt lat="39.111391" lon="-105.365198">
				<ele>2572.906905</ele>
				<time>2021-11-29T21:43:44Z</time>
			</trkpt>
			<trkpt lat="39.111105" lon="-105.365207">
				<ele>2575.14949</ele>
				<time>2021-11-29T21:44:08Z</time>
			</trkpt>
			<trkpt lat="39.110426" lon="-105.365294">
				<ele>2580.748681</ele>
				<time>2021-11-29T21:45:06Z</time>
			</trkpt>
			<trkpt lat="39.110296" lon="-105.365332">
				<ele>2581.867657</ele>
				<time>2021-11-29T21:45:17Z</time>
			</trkpt>
			<trkpt lat="39.110034" lon="-105.365484">
				<ele>2584.279531</ele>
				<time>2021-11-29T21:45:40Z</time>
			</trkpt>
			<trkpt lat="39.109907" lon="-105.365507">
				<ele>2585.356081</ele>
				<time>2021-11-29T21:45:50Z</time>
			</trkpt>
			<trkpt lat="39.109541" lon="-105.36549">
				<ele>2588.430391</ele>
				<time>2021-11-29T21:46:18Z</time>
			</trkpt>
			<trkpt lat="39.109454" lon="-105.365434">
				<ele>2589.246718</ele>
				<time>2021-11-29T21:46:26Z</time>
			</trkpt>
			<trkpt lat="39.109372" lon="-105.365313">
				<ele>2590.29312</ele>
				<time>2021-11-29T21:46:35Z</time>
			</trkpt>
			<trkpt lat="39.109284" lon="-105.364969">
				<ele>2592.570105</ele>
				<time>2021-11-29T21:46:55Z</time>
			</trkpt>
			<trkpt lat="39.109209" lon="-105.364818">
				<ele>2593.574749</ele>
				<time>2021-11-29T21:47:06Z</time>
			</trkpt>
			<trkpt lat="39.10911" lon="-105.364716">
				<ele>2594.490079</ele>
				<time>2021-11-29T21:47:15Z</time>
			</trkpt>
			<trkpt lat="39.108733" lon="-105.364556">
				<ele>2597.356463</ele>
				<time>2021-11-29T21:47:44Z</time>
			</trkpt>
			<trkpt lat="39.108286" lon="-105.364324">
				<ele>2600.836483</ele>
				<time>2021-11-29T21:48:18Z</time>
			</trkpt>
			<trkpt lat="39.108024" lon="-105.364274">
				<ele>2602.749183</ele>
				<time>2021-11-29T21:48:36Z</time>
			</trkpt>
			<trkpt lat="39.107123" lon="-105.364402">
				<ele>2610.457035</ele>
				<time>2021-11-29T21:49:47Z</time>
			</trkpt>
			<trkpt lat="39.10691" lon="-105.364328">
				<ele>2612.48638</ele>
				<time>2021-11-29T21:50:07Z</time>
			</trkpt>
			<trkpt lat="39.106811" lon="-105.364227">
				<ele>2613.647913</ele>
				<time>2021-11-29T21:50:19Z</time>
			</trkpt>
			<trkpt lat="39.10575" lon="-105.362724">
				<ele>2623.630062</ele>
				<time>2021-11-29T21:52:32Z</time>
			</trkpt>
			<trkpt lat="39.105642" lon="-105.362534">
				<ele>2624.151281</ele>
				<time>2021-11-29T21:52:41Z</time>
			</trkpt>
			<trkpt lat="39.105204" lon="-105.361085">
				<ele>2626.188954</ele>
				<time>2021-11-29T21:53:20Z</time>
			</trkpt>
			<trkpt lat="39.105043" lon="-105.360654">
				<ele>2625.529352</ele>
				<time>2021-11-29T21:53:31Z</time>
			</trkpt>
			<trkpt lat="39.104943" lon="-105.360526">
				<ele>2625.278889</ele>
				<time>2021-11-29T21:53:35Z</time>
			</trkpt>
			<trkpt lat="39.104802" lon="-105.36044">
				<ele>2625.001683</ele>
				<time>2021-11-29T21:53:40Z</time>
			</trkpt>
			<trkpt lat="39.104395" lon="-105.360375">
				<ele>2624.272906</ele>
				<time>2021-11-29T21:53:53Z</time>
			</trkpt>
			<trkpt lat="39.104065" lon="-105.360402">
				<ele>2623.685311</ele>
				<time>2021-11-29T21:54:05Z</time>
			</trkpt>
			<trkpt lat="39.103948" lon="-105.360461">
				<ele>2623.750977</ele>
				<time>2021-11-29T21:54:11Z</time>
			</trkpt>
			<trkpt lat="39.103645" lon="-105.360697">
				<ele>2625.734301</ele>
				<time>2021-11-29T21:54:27Z</time>
			</trkpt>
			<trkpt lat="39.103105" lon="-105.361172">
				<ele>2629.396881</ele>
				<time>2021-11-29T21:55:09Z</time>
			</trkpt>
			<trkpt lat="39.102925" lon="-105.361473">
				<ele>2631.048818</ele>
				<time>2021-11-29T21:55:33Z</time>
			</trkpt>
			<trkpt lat="39.102882" lon="-105.361656">
				<ele>2631.880015</ele>
				<time>2021-11-29T21:55:45Z</time>
			</trkpt>
			<trkpt lat="39.102873" lon="-105.361876">
				<ele>2632.837716</ele>
				<time>2021-11-29T21:55:59Z</time>
			</trkpt>
			<trkpt lat="39.102901" lon="-105.362095">
				<ele>2633.880421</ele>
				<time>2021-11-29T21:56:13Z</time>
			</trkpt>
			<trkpt lat="39.102962" lon="-105.36229">
				<ele>2635.158993</ele>
				<time>2021-11-29T21:56:26Z</time>
			</trkpt>
			<trkpt lat="39.103065" lon="-105.362515">
				<ele>2636.747613</ele>
				<time>2021-11-29T21:56:42Z</time>
			</trkpt>
			<trkpt lat="39.103208" lon="-105.36272">
				<ele>2638.423905</ele>
				<time>2021-11-29T21:56:59Z</time>
			</trkpt>
			<trkpt lat="39.103641" lon="-105.363235">
				<ele>2643.041516</ele>
				<time>2021-11-29T21:57:42Z</time>
			</trkpt>
			<trkpt lat="39.103809" lon="-105.363559">
				<ele>2645.411198</ele>
				<time>2021-11-29T21:58:05Z</time>
			</trkpt>
			<trkpt lat="39.103936" lon="-105.36432">
				<ele>2649.552971</ele>
				<time>2021-11-29T21:58:51Z</time>
			</trkpt>
			<trkpt lat="39.104019" lon="-105.364562">
				<ele>2650.772045</ele>
				<time>2021-11-29T21:59:06Z</time>
			</trkpt>
			<trkpt lat="39.104341" lon="-105.365172">
				<ele>2654.171264</ele>
				<time>2021-11-29T21:59:45Z</time>
			</trkpt>
			<trkpt lat="39.10439" lon="-105.365332">
				<ele>2654.963799</ele>
				<time>2021-11-29T21:59:54Z</time>
			</trkpt>
			<trkpt lat="39.104372" lon="-105.365499">
				<ele>2655.740639</ele>
				<time>2021-11-29T22:00:02Z</time>
			</trkpt>
			<trkpt lat="39.104299" lon="-105.365624">
				<ele>2656.461454</ele>
				<time>2021-11-29T22:00:09Z</time>
			</trkpt>
			<trkpt lat="39.104194" lon="-105.365727">
				<ele>2657.24497</ele>
				<time>2021-11-29T22:00:17Z</time>
			</trkpt>
			<trkpt lat="39.103841" lon="-105.36591">
				<ele>2658.88952</ele>
				<time>2021-11-29T22:00:39Z</time>
			</trkpt>
			<trkpt lat="39.103731" lon="-105.365925">
				<ele>2659.18654</ele>
				<time>2021-11-29T22:00:46Z</time>
			</trkpt>
			<trkpt lat="39.102872" lon="-105.365763">
				<ele>2661.517688</ele>
				<time>2021-11-29T22:01:32Z</time>
			</trkpt>
			<trkpt lat="39.102661" lon="-105.365856">
				<ele>2662.116488</ele>
				<time>2021-11-29T22:01:42Z</time>
			</trkpt>
			<trkpt lat="39.102079" lon="-105.366337">
				<ele>2663.522894</ele>
				<time>2021-11-29T22:02:10Z</time>
			</trkpt>
			<trkpt lat="39.101967" lon="-105.366375">
				<ele>2663.649992</ele>
				<time>2021-11-29T22:02:15Z</time>
			</trkpt>
			<trkpt lat="39.101844" lon="-105.366375">
				<ele>2663.784973</ele>
				<time>2021-11-29T22:02:19Z</time>
			</trkpt>
			<trkpt lat="39.101596" lon="-105.366272">
				<ele>2664.070915</ele>
				<time>2021-11-29T22:02:29Z</time>
			</trkpt>
			<trkpt lat="39.10049" lon="-105.365542">
				<ele>2666.342011</ele>
				<time>2021-11-29T22:03:23Z</time>
			</trkpt>
			<trkpt lat="39.100233" lon="-105.365477">
				<ele>2667.676827</ele>
				<time>2021-11-29T22:03:36Z</time>
			</trkpt>
			<trkpt lat="39.09927" lon="-105.365677">
				<ele>2672.648187</ele>
				<time>2021-11-29T22:04:36Z</time>
			</trkpt>
			<trkpt lat="39.098574" lon="-105.365709">
				<ele>2677.075909</ele>
				<time>2021-11-29T22:05:36Z</time>
			</trkpt>
			<trkpt lat="39.098438" lon="-105.365756">
				<ele>2678.135118</ele>
				<time>2021-11-29T22:05:49Z</time>
			</trkpt>
			<trkpt lat="39.098318" lon="-105.365844">
				<ele>2679.173762</ele>
				<time>2021-11-29T22:06:01Z</time>
			</trkpt>
			<trkpt lat="39.097877" lon="-105.366287">
				<ele>2683.380138</ele>
				<time>2021-11-29T22:06:47Z</time>
			</trkpt>
			<trkpt lat="39.097755" lon="-105.36636">
				<ele>2684.392001</ele>
				<time>2021-11-29T22:06:56Z</time>
			</trkpt>
			<trkpt lat="39.097657" lon="-105.366385">
				<ele>2685.14351</ele>
				<time>2021-11-29T22:07:03Z</time>
			</trkpt>
			<trkpt lat="39.097552" lon="-105.366352">
				<ele>2685.956522</ele>
				<time>2021-11-29T22:07:11Z</time>
			</trkpt>
			<trkpt lat="39.09747" lon="-105.36625">
				<ele>2686.813892</ele>
				<time>2021-11-29T22:07:18Z</time>
			</trkpt>
			<trkpt lat="39.097329" lon="-105.365996">
				<ele>2687.783729</ele>
				<time>2021-11-29T22:07:32Z</time>
			</trkpt>
			<trkpt lat="39.096902" lon="-105.365056">
				<ele>2686.948888</ele>
				<time>2021-11-29T22:08:08Z</time>
			</trkpt>
			<trkpt lat="39.096811" lon="-105.364927">
				<ele>2686.815269</ele>
				<time>2021-11-29T22:08:12Z</time>
			</trkpt>
			<trkpt lat="39.09669" lon="-105.364824">
				<ele>2686.672042</ele>
				<time>2021-11-29T22:08:17Z</time>
			</trkpt>
			<trkpt lat="39.09654" lon="-105.364761">
				<ele>2686.516226</ele>
				<time>2021-11-29T22:08:21Z</time>
			</trkpt>
			<trkpt lat="39.09638" lon="-105.364758">
				<ele>2686.358187</ele>
				<time>2021-11-29T22:08:26Z</time>
			</trkpt>
			<trkpt lat="39.095743" lon="-105.364989">
				<ele>2684.580499</ele>
				<time>2021-11-29T22:08:44Z</time>
			</trkpt>
			<trkpt lat="39.095602" lon="-105.36509">
				<ele>2683.975338</ele>
				<time>2021-11-29T22:08:49Z</time>
			</trkpt>
			<trkpt lat="39.095503" lon="-105.365209">
				<ele>2683.467459</ele>
				<time>2021-11-29T22:08:53Z</time>
			</trkpt>
			<trkpt lat="39.095383" lon="-105.365423">
				<ele>2682.698833</ele>
				<time>2021-11-29T22:08:59Z</time>
			</trkpt>
			<trkpt lat="39.095257" lon="-105.365746">
				<ele>2681.646373</ele>
				<time>2021-11-29T22:09:07Z</time>
			</trkpt>
			<trkpt lat="39.094978" lon="-105.366675">
				<ele>2679.606378</ele>
				<time>2021-11-29T22:09:32Z</time>
			</trkpt>
			<trkpt lat="39.094965" lon="-105.366866">
				<ele>2679.831446</ele>
				<time>2021-11-29T22:09:38Z</time>
			</trkpt>
			<trkpt lat="39.095014" lon="-105.367601">
				<ele>2680.697411</ele>
				<time>2021-11-29T22:10:04Z</time>
			</trkpt>
			<trkpt lat="39.094882" lon="-105.368587">
				<ele>2681.871933</ele>
				<time>2021-11-29T22:10:42Z</time>
			</trkpt>
			<trkpt lat="39.094905" lon="-105.368778">
				<ele>2682.126299</ele>
				<time>2021-11-29T22:10:50Z</time>
			</trkpt>
			<trkpt lat="39.094974" lon="-105.368954">
				<ele>2682.690476</ele>
				<time>2021-11-29T22:10:58Z</time>
			</trkpt>
			<trkpt lat="39.09535" lon="-105.369497">
				<ele>2684.772613</ele>
				<time>2021-11-29T22:11:30Z</time>
			</trkpt>
			<trkpt lat="39.095391" lon="-105.369624">
				<ele>2685.166169</ele>
				<time>2021-11-29T22:11:36Z</time>
			</trkpt>
			<trkpt lat="39.095386" lon="-105.369783">
				<ele>2685.621474</ele>
				<time>2021-11-29T22:11:43Z</time>
			</trkpt>
			<trkpt lat="39.095296" lon="-105.370234">
				<ele>2686.953852</ele>
				<time>2021-11-29T22:12:04Z</time>
			</trkpt>
			<trkpt lat="39.095284" lon="-105.370447">
				<ele>2687.564892</ele>
				<time>2021-11-29T22:12:14Z</time>
			</trkpt>
			<trkpt lat="39.095309" lon="-105.370651">
				<ele>2688.15581</ele>
				<time>2021-11-29T22:12:23Z</time>
			</trkpt>
			<trkpt lat="39.095391" lon="-105.370891">
				<ele>2688.879411</ele>
				<time>2021-11-29T22:12:33Z</time>
			</trkpt>
			<trkpt lat="39.095972" lon="-105.372227">
				<ele>2692.662772</ele>
				<time>2021-11-29T22:13:39Z</time>
			</trkpt>
			<trkpt lat="39.096057" lon="-105.372361">
				<ele>2693.090317</ele>
				<time>2021-11-29T22:13:46Z</time>
			</trkpt>
			<trkpt lat="39.096163" lon="-105.37245">
				<ele>2693.493049</ele>
				<time>2021-11-29T22:13:53Z</time>
			</trkpt>
			<trkpt lat="39.09628" lon="-105.372507">
				<ele>2693.891213</ele>
				<time>2021-11-29T22:13:59Z</time>
			</trkpt>
			<trkpt lat="39.096393" lon="-105.372512">
				<ele>2694.251125</ele>
				<time>2021-11-29T22:14:05Z</time>
			</trkpt>
			<trkpt lat="39.096505" lon="-105.372491">
				<ele>2694.363734</ele>
				<time>2021-11-29T22:14:11Z</time>
			</trkpt>
			<trkpt lat="39.097013" lon="-105.372231">
				<ele>2693.645486</ele>
				<time>2021-11-29T22:14:34Z</time>
			</trkpt>
			<trkpt lat="39.097266" lon="-105.372259">
				<ele>2693.311817</ele>
				<time>2021-11-29T22:14:43Z</time>
			</trkpt>
			<trkpt lat="39.097603" lon="-105.372454">
				<ele>2692.826395</ele>
				<time>2021-11-29T22:14:55Z</time>
			</trkpt>
			<trkpt lat="39.098388" lon="-105.372985">
				<ele>2690.583892</ele>
				<time>2021-11-29T22:15:21Z</time>
			</trkpt>
			<trkpt lat="39.098501" lon="-105.373084">
				<ele>2689.933901</ele>
				<time>2021-11-29T22:15:25Z</time>
			</trkpt>
			<trkpt lat="39.098565" lon="-105.373181">
				<ele>2689.463898</ele>
				<time>2021-11-29T22:15:28Z</time>
			</trkpt>
			<trkpt lat="39.098609" lon="-105.373316">
				<ele>2688.923372</ele>
				<time>2021-11-29T22:15:31Z</time>
			</trkpt>
			<trkpt lat="39.098624" lon="-105.373469">
				<ele>2688.354074</ele>
				<time>2021-11-29T22:15:34Z</time>
			</trkpt>
			<trkpt lat="39.09859" lon="-105.373614">
				<ele>2687.794899</ele>
				<time>2021-11-29T22:15:38Z</time>
			</trkpt>
			<trkpt lat="39.098523" lon="-105.373724">
				<ele>2687.278695</ele>
				<time>2021-11-29T22:15:41Z</time>
			</trkpt>
			<trkpt lat="39.098429" lon="-105.373791">
				<ele>2686.767709</ele>
				<time>2021-11-29T22:15:44Z</time>
			</trkpt>
			<trkpt lat="39.098086" lon="-105.373962">
				<ele>2685.018272</ele>
				<time>2021-11-29T22:15:55Z</time>
			</trkpt>
			<trkpt lat="39.097996" lon="-105.374081">
				<ele>2684.404869</ele>
				<time>2021-11-29T22:15:58Z</time>
			</trkpt>
			<trkpt lat="39.097934" lon="-105.374255">
				<ele>2683.698063</ele>
				<time>2021-11-29T22:16:03Z</time>
			</trkpt>
			<trkpt lat="39.097892" lon="-105.374492">
				<ele>2683.041088</ele>
				<time>2021-11-29T22:16:08Z</time>
			</trkpt>
			<trkpt lat="39.097816" lon="-105.374917">
				<ele>2681.97154</ele>
				<time>2021-11-29T22:16:19Z</time>
			</trkpt>
			<trkpt lat="39.09768" lon="-105.375214">
				<ele>2681.125865</ele>
				<time>2021-11-29T22:16:27Z</time>
			</trkpt>
			<trkpt lat="39.096976" lon="-105.376239">
				<ele>2677.765987</ele>
				<time>2021-11-29T22:17:00Z</time>
			</trkpt>
			<trkpt lat="39.096621" lon="-105.376691">
				<ele>2676.11</ele>
				<time>2021-11-29T22:17:16Z</time>
			</trkpt>
			<trkpt lat="39.096131" lon="-105.377209">
				<ele>2674.006957</ele>
				<time>2021-11-29T22:17:35Z</time>
			</trkpt>
			<trkpt lat="39.095945" lon="-105.377443">
				<ele>2673.144401</ele>
				<time>2021-11-29T22:17:43Z</time>
			</trkpt>
			<trkpt lat="39.095878" lon="-105.377584">
				<ele>2672.718653</ele>
				<time>2021-11-29T22:17:47Z</time>
			</trkpt>
			<trkpt lat="39.095832" lon="-105.377789">
				<ele>2672.169125</ele>
				<time>2021-11-29T22:17:52Z</time>
			</trkpt>
			<trkpt lat="39.095803" lon="-105.378284">
				<ele>2671.200777</ele>
				<time>2021-11-29T22:18:03Z</time>
			</trkpt>
			<trkpt lat="39.095773" lon="-105.378471">
				<ele>2670.865467</ele>
				<time>2021-11-29T22:18:08Z</time>
			</trkpt>
			<trkpt lat="39.095699" lon="-105.378719">
				<ele>2670.398907</ele>
				<time>2021-11-29T22:18:15Z</time>
			</trkpt>
			<trkpt lat="39.095347" lon="-105.379503">
				<ele>2668.80844</ele>
				<time>2021-11-29T22:18:38Z</time>
			</trkpt>
			<trkpt lat="39.09521" lon="-105.3799">
				<ele>2668.045503</ele>
				<time>2021-11-29T22:18:49Z</time>
			</trkpt>
			<trkpt lat="39.095199" lon="-105.380071">
				<ele>2667.749447</ele>
				<time>2021-11-29T22:18:54Z</time>
			</trkpt>
			<trkpt lat="39.095224" lon="-105.380222">
				<ele>2667.505981</ele>
				<time>2021-11-29T22:18:58Z</time>
			</trkpt>
			<trkpt lat="39.095289" lon="-105.380364">
				<ele>2667.246019</ele>
				<time>2021-11-29T22:19:02Z</time>
			</trkpt>
			<trkpt lat="39.095376" lon="-105.380498">
				<ele>2666.970529</ele>
				<time>2021-11-29T22:19:06Z</time>
			</trkpt>
			<trkpt lat="39.095879" lon="-105.381059">
				<ele>2665.61885</ele>
				<time>2021-11-29T22:19:28Z</time>
			</trkpt>
			<trkpt lat="39.095953" lon="-105.381178">
				<ele>2665.378398</ele>
				<time>2021-11-29T22:19:32Z</time>
			</trkpt>
			<trkpt lat="39.095994" lon="-105.381326">
				<ele>2665.1306</ele>
				<time>2021-11-29T22:19:36Z</time>
			</trkpt>
			<trkpt lat="39.095992" lon="-105.381464">
				<ele>2664.912955</ele>
				<time>2021-11-29T22:19:39Z</time>
			</trkpt>
			<trkpt lat="39.095942" lon="-105.381598">
				<ele>2664.678503</ele>
				<time>2021-11-29T22:19:43Z</time>
			</trkpt>
			<trkpt lat="39.095683" lon="-105.381977">
				<ele>2663.95042</ele>
				<time>2021-11-29T22:19:55Z</time>
			</trkpt>
			<trkpt lat="39.095632" lon="-105.382116">
				<ele>2663.771836</ele>
				<time>2021-11-29T22:19:59Z</time>
			</trkpt>
			<trkpt lat="39.095604" lon="-105.382303">
				<ele>2663.550628</ele>
				<time>2021-11-29T22:20:04Z</time>
			</trkpt>
			<trkpt lat="39.095605" lon="-105.382486">
				<ele>2663.338066</ele>
				<time>2021-11-29T22:20:09Z</time>
			</trkpt>
			<trkpt lat="39.095633" lon="-105.382671">
				<ele>2663.119138</ele>
				<time>2021-11-29T22:20:13Z</time>
			</trkpt>
			<trkpt lat="39.095712" lon="-105.382946">
				<ele>2662.778543</ele>
				<time>2021-11-29T22:20:21Z</time>
			</trkpt>
			<trkpt lat="39.095746" lon="-105.383266">
				<ele>2662.403392</ele>
				<time>2021-11-29T22:20:29Z</time>
			</trkpt>
			<trkpt lat="39.09558" lon="-105.383733">
				<ele>2661.806779</ele>
				<time>2021-11-29T22:20:43Z</time>
			</trkpt>
			<trkpt lat="39.095479" lon="-105.383912">
				<ele>2661.549727</ele>
				<time>2021-11-29T22:20:49Z</time>
			</trkpt>
			<trkpt lat="39.095377" lon="-105.383974">
				<ele>2661.454822</ele>
				<time>2021-11-29T22:20:53Z</time>
			</trkpt>
			<trkpt lat="39.095065" lon="-105.38398">
				<ele>2661.492523</ele>
				<time>2021-11-29T22:21:05Z</time>
			</trkpt>
			<trkpt lat="39.094814" lon="-105.383892">
				<ele>2661.523953</ele>
				<time>2021-11-29T22:21:15Z</time>
			</trkpt>
			<trkpt lat="39.094698" lon="-105.383809">
				<ele>2661.539985</ele>
				<time>2021-11-29T22:21:20Z</time>
			</trkpt>
			<trkpt lat="39.094105" lon="-105.383262">
				<ele>2661.628102</ele>
				<time>2021-11-29T22:21:49Z</time>
			</trkpt>
			<trkpt lat="39.093122" lon="-105.382739">
				<ele>2661.58037</ele>
				<time>2021-11-29T22:22:28Z</time>
			</trkpt>
			<trkpt lat="39.092893" lon="-105.382689">
				<ele>2661.553469</ele>
				<time>2021-11-29T22:22:36Z</time>
			</trkpt>
			<trkpt lat="39.092093" lon="-105.382847">
				<ele>2661.459727</ele>
				<time>2021-11-29T22:23:06Z</time>
			</trkpt>
			<trkpt lat="39.091932" lon="-105.383004">
				<ele>2661.271713</ele>
				<time>2021-11-29T22:23:14Z</time>
			</trkpt>
			<trkpt lat="39.091881" lon="-105.383146">
				<ele>2661.152185</ele>
				<time>2021-11-29T22:23:19Z</time>
			</trkpt>
			<trkpt lat="39.091843" lon="-105.383412">
				<ele>2660.94557</ele>
				<time>2021-11-29T22:23:27Z</time>
			</trkpt>
			<trkpt lat="39.091836" lon="-105.383673">
				<ele>2660.746068</ele>
				<time>2021-11-29T22:23:34Z</time>
			</trkpt>
			<trkpt lat="39.09185" lon="-105.383854">
				<ele>2660.607114</ele>
				<time>2021-11-29T22:23:39Z</time>
			</trkpt>
			<trkpt lat="39.091898" lon="-105.383978">
				<ele>2660.50126</ele>
				<time>2021-11-29T22:23:43Z</time>
			</trkpt>
			<trkpt lat="39.091973" lon="-105.384072">
				<ele>2660.398276</ele>
				<time>2021-11-29T22:23:47Z</time>
			</trkpt>
			<trkpt lat="39.092064" lon="-105.384124">
				<ele>2660.300295</ele>
				<time>2021-11-29T22:23:50Z</time>
			</trkpt>
			<trkpt lat="39.092571" lon="-105.38422">
				<ele>2659.795917</ele>
				<time>2021-11-29T22:24:07Z</time>
			</trkpt>
			<trkpt lat="39.092713" lon="-105.384279">
				<ele>2659.591898</ele>
				<time>2021-11-29T22:24:11Z</time>
			</trkpt>
			<trkpt lat="39.092804" lon="-105.384358">
				<ele>2659.325198</ele>
				<time>2021-11-29T22:24:15Z</time>
			</trkpt>
			<trkpt lat="39.092856" lon="-105.384469">
				<ele>2659.080619</ele>
				<time>2021-11-29T22:24:18Z</time>
			</trkpt>
			<trkpt lat="39.092873" lon="-105.384593">
				<ele>2658.843083</ele>
				<time>2021-11-29T22:24:21Z</time>
			</trkpt>
			<trkpt lat="39.092837" lon="-105.384732">
				<ele>2658.566658</ele>
				<time>2021-11-29T22:24:25Z</time>
			</trkpt>
			<trkpt lat="39.09276" lon="-105.384897">
				<ele>2658.203468</ele>
				<time>2021-11-29T22:24:29Z</time>
			</trkpt>
			<trkpt lat="39.092214" lon="-105.385838">
				<ele>2655.987123</ele>
				<time>2021-11-29T22:24:59Z</time>
			</trkpt>
			<trkpt lat="39.092186" lon="-105.386016">
				<ele>2655.644513</ele>
				<time>2021-11-29T22:25:03Z</time>
			</trkpt>
			<trkpt lat="39.092207" lon="-105.386184">
				<ele>2655.323509</ele>
				<time>2021-11-29T22:25:07Z</time>
			</trkpt>
			<trkpt lat="39.092279" lon="-105.386346">
				<ele>2654.933774</ele>
				<time>2021-11-29T22:25:12Z</time>
			</trkpt>
			<trkpt lat="39.092394" lon="-105.386467">
				<ele>2654.53359</ele>
				<time>2021-11-29T22:25:16Z</time>
			</trkpt>
			<trkpt lat="39.092533" lon="-105.386549">
				<ele>2654.121537</ele>
				<time>2021-11-29T22:25:21Z</time>
			</trkpt>
			<trkpt lat="39.093127" lon="-105.386759">
				<ele>2652.461342</ele>
				<time>2021-11-29T22:25:41Z</time>
			</trkpt>
			<trkpt lat="39.093274" lon="-105.386846">
				<ele>2652.02533</ele>
				<time>2021-11-29T22:25:46Z</time>
			</trkpt>
			<trkpt lat="39.093488" lon="-105.387089">
				<ele>2651.256503</ele>
				<time>2021-11-29T22:25:55Z</time>
			</trkpt>
			<trkpt lat="39.093562" lon="-105.387249">
				<ele>2650.866879</ele>
				<time>2021-11-29T22:26:00Z</time>
			</trkpt>
			<trkpt lat="39.093619" lon="-105.387449">
				<ele>2650.410719</ele>
				<time>2021-11-29T22:26:05Z</time>
			</trkpt>
			<trkpt lat="39.093638" lon="-105.387609">
				<ele>2649.996999</ele>
				<time>2021-11-29T22:26:09Z</time>
			</trkpt>
			<trkpt lat="39.09361" lon="-105.387787">
				<ele>2649.532779</ele>
				<time>2021-11-29T22:26:13Z</time>
			</trkpt>
			<trkpt lat="39.093099" lon="-105.389392">
				<ele>2645.098613</ele>
				<time>2021-11-29T22:26:53Z</time>
			</trkpt>
			<trkpt lat="39.093028" lon="-105.389675">
				<ele>2644.640944</ele>
				<time>2021-11-29T22:27:00Z</time>
			</trkpt>
			<trkpt lat="39.092998" lon="-105.389884">
				<ele>2644.893827</ele>
				<time>2021-11-29T22:27:06Z</time>
			</trkpt>
			<trkpt lat="39.093015" lon="-105.390092">
				<ele>2645.14267</ele>
				<time>2021-11-29T22:27:12Z</time>
			</trkpt>
			<trkpt lat="39.093065" lon="-105.39028">
				<ele>2645.379119</ele>
				<time>2021-11-29T22:27:17Z</time>
			</trkpt>
			<trkpt lat="39.093135" lon="-105.39043">
				<ele>2645.587363</ele>
				<time>2021-11-29T22:27:23Z</time>
			</trkpt>
			<trkpt lat="39.093352" lon="-105.390659">
				<ele>2646.017358</ele>
				<time>2021-11-29T22:27:35Z</time>
			</trkpt>
			<trkpt lat="39.09352" lon="-105.390779">
				<ele>2646.311827</ele>
				<time>2021-11-29T22:27:44Z</time>
			</trkpt>
			<trkpt lat="39.094074" lon="-105.391068">
				<ele>2647.228067</ele>
				<time>2021-11-29T22:28:17Z</time>
			</trkpt>
			<trkpt lat="39.094737" lon="-105.391341">
				<ele>2651.194837</ele>
				<time>2021-11-29T22:29:04Z</time>
			</trkpt>
			<trkpt lat="39.09511" lon="-105.391473">
				<ele>2653.519551</ele>
				<time>2021-11-29T22:29:31Z</time>
			</trkpt>
			<trkpt lat="39.095615" lon="-105.391516">
				<ele>2656.561181</ele>
				<time>2021-11-29T22:30:06Z</time>
			</trkpt>
			<trkpt lat="39.096314" lon="-105.391546">
				<ele>2660.951618</ele>
				<time>2021-11-29T22:30:55Z</time>
			</trkpt>
			<trkpt lat="39.096689" lon="-105.391614">
				<ele>2663.388139</ele>
				<time>2021-11-29T22:31:21Z</time>
			</trkpt>
			<trkpt lat="39.096994" lon="-105.391795">
				<ele>2665.548629</ele>
				<time>2021-11-29T22:31:44Z</time>
			</trkpt>
			<trkpt lat="39.098176" lon="-105.392639">
				<ele>2674.122145</ele>
				<time>2021-11-29T22:33:17Z</time>
			</trkpt>
			<trkpt lat="39.098354" lon="-105.39275">
				<ele>2675.360669</ele>
				<time>2021-11-29T22:33:31Z</time>
			</trkpt>
			<trkpt lat="39.098628" lon="-105.392835">
				<ele>2677.125793</ele>
				<time>2021-11-29T22:33:50Z</time>
			</trkpt>
			<trkpt lat="39.100411" lon="-105.392398">
				<ele>2686.875366</ele>
				<time>2021-11-29T22:35:53Z</time>
			</trkpt>
			<trkpt lat="39.1024" lon="-105.391983">
				<ele>2692.047063</ele>
				<time>2021-11-29T22:37:36Z</time>
			</trkpt>
			<trkpt lat="39.102513" lon="-105.391992">
				<ele>2692.226232</ele>
				<time>2021-11-29T22:37:40Z</time>
			</trkpt>
			<trkpt lat="39.102716" lon="-105.392122">
				<ele>2692.584972</ele>
				<time>2021-11-29T22:37:48Z</time>
			</trkpt>
			<trkpt lat="39.104001" lon="-105.393344">
				<ele>2687.278649</ele>
				<time>2021-11-29T22:38:36Z</time>
			</trkpt>
			<trkpt lat="39.104112" lon="-105.393477">
				<ele>2686.756914</ele>
				<time>2021-11-29T22:38:40Z</time>
			</trkpt>
			<trkpt lat="39.104176" lon="-105.39361">
				<ele>2686.261425</ele>
				<time>2021-11-29T22:38:44Z</time>
			</trkpt>
			<trkpt lat="39.10422" lon="-105.393822">
				<ele>2685.279961</ele>
				<time>2021-11-29T22:38:49Z</time>
			</trkpt>
			<trkpt lat="39.104229" lon="-105.394039">
				<ele>2684.308076</ele>
				<time>2021-11-29T22:38:54Z</time>
			</trkpt>
			<trkpt lat="39.104211" lon="-105.394266">
				<ele>2683.287567</ele>
				<time>2021-11-29T22:38:59Z</time>
			</trkpt>
			<trkpt lat="39.104101" lon="-105.394602">
				<ele>2681.6566</ele>
				<time>2021-11-29T22:39:06Z</time>
			</trkpt>
			<trkpt lat="39.104001" lon="-105.394709">
				<ele>2680.907492</ele>
				<time>2021-11-29T22:39:10Z</time>
			</trkpt>
			<trkpt lat="39.103005" lon="-105.395249">
				<ele>2674.699474</ele>
				<time>2021-11-29T22:39:40Z</time>
			</trkpt>
			<trkpt lat="39.102627" lon="-105.395411">
				<ele>2672.435614</ele>
				<time>2021-11-29T22:39:51Z</time>
			</trkpt>
			<trkpt lat="39.101187" lon="-105.395822">
				<ele>2664.095987</ele>
				<time>2021-11-29T22:40:33Z</time>
			</trkpt>
			<trkpt lat="39.100762" lon="-105.395972">
				<ele>2661.650099</ele>
				<time>2021-11-29T22:40:46Z</time>
			</trkpt>
			<trkpt lat="39.099201" lon="-105.39673">
				<ele>2651.769492</ele>
				<time>2021-11-29T22:41:33Z</time>
			</trkpt>
			<trkpt lat="39.099085" lon="-105.396754">
				<ele>2651.001329</ele>
				<time>2021-11-29T22:41:36Z</time>
			</trkpt>
			<trkpt lat="39.098366" lon="-105.39678">
				<ele>2646.298403</ele>
				<time>2021-11-29T22:41:56Z</time>
			</trkpt>
			<trkpt lat="39.098253" lon="-105.396827">
				<ele>2645.522033</ele>
				<time>2021-11-29T22:41:59Z</time>
			</trkpt>
			<trkpt lat="39.097552" lon="-105.397306">
				<ele>2642.423934</ele>
				<time>2021-11-29T22:42:21Z</time>
			</trkpt>
			<trkpt lat="39.096943" lon="-105.397587">
				<ele>2640.527828</ele>
				<time>2021-11-29T22:42:41Z</time>
			</trkpt>
			<trkpt lat="39.096847" lon="-105.397679">
				<ele>2640.177136</ele>
				<time>2021-11-29T22:42:45Z</time>
			</trkpt>
			<trkpt lat="39.096641" lon="-105.398005">
				<ele>2639.220796</ele>
				<time>2021-11-29T22:42:56Z</time>
			</trkpt>
			<trkpt lat="39.096269" lon="-105.398834">
				<ele>2639.770439</ele>
				<time>2021-11-29T22:43:32Z</time>
			</trkpt>
			<trkpt lat="39.096045" lon="-105.399216">
				<ele>2640.325054</ele>
				<time>2021-11-29T22:43:53Z</time>
			</trkpt>
			<trkpt lat="39.095732" lon="-105.399513">
				<ele>2640.905251</ele>
				<time>2021-11-29T22:44:13Z</time>
			</trkpt>
			<trkpt lat="39.09508" lon="-105.400041">
				<ele>2639.441914</ele>
				<time>2021-11-29T22:44:41Z</time>
			</trkpt>
			<trkpt lat="39.09487" lon="-105.400283">
				<ele>2637.749616</ele>
				<time>2021-11-29T22:44:50Z</time>
			</trkpt>
			<trkpt lat="39.0946" lon="-105.400663">
				<ele>2635.347862</ele>
				<time>2021-11-29T22:45:01Z</time>
			</trkpt>
			<trkpt lat="39.09435" lon="-105.401101">
				<ele>2632.813242</ele>
				<time>2021-11-29T22:45:12Z</time>
			</trkpt>
			<trkpt lat="39.094258" lon="-105.401252">
				<ele>2631.918305</ele>
				<time>2021-11-29T22:45:16Z</time>
			</trkpt>
			<trkpt lat="39.094047" lon="-105.401496">
				<ele>2629.743236</ele>
				<time>2021-11-29T22:45:23Z</time>
			</trkpt>
			<trkpt lat="39.093685" lon="-105.40174">
				<ele>2625.041901</ele>
				<time>2021-11-29T22:45:33Z</time>
			</trkpt>
			<trkpt lat="39.093187" lon="-105.402009">
				<ele>2618.827875</ele>
				<time>2021-11-29T22:45:47Z</time>
			</trkpt>
			<trkpt lat="39.092391" lon="-105.402303">
				<ele>2609.533321</ele>
				<time>2021-11-29T22:46:07Z</time>
			</trkpt>
			<trkpt lat="39.092007" lon="-105.402479">
				<ele>2606.34165</ele>
				<time>2021-11-29T22:46:18Z</time>
			</trkpt>
			<trkpt lat="39.091845" lon="-105.40262">
				<ele>2604.810707</ele>
				<time>2021-11-29T22:46:23Z</time>
			</trkpt>
			<trkpt lat="39.091569" lon="-105.402932">
				<ele>2601.935412</ele>
				<time>2021-11-29T22:46:34Z</time>
			</trkpt>
			<trkpt lat="39.091412" lon="-105.403036">
				<ele>2600.552982</ele>
				<time>2021-11-29T22:46:38Z</time>
			</trkpt>
			<trkpt lat="39.090771" lon="-105.403149">
				<ele>2595.466352</ele>
				<time>2021-11-29T22:46:56Z</time>
			</trkpt>
			<trkpt lat="39.090489" lon="-105.403319">
				<ele>2592.921239</ele>
				<time>2021-11-29T22:47:05Z</time>
			</trkpt>
			<trkpt lat="39.090152" lon="-105.403641">
				<ele>2589.491486</ele>
				<time>2021-11-29T22:47:16Z</time>
			</trkpt>
			<trkpt lat="39.090069" lon="-105.403763">
				<ele>2588.462148</ele>
				<time>2021-11-29T22:47:19Z</time>
			</trkpt>
			<trkpt lat="39.089782" lon="-105.40439">
				<ele>2583.84366</ele>
				<time>2021-11-29T22:47:34Z</time>
			</trkpt>
			<trkpt lat="39.089661" lon="-105.404562">
				<ele>2582.370788</ele>
				<time>2021-11-29T22:47:39Z</time>
			</trkpt>
			<trkpt lat="39.089463" lon="-105.404743">
				<ele>2580.33799</ele>
				<time>2021-11-29T22:47:45Z</time>
			</trkpt>
			<trkpt lat="39.088144" lon="-105.405734">
				<ele>2567.155243</ele>
				<time>2021-11-29T22:48:25Z</time>
			</trkpt>
			<trkpt lat="39.087714" lon="-105.406078">
				<ele>2563.965096</ele>
				<time>2021-11-29T22:48:39Z</time>
			</trkpt>
			<trkpt lat="39.087496" lon="-105.406205">
				<ele>2562.731219</ele>
				<time>2021-11-29T22:48:46Z</time>
			</trkpt>
			<trkpt lat="39.087284" lon="-105.406261">
				<ele>2561.615139</ele>
				<time>2021-11-29T22:48:52Z</time>
			</trkpt>
			<trkpt lat="39.087022" lon="-105.406264">
				<ele>2560.263887</ele>
				<time>2021-11-29T22:49:00Z</time>
			</trkpt>
			<trkpt lat="39.086935" lon="-105.406305">
				<ele>2559.786131</ele>
				<time>2021-11-29T22:49:03Z</time>
			</trkpt>
			<trkpt lat="39.086094" lon="-105.40727">
				<ele>2554.05878</ele>
				<time>2021-11-29T22:49:36Z</time>
			</trkpt>
			<trkpt lat="39.085352" lon="-105.407911">
				<ele>2549.602563</ele>
				<time>2021-11-29T22:50:01Z</time>
			</trkpt>
			<trkpt lat="39.083906" lon="-105.409282">
				<ele>2540.934778</ele>
				<time>2021-11-29T22:50:53Z</time>
			</trkpt>
			<trkpt lat="39.08373" lon="-105.409527">
				<ele>2539.696803</ele>
				<time>2021-11-29T22:51:00Z</time>
			</trkpt>
			<trkpt lat="39.083465" lon="-105.410223">
				<ele>2537.67378</ele>
				<time>2021-11-29T22:51:19Z</time>
			</trkpt>
			<trkpt lat="39.083283" lon="-105.410418">
				<ele>2537.01226</ele>
				<time>2021-11-29T22:51:26Z</time>
			</trkpt>
			<trkpt lat="39.082848" lon="-105.410697">
				<ele>2535.654305</ele>
				<time>2021-11-29T22:51:41Z</time>
			</trkpt>
			<trkpt lat="39.082718" lon="-105.410809">
				<ele>2535.217261</ele>
				<time>2021-11-29T22:51:46Z</time>
			</trkpt>
			<trkpt lat="39.082582" lon="-105.411025">
				<ele>2534.613947</ele>
				<time>2021-11-29T22:51:53Z</time>
			</trkpt>
			<trkpt lat="39.082536" lon="-105.411174">
				<ele>2534.266105</ele>
				<time>2021-11-29T22:51:57Z</time>
			</trkpt>
			<trkpt lat="39.082523" lon="-105.411348">
				<ele>2533.886913</ele>
				<time>2021-11-29T22:52:02Z</time>
			</trkpt>
			<trkpt lat="39.082619" lon="-105.412568">
				<ele>2531.107882</ele>
				<time>2021-11-29T22:52:33Z</time>
			</trkpt>
			<trkpt lat="39.08262" lon="-105.412892">
				<ele>2530.373134</ele>
				<time>2021-11-29T22:52:40Z</time>
			</trkpt>
			<trkpt lat="39.082303" lon="-105.414562">
				<ele>2525.128381</ele>
				<time>2021-11-29T22:53:20Z</time>
			</trkpt>
			<trkpt lat="39.082089" lon="-105.415004">
				<ele>2523.19657</ele>
				<time>2021-11-29T22:53:32Z</time>
			</trkpt>
			<trkpt lat="39.081991" lon="-105.41515">
				<ele>2522.480792</ele>
				<time>2021-11-29T22:53:36Z</time>
			</trkpt>
			<trkpt lat="39.081913" lon="-105.415219">
				<ele>2522.028762</ele>
				<time>2021-11-29T22:53:39Z</time>
			</trkpt>
			<trkpt lat="39.081734" lon="-105.415311">
				<ele>2521.108067</ele>
				<time>2021-11-29T22:53:44Z</time>
			</trkpt>
			<trkpt lat="39.080827" lon="-105.41547">
				<ele>2517.458747</ele>
				<time>2021-11-29T22:54:10Z</time>
			</trkpt>
			<trkpt lat="39.080507" lon="-105.415623">
				<ele>2516.189477</ele>
				<time>2021-11-29T22:54:21Z</time>
			</trkpt>
			<trkpt lat="39.080202" lon="-105.415815">
				<ele>2514.927129</ele>
				<time>2021-11-29T22:54:31Z</time>
			</trkpt>
			<trkpt lat="39.080029" lon="-105.415932">
				<ele>2514.200546</ele>
				<time>2021-11-29T22:54:35Z</time>
			</trkpt>
			<trkpt lat="39.079897" lon="-105.416099">
				<ele>2513.512557</ele>
				<time>2021-11-29T22:54:38Z</time>
			</trkpt>
			<trkpt lat="39.07957" lon="-105.415844">
				<ele>2513.052263</ele>
				<time>2021-11-29T22:54:45Z</time>
			</trkpt>
			<trkpt lat="39.079298" lon="-105.415692">
				<ele>2512.817668</ele>
				<time>2021-11-29T22:54:51Z</time>
			</trkpt>
			<trkpt lat="39.077814" lon="-105.415047">
				<ele>2511.947316</ele>
				<time>2021-11-29T22:55:25Z</time>
			</trkpt>
			<trkpt lat="39.07728" lon="-105.414746">
				<ele>2512.034112</ele>
				<time>2021-11-29T22:55:38Z</time>
			</trkpt>
			<trkpt lat="39.076077" lon="-105.413832">
				<ele>2512.390938</ele>
				<time>2021-11-29T22:56:12Z</time>
			</trkpt>
			<trkpt lat="39.075384" lon="-105.413342">
				<ele>2512.713923</ele>
				<time>2021-11-29T22:56:32Z</time>
			</trkpt>
			<trkpt lat="39.073541" lon="-105.412246">
				<ele>2513.045725</ele>
				<time>2021-11-29T22:57:19Z</time>
			</trkpt>
			<trkpt lat="39.071154" lon="-105.410663">
				<ele>2512.724829</ele>
				<time>2021-11-29T22:58:15Z</time>
			</trkpt>
			<trkpt lat="39.07092" lon="-105.410479">
				<ele>2512.964175</ele>
				<time>2021-11-29T22:58:22Z</time>
			</trkpt>
			<trkpt lat="39.070763" lon="-105.410306">
				<ele>2513.144552</ele>
				<time>2021-11-29T22:58:29Z</time>
			</trkpt>
			<trkpt lat="39.070613" lon="-105.410079">
				<ele>2513.346593</ele>
				<time>2021-11-29T22:58:36Z</time>
			</trkpt>
			<trkpt lat="39.069741" lon="-105.408528">
				<ele>2516.016386</ele>
				<time>2021-11-29T22:59:26Z</time>
			</trkpt>
			<trkpt lat="39.06883" lon="-105.40694">
				<ele>2518.760624</ele>
				<time>2021-11-29T23:00:15Z</time>
			</trkpt>
			<trkpt lat="39.068386" lon="-105.406368">
				<ele>2519.692459</ele>
				<time>2021-11-29T23:00:32Z</time>
			</trkpt>
			<trkpt lat="39.066649" lon="-105.404344">
				<ele>2522.8938</ele>
				<time>2021-11-29T23:01:40Z</time>
			</trkpt>
			<trkpt lat="39.066435" lon="-105.404054">
				<ele>2523.280077</ele>
				<time>2021-11-29T23:01:49Z</time>
			</trkpt>
			<trkpt lat="39.060974" lon="-105.395689">
				<ele>2533.547981</ele>
				<time>2021-11-29T23:05:50Z</time>
			</trkpt>
			<trkpt lat="39.060649" lon="-105.395238">
				<ele>2533.41538</ele>
				<time>2021-11-29T23:06:01Z</time>
			</trkpt>
			<trkpt lat="39.060296" lon="-105.394805">
				<ele>2533.270715</ele>
				<time>2021-11-29T23:06:11Z</time>
			</trkpt>
			<trkpt lat="39.059678" lon="-105.394155">
				<ele>2533.033935</ele>
				<time>2021-11-29T23:06:28Z</time>
			</trkpt>
			<trkpt lat="39.059071" lon="-105.393443">
				<ele>2531.711539</ele>
				<time>2021-11-29T23:06:44Z</time>
			</trkpt>
			<trkpt lat="39.058684" lon="-105.392892">
				<ele>2530.741365</ele>
				<time>2021-11-29T23:06:54Z</time>
			</trkpt>
			<trkpt lat="39.058452" lon="-105.39253">
				<ele>2530.128448</ele>
				<time>2021-11-29T23:07:01Z</time>
			</trkpt>
			<trkpt lat="39.057729" lon="-105.391178">
				<ele>2526.900731</ele>
				<time>2021-11-29T23:07:24Z</time>
			</trkpt>
			<trkpt lat="39.057607" lon="-105.390988">
				<ele>2526.405308</ele>
				<time>2021-11-29T23:07:27Z</time>
			</trkpt>
			<trkpt lat="39.057308" lon="-105.390645">
				<ele>2525.369087</ele>
				<time>2021-11-29T23:07:34Z</time>
			</trkpt>
			<trkpt lat="39.057028" lon="-105.390407">
				<ele>2524.584215</ele>
				<time>2021-11-29T23:07:40Z</time>
			</trkpt>
			<trkpt lat="39.056553" lon="-105.390066">
				<ele>2523.316288</ele>
				<time>2021-11-29T23:07:50Z</time>
			</trkpt>
			<trkpt lat="39.056306" lon="-105.389882">
				<ele>2522.650993</ele>
				<time>2021-11-29T23:07:55Z</time>
			</trkpt>
			<trkpt lat="39.055627" lon="-105.389366">
				<ele>2520.763987</ele>
				<time>2021-11-29T23:08:09Z</time>
			</trkpt>
			<trkpt lat="39.055088" lon="-105.388927">
				<ele>2519.060918</ele>
				<time>2021-11-29T23:08:21Z</time>
			</trkpt>
			<trkpt lat="39.054843" lon="-105.388727">
				<ele>2518.28629</ele>
				<time>2021-11-29T23:08:26Z</time>
			</trkpt>
			<trkpt lat="39.054475" lon="-105.388459">
				<ele>2517.157319</ele>
				<time>2021-11-29T23:08:33Z</time>
			</trkpt>
			<trkpt lat="39.053909" lon="-105.388152">
				<ele>2515.160638</ele>
				<time>2021-11-29T23:08:43Z</time>
			</trkpt>
			<trkpt lat="39.053029" lon="-105.387768">
				<ele>2511.611048</ele>
				<time>2021-11-29T23:08:59Z</time>
			</trkpt>
			<trkpt lat="39.052034" lon="-105.387363">
				<ele>2507.765304</ele>
				<time>2021-11-29T23:09:16Z</time>
			</trkpt>
			<trkpt lat="39.0515" lon="-105.387203">
				<ele>2505.830204</ele>
				<time>2021-11-29T23:09:25Z</time>
			</trkpt>
			<trkpt lat="39.051259" lon="-105.387164">
				<ele>2504.972905</ele>
				<time>2021-11-29T23:09:29Z</time>
			</trkpt>
			<trkpt lat="39.05082" lon="-105.387195">
				<ele>2503.421127</ele>
				<time>2021-11-29T23:09:37Z</time>
			</trkpt>
			<trkpt lat="39.050267" lon="-105.3874">
				<ele>2501.786208</ele>
				<time>2021-11-29T23:09:47Z</time>
			</trkpt>
			<trkpt lat="39.049339" lon="-105.387862">
				<ele>2499.075987</ele>
				<time>2021-11-29T23:10:04Z</time>
			</trkpt>
			<trkpt lat="39.047965" lon="-105.388421">
				<ele>2495.678857</ele>
				<time>2021-11-29T23:10:30Z</time>
			</trkpt>
			<trkpt lat="39.046249" lon="-105.389205">
				<ele>2491.540333</ele>
				<time>2021-11-29T23:11:03Z</time>
			</trkpt>
			<trkpt lat="39.045711" lon="-105.389409">
				<ele>2490.2602</ele>
				<time>2021-11-29T23:11:13Z</time>
			</trkpt>
			<trkpt lat="39.044828" lon="-105.389642">
				<ele>2488.079206</ele>
				<time>2021-11-29T23:11:29Z</time>
			</trkpt>
			<trkpt lat="39.044256" lon="-105.389724">
				<ele>2486.678204</ele>
				<time>2021-11-29T23:11:39Z</time>
			</trkpt>
			<trkpt lat="39.044023" lon="-105.389719">
				<ele>2486.110941</ele>
				<time>2021-11-29T23:11:44Z</time>
			</trkpt>
			<trkpt lat="39.043353" lon="-105.389629">
				<ele>2484.653204</ele>
				<time>2021-11-29T23:11:56Z</time>
			</trkpt>
			<trkpt lat="39.042953" lon="-105.389463">
				<ele>2483.783708</ele>
				<time>2021-11-29T23:12:04Z</time>
			</trkpt>
			<trkpt lat="39.040803" lon="-105.387969">
				<ele>2478.932625</ele>
				<time>2021-11-29T23:12:48Z</time>
			</trkpt>
			<trkpt lat="39.036981" lon="-105.385353">
				<ele>2473.083274</ele>
				<time>2021-11-29T23:14:12Z</time>
			</trkpt>
			<trkpt lat="39.036514" lon="-105.384982">
				<ele>2472.529302</ele>
				<time>2021-11-29T23:14:23Z</time>
			</trkpt>
			<trkpt lat="39.036282" lon="-105.384698">
				<ele>2472.206124</ele>
				<time>2021-11-29T23:14:29Z</time>
			</trkpt>
			<trkpt lat="39.035198" lon="-105.383231">
				<ele>2469.968125</ele>
				<time>2021-11-29T23:15:01Z</time>
			</trkpt>
			<trkpt lat="39.033885" lon="-105.381418">
				<ele>2465.166342</ele>
				<time>2021-11-29T23:15:35Z</time>
			</trkpt>
			<trkpt lat="39.033552" lon="-105.381089">
				<ele>2463.919585</ele>
				<time>2021-11-29T23:15:42Z</time>
			</trkpt>
			<trkpt lat="39.033253" lon="-105.380944">
				<ele>2462.923802</ele>
				<time>2021-11-29T23:15:47Z</time>
			</trkpt>
			<trkpt lat="39.033018" lon="-105.380896">
				<ele>2462.163078</ele>
				<time>2021-11-29T23:15:51Z</time>
			</trkpt>
			<trkpt lat="39.032201" lon="-105.380817">
				<ele>2459.543662</ele>
				<time>2021-11-29T23:16:05Z</time>
			</trkpt>
			<trkpt lat="39.030947" lon="-105.380609">
				<ele>2456.27423</ele>
				<time>2021-11-29T23:16:27Z</time>
			</trkpt>
			<trkpt lat="39.030686" lon="-105.380545">
				<ele>2455.706438</ele>
				<time>2021-11-29T23:16:32Z</time>
			</trkpt>
			<trkpt lat="39.030202" lon="-105.380347">
				<ele>2454.621146</ele>
				<time>2021-11-29T23:16:42Z</time>
			</trkpt>
			<trkpt lat="39.029935" lon="-105.380208">
				<ele>2454.005667</ele>
				<time>2021-11-29T23:16:47Z</time>
			</trkpt>
			<trkpt lat="39.029289" lon="-105.379761">
				<ele>2452.421136</ele>
				<time>2021-11-29T23:17:00Z</time>
			</trkpt>
			<trkpt lat="39.02656" lon="-105.377661">
				<ele>2445.290856</ele>
				<time>2021-11-29T23:17:57Z</time>
			</trkpt>
			<trkpt lat="39.026381" lon="-105.37755">
				<ele>2444.869358</ele>
				<time>2021-11-29T23:18:01Z</time>
			</trkpt>
			<trkpt lat="39.025793" lon="-105.377285">
				<ele>2443.547726</ele>
				<time>2021-11-29T23:18:12Z</time>
			</trkpt>
			<trkpt lat="39.024898" lon="-105.37697">
				<ele>2441.594363</ele>
				<time>2021-11-29T23:18:29Z</time>
			</trkpt>
			<trkpt lat="39.021735" lon="-105.376409">
				<ele>2435.436072</ele>
				<time>2021-11-29T23:19:28Z</time>
			</trkpt>
			<trkpt lat="39.019775" lon="-105.376037">
				<ele>2434.029637</ele>
				<time>2021-11-29T23:20:09Z</time>
			</trkpt>
			<trkpt lat="39.019375" lon="-105.375885">
				<ele>2433.756572</ele>
				<time>2021-11-29T23:20:18Z</time>
			</trkpt>
			<trkpt lat="39.018441" lon="-105.37541">
				<ele>2433.099055</ele>
				<time>2021-11-29T23:20:39Z</time>
			</trkpt>
			<trkpt lat="39.014503" lon="-105.373452">
				<ele>2428.090901</ele>
				<time>2021-11-29T23:22:02Z</time>
			</trkpt>
			<trkpt lat="39.011082" lon="-105.372012">
				<ele>2419.278732</ele>
				<time>2021-11-29T23:23:05Z</time>
			</trkpt>
			<trkpt lat="39.009568" lon="-105.371401">
				<ele>2416.231179</ele>
				<time>2021-11-29T23:23:35Z</time>
			</trkpt>
			<trkpt lat="39.009272" lon="-105.371322">
				<ele>2415.994614</ele>
				<time>2021-11-29T23:23:41Z</time>
			</trkpt>
			<trkpt lat="39.009042" lon="-105.371298">
				<ele>2415.814036</ele>
				<time>2021-11-29T23:23:45Z</time>
			</trkpt>
			<trkpt lat="39.008855" lon="-105.371289">
				<ele>2415.667597</ele>
				<time>2021-11-29T23:23:49Z</time>
			</trkpt>
			<trkpt lat="39.008475" lon="-105.37136">
				<ele>2415.367109</ele>
				<time>2021-11-29T23:23:57Z</time>
			</trkpt>
			<trkpt lat="39.007145" lon="-105.371908">
				<ele>2415.00019</ele>
				<time>2021-11-29T23:24:27Z</time>
			</trkpt>
			<trkpt lat="39.006591" lon="-105.372028">
				<ele>2415.086258</ele>
				<time>2021-11-29T23:24:40Z</time>
			</trkpt>
			<trkpt lat="39.005286" lon="-105.372043">
				<ele>2415.508068</ele>
				<time>2021-11-29T23:25:13Z</time>
			</trkpt>
			<trkpt lat="39.004817" lon="-105.37195">
				<ele>2415.705521</ele>
				<time>2021-11-29T23:25:24Z</time>
			</trkpt>
			<trkpt lat="39.004098" lon="-105.371678">
				<ele>2415.907259</ele>
				<time>2021-11-29T23:25:42Z</time>
			</trkpt>
			<trkpt lat="39.003918" lon="-105.371575">
				<ele>2415.908687</ele>
				<time>2021-11-29T23:25:47Z</time>
			</trkpt>
			<trkpt lat="39.003643" lon="-105.371313">
				<ele>2415.911166</ele>
				<time>2021-11-29T23:25:55Z</time>
			</trkpt>
			<trkpt lat="39.002505" lon="-105.36995">
				<ele>2415.850912</ele>
				<time>2021-11-29T23:26:29Z</time>
			</trkpt>
			<trkpt lat="39.001772" lon="-105.369216">
				<ele>2415.739958</ele>
				<time>2021-11-29T23:26:49Z</time>
			</trkpt>
			<trkpt lat="39.000029" lon="-105.367555">
				<ele>2414.642074</ele>
				<time>2021-11-29T23:27:35Z</time>
			</trkpt>
			<trkpt lat="38.999795" lon="-105.367294">
				<ele>2414.301894</ele>
				<time>2021-11-29T23:27:41Z</time>
			</trkpt>
			<trkpt lat="38.999433" lon="-105.366807">
				<ele>2413.72658</ele>
				<time>2021-11-29T23:27:51Z</time>
			</trkpt>
			<trkpt lat="38.99899" lon="-105.366274">
				<ele>2413.060344</ele>
				<time>2021-11-29T23:28:03Z</time>
			</trkpt>
			<trkpt lat="38.998841" lon="-105.366138">
				<ele>2412.859668</ele>
				<time>2021-11-29T23:28:06Z</time>
			</trkpt>
			<trkpt lat="38.998703" lon="-105.366056">
				<ele>2412.738757</ele>
				<time>2021-11-29T23:28:09Z</time>
			</trkpt>
			<trkpt lat="38.998565" lon="-105.366013">
				<ele>2412.743016</ele>
				<time>2021-11-29T23:28:12Z</time>
			</trkpt>
			<trkpt lat="38.998245" lon="-105.366006">
				<ele>2412.752616</ele>
				<time>2021-11-29T23:28:19Z</time>
			</trkpt>
			<trkpt lat="38.998081" lon="-105.366052">
				<ele>2412.757651</ele>
				<time>2021-11-29T23:28:23Z</time>
			</trkpt>
			<trkpt lat="38.997871" lon="-105.366138">
				<ele>2412.764262</ele>
				<time>2021-11-29T23:28:28Z</time>
			</trkpt>
			<trkpt lat="38.997519" lon="-105.366343">
				<ele>2412.775852</ele>
				<time>2021-11-29T23:28:37Z</time>
			</trkpt>
			<trkpt lat="38.997149" lon="-105.366679">
				<ele>2412.789436</ele>
				<time>2021-11-29T23:28:49Z</time>
			</trkpt>
			<trkpt lat="38.996414" lon="-105.367465">
				<ele>2413.406062</ele>
				<time>2021-11-29T23:29:13Z</time>
			</trkpt>
			<trkpt lat="38.996133" lon="-105.367716">
				<ele>2413.64297</ele>
				<time>2021-11-29T23:29:21Z</time>
			</trkpt>
			<trkpt lat="38.995427" lon="-105.368272">
				<ele>2414.291545</ele>
				<time>2021-11-29T23:29:43Z</time>
			</trkpt>
			<trkpt lat="38.994726" lon="-105.368742">
				<ele>2415.069216</ele>
				<time>2021-11-29T23:30:06Z</time>
			</trkpt>
			<trkpt lat="38.994534" lon="-105.36894">
				<ele>2415.311292</ele>
				<time>2021-11-29T23:30:12Z</time>
			</trkpt>
			<trkpt lat="38.994216" lon="-105.369479">
				<ele>2415.811855</ele>
				<time>2021-11-29T23:30:26Z</time>
			</trkpt>
			<trkpt lat="38.993726" lon="-105.369064">
				<ele>2415.947175</ele>
				<time>2021-11-29T23:30:42Z</time>
			</trkpt>
			<trkpt lat="38.992648" lon="-105.368152">
				<ele>2416.220386</ele>
				<time>2021-11-29T23:31:11Z</time>
			</trkpt>
			<trkpt lat="38.989197" lon="-105.365269">
				<ele>2416.374173</ele>
				<time>2021-11-29T23:32:47Z</time>
			</trkpt>
			<trkpt lat="38.988744" lon="-105.366185">
				<ele>2416.594154</ele>
				<time>2021-11-29T23:33:09Z</time>
			</trkpt>
			<trkpt lat="38.987584" lon="-105.365591">
				<ele>2416.593688</ele>
				<time>2021-11-29T23:33:38Z</time>
			</trkpt>
			<trkpt lat="38.98737" lon="-105.365438">
				<ele>2416.569983</ele>
				<time>2021-11-29T23:33:43Z</time>
			</trkpt>
			<trkpt lat="38.987237" lon="-105.365253">
				<ele>2416.551017</ele>
				<time>2021-11-29T23:33:48Z</time>
			</trkpt>
			<trkpt lat="38.987" lon="-105.364682">
				<ele>2416.578458</ele>
				<time>2021-11-29T23:33:59Z</time>
			</trkpt>
			<trkpt lat="38.986706" lon="-105.363914">
				<ele>2417.405123</ele>
				<time>2021-11-29T23:34:16Z</time>
			</trkpt>
			<trkpt lat="38.986552" lon="-105.363628">
				<ele>2417.741088</ele>
				<time>2021-11-29T23:34:23Z</time>
			</trkpt>
			<trkpt lat="38.986504" lon="-105.36354">
				<ele>2417.844898</ele>
				<time>2021-11-29T23:34:26Z</time>
			</trkpt>
			<trkpt lat="38.986329" lon="-105.363286">
				<ele>2418.172652</ele>
				<time>2021-11-29T23:34:34Z</time>
			</trkpt>
			<trkpt lat="38.986042" lon="-105.362891">
				<ele>2418.694771</ele>
				<time>2021-11-29T23:34:49Z</time>
			</trkpt>
			<trkpt lat="38.98583" lon="-105.362648">
				<ele>2419.59662</ele>
				<time>2021-11-29T23:35:00Z</time>
			</trkpt>
			<trkpt lat="38.985613" lon="-105.362462">
				<ele>2420.503292</ele>
				<time>2021-11-29T23:35:10Z</time>
			</trkpt>
			<trkpt lat="38.985446" lon="-105.362358">
				<ele>2421.14843</ele>
				<time>2021-11-29T23:35:18Z</time>
			</trkpt>
			<trkpt lat="38.985487" lon="-105.362321">
				<ele>2421.32257</ele>
				<time>2021-11-29T23:35:20Z</time>
			</trkpt>
			<trkpt lat="38.985559" lon="-105.362173">
				<ele>2421.794468</ele>
				<time>2021-11-29T23:35:27Z</time>
			</trkpt>
			<trkpt lat="38.983385" lon="-105.360269">
				<ele>2430.963795</ele>
				<time>2021-11-29T23:37:14Z</time>
			</trkpt>
			<trkpt lat="38.982781" lon="-105.359736">
				<ele>2432.479244</ele>
				<time>2021-11-29T23:37:40Z</time>
			</trkpt>
			<trkpt lat="38.981604" lon="-105.358695">
				<ele>2434.657582</ele>
				<time>2021-11-29T23:38:21Z</time>
			</trkpt>
			<trkpt lat="38.981006" lon="-105.358185">
				<ele>2434.699806</ele>
				<time>2021-11-29T23:38:40Z</time>
			</trkpt>
			<trkpt lat="38.980403" lon="-105.35767">
				<ele>2434.742401</ele>
				<time>2021-11-29T23:38:54Z</time>
			</trkpt>
			<trkpt lat="38.980001" lon="-105.357338">
				<ele>2434.212166</ele>
				<time>2021-11-29T23:39:03Z</time>
			</trkpt>
			<trkpt lat="38.979874" lon="-105.35757">
				<ele>2433.911729</ele>
				<time>2021-11-29T23:39:08Z</time>
			</trkpt>
			<trkpt lat="38.979443" lon="-105.358066">
				<ele>2433.124061</ele>
				<time>2021-11-29T23:39:19Z</time>
			</trkpt>
			<trkpt lat="38.978882" lon="-105.358459">
				<ele>2432.283849</ele>
				<time>2021-11-29T23:39:32Z</time>
			</trkpt>
			<trkpt lat="38.978755" lon="-105.358564">
				<ele>2432.21913</ele>
				<time>2021-11-29T23:39:35Z</time>
			</trkpt>
			<trkpt lat="38.978645" lon="-105.358711">
				<ele>2432.151133</ele>
				<time>2021-11-29T23:39:39Z</time>
			</trkpt>
			<trkpt lat="38.978485" lon="-105.359024">
				<ele>2432.026292</ele>
				<time>2021-11-29T23:39:45Z</time>
			</trkpt>
			<trkpt lat="38.978383" lon="-105.359293">
				<ele>2431.926549</ele>
				<time>2021-11-29T23:39:50Z</time>
			</trkpt>
			<trkpt lat="38.978366" lon="-105.359336">
				<ele>2431.910472</ele>
				<time>2021-11-29T23:39:51Z</time>
			</trkpt>
			<trkpt lat="38.978097" lon="-105.360256">
				<ele>2431.582903</ele>
				<time>2021-11-29T23:40:09Z</time>
			</trkpt>
			<trkpt lat="38.977932" lon="-105.36066">
				<ele>2431.334372</ele>
				<time>2021-11-29T23:40:17Z</time>
			</trkpt>
			<trkpt lat="38.977588" lon="-105.361202">
				<ele>2430.86614</ele>
				<time>2021-11-29T23:40:29Z</time>
			</trkpt>
			<trkpt lat="38.977357" lon="-105.36148">
				<ele>2430.593834</ele>
				<time>2021-11-29T23:40:35Z</time>
			</trkpt>
			<trkpt lat="38.977224" lon="-105.361613">
				<ele>2430.448819</ele>
				<time>2021-11-29T23:40:39Z</time>
			</trkpt>
			<trkpt lat="38.976932" lon="-105.361809">
				<ele>2430.165296</ele>
				<time>2021-11-29T23:40:45Z</time>
			</trkpt>
			<trkpt lat="38.976243" lon="-105.362076">
				<ele>2429.562443</ele>
				<time>2021-11-29T23:41:00Z</time>
			</trkpt>
			<trkpt lat="38.974894" lon="-105.36242">
				<ele>2428.453743</ele>
				<time>2021-11-29T23:41:29Z</time>
			</trkpt>
			<trkpt lat="38.97299" lon="-105.363142">
				<ele>2427.928023</ele>
				<time>2021-11-29T23:42:13Z</time>
			</trkpt>
			<trkpt lat="38.972809" lon="-105.363189">
				<ele>2428.101475</ele>
				<time>2021-11-29T23:42:17Z</time>
			</trkpt>
			<trkpt lat="38.972649" lon="-105.363207">
				<ele>2428.252345</ele>
				<time>2021-11-29T23:42:21Z</time>
			</trkpt>
			<trkpt lat="38.972357" lon="-105.363187">
				<ele>2428.527024</ele>
				<time>2021-11-29T23:42:28Z</time>
			</trkpt>
			<trkpt lat="38.970009" lon="-105.362681">
				<ele>2432.460047</ele>
				<time>2021-11-29T23:43:47Z</time>
			</trkpt>
			<trkpt lat="38.96971" lon="-105.362627">
				<ele>2433.08865</ele>
				<time>2021-11-29T23:44:02Z</time>
			</trkpt>
			<trkpt lat="38.969257" lon="-105.362666">
				<ele>2434.175994</ele>
				<time>2021-11-29T23:44:24Z</time>
			</trkpt>
			<trkpt lat="38.968678" lon="-105.362784">
				<ele>2435.584848</ele>
				<time>2021-11-29T23:44:53Z</time>
			</trkpt>
			<trkpt lat="38.968286" lon="-105.3627">
				<ele>2436.539916</ele>
				<time>2021-11-29T23:45:07Z</time>
			</trkpt>
			<trkpt lat="38.96792" lon="-105.362575">
				<ele>2437.454023</ele>
				<time>2021-11-29T23:45:19Z</time>
			</trkpt>
			<trkpt lat="38.966679" lon="-105.361931">
				<ele>2441.578362</ele>
				<time>2021-11-29T23:46:10Z</time>
			</trkpt>
			<trkpt lat="38.966326" lon="-105.361782">
				<ele>2442.723396</ele>
				<time>2021-11-29T23:46:25Z</time>
			</trkpt>
			<trkpt lat="38.965433" lon="-105.361558">
				<ele>2446.133084</ele>
				<time>2021-11-29T23:47:05Z</time>
			</trkpt>
			<trkpt lat="38.964992" lon="-105.361488">
				<ele>2447.82801</ele>
				<time>2021-11-29T23:47:24Z</time>
			</trkpt>
			<trkpt lat="38.964865" lon="-105.361493">
				<ele>2448.312669</ele>
				<time>2021-11-29T23:47:29Z</time>
			</trkpt>
			<trkpt lat="38.96469" lon="-105.361549">
				<ele>2449.000546</ele>
				<time>2021-11-29T23:47:37Z</time>
			</trkpt>
			<trkpt lat="38.96454" lon="-105.361617">
				<ele>2449.607214</ele>
				<time>2021-11-29T23:47:43Z</time>
			</trkpt>
			<trkpt lat="38.963999" lon="-105.36197">
				<ele>2451.854522</ele>
				<time>2021-11-29T23:48:08Z</time>
			</trkpt>
			<trkpt lat="38.963669" lon="-105.362067">
				<ele>2453.104368</ele>
				<time>2021-11-29T23:48:22Z</time>
			</trkpt>
			<trkpt lat="38.962343" lon="-105.362045">
				<ele>2458.237436</ele>
				<time>2021-11-29T23:49:18Z</time>
			</trkpt>
			<trkpt lat="38.962112" lon="-105.362014">
				<ele>2459.228578</ele>
				<time>2021-11-29T23:49:28Z</time>
			</trkpt>
			<trkpt lat="38.961884" lon="-105.361917">
				<ele>2460.253423</ele>
				<time>2021-11-29T23:49:38Z</time>
			</trkpt>
			<trkpt lat="38.96169" lon="-105.361794">
				<ele>2461.176456</ele>
				<time>2021-11-29T23:49:48Z</time>
			</trkpt>
			<trkpt lat="38.961037" lon="-105.3613">
				<ele>2464.505657</ele>
				<time>2021-11-29T23:50:22Z</time>
			</trkpt>
			<trkpt lat="38.960798" lon="-105.361161">
				<ele>2466.050602</ele>
				<time>2021-11-29T23:50:35Z</time>
			</trkpt>
			<trkpt lat="38.960109" lon="-105.360974">
				<ele>2470.198145</ele>
				<time>2021-11-29T23:51:11Z</time>
			</trkpt>
			<trkpt lat="38.95895" lon="-105.360614">
				<ele>2477.453692</ele>
				<time>2021-11-29T23:52:19Z</time>
			</trkpt>
			<trkpt lat="38.957894" lon="-105.360507">
				<ele>2484.280757</ele>
				<time>2021-11-29T23:53:19Z</time>
			</trkpt>
			<trkpt lat="38.957648" lon="-105.360453">
				<ele>2485.889171</ele>
				<time>2021-11-29T23:53:32Z</time>
			</trkpt>
			<trkpt lat="38.956977" lon="-105.360212">
				<ele>2489.641156</ele>
				<time>2021-11-29T23:54:07Z</time>
			</trkpt>
			<trkpt lat="38.956244" lon="-105.360077">
				<ele>2493.540858</ele>
				<time>2021-11-29T23:54:43Z</time>
			</trkpt>
			<trkpt lat="38.954934" lon="-105.36012">
				<ele>2500.696529</ele>
				<time>2021-11-29T23:55:47Z</time>
			</trkpt>
			<trkpt lat="38.954534" lon="-105.360062">
				<ele>2502.933005</ele>
				<time>2021-11-29T23:56:08Z</time>
			</trkpt>
			<trkpt lat="38.954286" lon="-105.360056">
				<ele>2504.311133</ele>
				<time>2021-11-29T23:56:21Z</time>
			</trkpt>
			<trkpt lat="38.954102" lon="-105.360078">
				<ele>2505.337843</ele>
				<time>2021-11-29T23:56:31Z</time>
			</trkpt>
			<trkpt lat="38.953036" lon="-105.360388">
				<ele>2511.992015</ele>
				<time>2021-11-29T23:57:29Z</time>
			</trkpt>
			<trkpt lat="38.9523" lon="-105.36048">
				<ele>2516.527311</ele>
				<time>2021-11-29T23:58:09Z</time>
			</trkpt>
			<trkpt lat="38.952108" lon="-105.36048">
				<ele>2517.690946</ele>
				<time>2021-11-29T23:58:20Z</time>
			</trkpt>
			<trkpt lat="38.951791" lon="-105.36042">
				<ele>2519.624454</ele>
				<time>2021-11-29T23:58:38Z</time>
			</trkpt>
			<trkpt lat="38.951613" lon="-105.360317">
				<ele>2520.802319</ele>
				<time>2021-11-29T23:58:48Z</time>
			</trkpt>
			<trkpt lat="38.951483" lon="-105.360202">
				<ele>2521.754494</ele>
				<time>2021-11-29T23:58:57Z</time>
			</trkpt>
			<trkpt lat="38.951301" lon="-105.359974">
				<ele>2523.287785</ele>
				<time>2021-11-29T23:59:11Z</time>
			</trkpt>
			<trkpt lat="38.951103" lon="-105.359571">
				<ele>2525.524798</ele>
				<time>2021-11-29T23:59:31Z</time>
			</trkpt>
			<trkpt lat="38.95082" lon="-105.358802">
				<ele>2529.193668</ele>
				<time>2021-11-30T00:00:04Z</time>
			</trkpt>
			<trkpt lat="38.950694" lon="-105.358249">
				<ele>2531.418069</ele>
				<time>2021-11-30T00:00:26Z</time>
			</trkpt>
			<trkpt lat="38.950465" lon="-105.356344">
				<ele>2539.078329</ele>
				<time>2021-11-30T00:01:36Z</time>
			</trkpt>
			<trkpt lat="38.950285" lon="-105.355604">
				<ele>2542.364671</ele>
				<time>2021-11-30T00:02:05Z</time>
			</trkpt>
			<trkpt lat="38.950119" lon="-105.355161">
				<ele>2544.448934</ele>
				<time>2021-11-30T00:02:25Z</time>
			</trkpt>
			<trkpt lat="38.949561" lon="-105.354256">
				<ele>2550.201899</ele>
				<time>2021-11-30T00:03:15Z</time>
			</trkpt>
			<trkpt lat="38.949394" lon="-105.354033">
				<ele>2551.89957</ele>
				<time>2021-11-30T00:03:29Z</time>
			</trkpt>
			<trkpt lat="38.948806" lon="-105.353323">
				<ele>2557.58726</ele>
				<time>2021-11-30T00:04:17Z</time>
			</trkpt>
			<trkpt lat="38.947738" lon="-105.352177">
				<ele>2568.092535</ele>
				<time>2021-11-30T00:05:43Z</time>
			</trkpt>
			<trkpt lat="38.947364" lon="-105.351888">
				<ele>2571.42792</ele>
				<time>2021-11-30T00:06:10Z</time>
			</trkpt>
			<trkpt lat="38.947094" lon="-105.351771">
				<ele>2573.517829</ele>
				<time>2021-11-30T00:06:28Z</time>
			</trkpt>
			<trkpt lat="38.946671" lon="-105.351657">
				<ele>2576.433826</ele>
				<time>2021-11-30T00:06:54Z</time>
			</trkpt>
			<trkpt lat="38.94628" lon="-105.351577">
				<ele>2579.105092</ele>
				<time>2021-11-30T00:07:16Z</time>
			</trkpt>
			<trkpt lat="38.945489" lon="-105.351621">
				<ele>2584.446958</ele>
				<time>2021-11-30T00:07:59Z</time>
			</trkpt>
			<trkpt lat="38.945258" lon="-105.351602">
				<ele>2585.933503</ele>
				<time>2021-11-30T00:08:12Z</time>
			</trkpt>
			<trkpt lat="38.944534" lon="-105.351334">
				<ele>2590.641071</ele>
				<time>2021-11-30T00:08:53Z</time>
			</trkpt>
			<trkpt lat="38.944187" lon="-105.351288">
				<ele>2592.82075</ele>
				<time>2021-11-30T00:09:12Z</time>
			</trkpt>
			<trkpt lat="38.943945" lon="-105.351313">
				<ele>2594.33773</ele>
				<time>2021-11-30T00:09:26Z</time>
			</trkpt>
			<trkpt lat="38.942909" lon="-105.351597">
				<ele>2599.517142</ele>
				<time>2021-11-30T00:10:22Z</time>
			</trkpt>
			<trkpt lat="38.94278" lon="-105.351613">
				<ele>2600.080328</ele>
				<time>2021-11-30T00:10:28Z</time>
			</trkpt>
			<trkpt lat="38.942484" lon="-105.351586">
				<ele>2601.36986</ele>
				<time>2021-11-30T00:10:41Z</time>
			</trkpt>
			<trkpt lat="38.942108" lon="-105.351478">
				<ele>2603.044086</ele>
				<time>2021-11-30T00:10:57Z</time>
			</trkpt>
			<trkpt lat="38.941536" lon="-105.351168">
				<ele>2604.351494</ele>
				<time>2021-11-30T00:11:16Z</time>
			</trkpt>
			<trkpt lat="38.940933" lon="-105.350796">
				<ele>2604.875175</ele>
				<time>2021-11-30T00:11:33Z</time>
			</trkpt>
			<trkpt lat="38.940293" lon="-105.350454">
				<ele>2605.417848</ele>
				<time>2021-11-30T00:11:49Z</time>
			</trkpt>
			<trkpt lat="38.940082" lon="-105.350373">
				<ele>2605.635335</ele>
				<time>2021-11-30T00:11:55Z</time>
			</trkpt>
			<trkpt lat="38.937502" lon="-105.349639">
				<ele>2607.222485</ele>
				<time>2021-11-30T00:13:12Z</time>
			</trkpt>
			<trkpt lat="38.936851" lon="-105.349376">
				<ele>2607.150756</ele>
				<time>2021-11-30T00:13:26Z</time>
			</trkpt>
			<trkpt lat="38.936698" lon="-105.349289">
				<ele>2606.902194</ele>
				<time>2021-11-30T00:13:29Z</time>
			</trkpt>
			<trkpt lat="38.936504" lon="-105.349161">
				<ele>2606.143604</ele>
				<time>2021-11-30T00:13:33Z</time>
			</trkpt>
			<trkpt lat="38.935717" lon="-105.348522">
				<ele>2602.90542</ele>
				<time>2021-11-30T00:13:49Z</time>
			</trkpt>
			<trkpt lat="38.935525" lon="-105.348366">
				<ele>2602.115262</ele>
				<time>2021-11-30T00:13:53Z</time>
			</trkpt>
			<trkpt lat="38.9353" lon="-105.348227">
				<ele>2601.246834</ele>
				<time>2021-11-30T00:13:57Z</time>
			</trkpt>
			<trkpt lat="38.935048" lon="-105.348169">
				<ele>2600.737206</ele>
				<time>2021-11-30T00:14:02Z</time>
			</trkpt>
			<trkpt lat="38.934581" lon="-105.34818">
				<ele>2600.287173</ele>
				<time>2021-11-30T00:14:10Z</time>
			</trkpt>
			<trkpt lat="38.934198" lon="-105.348119">
				<ele>2599.915328</ele>
				<time>2021-11-30T00:14:18Z</time>
			</trkpt>
			<trkpt lat="38.931628" lon="-105.346987">
				<ele>2601.843102</ele>
				<time>2021-11-30T00:15:40Z</time>
			</trkpt>
			<trkpt lat="38.929412" lon="-105.346387">
				<ele>2603.53406</ele>
				<time>2021-11-30T00:16:47Z</time>
			</trkpt>
			<trkpt lat="38.929149" lon="-105.346301">
				<ele>2603.353006</ele>
				<time>2021-11-30T00:16:53Z</time>
			</trkpt>
			<trkpt lat="38.928281" lon="-105.345904">
				<ele>2602.738336</ele>
				<time>2021-11-30T00:17:11Z</time>
			</trkpt>
			<trkpt lat="38.928131" lon="-105.345883">
				<ele>2602.252744</ele>
				<time>2021-11-30T00:17:14Z</time>
			</trkpt>
			<trkpt lat="38.927234" lon="-105.345941">
				<ele>2599.088039</ele>
				<time>2021-11-30T00:17:29Z</time>
			</trkpt>
			<trkpt lat="38.92695" lon="-105.345872">
				<ele>2598.069606</ele>
				<time>2021-11-30T00:17:34Z</time>
			</trkpt>
			<trkpt lat="38.926374" lon="-105.345652">
				<ele>2595.888315</ele>
				<time>2021-11-30T00:17:45Z</time>
			</trkpt>
			<trkpt lat="38.926107" lon="-105.345593">
				<ele>2594.794123</ele>
				<time>2021-11-30T00:17:50Z</time>
			</trkpt>
			<trkpt lat="38.925809" lon="-105.345626">
				<ele>2593.586087</ele>
				<time>2021-11-30T00:17:55Z</time>
			</trkpt>
			<trkpt lat="38.925205" lon="-105.345829">
				<ele>2591.064611</ele>
				<time>2021-11-30T00:18:06Z</time>
			</trkpt>
			<trkpt lat="38.924951" lon="-105.345963">
				<ele>2589.955701</ele>
				<time>2021-11-30T00:18:10Z</time>
			</trkpt>
			<trkpt lat="38.924736" lon="-105.346173">
				<ele>2588.801584</ele>
				<time>2021-11-30T00:18:15Z</time>
			</trkpt>
			<trkpt lat="38.923686" lon="-105.347776">
				<ele>2580.610469</ele>
				<time>2021-11-30T00:18:42Z</time>
			</trkpt>
			<trkpt lat="38.923553" lon="-105.348033">
				<ele>2579.574209</ele>
				<time>2021-11-30T00:18:46Z</time>
			</trkpt>
			<trkpt lat="38.92328" lon="-105.348754">
				<ele>2577.219816</ele>
				<time>2021-11-30T00:18:56Z</time>
			</trkpt>
			<trkpt lat="38.922971" lon="-105.349818">
				<ele>2573.885151</ele>
				<time>2021-11-30T00:19:12Z</time>
			</trkpt>
			<trkpt lat="38.922749" lon="-105.35042">
				<ele>2573.642728</ele>
				<time>2021-11-30T00:19:23Z</time>
			</trkpt>
			<trkpt lat="38.922685" lon="-105.350539">
				<ele>2573.748914</ele>
				<time>2021-11-30T00:19:25Z</time>
			</trkpt>
			<trkpt lat="38.922624" lon="-105.350596">
				<ele>2573.820065</ele>
				<time>2021-11-30T00:19:27Z</time>
			</trkpt>
			<trkpt lat="38.922539" lon="-105.350616">
				<ele>2573.901592</ele>
				<time>2021-11-30T00:19:29Z</time>
			</trkpt>
			<trkpt lat="38.922501" lon="-105.351084">
				<ele>2574.246972</ele>
				<time>2021-11-30T00:19:44Z</time>
			</trkpt>
			<trkpt lat="38.922365" lon="-105.351887">
				<ele>2574.850184</ele>
				<time>2021-11-30T00:20:15Z</time>
			</trkpt>
			<trkpt lat="38.922106" lon="-105.353036">
				<ele>2577.598836</ele>
				<time>2021-11-30T00:21:06Z</time>
			</trkpt>
			<trkpt lat="38.921857" lon="-105.35401">
				<ele>2580.276289</ele>
				<time>2021-11-30T00:21:50Z</time>
			</trkpt>
			<trkpt lat="38.921841" lon="-105.354221">
				<ele>2580.829938</ele>
				<time>2021-11-30T00:21:59Z</time>
			</trkpt>
			<trkpt lat="38.921944" lon="-105.355932">
				<ele>2584.447361</ele>
				<time>2021-11-30T00:23:09Z</time>
			</trkpt>
			<trkpt lat="38.921787" lon="-105.35701">
				<ele>2586.83963</ele>
				<time>2021-11-30T00:23:47Z</time>
			</trkpt>
			<trkpt lat="38.921476" lon="-105.358388">
				<ele>2590.192404</ele>
				<time>2021-11-30T00:24:44Z</time>
			</trkpt>
			<trkpt lat="38.9214" lon="-105.359221">
				<ele>2593.29524</ele>
				<time>2021-11-30T00:25:22Z</time>
			</trkpt>
			<trkpt lat="38.921463" lon="-105.360201">
				<ele>2598.517839</ele>
				<time>2021-11-30T00:26:15Z</time>
			</trkpt>
			<trkpt lat="38.921338" lon="-105.360953">
				<ele>2602.601914</ele>
				<time>2021-11-30T00:27:02Z</time>
			</trkpt>
			<trkpt lat="38.921109" lon="-105.36189">
				<ele>2609.191846</ele>
				<time>2021-11-30T00:28:05Z</time>
			</trkpt>
			<trkpt lat="38.920555" lon="-105.36371">
				<ele>2622.515705</ele>
				<time>2021-11-30T00:30:12Z</time>
			</trkpt>
			<trkpt lat="38.920123" lon="-105.365903">
				<ele>2635.944138</ele>
				<time>2021-11-30T00:32:24Z</time>
			</trkpt>
			<trkpt lat="38.919962" lon="-105.366314">
				<ele>2638.192824</ele>
				<time>2021-11-30T00:32:49Z</time>
			</trkpt>
			<trkpt lat="38.919767" lon="-105.366504">
				<ele>2639.729784</ele>
				<time>2021-11-30T00:33:05Z</time>
			</trkpt>
			<trkpt lat="38.919617" lon="-105.36665">
				<ele>2640.911607</ele>
				<time>2021-11-30T00:33:18Z</time>
			</trkpt>
			<trkpt lat="38.919216" lon="-105.366807">
				<ele>2643.544569</ele>
				<time>2021-11-30T00:33:45Z</time>
			</trkpt>
			<trkpt lat="38.917772" lon="-105.36714">
				<ele>2652.423479</ele>
				<time>2021-11-30T00:35:22Z</time>
			</trkpt>
			<trkpt lat="38.916986" lon="-105.367835">
				<ele>2657.975777</ele>
				<time>2021-11-30T00:36:29Z</time>
			</trkpt>
			<trkpt lat="38.916162" lon="-105.36883">
				<ele>2664.198215</ele>
				<time>2021-11-30T00:37:44Z</time>
			</trkpt>
			<trkpt lat="38.915726" lon="-105.369504">
				<ele>2666.835202</ele>
				<time>2021-11-30T00:38:23Z</time>
			</trkpt>
			<trkpt lat="38.91513" lon="-105.371554">
				<ele>2670.807847</ele>
				<time>2021-11-30T00:39:41Z</time>
			</trkpt>
			<trkpt lat="38.914924" lon="-105.372023">
				<ele>2671.648548</ele>
				<time>2021-11-30T00:39:59Z</time>
			</trkpt>
			<trkpt lat="38.914603" lon="-105.372433">
				<ele>2672.556479</ele>
				<time>2021-11-30T00:40:20Z</time>
			</trkpt>
			<trkpt lat="38.913871" lon="-105.372813">
				<ele>2674.266555</ele>
				<time>2021-11-30T00:40:59Z</time>
			</trkpt>
			<trkpt lat="38.913161" lon="-105.372812">
				<ele>2676.405699</ele>
				<time>2021-11-30T00:41:37Z</time>
			</trkpt>
			<trkpt lat="38.912517" lon="-105.372675">
				<ele>2678.372393</ele>
				<time>2021-11-30T00:42:12Z</time>
			</trkpt>
			<trkpt lat="38.910889" lon="-105.372006">
				<ele>2682.572848</ele>
				<time>2021-11-30T00:43:37Z</time>
			</trkpt>
			<trkpt lat="38.910313" lon="-105.371897">
				<ele>2683.882145</ele>
				<time>2021-11-30T00:44:03Z</time>
			</trkpt>
			<trkpt lat="38.909794" lon="-105.372138">
				<ele>2685.019694</ele>
				<time>2021-11-30T00:44:28Z</time>
			</trkpt>
			<trkpt lat="38.909156" lon="-105.372701">
				<ele>2686.615052</ele>
				<time>2021-11-30T00:45:05Z</time>
			</trkpt>
			<trkpt lat="38.9085" lon="-105.373017">
				<ele>2688.452874</ele>
				<time>2021-11-30T00:45:40Z</time>
			</trkpt>
			<trkpt lat="38.907782" lon="-105.373101">
				<ele>2690.631329</ele>
				<time>2021-11-30T00:46:20Z</time>
			</trkpt>
			<trkpt lat="38.905173" lon="-105.372805">
				<ele>2697.386947</ele>
				<time>2021-11-30T00:48:34Z</time>
			</trkpt>
			<trkpt lat="38.905029" lon="-105.372755">
				<ele>2697.435609</ele>
				<time>2021-11-30T00:48:40Z</time>
			</trkpt>
			<trkpt lat="38.904074" lon="-105.372424">
				<ele>2697.758288</ele>
				<time>2021-11-30T00:49:18Z</time>
			</trkpt>
			<trkpt lat="38.902632" lon="-105.37169">
				<ele>2696.668748</ele>
				<time>2021-11-30T00:50:11Z</time>
			</trkpt>
			<trkpt lat="38.899645" lon="-105.370257">
				<ele>2691.804278</ele>
				<time>2021-11-30T00:51:58Z</time>
			</trkpt>
			<trkpt lat="38.899062" lon="-105.370135">
				<ele>2690.652339</ele>
				<time>2021-11-30T00:52:17Z</time>
			</trkpt>
			<trkpt lat="38.897437" lon="-105.369958">
				<ele>2687.584571</ele>
				<time>2021-11-30T00:53:09Z</time>
			</trkpt>
			<trkpt lat="38.895896" lon="-105.369199">
				<ele>2685.593729</ele>
				<time>2021-11-30T00:54:05Z</time>
			</trkpt>
			<trkpt lat="38.895349" lon="-105.368977">
				<ele>2685.199782</ele>
				<time>2021-11-30T00:54:25Z</time>
			</trkpt>
			<trkpt lat="38.893771" lon="-105.369145">
				<ele>2685.953764</ele>
				<time>2021-11-30T00:55:29Z</time>
			</trkpt>
			<trkpt lat="38.892476" lon="-105.369374">
				<ele>2687.248325</ele>
				<time>2021-11-30T00:56:26Z</time>
			</trkpt>
			<trkpt lat="38.891325" lon="-105.36985">
				<ele>2688.613752</ele>
				<time>2021-11-30T00:57:17Z</time>
			</trkpt>
			<trkpt lat="38.890921" lon="-105.370125">
				<ele>2689.093416</ele>
				<time>2021-11-30T00:57:36Z</time>
			</trkpt>
			<trkpt lat="38.890398" lon="-105.371202">
				<ele>2690.130014</ele>
				<time>2021-11-30T00:58:17Z</time>
			</trkpt>
			<trkpt lat="38.890033" lon="-105.372132">
				<ele>2691.920403</ele>
				<time>2021-11-30T00:58:55Z</time>
			</trkpt>
			<trkpt lat="38.889628" lon="-105.372536">
				<ele>2693.206731</ele>
				<time>2021-11-30T00:59:21Z</time>
			</trkpt>
			<trkpt lat="38.888065" lon="-105.373423">
				<ele>2697.243498</ele>
				<time>2021-11-30T01:00:50Z</time>
			</trkpt>
			<trkpt lat="38.887679" lon="-105.373429">
				<ele>2698.121515</ele>
				<time>2021-11-30T01:01:07Z</time>
			</trkpt>
			<trkpt lat="38.887439" lon="-105.373341">
				<ele>2698.68919</ele>
				<time>2021-11-30T01:01:18Z</time>
			</trkpt>
			<trkpt lat="38.886348" lon="-105.372626">
				<ele>2699.9013</ele>
				<time>2021-11-30T01:02:08Z</time>
			</trkpt>
			<trkpt lat="38.885821" lon="-105.372717">
				<ele>2700.369247</ele>
				<time>2021-11-30T01:02:30Z</time>
			</trkpt>
			<trkpt lat="38.884343" lon="-105.374018">
				<ele>2702.331125</ele>
				<time>2021-11-30T01:03:47Z</time>
			</trkpt>
			<trkpt lat="38.883912" lon="-105.374277">
				<ele>2702.323661</ele>
				<time>2021-11-30T01:04:07Z</time>
			</trkpt>
			<trkpt lat="38.883365" lon="-105.374263">
				<ele>2702.043269</ele>
				<time>2021-11-30T01:04:28Z</time>
			</trkpt>
			<trkpt lat="38.882981" lon="-105.374023">
				<ele>2701.824413</ele>
				<time>2021-11-30T01:04:43Z</time>
			</trkpt>
			<trkpt lat="38.881528" lon="-105.372259">
				<ele>2699.06807</ele>
				<time>2021-11-30T01:05:47Z</time>
			</trkpt>
			<trkpt lat="38.881345" lon="-105.372104">
				<ele>2698.703523</ele>
				<time>2021-11-30T01:05:55Z</time>
			</trkpt>
			<trkpt lat="38.881037" lon="-105.371901">
				<ele>2698.823155</ele>
				<time>2021-11-30T01:06:08Z</time>
			</trkpt>
			<trkpt lat="38.880753" lon="-105.371794">
				<ele>2699.088054</ele>
				<time>2021-11-30T01:06:20Z</time>
			</trkpt>
			<trkpt lat="38.880342" lon="-105.371579">
				<ele>2699.485249</ele>
				<time>2021-11-30T01:06:38Z</time>
			</trkpt>
			<trkpt lat="38.879592" lon="-105.370854">
				<ele>2700.292751</ele>
				<time>2021-11-30T01:07:22Z</time>
			</trkpt>
			<trkpt lat="38.879275" lon="-105.370777">
				<ele>2700.512077</ele>
				<time>2021-11-30T01:07:37Z</time>
			</trkpt>
			<trkpt lat="38.877191" lon="-105.371348">
				<ele>2702.146567</ele>
				<time>2021-11-30T01:08:58Z</time>
			</trkpt>
			<trkpt lat="38.876885" lon="-105.371479">
				<ele>2702.440182</ele>
				<time>2021-11-30T01:09:11Z</time>
			</trkpt>
			<trkpt lat="38.876544" lon="-105.371758">
				<ele>2702.808216</ele>
				<time>2021-11-30T01:09:29Z</time>
			</trkpt>
			<trkpt lat="38.876249" lon="-105.372337">
				<ele>2703.817411</ele>
				<time>2021-11-30T01:09:53Z</time>
			</trkpt>
			<trkpt lat="38.875461" lon="-105.374256">
				<ele>2708.673398</ele>
				<time>2021-11-30T01:11:22Z</time>
			</trkpt>
			<trkpt lat="38.874649" lon="-105.376126">
				<ele>2714.420163</ele>
				<time>2021-11-30T01:12:55Z</time>
			</trkpt>
			<trkpt lat="38.874504" lon="-105.37633">
				<ele>2714.652836</ele>
				<time>2021-11-30T01:13:07Z</time>
			</trkpt>
			<trkpt lat="38.874202" lon="-105.376385">
				<ele>2714.982846</ele>
				<time>2021-11-30T01:13:21Z</time>
			</trkpt>
			<trkpt lat="38.873722" lon="-105.376414">
				<ele>2715.502746</ele>
				<time>2021-11-30T01:13:43Z</time>
			</trkpt>
			<trkpt lat="38.872967" lon="-105.376796">
				<ele>2716.27575</ele>
				<time>2021-11-30T01:14:12Z</time>
			</trkpt>
			<trkpt lat="38.872532" lon="-105.377147">
				<ele>2715.645306</ele>
				<time>2021-11-30T01:14:29Z</time>
			</trkpt>
			<trkpt lat="38.872156" lon="-105.377337">
				<ele>2715.149442</ele>
				<time>2021-11-30T01:14:43Z</time>
			</trkpt>
			<trkpt lat="38.871662" lon="-105.377587">
				<ele>2714.497831</ele>
				<time>2021-11-30T01:15:00Z</time>
			</trkpt>
			<trkpt lat="38.871365" lon="-105.377968">
				<ele>2714.236176</ele>
				<time>2021-11-30T01:15:14Z</time>
			</trkpt>
			<trkpt lat="38.870975" lon="-105.379362">
				<ele>2715.356604</ele>
				<time>2021-11-30T01:16:00Z</time>
			</trkpt>
			<trkpt lat="38.870792" lon="-105.379391">
				<ele>2715.535743</ele>
				<time>2021-11-30T01:16:06Z</time>
			</trkpt>
			<trkpt lat="38.869813" lon="-105.380585">
				<ele>2720.139903</ele>
				<time>2021-11-30T01:17:00Z</time>
			</trkpt>
			<trkpt lat="38.868626" lon="-105.381279">
				<ele>2726.474568</ele>
				<time>2021-11-30T01:18:06Z</time>
			</trkpt>
			<trkpt lat="38.867086" lon="-105.381413">
				<ele>2734.695443</ele>
				<time>2021-11-30T01:19:29Z</time>
			</trkpt>
			<trkpt lat="38.866806" lon="-105.381361">
				<ele>2735.519446</ele>
				<time>2021-11-30T01:19:42Z</time>
			</trkpt>
			<trkpt lat="38.866661" lon="-105.381245">
				<ele>2736.016997</ele>
				<time>2021-11-30T01:19:50Z</time>
			</trkpt>
			<trkpt lat="38.866552" lon="-105.38109">
				<ele>2736.490644</ele>
				<time>2021-11-30T01:19:56Z</time>
			</trkpt>
			<trkpt lat="38.866462" lon="-105.380653">
				<ele>2737.515737</ele>
				<time>2021-11-30T01:20:09Z</time>
			</trkpt>
			<trkpt lat="38.866472" lon="-105.379477">
				<ele>2738.345131</ele>
				<time>2021-11-30T01:20:33Z</time>
			</trkpt>
			<trkpt lat="38.866493" lon="-105.379356">
				<ele>2738.104789</ele>
				<time>2021-11-30T01:20:35Z</time>
			</trkpt>
			<trkpt lat="38.866493" lon="-105.378996">
				<ele>2737.40685</ele>
				<time>2021-11-30T01:20:40Z</time>
			</trkpt>
			<trkpt lat="38.86646" lon="-105.378647">
				<ele>2736.725266</ele>
				<time>2021-11-30T01:20:45Z</time>
			</trkpt>
			<trkpt lat="38.866366" lon="-105.378348">
				<ele>2736.100119</ele>
				<time>2021-11-30T01:20:49Z</time>
			</trkpt>
			<trkpt lat="38.866233" lon="-105.378056">
				<ele>2735.444261</ele>
				<time>2021-11-30T01:20:54Z</time>
			</trkpt>
			<trkpt lat="38.865929" lon="-105.377608">
				<ele>2733.932638</ele>
				<time>2021-11-30T01:21:02Z</time>
			</trkpt>
			<trkpt lat="38.865582" lon="-105.377176">
				<ele>2731.702604</ele>
				<time>2021-11-30T01:21:10Z</time>
			</trkpt>
			<trkpt lat="38.864894" lon="-105.376574">
				<ele>2727.861061</ele>
				<time>2021-11-30T01:21:23Z</time>
			</trkpt>
			<trkpt lat="38.864381" lon="-105.376331">
				<ele>2726.278551</ele>
				<time>2021-11-30T01:21:33Z</time>
			</trkpt>
			<trkpt lat="38.863875" lon="-105.376153">
				<ele>2725.974372</ele>
				<time>2021-11-30T01:21:43Z</time>
			</trkpt>
			<trkpt lat="38.863122" lon="-105.376235">
				<ele>2725.536225</ele>
				<time>2021-11-30T01:22:01Z</time>
			</trkpt>
			<trkpt lat="38.862298" lon="-105.376733">
				<ele>2727.533707</ele>
				<time>2021-11-30T01:22:35Z</time>
			</trkpt>
			<trkpt lat="38.860514" lon="-105.378286">
				<ele>2735.576866</ele>
				<time>2021-11-30T01:24:09Z</time>
			</trkpt>
			<trkpt lat="38.859919" lon="-105.379106">
				<ele>2739.034851</ele>
				<time>2021-11-30T01:24:48Z</time>
			</trkpt>
			<trkpt lat="38.859881" lon="-105.379216">
				<ele>2739.273511</ele>
				<time>2021-11-30T01:24:52Z</time>
			</trkpt>
			<trkpt lat="38.859759" lon="-105.379575">
				<ele>2740.050341</ele>
				<time>2021-11-30T01:25:04Z</time>
			</trkpt>
			<trkpt lat="38.859622" lon="-105.379721">
				<ele>2740.503761</ele>
				<time>2021-11-30T01:25:11Z</time>
			</trkpt>
			<trkpt lat="38.859188" lon="-105.380776">
				<ele>2742.870113</ele>
				<time>2021-11-30T01:25:45Z</time>
			</trkpt>
			<trkpt lat="38.859028" lon="-105.381537">
				<ele>2742.942795</ele>
				<time>2021-11-30T01:26:01Z</time>
			</trkpt>
			<trkpt lat="38.858982" lon="-105.382444">
				<ele>2741.948644</ele>
				<time>2021-11-30T01:26:16Z</time>
			</trkpt>
			<trkpt lat="38.859074" lon="-105.382943">
				<ele>2741.387764</ele>
				<time>2021-11-30T01:26:23Z</time>
			</trkpt>
			<trkpt lat="38.858983" lon="-105.383558">
				<ele>2740.150246</ele>
				<time>2021-11-30T01:26:32Z</time>
			</trkpt>
			<trkpt lat="38.858548" lon="-105.3847">
				<ele>2735.598682</ele>
				<time>2021-11-30T01:26:48Z</time>
			</trkpt>
			<trkpt lat="38.858122" lon="-105.385444">
				<ele>2732.291035</ele>
				<time>2021-11-30T01:27:00Z</time>
			</trkpt>
			<trkpt lat="38.857737" lon="-105.384242">
				<ele>2727.621203</ele>
				<time>2021-11-30T01:27:29Z</time>
			</trkpt>
			<trkpt lat="38.857383" lon="-105.382964">
				<ele>2723.335369</ele>
				<time>2021-11-30T01:28:01Z</time>
			</trkpt>
			<trkpt lat="38.856987" lon="-105.382112">
				<ele>2721.056015</ele>
				<time>2021-11-30T01:28:25Z</time>
			</trkpt>
			<trkpt lat="38.856895" lon="-105.381791">
				<ele>2720.270247</ele>
				<time>2021-11-30T01:28:33Z</time>
			</trkpt>
			<trkpt lat="38.856894" lon="-105.381446">
				<ele>2719.477698</ele>
				<time>2021-11-30T01:28:42Z</time>
			</trkpt>
			<trkpt lat="38.856926" lon="-105.381237">
				<ele>2718.965272</ele>
				<time>2021-11-30T01:28:47Z</time>
			</trkpt>
			<trkpt lat="38.857056" lon="-105.380901">
				<ele>2717.863772</ele>
				<time>2021-11-30T01:28:57Z</time>
			</trkpt>
			<trkpt lat="38.857125" lon="-105.380659">
				<ele>2717.107166</ele>
				<time>2021-11-30T01:29:04Z</time>
			</trkpt>
			<trkpt lat="38.857133" lon="-105.380449">
				<ele>2716.489899</ele>
				<time>2021-11-30T01:29:09Z</time>
			</trkpt>
			<trkpt lat="38.857079" lon="-105.380228">
				<ele>2715.809882</ele>
				<time>2021-11-30T01:29:15Z</time>
			</trkpt>
			<trkpt lat="38.85694" lon="-105.379999">
				<ele>2714.957455</ele>
				<time>2021-11-30T01:29:22Z</time>
			</trkpt>
			<trkpt lat="38.856897" lon="-105.37979">
				<ele>2714.322803</ele>
				<time>2021-11-30T01:29:27Z</time>
			</trkpt>
			<trkpt lat="38.856887" lon="-105.379382">
				<ele>2713.124375</ele>
				<time>2021-11-30T01:29:36Z</time>
			</trkpt>
			<trkpt lat="38.856794" lon="-105.378812">
				<ele>2709.964182</ele>
				<time>2021-11-30T01:29:48Z</time>
			</trkpt>
			<trkpt lat="38.856811" lon="-105.378651">
				<ele>2708.69721</ele>
				<time>2021-11-30T01:29:52Z</time>
			</trkpt>
			<trkpt lat="38.857076" lon="-105.378263">
				<ele>2704.672718</ele>
				<time>2021-11-30T01:30:02Z</time>
			</trkpt>
			<trkpt lat="38.857257" lon="-105.377949">
				<ele>2701.626288</ele>
				<time>2021-11-30T01:30:10Z</time>
			</trkpt>
			<trkpt lat="38.857347" lon="-105.377667">
				<ele>2699.249738</ele>
				<time>2021-11-30T01:30:16Z</time>
			</trkpt>
			<trkpt lat="38.857365" lon="-105.377415">
				<ele>2697.276401</ele>
				<time>2021-11-30T01:30:21Z</time>
			</trkpt>
			<trkpt lat="38.857335" lon="-105.377225">
				<ele>2695.764637</ele>
				<time>2021-11-30T01:30:24Z</time>
			</trkpt>
			<trkpt lat="38.857124" lon="-105.376818">
				<ele>2691.684865</ele>
				<time>2021-11-30T01:30:34Z</time>
			</trkpt>
			<trkpt lat="38.856957" lon="-105.376582">
				<ele>2688.912908</ele>
				<time>2021-11-30T01:30:40Z</time>
			</trkpt>
			<trkpt lat="38.856901" lon="-105.376461">
				<ele>2687.689353</ele>
				<time>2021-11-30T01:30:43Z</time>
			</trkpt>
			<trkpt lat="38.85688" lon="-105.37558">
				<ele>2680.027514</ele>
				<time>2021-11-30T01:31:00Z</time>
			</trkpt>
			<trkpt lat="38.856974" lon="-105.375244">
				<ele>2676.924005</ele>
				<time>2021-11-30T01:31:07Z</time>
			</trkpt>
			<trkpt lat="38.857161" lon="-105.374741">
				<ele>2672.212249</ele>
				<time>2021-11-30T01:31:19Z</time>
			</trkpt>
			<trkpt lat="38.857232" lon="-105.37437">
				<ele>2669.100066</ele>
				<time>2021-11-30T01:31:26Z</time>
			</trkpt>
			<trkpt lat="38.857198" lon="-105.374089">
				<ele>2666.783507</ele>
				<time>2021-11-30T01:31:32Z</time>
			</trkpt>
			<trkpt lat="38.856969" lon="-105.373439">
				<ele>2660.971741</ele>
				<time>2021-11-30T01:31:46Z</time>
			</trkpt>
			<trkpt lat="38.856945" lon="-105.37308">
				<ele>2658.036476</ele>
				<time>2021-11-30T01:31:53Z</time>
			</trkpt>
			<trkpt lat="38.856962" lon="-105.372724">
				<ele>2655.158835</ele>
				<time>2021-11-30T01:32:00Z</time>
			</trkpt>
			<trkpt lat="38.85707" lon="-105.372204">
				<ele>2651.255844</ele>
				<time>2021-11-30T01:32:11Z</time>
			</trkpt>
			<trkpt lat="38.857178" lon="-105.371113">
				<ele>2643.279992</ele>
				<time>2021-11-30T01:32:33Z</time>
			</trkpt>
			<trkpt lat="38.857281" lon="-105.370566">
				<ele>2639.198701</ele>
				<time>2021-11-30T01:32:44Z</time>
			</trkpt>
			<trkpt lat="38.857281" lon="-105.369706">
				<ele>2637.091703</ele>
				<time>2021-11-30T01:33:04Z</time>
			</trkpt>
			<trkpt lat="38.857304" lon="-105.369494">
				<ele>2636.669614</ele>
				<time>2021-11-30T01:33:09Z</time>
			</trkpt>
			<trkpt lat="38.857389" lon="-105.369167">
				<ele>2635.989812</ele>
				<time>2021-11-30T01:33:18Z</time>
			</trkpt>
			<trkpt lat="38.857543" lon="-105.368888">
				<ele>2635.315446</ele>
				<time>2021-11-30T01:33:28Z</time>
			</trkpt>
			<trkpt lat="38.858429" lon="-105.368247">
				<ele>2633.275244</ele>
				<time>2021-11-30T01:34:06Z</time>
			</trkpt>
			<trkpt lat="38.858976" lon="-105.36756">
				<ele>2632.111826</ele>
				<time>2021-11-30T01:34:32Z</time>
			</trkpt>
			<trkpt lat="38.859139" lon="-105.367251">
				<ele>2631.669901</ele>
				<time>2021-11-30T01:34:41Z</time>
			</trkpt>
			<trkpt lat="38.85922" lon="-105.366592">
				<ele>2629.889265</ele>
				<time>2021-11-30T01:34:57Z</time>
			</trkpt>
			<trkpt lat="38.859189" lon="-105.365321">
				<ele>2625.171394</ele>
				<time>2021-11-30T01:35:25Z</time>
			</trkpt>
			<trkpt lat="38.859229" lon="-105.364015">
				<ele>2620.805052</ele>
				<time>2021-11-30T01:35:54Z</time>
			</trkpt>
			<trkpt lat="38.859226" lon="-105.363371">
				<ele>2618.886114</ele>
				<time>2021-11-30T01:36:09Z</time>
			</trkpt>
			<trkpt lat="38.859185" lon="-105.362915">
				<ele>2617.518359</ele>
				<time>2021-11-30T01:36:20Z</time>
			</trkpt>
			<trkpt lat="38.858973" lon="-105.362445">
				<ele>2615.899926</ele>
				<time>2021-11-30T01:36:33Z</time>
			</trkpt>
			<trkpt lat="38.85873" lon="-105.361958">
				<ele>2615.251381</ele>
				<time>2021-11-30T01:36:48Z</time>
			</trkpt>
			<trkpt lat="38.858732" lon="-105.361741">
				<ele>2615.009903</ele>
				<time>2021-11-30T01:36:53Z</time>
			</trkpt>
			<trkpt lat="38.858953" lon="-105.361239">
				<ele>2614.368226</ele>
				<time>2021-11-30T01:37:09Z</time>
			</trkpt>
			<trkpt lat="38.859098" lon="-105.360794">
				<ele>2613.831462</ele>
				<time>2021-11-30T01:37:22Z</time>
			</trkpt>
			<trkpt lat="38.859193" lon="-105.360292">
				<ele>2613.30977</ele>
				<time>2021-11-30T01:37:36Z</time>
			</trkpt>
			<trkpt lat="38.859234" lon="-105.35963">
				<ele>2613.172933</ele>
				<time>2021-11-30T01:37:54Z</time>
			</trkpt>
			<trkpt lat="38.859142" lon="-105.356171">
				<ele>2613.956487</ele>
				<time>2021-11-30T01:39:34Z</time>
			</trkpt>
			<trkpt lat="38.859128" lon="-105.355031">
				<ele>2616.374192</ele>
				<time>2021-11-30T01:40:20Z</time>
			</trkpt>
			<trkpt lat="38.859319" lon="-105.354868">
				<ele>2617.277243</ele>
				<time>2021-11-30T01:40:33Z</time>
			</trkpt>
			<trkpt lat="38.860473" lon="-105.352968">
				<ele>2625.757105</ele>
				<time>2021-11-30T01:42:28Z</time>
			</trkpt>
			<trkpt lat="38.862539" lon="-105.349475">
				<ele>2645.845209</ele>
				<time>2021-11-30T01:46:10Z</time>
			</trkpt>
			<trkpt lat="38.862913" lon="-105.348886">
				<ele>2650.31118</ele>
				<time>2021-11-30T01:46:54Z</time>
			</trkpt>
			<trkpt lat="38.863249" lon="-105.348148">
				<ele>2655.81991</ele>
				<time>2021-11-30T01:47:50Z</time>
			</trkpt>
			<trkpt lat="38.863243" lon="-105.347442">
				<ele>2661.98252</ele>
				<time>2021-11-30T01:48:41Z</time>
			</trkpt>
			<trkpt lat="38.863155" lon="-105.346958">
				<ele>2666.320707</ele>
				<time>2021-11-30T01:49:19Z</time>
			</trkpt>
			<trkpt lat="38.862577" lon="-105.345635">
				<ele>2679.125527</ele>
				<time>2021-11-30T01:51:13Z</time>
			</trkpt>
			<trkpt lat="38.862443" lon="-105.345382">
				<ele>2681.566151</ele>
				<time>2021-11-30T01:51:34Z</time>
			</trkpt>
			<trkpt lat="38.862402" lon="-105.345158">
				<ele>2683.401562</ele>
				<time>2021-11-30T01:51:49Z</time>
			</trkpt>
			<trkpt lat="38.862409" lon="-105.344513">
				<ele>2688.546834</ele>
				<time>2021-11-30T01:52:32Z</time>
			</trkpt>
			<trkpt lat="38.862345" lon="-105.344055">
				<ele>2692.258384</ele>
				<time>2021-11-30T01:53:03Z</time>
			</trkpt>
			<trkpt lat="38.86214" lon="-105.343265">
				<ele>2698.512668</ele>
				<time>2021-11-30T01:53:56Z</time>
			</trkpt>
			<trkpt lat="38.862031" lon="-105.342561">
				<ele>2703.866626</ele>
				<time>2021-11-30T01:54:44Z</time>
			</trkpt>
			<trkpt lat="38.861893" lon="-105.34229">
				<ele>2706.28191</ele>
				<time>2021-11-30T01:55:05Z</time>
			</trkpt>
			<trkpt lat="38.86128" lon="-105.341349">
				<ele>2715.602584</ele>
				<time>2021-11-30T01:56:29Z</time>
			</trkpt>
			<trkpt lat="38.861216" lon="-105.340846">
				<ele>2719.526126</ele>
				<time>2021-11-30T01:57:05Z</time>
			</trkpt>
			<trkpt lat="38.861233" lon="-105.340527">
				<ele>2721.987593</ele>
				<time>2021-11-30T01:57:27Z</time>
			</trkpt>
			<trkpt lat="38.861331" lon="-105.340217">
				<ele>2724.563205</ele>
				<time>2021-11-30T01:57:49Z</time>
			</trkpt>
			<trkpt lat="38.861823" lon="-105.339683">
				<ele>2730.150663</ele>
				<time>2021-11-30T01:58:43Z</time>
			</trkpt>
			<trkpt lat="38.861919" lon="-105.339316">
				<ele>2732.354479</ele>
				<time>2021-11-30T01:59:06Z</time>
			</trkpt>
			<trkpt lat="38.861844" lon="-105.33902">
				<ele>2734.126371</ele>
				<time>2021-11-30T01:59:25Z</time>
			</trkpt>
			<trkpt lat="38.861759" lon="-105.338828">
				<ele>2735.383596</ele>
				<time>2021-11-30T01:59:37Z</time>
			</trkpt>
			<trkpt lat="38.861255" lon="-105.337946">
				<ele>2741.473494</ele>
				<time>2021-11-30T02:00:35Z</time>
			</trkpt>
			<trkpt lat="38.860892" lon="-105.337374">
				<ele>2744.579566</ele>
				<time>2021-11-30T02:01:12Z</time>
			</trkpt>
			<trkpt lat="38.860447" lon="-105.33685">
				<ele>2747.843271</ele>
				<time>2021-11-30T02:01:51Z</time>
			</trkpt>
			<trkpt lat="38.86038" lon="-105.336714">
				<ele>2748.520692</ele>
				<time>2021-11-30T02:01:59Z</time>
			</trkpt>
			<trkpt lat="38.860321" lon="-105.336533">
				<ele>2749.346646</ele>
				<time>2021-11-30T02:02:09Z</time>
			</trkpt>
			<trkpt lat="38.860213" lon="-105.33583">
				<ele>2751.259491</ele>
				<time>2021-11-30T02:02:43Z</time>
			</trkpt>
			<trkpt lat="38.860032" lon="-105.335104">
				<ele>2752.194354</ele>
				<time>2021-11-30T02:03:15Z</time>
			</trkpt>
			<trkpt lat="38.859874" lon="-105.334717">
				<ele>2752.730237</ele>
				<time>2021-11-30T02:03:31Z</time>
			</trkpt>
			<trkpt lat="38.859598" lon="-105.334363">
				<ele>2753.344583</ele>
				<time>2021-11-30T02:03:45Z</time>
			</trkpt>
			<trkpt lat="38.859189" lon="-105.334015">
				<ele>2752.203021</ele>
				<time>2021-11-30T02:04:00Z</time>
			</trkpt>
			<trkpt lat="38.858433" lon="-105.333732">
				<ele>2748.483526</ele>
				<time>2021-11-30T02:04:23Z</time>
			</trkpt>
			<trkpt lat="38.858301" lon="-105.333628">
				<ele>2747.752049</ele>
				<time>2021-11-30T02:04:27Z</time>
			</trkpt>
			<trkpt lat="38.857941" lon="-105.333145">
				<ele>2745.292888</ele>
				<time>2021-11-30T02:04:41Z</time>
			</trkpt>
			<trkpt lat="38.857028" lon="-105.331597">
				<ele>2740.356997</ele>
				<time>2021-11-30T02:05:27Z</time>
			</trkpt>
			<trkpt lat="38.856925" lon="-105.331328">
				<ele>2739.602369</ele>
				<time>2021-11-30T02:05:35Z</time>
			</trkpt>
			<trkpt lat="38.856806" lon="-105.33088">
				<ele>2738.617976</ele>
				<time>2021-11-30T02:05:48Z</time>
			</trkpt>
			<trkpt lat="38.856804" lon="-105.330605">
				<ele>2738.08202</ele>
				<time>2021-11-30T02:05:56Z</time>
			</trkpt>
			<trkpt lat="38.856878" lon="-105.330378">
				<ele>2737.602433</ele>
				<time>2021-11-30T02:06:02Z</time>
			</trkpt>
			<trkpt lat="38.857351" lon="-105.329762">
				<ele>2735.916486</ele>
				<time>2021-11-30T02:06:24Z</time>
			</trkpt>
			<trkpt lat="38.857501" lon="-105.329368">
				<ele>2735.061794</ele>
				<time>2021-11-30T02:06:35Z</time>
			</trkpt>
			<trkpt lat="38.857591" lon="-105.329007">
				<ele>2733.412336</ele>
				<time>2021-11-30T02:06:43Z</time>
			</trkpt>
			<trkpt lat="38.85762" lon="-105.328627">
				<ele>2731.323066</ele>
				<time>2021-11-30T02:06:51Z</time>
			</trkpt>
			<trkpt lat="38.857427" lon="-105.326766">
				<ele>2721.188964</ele>
				<time>2021-11-30T02:07:30Z</time>
			</trkpt>
			<trkpt lat="38.857422" lon="-105.326509">
				<ele>2719.954012</ele>
				<time>2021-11-30T02:07:36Z</time>
			</trkpt>
			<trkpt lat="38.857492" lon="-105.326326">
				<ele>2718.974591</ele>
				<time>2021-11-30T02:07:40Z</time>
			</trkpt>
			<trkpt lat="38.857833" lon="-105.32585">
				<ele>2715.867576</ele>
				<time>2021-11-30T02:07:54Z</time>
			</trkpt>
			<trkpt lat="38.85801" lon="-105.325536">
				<ele>2714.005478</ele>
				<time>2021-11-30T02:08:02Z</time>
			</trkpt>
			<trkpt lat="38.858151" lon="-105.32534">
				<ele>2712.723663</ele>
				<time>2021-11-30T02:08:08Z</time>
			</trkpt>
			<trkpt lat="38.858323" lon="-105.325231">
				<ele>2711.540455</ele>
				<time>2021-11-30T02:08:14Z</time>
			</trkpt>
			<trkpt lat="38.858552" lon="-105.324993">
				<ele>2711.384889</ele>
				<time>2021-11-30T02:08:23Z</time>
			</trkpt>
			<trkpt lat="38.858608" lon="-105.324711">
				<ele>2711.68341</ele>
				<time>2021-11-30T02:08:30Z</time>
			</trkpt>
			<trkpt lat="38.85858" lon="-105.324347">
				<ele>2712.058602</ele>
				<time>2021-11-30T02:08:41Z</time>
			</trkpt>
			<trkpt lat="38.858416" lon="-105.323704">
				<ele>2712.752642</ele>
				<time>2021-11-30T02:09:05Z</time>
			</trkpt>
			<trkpt lat="38.858294" lon="-105.3233">
				<ele>2713.197119</ele>
				<time>2021-11-30T02:09:24Z</time>
			</trkpt>
			<trkpt lat="38.85797" lon="-105.322705">
				<ele>2715.78884</ele>
				<time>2021-11-30T02:10:03Z</time>
			</trkpt>
			<trkpt lat="38.857749" lon="-105.322478">
				<ele>2717.595778</ele>
				<time>2021-11-30T02:10:25Z</time>
			</trkpt>
			<trkpt lat="38.857108" lon="-105.322465">
				<ele>2721.689081</ele>
				<time>2021-11-30T02:11:14Z</time>
			</trkpt>
			<trkpt lat="38.856794" lon="-105.321916">
				<ele>2724.940191</ele>
				<time>2021-11-30T02:11:50Z</time>
			</trkpt>
			<trkpt lat="38.856852" lon="-105.321228">
				<ele>2724.782484</ele>
				<time>2021-11-30T02:12:20Z</time>
			</trkpt>
			<trkpt lat="38.856388" lon="-105.320297">
				<ele>2724.53058</ele>
				<time>2021-11-30T02:12:50Z</time>
			</trkpt>
			<trkpt lat="38.85577" lon="-105.319806">
				<ele>2722.079157</ele>
				<time>2021-11-30T02:13:11Z</time>
			</trkpt>
			<trkpt lat="38.855457" lon="-105.319183">
				<ele>2718.196456</ele>
				<time>2021-11-30T02:13:26Z</time>
			</trkpt>
			<trkpt lat="38.855196" lon="-105.318754">
				<ele>2715.345442</ele>
				<time>2021-11-30T02:13:38Z</time>
			</trkpt>
			<trkpt lat="38.854945" lon="-105.318461">
				<ele>2713.06427</ele>
				<time>2021-11-30T02:13:47Z</time>
			</trkpt>
			<trkpt lat="38.854392" lon="-105.318016">
				<ele>2709.131238</ele>
				<time>2021-11-30T02:14:05Z</time>
			</trkpt>
			<trkpt lat="38.852169" lon="-105.317888">
				<ele>2697.018419</ele>
				<time>2021-11-30T02:15:08Z</time>
			</trkpt>
			<trkpt lat="38.851054" lon="-105.317319">
				<ele>2691.370925</ele>
				<time>2021-11-30T02:15:43Z</time>
			</trkpt>
			<trkpt lat="38.85052" lon="-105.317082">
				<ele>2688.919327</ele>
				<time>2021-11-30T02:16:00Z</time>
			</trkpt>
			<trkpt lat="38.849985" lon="-105.315965">
				<ele>2684.370716</ele>
				<time>2021-11-30T02:16:30Z</time>
			</trkpt>
			<trkpt lat="38.84967" lon="-105.313683">
				<ele>2675.185771</ele>
				<time>2021-11-30T02:17:22Z</time>
			</trkpt>
			<trkpt lat="38.849441" lon="-105.312128">
				<ele>2668.825542</ele>
				<time>2021-11-30T02:17:57Z</time>
			</trkpt>
			<trkpt lat="38.849159" lon="-105.310533">
				<ele>2663.107663</ele>
				<time>2021-11-30T02:18:34Z</time>
			</trkpt>
			<trkpt lat="38.849292" lon="-105.30971">
				<ele>2660.371948</ele>
				<time>2021-11-30T02:18:54Z</time>
			</trkpt>
			<trkpt lat="38.849589" lon="-105.307666">
				<ele>2654.679297</ele>
				<time>2021-11-30T02:19:43Z</time>
			</trkpt>
			<trkpt lat="38.849749" lon="-105.306066">
				<ele>2652.655061</ele>
				<time>2021-11-30T02:20:22Z</time>
			</trkpt>
			<trkpt lat="38.850214" lon="-105.305336">
				<ele>2652.201098</ele>
				<time>2021-11-30T02:20:49Z</time>
			</trkpt>
			<trkpt lat="38.851043" lon="-105.304929">
				<ele>2655.490676</ele>
				<time>2021-11-30T02:21:38Z</time>
			</trkpt>
			<trkpt lat="38.851776" lon="-105.304616">
				<ele>2659.733569</ele>
				<time>2021-11-30T02:22:33Z</time>
			</trkpt>
			<trkpt lat="38.852584" lon="-105.304199">
				<ele>2664.303706</ele>
				<time>2021-11-30T02:23:37Z</time>
			</trkpt>
			<trkpt lat="38.853026" lon="-105.304065">
				<ele>2666.593615</ele>
				<time>2021-11-30T02:24:08Z</time>
			</trkpt>
			<trkpt lat="38.853441" lon="-105.30377">
				<ele>2668.985338</ele>
				<time>2021-11-30T02:24:37Z</time>
			</trkpt>
			<trkpt lat="38.854055" lon="-105.30274">
				<ele>2670.297138</ele>
				<time>2021-11-30T02:25:23Z</time>
			</trkpt>
			<trkpt lat="38.854226" lon="-105.30234">
				<ele>2669.895827</ele>
				<time>2021-11-30T02:25:36Z</time>
			</trkpt>
			<trkpt lat="38.854295" lon="-105.302031">
				<ele>2669.613118</ele>
				<time>2021-11-30T02:25:44Z</time>
			</trkpt>
			<trkpt lat="38.854238" lon="-105.301758">
				<ele>2669.364543</ele>
				<time>2021-11-30T02:25:51Z</time>
			</trkpt>
			<trkpt lat="38.854003" lon="-105.301314">
				<ele>2668.678732</ele>
				<time>2021-11-30T02:26:03Z</time>
			</trkpt>
			<trkpt lat="38.853908" lon="-105.301079">
				<ele>2667.68541</ele>
				<time>2021-11-30T02:26:09Z</time>
			</trkpt>
			<trkpt lat="38.853876" lon="-105.300831">
				<ele>2666.742342</ele>
				<time>2021-11-30T02:26:14Z</time>
			</trkpt>
			<trkpt lat="38.85388" lon="-105.300636">
				<ele>2666.010536</ele>
				<time>2021-11-30T02:26:19Z</time>
			</trkpt>
			<trkpt lat="38.853936" lon="-105.299983">
				<ele>2663.545967</ele>
				<time>2021-11-30T02:26:33Z</time>
			</trkpt>
			<trkpt lat="38.853904" lon="-105.299689">
				<ele>2662.432292</ele>
				<time>2021-11-30T02:26:40Z</time>
			</trkpt>
			<trkpt lat="38.853844" lon="-105.299487">
				<ele>2661.621227</ele>
				<time>2021-11-30T02:26:45Z</time>
			</trkpt>
			<trkpt lat="38.853781" lon="-105.299391">
				<ele>2661.150252</ele>
				<time>2021-11-30T02:26:48Z</time>
			</trkpt>
			<trkpt lat="38.853585" lon="-105.299234">
				<ele>2660.027112</ele>
				<time>2021-11-30T02:26:55Z</time>
			</trkpt>
			<trkpt lat="38.853363" lon="-105.29917">
				<ele>2658.886938</ele>
				<time>2021-11-30T02:27:01Z</time>
			</trkpt>
			<trkpt lat="38.853031" lon="-105.299175">
				<ele>2657.22311</ele>
				<time>2021-11-30T02:27:11Z</time>
			</trkpt>
			<trkpt lat="38.852956" lon="-105.299149">
				<ele>2656.833816</ele>
				<time>2021-11-30T02:27:13Z</time>
			</trkpt>
			<trkpt lat="38.852843" lon="-105.298985">
				<ele>2655.979258</ele>
				<time>2021-11-30T02:27:18Z</time>
			</trkpt>
			<trkpt lat="38.852793" lon="-105.298757">
				<ele>2655.05488</ele>
				<time>2021-11-30T02:27:23Z</time>
			</trkpt>
			<trkpt lat="38.852792" lon="-105.298583">
				<ele>2654.375825</ele>
				<time>2021-11-30T02:27:27Z</time>
			</trkpt>
			<trkpt lat="38.852871" lon="-105.297678">
				<ele>2650.689029</ele>
				<time>2021-11-30T02:27:48Z</time>
			</trkpt>
			<trkpt lat="38.852864" lon="-105.297421">
				<ele>2649.394105</ele>
				<time>2021-11-30T02:27:53Z</time>
			</trkpt>
			<trkpt lat="38.852816" lon="-105.297172">
				<ele>2648.102413</ele>
				<time>2021-11-30T02:27:59Z</time>
			</trkpt>
			<trkpt lat="38.852537" lon="-105.296523">
				<ele>2644.369471</ele>
				<time>2021-11-30T02:28:15Z</time>
			</trkpt>
			<trkpt lat="38.8524" lon="-105.296026">
				<ele>2641.714641</ele>
				<time>2021-11-30T02:28:26Z</time>
			</trkpt>
			<trkpt lat="38.852293" lon="-105.295767">
				<ele>2640.238274</ele>
				<time>2021-11-30T02:28:32Z</time>
			</trkpt>
			<trkpt lat="38.851757" lon="-105.294972">
				<ele>2635.670607</ele>
				<time>2021-11-30T02:28:55Z</time>
			</trkpt>
			<trkpt lat="38.851532" lon="-105.294678">
				<ele>2633.915764</ele>
				<time>2021-11-30T02:29:04Z</time>
			</trkpt>
			<trkpt lat="38.850947" lon="-105.294084">
				<ele>2629.838747</ele>
				<time>2021-11-30T02:29:25Z</time>
			</trkpt>
			<trkpt lat="38.850384" lon="-105.293466">
				<ele>2627.924517</ele>
				<time>2021-11-30T02:29:49Z</time>
			</trkpt>
			<trkpt lat="38.850225" lon="-105.29339">
				<ele>2627.48869</ele>
				<time>2021-11-30T02:29:54Z</time>
			</trkpt>
			<trkpt lat="38.849587" lon="-105.293295">
				<ele>2625.838787</ele>
				<time>2021-11-30T02:30:15Z</time>
			</trkpt>
			<trkpt lat="38.849443" lon="-105.29321">
				<ele>2625.431659</ele>
				<time>2021-11-30T02:30:20Z</time>
			</trkpt>
			<trkpt lat="38.849358" lon="-105.293049">
				<ele>2625.020915</ele>
				<time>2021-11-30T02:30:25Z</time>
			</trkpt>
			<trkpt lat="38.849186" lon="-105.29218">
				<ele>2622.975424</ele>
				<time>2021-11-30T02:30:48Z</time>
			</trkpt>
			<trkpt lat="38.849071" lon="-105.291858">
				<ele>2622.167279</ele>
				<time>2021-11-30T02:30:56Z</time>
			</trkpt>
			<trkpt lat="38.848977" lon="-105.291686">
				<ele>2621.687916</ele>
				<time>2021-11-30T02:31:01Z</time>
			</trkpt>
			<trkpt lat="38.84857" lon="-105.291026">
				<ele>2619.683899</ele>
				<time>2021-11-30T02:31:21Z</time>
			</trkpt>
			<trkpt lat="38.847479" lon="-105.289372">
				<ele>2612.166052</ele>
				<time>2021-11-30T02:32:11Z</time>
			</trkpt>
			<trkpt lat="38.846853" lon="-105.288585">
				<ele>2607.387286</ele>
				<time>2021-11-30T02:32:36Z</time>
			</trkpt>
			<trkpt lat="38.845904" lon="-105.287321">
				<ele>2599.814497</ele>
				<time>2021-11-30T02:33:14Z</time>
			</trkpt>
			<trkpt lat="38.845592" lon="-105.286869">
				<ele>2597.190975</ele>
				<time>2021-11-30T02:33:27Z</time>
			</trkpt>
			<trkpt lat="38.845402" lon="-105.286531">
				<ele>2595.3803</ele>
				<time>2021-11-30T02:33:36Z</time>
			</trkpt>
			<trkpt lat="38.845262" lon="-105.286199">
				<ele>2593.740344</ele>
				<time>2021-11-30T02:33:45Z</time>
			</trkpt>
			<trkpt lat="38.845169" lon="-105.285863">
				<ele>2592.191397</ele>
				<time>2021-11-30T02:33:53Z</time>
			</trkpt>
			<trkpt lat="38.844822" lon="-105.283889">
				<ele>2583.781376</ele>
				<time>2021-11-30T02:34:38Z</time>
			</trkpt>
			<trkpt lat="38.844784" lon="-105.283447">
				<ele>2581.939041</ele>
				<time>2021-11-30T02:34:48Z</time>
			</trkpt>
			<trkpt lat="38.844627" lon="-105.28031">
				<ele>2569.591885</ele>
				<time>2021-11-30T02:35:58Z</time>
			</trkpt>
			<trkpt lat="38.844586" lon="-105.280049">
				<ele>2568.66512</ele>
				<time>2021-11-30T02:36:04Z</time>
			</trkpt>
			<trkpt lat="38.844407" lon="-105.279671">
				<ele>2567.125297</ele>
				<time>2021-11-30T02:36:14Z</time>
			</trkpt>
			<trkpt lat="38.844159" lon="-105.279279">
				<ele>2565.367423</ele>
				<time>2021-11-30T02:36:26Z</time>
			</trkpt>
			<trkpt lat="38.843942" lon="-105.278991">
				<ele>2564.063349</ele>
				<time>2021-11-30T02:36:35Z</time>
			</trkpt>
			<trkpt lat="38.843071" lon="-105.278034">
				<ele>2559.489042</ele>
				<time>2021-11-30T02:37:10Z</time>
			</trkpt>
			<trkpt lat="38.842814" lon="-105.277672">
				<ele>2557.966778</ele>
				<time>2021-11-30T02:37:21Z</time>
			</trkpt>
			<trkpt lat="38.841271" lon="-105.274581">
				<ele>2542.717791</ele>
				<time>2021-11-30T02:38:42Z</time>
			</trkpt>
			<trkpt lat="38.84088" lon="-105.273665">
				<ele>2538.484081</ele>
				<time>2021-11-30T02:39:05Z</time>
			</trkpt>
			<trkpt lat="38.840505" lon="-105.272902">
				<ele>2536.332024</ele>
				<time>2021-11-30T02:39:27Z</time>
			</trkpt>
			<trkpt lat="38.840306" lon="-105.272875">
				<ele>2535.722585</ele>
				<time>2021-11-30T02:39:30Z</time>
			</trkpt>
			<trkpt lat="38.839979" lon="-105.272769">
				<ele>2534.695436</ele>
				<time>2021-11-30T02:39:36Z</time>
			</trkpt>
			<trkpt lat="38.83957" lon="-105.272575">
				<ele>2533.367512</ele>
				<time>2021-11-30T02:39:44Z</time>
			</trkpt>
			<trkpt lat="38.839288" lon="-105.27238">
				<ele>2532.584705</ele>
				<time>2021-11-30T02:39:50Z</time>
			</trkpt>
			<trkpt lat="38.838966" lon="-105.272075">
				<ele>2531.767074</ele>
				<time>2021-11-30T02:39:58Z</time>
			</trkpt>
			<trkpt lat="38.838101" lon="-105.270922">
				<ele>2529.171902</ele>
				<time>2021-11-30T02:40:20Z</time>
			</trkpt>
			<trkpt lat="38.83675" lon="-105.269099">
				<ele>2522.806644</ele>
				<time>2021-11-30T02:40:54Z</time>
			</trkpt>
			<trkpt lat="38.836415" lon="-105.268696">
				<ele>2521.15557</ele>
				<time>2021-11-30T02:41:01Z</time>
			</trkpt>
			<trkpt lat="38.835956" lon="-105.268248">
				<ele>2519.081922</ele>
				<time>2021-11-30T02:41:11Z</time>
			</trkpt>
			<trkpt lat="38.835449" lon="-105.267838">
				<ele>2516.962563</ele>
				<time>2021-11-30T02:41:21Z</time>
			</trkpt>
			<trkpt lat="38.834639" lon="-105.267231">
				<ele>2514.462207</ele>
				<time>2021-11-30T02:41:37Z</time>
			</trkpt>
			<trkpt lat="38.834107" lon="-105.266788">
				<ele>2512.771716</ele>
				<time>2021-11-30T02:41:48Z</time>
			</trkpt>
			<trkpt lat="38.83157" lon="-105.264385">
				<ele>2508.531459</ele>
				<time>2021-11-30T02:42:50Z</time>
			</trkpt>
			<trkpt lat="38.830869" lon="-105.26372">
				<ele>2507.350155</ele>
				<time>2021-11-30T02:43:08Z</time>
			</trkpt>
			<trkpt lat="38.830082" lon="-105.263004">
				<ele>2505.728789</ele>
				<time>2021-11-30T02:43:27Z</time>
			</trkpt>
			<trkpt lat="38.829308" lon="-105.262443">
				<ele>2504.081498</ele>
				<time>2021-11-30T02:43:44Z</time>
			</trkpt>
			<trkpt lat="38.82803" lon="-105.261634">
				<ele>2500.942716</ele>
				<time>2021-11-30T02:44:11Z</time>
			</trkpt>
			<trkpt lat="38.825092" lon="-105.25976">
				<ele>2491.601839</ele>
				<time>2021-11-30T02:45:11Z</time>
			</trkpt>
			<trkpt lat="38.824448" lon="-105.259457">
				<ele>2489.379201</ele>
				<time>2021-11-30T02:45:23Z</time>
			</trkpt>
			<trkpt lat="38.824045" lon="-105.259335">
				<ele>2487.933775</ele>
				<time>2021-11-30T02:45:30Z</time>
			</trkpt>
			<trkpt lat="38.823575" lon="-105.259263">
				<ele>2486.281412</ele>
				<time>2021-11-30T02:45:38Z</time>
			</trkpt>
			<trkpt lat="38.822116" lon="-105.259281">
				<ele>2483.159264</ele>
				<time>2021-11-30T02:46:05Z</time>
			</trkpt>
			<trkpt lat="38.821612" lon="-105.259272">
				<ele>2482.586632</ele>
				<time>2021-11-30T02:46:17Z</time>
			</trkpt>
			<trkpt lat="38.821349" lon="-105.25927">
				<ele>2482.287841</ele>
				<time>2021-11-30T02:46:23Z</time>
			</trkpt>
			<trkpt lat="38.821309" lon="-105.259269">
				<ele>2482.24239</ele>
				<time>2021-11-30T02:46:24Z</time>
			</trkpt>
			<trkpt lat="38.821118" lon="-105.259271">
				<ele>2481.985608</ele>
				<time>2021-11-30T02:46:29Z</time>
			</trkpt>
			<trkpt lat="38.820388" lon="-105.259279">
				<ele>2480.361687</ele>
				<time>2021-11-30T02:46:46Z</time>
			</trkpt>
			<trkpt lat="38.816491" lon="-105.259321">
				<ele>2470.322789</ele>
				<time>2021-11-30T02:47:57Z</time>
			</trkpt>
			<trkpt lat="38.81602" lon="-105.259074">
				<ele>2468.537418</ele>
				<time>2021-11-30T02:48:06Z</time>
			</trkpt>
			<trkpt lat="38.815545" lon="-105.258554">
				<ele>2467.319405</ele>
				<time>2021-11-30T02:48:17Z</time>
			</trkpt>
			<trkpt lat="38.815095" lon="-105.257704">
				<ele>2466.452474</ele>
				<time>2021-11-30T02:48:32Z</time>
			</trkpt>
			<trkpt lat="38.814995" lon="-105.257514">
				<ele>2466.259047</ele>
				<time>2021-11-30T02:48:37Z</time>
			</trkpt>
			<trkpt lat="38.814833" lon="-105.257209">
				<ele>2465.947648</ele>
				<time>2021-11-30T02:48:46Z</time>
			</trkpt>
			<trkpt lat="38.81471" lon="-105.25685">
				<ele>2466.796436</ele>
				<time>2021-11-30T02:48:57Z</time>
			</trkpt>
			<trkpt lat="38.814679" lon="-105.256552">
				<ele>2468.123483</ele>
				<time>2021-11-30T02:49:07Z</time>
			</trkpt>
			<trkpt lat="38.814705" lon="-105.255333">
				<ele>2473.506178</ele>
				<time>2021-11-30T02:49:58Z</time>
			</trkpt>
			<trkpt lat="38.814946" lon="-105.25443">
				<ele>2478.372538</ele>
				<time>2021-11-30T02:50:45Z</time>
			</trkpt>
			<trkpt lat="38.81501" lon="-105.253823">
				<ele>2482.100606</ele>
				<time>2021-11-30T02:51:15Z</time>
			</trkpt>
			<trkpt lat="38.814932" lon="-105.253336">
				<ele>2485.126617</ele>
				<time>2021-11-30T02:51:39Z</time>
			</trkpt>
			<trkpt lat="38.814552" lon="-105.252214">
				<ele>2492.443479</ele>
				<time>2021-11-30T02:52:39Z</time>
			</trkpt>
			<trkpt lat="38.81435" lon="-105.251271">
				<ele>2498.091564</ele>
				<time>2021-11-30T02:53:26Z</time>
			</trkpt>
			<trkpt lat="38.814314" lon="-105.250191">
				<ele>2504.120224</ele>
				<time>2021-11-30T02:54:16Z</time>
			</trkpt>
			<trkpt lat="38.813973" lon="-105.248538">
				<ele>2511.786961</ele>
				<time>2021-11-30T02:55:26Z</time>
			</trkpt>
			<trkpt lat="38.812806" lon="-105.245069">
				<ele>2523.995879</ele>
				<time>2021-11-30T02:57:38Z</time>
			</trkpt>
			<trkpt lat="38.812939" lon="-105.243363">
				<ele>2527.446614</ele>
				<time>2021-11-30T02:58:20Z</time>
			</trkpt>
			<trkpt lat="38.813054" lon="-105.241077">
				<ele>2531.39514</ele>
				<time>2021-11-30T02:59:16Z</time>
			</trkpt>
			<trkpt lat="38.812978" lon="-105.240838">
				<ele>2532.226371</ele>
				<time>2021-11-30T02:59:24Z</time>
			</trkpt>
			<trkpt lat="38.812098" lon="-105.239894">
				<ele>2536.966216</ele>
				<time>2021-11-30T03:00:18Z</time>
			</trkpt>
			<trkpt lat="38.811967" lon="-105.239646">
				<ele>2538.232836</ele>
				<time>2021-11-30T03:00:30Z</time>
			</trkpt>
			<trkpt lat="38.811834" lon="-105.239394">
				<ele>2539.835218</ele>
				<time>2021-11-30T03:00:43Z</time>
			</trkpt>
			<trkpt lat="38.811642" lon="-105.238238">
				<ele>2546.05792</ele>
				<time>2021-11-30T03:01:36Z</time>
			</trkpt>
			<trkpt lat="38.811494" lon="-105.23794">
				<ele>2547.918377</ele>
				<time>2021-11-30T03:01:52Z</time>
			</trkpt>
			<trkpt lat="38.809773" lon="-105.236037">
				<ele>2565.783728</ele>
				<time>2021-11-30T03:04:15Z</time>
			</trkpt>
			<trkpt lat="38.808247" lon="-105.234316">
				<ele>2583.202007</ele>
				<time>2021-11-30T03:06:32Z</time>
			</trkpt>
			<trkpt lat="38.807331" lon="-105.233114">
				<ele>2594.038337</ele>
				<time>2021-11-30T03:07:57Z</time>
			</trkpt>
			<trkpt lat="38.807144" lon="-105.232922">
				<ele>2595.969366</ele>
				<time>2021-11-30T03:08:10Z</time>
			</trkpt>
			<trkpt lat="38.806961" lon="-105.232465">
				<ele>2599.184618</ele>
				<time>2021-11-30T03:08:33Z</time>
			</trkpt>
			<trkpt lat="38.80657" lon="-105.231667">
				<ele>2605.083376</ele>
				<time>2021-11-30T03:09:19Z</time>
			</trkpt>
			<trkpt lat="38.80632" lon="-105.231271">
				<ele>2608.272607</ele>
				<time>2021-11-30T03:09:45Z</time>
			</trkpt>
			<trkpt lat="38.806221" lon="-105.231071">
				<ele>2610.0781</ele>
				<time>2021-11-30T03:09:58Z</time>
			</trkpt>
			<trkpt lat="38.80612" lon="-105.230784">
				<ele>2612.682753</ele>
				<time>2021-11-30T03:10:16Z</time>
			</trkpt>
			<trkpt lat="38.806116" lon="-105.230315">
				<ele>2616.562155</ele>
				<time>2021-11-30T03:10:44Z</time>
			</trkpt>
			<trkpt lat="38.806036" lon="-105.230007">
				<ele>2619.247455</ele>
				<time>2021-11-30T03:11:04Z</time>
			</trkpt>
			<trkpt lat="38.805945" lon="-105.229832">
				<ele>2620.987579</ele>
				<time>2021-11-30T03:11:17Z</time>
			</trkpt>
			<trkpt lat="38.805318" lon="-105.228921">
				<ele>2630.45431</ele>
				<time>2021-11-30T03:12:34Z</time>
			</trkpt>
			<trkpt lat="38.805135" lon="-105.228712">
				<ele>2632.577721</ele>
				<time>2021-11-30T03:12:52Z</time>
			</trkpt>
			<trkpt lat="38.804364" lon="-105.22829">
				<ele>2639.84301</ele>
				<time>2021-11-30T03:13:47Z</time>
			</trkpt>
			<trkpt lat="38.803978" lon="-105.227918">
				<ele>2643.868668</ele>
				<time>2021-11-30T03:14:13Z</time>
			</trkpt>
			<trkpt lat="38.80358" lon="-105.227348">
				<ele>2647.659286</ele>
				<time>2021-11-30T03:14:44Z</time>
			</trkpt>
			<trkpt lat="38.803263" lon="-105.226675">
				<ele>2651.554181</ele>
				<time>2021-11-30T03:15:17Z</time>
			</trkpt>
			<trkpt lat="38.803219" lon="-105.226434">
				<ele>2652.780162</ele>
				<time>2021-11-30T03:15:27Z</time>
			</trkpt>
			<trkpt lat="38.803217" lon="-105.226005">
				<ele>2654.908718</ele>
				<time>2021-11-30T03:15:47Z</time>
			</trkpt>
			<trkpt lat="38.803129" lon="-105.225696">
				<ele>2656.686373</ele>
				<time>2021-11-30T03:16:02Z</time>
			</trkpt>
			<trkpt lat="38.803006" lon="-105.2255">
				<ele>2658.046142</ele>
				<time>2021-11-30T03:16:14Z</time>
			</trkpt>
			<trkpt lat="38.802914" lon="-105.225388">
				<ele>2658.925438</ele>
				<time>2021-11-30T03:16:21Z</time>
			</trkpt>
			<trkpt lat="38.801525" lon="-105.224091">
				<ele>2670.149145</ele>
				<time>2021-11-30T03:18:01Z</time>
			</trkpt>
			<trkpt lat="38.800989" lon="-105.223618">
				<ele>2673.774232</ele>
				<time>2021-11-30T03:18:33Z</time>
			</trkpt>
			<trkpt lat="38.800592" lon="-105.223199">
				<ele>2676.638765</ele>
				<time>2021-11-30T03:18:57Z</time>
			</trkpt>
			<trkpt lat="38.80041" lon="-105.222899">
				<ele>2678.239875</ele>
				<time>2021-11-30T03:19:11Z</time>
			</trkpt>
			<trkpt lat="38.799933" lon="-105.221772">
				<ele>2683.510651</ele>
				<time>2021-11-30T03:19:56Z</time>
			</trkpt>
			<trkpt lat="38.799628" lon="-105.221324">
				<ele>2685.955464</ele>
				<time>2021-11-30T03:20:21Z</time>
			</trkpt>
			<trkpt lat="38.799532" lon="-105.221045">
				<ele>2687.425874</ele>
				<time>2021-11-30T03:20:34Z</time>
			</trkpt>
			<trkpt lat="38.799316" lon="-105.220128">
				<ele>2693.702499</ele>
				<time>2021-11-30T03:21:20Z</time>
			</trkpt>
			<trkpt lat="38.799128" lon="-105.219723">
				<ele>2696.791112</ele>
				<time>2021-11-30T03:21:44Z</time>
			</trkpt>
			<trkpt lat="38.798911" lon="-105.219334">
				<ele>2699.925489</ele>
				<time>2021-11-30T03:22:10Z</time>
			</trkpt>
			<trkpt lat="38.798639" lon="-105.218741">
				<ele>2705.225871</ele>
				<time>2021-11-30T03:22:50Z</time>
			</trkpt>
			<trkpt lat="38.797951" lon="-105.21787">
				<ele>2715.958241</ele>
				<time>2021-11-30T03:24:08Z</time>
			</trkpt>
			<trkpt lat="38.797679" lon="-105.217652">
				<ele>2719.519409</ele>
				<time>2021-11-30T03:24:35Z</time>
			</trkpt>
			<trkpt lat="38.79727" lon="-105.217459">
				<ele>2723.919693</ele>
				<time>2021-11-30T03:25:09Z</time>
			</trkpt>
			<trkpt lat="38.796902" lon="-105.217185">
				<ele>2727.787919</ele>
				<time>2021-11-30T03:25:42Z</time>
			</trkpt>
			<trkpt lat="38.79677" lon="-105.217135">
				<ele>2729.039215</ele>
				<time>2021-11-30T03:25:52Z</time>
			</trkpt>
			<trkpt lat="38.796296" lon="-105.217108">
				<ele>2733.352883</ele>
				<time>2021-11-30T03:26:26Z</time>
			</trkpt>
			<trkpt lat="38.796143" lon="-105.217073">
				<ele>2734.765835</ele>
				<time>2021-11-30T03:26:36Z</time>
			</trkpt>
			<trkpt lat="38.79598" lon="-105.216968">
				<ele>2736.42405</ele>
				<time>2021-11-30T03:26:47Z</time>
			</trkpt>
			<trkpt lat="38.795797" lon="-105.216798">
				<ele>2738.321666</ele>
				<time>2021-11-30T03:27:00Z</time>
			</trkpt>
			<trkpt lat="38.795409" lon="-105.216305">
				<ele>2739.151256</ele>
				<time>2021-11-30T03:27:25Z</time>
			</trkpt>
			<trkpt lat="38.795053" lon="-105.215763">
				<ele>2739.990527</ele>
				<time>2021-11-30T03:27:41Z</time>
			</trkpt>
			<trkpt lat="38.794736" lon="-105.215096">
				<ele>2740.915558</ele>
				<time>2021-11-30T03:27:54Z</time>
			</trkpt>
			<trkpt lat="38.794585" lon="-105.214675">
				<ele>2739.636437</ele>
				<time>2021-11-30T03:28:00Z</time>
			</trkpt>
			<trkpt lat="38.794519" lon="-105.214277">
				<ele>2738.1234</ele>
				<time>2021-11-30T03:28:06Z</time>
			</trkpt>
			<trkpt lat="38.794424" lon="-105.213708">
				<ele>2735.959645</ele>
				<time>2021-11-30T03:28:13Z</time>
			</trkpt>
			<trkpt lat="38.794128" lon="-105.212849">
				<ele>2732.467306</ele>
				<time>2021-11-30T03:28:25Z</time>
			</trkpt>
			<trkpt lat="38.794055" lon="-105.212575">
				<ele>2731.197691</ele>
				<time>2021-11-30T03:28:29Z</time>
			</trkpt>
			<trkpt lat="38.794016" lon="-105.211503">
				<ele>2726.475003</ele>
				<time>2021-11-30T03:28:42Z</time>
			</trkpt>
			<trkpt lat="38.793935" lon="-105.211185">
				<ele>2725.002741</ele>
				<time>2021-11-30T03:28:47Z</time>
			</trkpt>
			<trkpt lat="38.793861" lon="-105.210891">
				<ele>2723.64314</ele>
				<time>2021-11-30T03:28:51Z</time>
			</trkpt>
			<trkpt lat="38.793687" lon="-105.210543">
				<ele>2721.8248</ele>
				<time>2021-11-30T03:28:56Z</time>
			</trkpt>
			<trkpt lat="38.793292" lon="-105.210057">
				<ele>2718.742436</ele>
				<time>2021-11-30T03:29:05Z</time>
			</trkpt>
			<trkpt lat="38.792971" lon="-105.209797">
				<ele>2716.604369</ele>
				<time>2021-11-30T03:29:11Z</time>
			</trkpt>
			<trkpt lat="38.792392" lon="-105.209274">
				<ele>2712.616191</ele>
				<time>2021-11-30T03:29:22Z</time>
			</trkpt>
			<trkpt lat="38.79226" lon="-105.209005">
				<ele>2711.714745</ele>
				<time>2021-11-30T03:29:26Z</time>
			</trkpt>
			<trkpt lat="38.792083" lon="-105.208176">
				<ele>2709.934676</ele>
				<time>2021-11-30T03:29:38Z</time>
			</trkpt>
			<trkpt lat="38.792011" lon="-105.208003">
				<ele>2709.528525</ele>
				<time>2021-11-30T03:29:41Z</time>
			</trkpt>
			<trkpt lat="38.79187" lon="-105.207798">
				<ele>2708.962313</ele>
				<time>2021-11-30T03:29:45Z</time>
			</trkpt>
			<trkpt lat="38.791611" lon="-105.207583">
				<ele>2708.142659</ele>
				<time>2021-11-30T03:29:51Z</time>
			</trkpt>
			<trkpt lat="38.790948" lon="-105.207146">
				<ele>2707.276382</ele>
				<time>2021-11-30T03:30:09Z</time>
			</trkpt>
			<trkpt lat="38.790766" lon="-105.207071">
				<ele>2707.234375</ele>
				<time>2021-11-30T03:30:14Z</time>
			</trkpt>
			<trkpt lat="38.79062" lon="-105.207058">
				<ele>2707.202214</ele>
				<time>2021-11-30T03:30:18Z</time>
			</trkpt>
			<trkpt lat="38.790179" lon="-105.207135">
				<ele>2707.10441</ele>
				<time>2021-11-30T03:30:30Z</time>
			</trkpt>
			<trkpt lat="38.789654" lon="-105.207162">
				<ele>2706.988947</ele>
				<time>2021-11-30T03:30:42Z</time>
			</trkpt>
			<trkpt lat="38.788157" lon="-105.207066">
				<ele>2702.29082</ele>
				<time>2021-11-30T03:31:09Z</time>
			</trkpt>
			<trkpt lat="38.787002" lon="-105.206901">
				<ele>2699.307093</ele>
				<time>2021-11-30T03:31:29Z</time>
			</trkpt>
			<trkpt lat="38.786821" lon="-105.2068">
				<ele>2698.850615</ele>
				<time>2021-11-30T03:31:32Z</time>
			</trkpt>
			<trkpt lat="38.786685" lon="-105.206682">
				<ele>2698.470912</ele>
				<time>2021-11-30T03:31:35Z</time>
			</trkpt>
			<trkpt lat="38.786351" lon="-105.206171">
				<ele>2697.268734</ele>
				<time>2021-11-30T03:31:46Z</time>
			</trkpt>
			<trkpt lat="38.786229" lon="-105.205861">
				<ele>2697.942562</ele>
				<time>2021-11-30T03:31:53Z</time>
			</trkpt>
			<trkpt lat="38.786153" lon="-105.205548">
				<ele>2699.173634</ele>
				<time>2021-11-30T03:32:02Z</time>
			</trkpt>
			<trkpt lat="38.786065" lon="-105.204856">
				<ele>2701.806568</ele>
				<time>2021-11-30T03:32:28Z</time>
			</trkpt>
			<trkpt lat="38.786006" lon="-105.204638">
				<ele>2702.673136</ele>
				<time>2021-11-30T03:32:38Z</time>
			</trkpt>
			<trkpt lat="38.785903" lon="-105.204448">
				<ele>2703.542201</ele>
				<time>2021-11-30T03:32:48Z</time>
			</trkpt>
			<trkpt lat="38.785728" lon="-105.20426">
				<ele>2704.641814</ele>
				<time>2021-11-30T03:33:02Z</time>
			</trkpt>
			<trkpt lat="38.785508" lon="-105.204145">
				<ele>2705.817171</ele>
				<time>2021-11-30T03:33:17Z</time>
			</trkpt>
			<trkpt lat="38.78528" lon="-105.204126">
				<ele>2707.514467</ele>
				<time>2021-11-30T03:33:32Z</time>
			</trkpt>
			<trkpt lat="38.78509" lon="-105.204158">
				<ele>2708.938017</ele>
				<time>2021-11-30T03:33:44Z</time>
			</trkpt>
			<trkpt lat="38.784898" lon="-105.204295">
				<ele>2710.570092</ele>
				<time>2021-11-30T03:33:59Z</time>
			</trkpt>
			<trkpt lat="38.784569" lon="-105.204761">
				<ele>2714.210808</ele>
				<time>2021-11-30T03:34:31Z</time>
			</trkpt>
			<trkpt lat="38.784044" lon="-105.206423">
				<ele>2721.349915</ele>
				<time>2021-11-30T03:35:45Z</time>
			</trkpt>
			<trkpt lat="38.783897" lon="-105.206731">
				<ele>2722.208261</ele>
				<time>2021-11-30T03:35:56Z</time>
			</trkpt>
			<trkpt lat="38.78344" lon="-105.207071">
				<ele>2723.819022</ele>
				<time>2021-11-30T03:36:14Z</time>
			</trkpt>
			<trkpt lat="38.783107" lon="-105.207554">
				<ele>2723.113251</ele>
				<time>2021-11-30T03:36:25Z</time>
			</trkpt>
			<trkpt lat="38.782871" lon="-105.207738">
				<ele>2721.529101</ele>
				<time>2021-11-30T03:36:30Z</time>
			</trkpt>
			<trkpt lat="38.782549" lon="-105.207875">
				<ele>2719.583114</ele>
				<time>2021-11-30T03:36:35Z</time>
			</trkpt>
			<trkpt lat="38.782204" lon="-105.208023">
				<ele>2717.496411</ele>
				<time>2021-11-30T03:36:41Z</time>
			</trkpt>
			<trkpt lat="38.781092" lon="-105.208235">
				<ele>2710.914252</ele>
				<time>2021-11-30T03:36:58Z</time>
			</trkpt>
			<trkpt lat="38.780898" lon="-105.208243">
				<ele>2709.754559</ele>
				<time>2021-11-30T03:37:01Z</time>
			</trkpt>
			<trkpt lat="38.780826" lon="-105.208202">
				<ele>2709.2839</ele>
				<time>2021-11-30T03:37:02Z</time>
			</trkpt>
			<trkpt lat="38.780777" lon="-105.208141">
				<ele>2708.875943</ele>
				<time>2021-11-30T03:37:03Z</time>
			</trkpt>
			<trkpt lat="38.780682" lon="-105.207887">
				<ele>2707.563802</ele>
				<time>2021-11-30T03:37:06Z</time>
			</trkpt>
			<trkpt lat="38.780564" lon="-105.207362">
				<ele>2705.018962</ele>
				<time>2021-11-30T03:37:14Z</time>
			</trkpt>
			<trkpt lat="38.780523" lon="-105.206515">
				<ele>2704.740842</ele>
				<time>2021-11-30T03:37:28Z</time>
			</trkpt>
			<trkpt lat="38.780388" lon="-105.206191">
				<ele>2705.601639</ele>
				<time>2021-11-30T03:37:37Z</time>
			</trkpt>
			<trkpt lat="38.779976" lon="-105.205672">
				<ele>2707.33724</ele>
				<time>2021-11-30T03:38:01Z</time>
			</trkpt>
			<trkpt lat="38.779722" lon="-105.205286">
				<ele>2708.520818</ele>
				<time>2021-11-30T03:38:21Z</time>
			</trkpt>
			<trkpt lat="38.779513" lon="-105.204651">
				<ele>2711.876759</ele>
				<time>2021-11-30T03:38:54Z</time>
			</trkpt>
			<trkpt lat="38.779386" lon="-105.203952">
				<ele>2715.96083</ele>
				<time>2021-11-30T03:39:32Z</time>
			</trkpt>
			<trkpt lat="38.779267" lon="-105.203772">
				<ele>2717.303798</ele>
				<time>2021-11-30T03:39:45Z</time>
			</trkpt>
			<trkpt lat="38.778265" lon="-105.203019">
				<ele>2724.382246</ele>
				<time>2021-11-30T03:40:47Z</time>
			</trkpt>
			<trkpt lat="38.777993" lon="-105.202978">
				<ele>2725.632887</ele>
				<time>2021-11-30T03:41:01Z</time>
			</trkpt>
			<trkpt lat="38.777494" lon="-105.203143">
				<ele>2727.986074</ele>
				<time>2021-11-30T03:41:25Z</time>
			</trkpt>
			<trkpt lat="38.777121" lon="-105.203359">
				<ele>2729.854918</ele>
				<time>2021-11-30T03:41:41Z</time>
			</trkpt>
			<trkpt lat="38.776742" lon="-105.203527">
				<ele>2731.368606</ele>
				<time>2021-11-30T03:41:54Z</time>
			</trkpt>
			<trkpt lat="38.776336" lon="-105.203615">
				<ele>2732.830478</ele>
				<time>2021-11-30T03:42:07Z</time>
			</trkpt>
			<trkpt lat="38.775834" lon="-105.203587">
				<ele>2734.614433</ele>
				<time>2021-11-30T03:42:26Z</time>
			</trkpt>
			<trkpt lat="38.774852" lon="-105.203246">
				<ele>2739.289268</ele>
				<time>2021-11-30T03:43:17Z</time>
			</trkpt>
			<trkpt lat="38.772937" lon="-105.202684">
				<ele>2751.339357</ele>
				<time>2021-11-30T03:45:04Z</time>
			</trkpt>
			<trkpt lat="38.7723" lon="-105.202722">
				<ele>2755.528889</ele>
				<time>2021-11-30T03:45:41Z</time>
			</trkpt>
			<trkpt lat="38.77221" lon="-105.202727">
				<ele>2756.120732</ele>
				<time>2021-11-30T03:45:46Z</time>
			</trkpt>
			<trkpt lat="38.771116" lon="-105.202302">
				<ele>2763.184409</ele>
				<time>2021-11-30T03:46:50Z</time>
			</trkpt>
			<trkpt lat="38.770822" lon="-105.202131">
				<ele>2765.094493</ele>
				<time>2021-11-30T03:47:06Z</time>
			</trkpt>
			<trkpt lat="38.770185" lon="-105.201533">
				<ele>2769.765297</ele>
				<time>2021-11-30T03:47:46Z</time>
			</trkpt>
			<trkpt lat="38.770001" lon="-105.201407">
				<ele>2771.253393</ele>
				<time>2021-11-30T03:47:57Z</time>
			</trkpt>
			<trkpt lat="38.769809" lon="-105.201365">
				<ele>2772.646482</ele>
				<time>2021-11-30T03:48:07Z</time>
			</trkpt>
			<trkpt lat="38.769582" lon="-105.201317">
				<ele>2774.291993</ele>
				<time>2021-11-30T03:48:19Z</time>
			</trkpt>
			<trkpt lat="38.769101" lon="-105.201332">
				<ele>2777.733312</ele>
				<time>2021-11-30T03:48:45Z</time>
			</trkpt>
			<trkpt lat="38.767259" lon="-105.2019">
				<ele>2794.480075</ele>
				<time>2021-11-30T03:50:56Z</time>
			</trkpt>
			<trkpt lat="38.766249" lon="-105.202617">
				<ele>2805.741784</ele>
				<time>2021-11-30T03:52:27Z</time>
			</trkpt>
			<trkpt lat="38.765665" lon="-105.203249">
				<ele>2813.160458</ele>
				<time>2021-11-30T03:53:23Z</time>
			</trkpt>
			<trkpt lat="38.765289" lon="-105.203541">
				<ele>2817.428027</ele>
				<time>2021-11-30T03:53:53Z</time>
			</trkpt>
			<trkpt lat="38.763908" lon="-105.204354">
				<ele>2827.397187</ele>
				<time>2021-11-30T03:55:17Z</time>
			</trkpt>
			<trkpt lat="38.763787" lon="-105.204424">
				<ele>2828.259105</ele>
				<time>2021-11-30T03:55:24Z</time>
			</trkpt>
			<trkpt lat="38.763295" lon="-105.20466">
				<ele>2831.354871</ele>
				<time>2021-11-30T03:55:50Z</time>
			</trkpt>
			<trkpt lat="38.763027" lon="-105.204789">
				<ele>2832.953753</ele>
				<time>2021-11-30T03:56:04Z</time>
			</trkpt>
			<trkpt lat="38.76241" lon="-105.2052">
				<ele>2836.837175</ele>
				<time>2021-11-30T03:56:38Z</time>
			</trkpt>
			<trkpt lat="38.762036" lon="-105.20557">
				<ele>2839.481895</ele>
				<time>2021-11-30T03:57:02Z</time>
			</trkpt>
			<trkpt lat="38.761451" lon="-105.206252">
				<ele>2846.097468</ele>
				<time>2021-11-30T03:57:48Z</time>
			</trkpt>
			<trkpt lat="38.761127" lon="-105.206865">
				<ele>2850.929559</ele>
				<time>2021-11-30T03:58:27Z</time>
			</trkpt>
			<trkpt lat="38.760904" lon="-105.207499">
				<ele>2855.659349</ele>
				<time>2021-11-30T03:59:09Z</time>
			</trkpt>
			<trkpt lat="38.76072" lon="-105.207675">
				<ele>2857.965706</ele>
				<time>2021-11-30T03:59:27Z</time>
			</trkpt>
			<trkpt lat="38.760557" lon="-105.207711">
				<ele>2859.627567</ele>
				<time>2021-11-30T03:59:40Z</time>
			</trkpt>
			<trkpt lat="38.760091" lon="-105.207671">
				<ele>2864.320204</ele>
				<time>2021-11-30T04:00:17Z</time>
			</trkpt>
			<trkpt lat="38.759747" lon="-105.207581">
				<ele>2867.847757</ele>
				<time>2021-11-30T04:00:43Z</time>
			</trkpt>
			<trkpt lat="38.759563" lon="-105.207393">
				<ele>2870.211541</ele>
				<time>2021-11-30T04:01:00Z</time>
			</trkpt>
			<trkpt lat="38.759521" lon="-105.207092">
				<ele>2872.595874</ele>
				<time>2021-11-30T04:01:16Z</time>
			</trkpt>
			<trkpt lat="38.759601" lon="-105.205932">
				<ele>2876.941668</ele>
				<time>2021-11-30T04:02:08Z</time>
			</trkpt>
			<trkpt lat="38.759712" lon="-105.205251">
				<ele>2879.53795</ele>
				<time>2021-11-30T04:02:30Z</time>
			</trkpt>
			<trkpt lat="38.759852" lon="-105.204674">
				<ele>2881.122467</ele>
				<time>2021-11-30T04:02:44Z</time>
			</trkpt>
			<trkpt lat="38.759929" lon="-105.20373">
				<ele>2880.704255</ele>
				<time>2021-11-30T04:03:01Z</time>
			</trkpt>
			<trkpt lat="38.759909" lon="-105.20349">
				<ele>2880.597905</ele>
				<time>2021-11-30T04:03:04Z</time>
			</trkpt>
			<trkpt lat="38.759818" lon="-105.203249">
				<ele>2880.479922</ele>
				<time>2021-11-30T04:03:09Z</time>
			</trkpt>
			<trkpt lat="38.759776" lon="-105.203202">
				<ele>2880.448424</ele>
				<time>2021-11-30T04:03:10Z</time>
			</trkpt>
			<trkpt lat="38.759751" lon="-105.203173">
				<ele>2880.429376</ele>
				<time>2021-11-30T04:03:10Z</time>
			</trkpt>
			<trkpt lat="38.759416" lon="-105.202812">
				<ele>2880.182125</ele>
				<time>2021-11-30T04:03:19Z</time>
			</trkpt>
			<trkpt lat="38.758652" lon="-105.202016">
				<ele>2879.627914</ele>
				<time>2021-11-30T04:03:38Z</time>
			</trkpt>
			<trkpt lat="38.7579" lon="-105.201237">
				<ele>2879.780288</ele>
				<time>2021-11-30T04:04:01Z</time>
			</trkpt>
			<trkpt lat="38.756368" lon="-105.199657">
				<ele>2889.142117</ele>
				<time>2021-11-30T04:05:36Z</time>
			</trkpt>
			<trkpt lat="38.755896" lon="-105.199012">
				<ele>2894.126082</ele>
				<time>2021-11-30T04:06:18Z</time>
			</trkpt>
			<trkpt lat="38.755311" lon="-105.198011">
				<ele>2901.283588</ele>
				<time>2021-11-30T04:07:20Z</time>
			</trkpt>
			<trkpt lat="38.754906" lon="-105.197318">
				<ele>2906.578934</ele>
				<time>2021-11-30T04:08:03Z</time>
			</trkpt>
			<trkpt lat="38.752533" lon="-105.194197">
				<ele>2931.188673</ele>
				<time>2021-11-30T04:11:30Z</time>
			</trkpt>
			<trkpt lat="38.752282" lon="-105.19387">
				<ele>2933.222959</ele>
				<time>2021-11-30T04:11:49Z</time>
			</trkpt>
			<trkpt lat="38.752206" lon="-105.193773">
				<ele>2933.832593</ele>
				<time>2021-11-30T04:11:54Z</time>
			</trkpt>
			<trkpt lat="38.751598" lon="-105.193044">
				<ele>2937.610803</ele>
				<time>2021-11-30T04:12:32Z</time>
			</trkpt>
			<trkpt lat="38.751123" lon="-105.192445">
				<ele>2937.251983</ele>
				<time>2021-11-30T04:12:52Z</time>
			</trkpt>
			<trkpt lat="38.750554" lon="-105.191702">
				<ele>2936.814588</ele>
				<time>2021-11-30T04:13:07Z</time>
			</trkpt>
			<trkpt lat="38.750466" lon="-105.19162">
				<ele>2936.755998</ele>
				<time>2021-11-30T04:13:09Z</time>
			</trkpt>
			<trkpt lat="38.750116" lon="-105.191296">
				<ele>2934.411419</ele>
				<time>2021-11-30T04:13:16Z</time>
			</trkpt>
			<trkpt lat="38.74979" lon="-105.191063">
				<ele>2932.099636</ele>
				<time>2021-11-30T04:13:22Z</time>
			</trkpt>
			<trkpt lat="38.749151" lon="-105.190635">
				<ele>2927.634129</ele>
				<time>2021-11-30T04:13:34Z</time>
			</trkpt>
			<trkpt lat="38.74826" lon="-105.190094">
				<ele>2921.294675</ele>
				<time>2021-11-30T04:13:49Z</time>
			</trkpt>
			<trkpt lat="38.747956" lon="-105.18978">
				<ele>2918.737796</ele>
				<time>2021-11-30T04:13:55Z</time>
			</trkpt>
			<trkpt lat="38.747659" lon="-105.189411">
				<ele>2916.029027</ele>
				<time>2021-11-30T04:14:02Z</time>
			</trkpt>
			<trkpt lat="38.747534" lon="-105.18917">
				<ele>2914.550524</ele>
				<time>2021-11-30T04:14:05Z</time>
			</trkpt>
			<trkpt lat="38.7474" lon="-105.188765">
				<ele>2912.805004</ele>
				<time>2021-11-30T04:14:10Z</time>
			</trkpt>
			<trkpt lat="38.747323" lon="-105.188344">
				<ele>2911.335299</ele>
				<time>2021-11-30T04:14:16Z</time>
			</trkpt>
			<trkpt lat="38.747227" lon="-105.186858">
				<ele>2906.267411</ele>
				<time>2021-11-30T04:14:35Z</time>
			</trkpt>
			<trkpt lat="38.74726" lon="-105.185943">
				<ele>2905.763463</ele>
				<time>2021-11-30T04:14:48Z</time>
			</trkpt>
			<trkpt lat="38.747317" lon="-105.184339">
				<ele>2905.277114</ele>
				<time>2021-11-30T04:15:21Z</time>
			</trkpt>
			<trkpt lat="38.746849" lon="-105.184325">
				<ele>2904.674324</ele>
				<time>2021-11-30T04:15:34Z</time>
			</trkpt>
			<trkpt lat="38.746615" lon="-105.184304">
				<ele>2904.372274</ele>
				<time>2021-11-30T04:15:39Z</time>
			</trkpt>
			<trkpt lat="38.746381" lon="-105.184284">
				<ele>2904.070292</ele>
				<time>2021-11-30T04:15:44Z</time>
			</trkpt>
			<trkpt lat="38.746455" lon="-105.182316">
				<ele>2898.722491</ele>
				<time>2021-11-30T04:16:10Z</time>
			</trkpt>
			<trkpt lat="38.746479" lon="-105.181655">
				<ele>2895.810747</ele>
				<time>2021-11-30T04:16:18Z</time>
			</trkpt>
			<trkpt lat="38.746503" lon="-105.181038">
				<ele>2893.092393</ele>
				<time>2021-11-30T04:16:25Z</time>
			</trkpt>
			<trkpt lat="38.746527" lon="-105.180396">
				<ele>2889.582893</ele>
				<time>2021-11-30T04:16:32Z</time>
			</trkpt>
			<trkpt lat="38.746542" lon="-105.180079">
				<ele>2887.829646</ele>
				<time>2021-11-30T04:16:36Z</time>
			</trkpt>
			<trkpt lat="38.746549" lon="-105.17992">
				<ele>2886.950474</ele>
				<time>2021-11-30T04:16:38Z</time>
			</trkpt>
			<trkpt lat="38.746577" lon="-105.179323">
				<ele>2883.648725</ele>
				<time>2021-11-30T04:16:45Z</time>
			</trkpt>
			<trkpt lat="38.746592" lon="-105.179005">
				<ele>2881.889969</ele>
				<time>2021-11-30T04:16:48Z</time>
			</trkpt>
			<trkpt lat="38.746622" lon="-105.178367">
				<ele>2878.633118</ele>
				<time>2021-11-30T04:16:56Z</time>
			</trkpt>
			<trkpt lat="38.746127" lon="-105.178354">
				<ele>2875.64405</ele>
				<time>2021-11-30T04:17:04Z</time>
			</trkpt>
			<trkpt lat="38.745666" lon="-105.178342">
				<ele>2872.860302</ele>
				<time>2021-11-30T04:17:11Z</time>
			</trkpt>
			<trkpt lat="38.745459" lon="-105.178335">
				<ele>2871.610156</ele>
				<time>2021-11-30T04:17:14Z</time>
			</trkpt>
			<trkpt lat="38.745192" lon="-105.178286">
				<ele>2869.98178</ele>
				<time>2021-11-30T04:17:18Z</time>
			</trkpt>
			<trkpt lat="38.744992" lon="-105.17823">
				<ele>2868.895391</ele>
				<time>2021-11-30T04:17:21Z</time>
			</trkpt>
			<trkpt lat="38.744793" lon="-105.178131">
				<ele>2867.925836</ele>
				<time>2021-11-30T04:17:25Z</time>
			</trkpt>
			<trkpt lat="38.7443" lon="-105.177796">
				<ele>2865.391478</ele>
				<time>2021-11-30T04:17:33Z</time>
			</trkpt>
			<trkpt lat="38.744078" lon="-105.177611">
				<ele>2864.188834</ele>
				<time>2021-11-30T04:17:38Z</time>
			</trkpt>
			<trkpt lat="38.743739" lon="-105.177293">
				<ele>2862.280908</ele>
				<time>2021-11-30T04:17:45Z</time>
			</trkpt>
			<trkpt lat="38.743272" lon="-105.176761">
				<ele>2860.149237</ele>
				<time>2021-11-30T04:17:55Z</time>
			</trkpt>
			<trkpt lat="38.743062" lon="-105.176523">
				<ele>2859.393648</ele>
				<time>2021-11-30T04:18:00Z</time>
			</trkpt>
			<trkpt lat="38.742775" lon="-105.176288">
				<ele>2858.475629</ele>
				<time>2021-11-30T04:18:07Z</time>
			</trkpt>
			<trkpt lat="38.742655" lon="-105.176367">
				<ele>2858.111978</ele>
				<time>2021-11-30T04:18:11Z</time>
			</trkpt>
			<trkpt lat="38.742554" lon="-105.176392">
				<ele>2857.834674</ele>
				<time>2021-11-30T04:18:14Z</time>
			</trkpt>
			<trkpt lat="38.742012" lon="-105.176392">
				<ele>2856.373547</ele>
				<time>2021-11-30T04:18:31Z</time>
			</trkpt>
			<trkpt lat="38.741922" lon="-105.176421">
				<ele>2856.060153</ele>
				<time>2021-11-30T04:18:34Z</time>
			</trkpt>
			<trkpt lat="38.741826" lon="-105.176514">
				<ele>2855.637032</ele>
				<time>2021-11-30T04:18:38Z</time>
			</trkpt>
			<trkpt lat="38.7417" lon="-105.176845">
				<ele>2854.626811</ele>
				<time>2021-11-30T04:18:47Z</time>
			</trkpt>
			<trkpt lat="38.741273" lon="-105.177408">
				<ele>2852.47292</ele>
				<time>2021-11-30T04:19:06Z</time>
			</trkpt>
			<trkpt lat="38.741082" lon="-105.177481">
				<ele>2851.772054</ele>
				<time>2021-11-30T04:19:12Z</time>
			</trkpt>
			<trkpt lat="38.740864" lon="-105.177477">
				<ele>2851.005372</ele>
				<time>2021-11-30T04:19:18Z</time>
			</trkpt>
			<trkpt lat="38.740372" lon="-105.177407">
				<ele>2848.780725</ele>
				<time>2021-11-30T04:19:33Z</time>
			</trkpt>
			<trkpt lat="38.740168" lon="-105.177421">
				<ele>2847.59348</ele>
				<time>2021-11-30T04:19:38Z</time>
			</trkpt>
			<trkpt lat="38.739491" lon="-105.177633">
				<ele>2843.543429</ele>
				<time>2021-11-30T04:19:58Z</time>
			</trkpt>
			<trkpt lat="38.739307" lon="-105.177753">
				<ele>2842.343709</ele>
				<time>2021-11-30T04:20:04Z</time>
			</trkpt>
			<trkpt lat="38.73911" lon="-105.17784">
				<ele>2841.132822</ele>
				<time>2021-11-30T04:20:10Z</time>
			</trkpt>
			<trkpt lat="38.738899" lon="-105.177868">
				<ele>2839.900042</ele>
				<time>2021-11-30T04:20:15Z</time>
			</trkpt>
			<trkpt lat="38.738352" lon="-105.177847">
				<ele>2836.808055</ele>
				<time>2021-11-30T04:20:31Z</time>
			</trkpt>
			<trkpt lat="38.738121" lon="-105.177875">
				<ele>2835.501647</ele>
				<time>2021-11-30T04:20:37Z</time>
			</trkpt>
			<trkpt lat="38.737776" lon="-105.178048">
				<ele>2833.415877</ele>
				<time>2021-11-30T04:20:47Z</time>
			</trkpt>
			<trkpt lat="38.737478" lon="-105.17797">
				<ele>2831.703424</ele>
				<time>2021-11-30T04:20:56Z</time>
			</trkpt>
			<trkpt lat="38.737069" lon="-105.177728">
				<ele>2829.231528</ele>
				<time>2021-11-30T04:21:09Z</time>
			</trkpt>
			<trkpt lat="38.736177" lon="-105.177714">
				<ele>2825.456217</ele>
				<time>2021-11-30T04:21:36Z</time>
			</trkpt>
			<trkpt lat="38.735459" lon="-105.17766">
				<ele>2822.412348</ele>
				<time>2021-11-30T04:21:57Z</time>
			</trkpt>
			<trkpt lat="38.734878" lon="-105.177481">
				<ele>2819.736067</ele>
				<time>2021-11-30T04:22:15Z</time>
			</trkpt>
			<trkpt lat="38.733663" lon="-105.176436">
				<ele>2813.144157</ele>
				<time>2021-11-30T04:22:57Z</time>
			</trkpt>
			<trkpt lat="38.733103" lon="-105.176507">
				<ele>2810.920836</ele>
				<time>2021-11-30T04:23:14Z</time>
			</trkpt>
			<trkpt lat="38.732831" lon="-105.176225">
				<ele>2809.538711</ele>
				<time>2021-11-30T04:23:24Z</time>
			</trkpt>
			<trkpt lat="38.73193" lon="-105.175927">
				<ele>2806.037035</ele>
				<time>2021-11-30T04:23:52Z</time>
			</trkpt>
			<trkpt lat="38.730371" lon="-105.175511">
				<ele>2801.430389</ele>
				<time>2021-11-30T04:24:42Z</time>
			</trkpt>
			<trkpt lat="38.729769" lon="-105.175457">
				<ele>2799.474949</ele>
				<time>2021-11-30T04:25:01Z</time>
			</trkpt>
			<trkpt lat="38.72902" lon="-105.175694">
				<ele>2796.955504</ele>
				<time>2021-11-30T04:25:25Z</time>
			</trkpt>
			<trkpt lat="38.728625" lon="-105.175579">
				<ele>2795.632692</ele>
				<time>2021-11-30T04:25:37Z</time>
			</trkpt>
			<trkpt lat="38.7281" lon="-105.17583">
				<ele>2793.066907</ele>
				<time>2021-11-30T04:25:54Z</time>
			</trkpt>
			<trkpt lat="38.727591" lon="-105.175744">
				<ele>2790.635512</ele>
				<time>2021-11-30T04:26:09Z</time>
			</trkpt>
			<trkpt lat="38.726856" lon="-105.175818">
				<ele>2787.143945</ele>
				<time>2021-11-30T04:26:30Z</time>
			</trkpt>
			<trkpt lat="38.726166" lon="-105.175693">
				<ele>2782.858986</ele>
				<time>2021-11-30T04:26:50Z</time>
			</trkpt>
			<trkpt lat="38.72539" lon="-105.175868">
				<ele>2777.932831</ele>
				<time>2021-11-30T04:27:11Z</time>
			</trkpt>
			<trkpt lat="38.724527" lon="-105.175754">
				<ele>2772.902342</ele>
				<time>2021-11-30T04:27:35Z</time>
			</trkpt>
			<trkpt lat="38.723688" lon="-105.176015">
				<ele>2768.175819</ele>
				<time>2021-11-30T04:28:00Z</time>
			</trkpt>
			<trkpt lat="38.723545" lon="-105.176034">
				<ele>2767.388757</ele>
				<time>2021-11-30T04:28:04Z</time>
			</trkpt>
			<trkpt lat="38.723182" lon="-105.176066">
				<ele>2765.43891</ele>
				<time>2021-11-30T04:28:15Z</time>
			</trkpt>
			<trkpt lat="38.722873" lon="-105.176248">
				<ele>2763.759361</ele>
				<time>2021-11-30T04:28:25Z</time>
			</trkpt>
			<trkpt lat="38.722067" lon="-105.176596">
				<ele>2759.558798</ele>
				<time>2021-11-30T04:28:49Z</time>
			</trkpt>
			<trkpt lat="38.721553" lon="-105.176669">
				<ele>2757.00465</ele>
				<time>2021-11-30T04:29:04Z</time>
			</trkpt>
			<trkpt lat="38.721236" lon="-105.176964">
				<ele>2755.504293</ele>
				<time>2021-11-30T04:29:15Z</time>
			</trkpt>
			<trkpt lat="38.720726" lon="-105.177079">
				<ele>2753.53962</ele>
				<time>2021-11-30T04:29:32Z</time>
			</trkpt>
			<trkpt lat="38.720393" lon="-105.177326">
				<ele>2752.079896</ele>
				<time>2021-11-30T04:29:44Z</time>
			</trkpt>
			<trkpt lat="38.719618" lon="-105.177577">
				<ele>2748.298934</ele>
				<time>2021-11-30T04:30:07Z</time>
			</trkpt>
			<trkpt lat="38.719268" lon="-105.17825">
				<ele>2744.234905</ele>
				<time>2021-11-30T04:30:25Z</time>
			</trkpt>
			<trkpt lat="38.719247" lon="-105.178912">
				<ele>2740.905772</ele>
				<time>2021-11-30T04:30:39Z</time>
			</trkpt>
			<trkpt lat="38.718803" lon="-105.179629">
				<ele>2735.719224</ele>
				<time>2021-11-30T04:30:58Z</time>
			</trkpt>
			<trkpt lat="38.718612" lon="-105.179986">
				<ele>2732.97166</ele>
				<time>2021-11-30T04:31:07Z</time>
			</trkpt>
			<trkpt lat="38.718239" lon="-105.180355">
				<ele>2729.138438</ele>
				<time>2021-11-30T04:31:19Z</time>
			</trkpt>
			<trkpt lat="38.717608" lon="-105.1807">
				<ele>2723.67404</ele>
				<time>2021-11-30T04:31:38Z</time>
			</trkpt>
			<trkpt lat="38.716232" lon="-105.180958">
				<ele>2716.166518</ele>
				<time>2021-11-30T04:32:18Z</time>
			</trkpt>
			<trkpt lat="38.715351" lon="-105.181586">
				<ele>2710.463506</ele>
				<time>2021-11-30T04:32:46Z</time>
			</trkpt>
			<trkpt lat="38.715043" lon="-105.181732">
				<ele>2708.557438</ele>
				<time>2021-11-30T04:32:56Z</time>
			</trkpt>
			<trkpt lat="38.714207" lon="-105.181715">
				<ele>2703.701432</ele>
				<time>2021-11-30T04:33:19Z</time>
			</trkpt>
			<trkpt lat="38.713833" lon="-105.181794">
				<ele>2701.365866</ele>
				<time>2021-11-30T04:33:29Z</time>
			</trkpt>
			<trkpt lat="38.713304" lon="-105.181987">
				<ele>2697.976821</ele>
				<time>2021-11-30T04:33:44Z</time>
			</trkpt>
			<trkpt lat="38.712711" lon="-105.182375">
				<ele>2693.874279</ele>
				<time>2021-11-30T04:34:03Z</time>
			</trkpt>
			<trkpt lat="38.71217" lon="-105.183307">
				<ele>2691.965007</ele>
				<time>2021-11-30T04:34:30Z</time>
			</trkpt>
			<trkpt lat="38.711992" lon="-105.183822">
				<ele>2691.528506</ele>
				<time>2021-11-30T04:34:46Z</time>
			</trkpt>
			<trkpt lat="38.71181" lon="-105.184089">
				<ele>2691.253761</ele>
				<time>2021-11-30T04:34:57Z</time>
			</trkpt>
			<trkpt lat="38.711251" lon="-105.184791">
				<ele>2692.25997</ele>
				<time>2021-11-30T04:35:37Z</time>
			</trkpt>
			<trkpt lat="38.710595" lon="-105.185396">
				<ele>2694.961763</ele>
				<time>2021-11-30T04:36:25Z</time>
			</trkpt>
			<trkpt lat="38.709701" lon="-105.186488">
				<ele>2697.226926</ele>
				<time>2021-11-30T04:37:27Z</time>
			</trkpt>
			<trkpt lat="38.709469" lon="-105.186813">
				<ele>2697.399437</ele>
				<time>2021-11-30T04:37:40Z</time>
			</trkpt>
			<trkpt lat="38.7093" lon="-105.18736">
				<ele>2697.629849</ele>
				<time>2021-11-30T04:37:56Z</time>
			</trkpt>
			<trkpt lat="38.708401" lon="-105.188659">
				<ele>2697.298566</ele>
				<time>2021-11-30T04:38:42Z</time>
			</trkpt>
			<trkpt lat="38.708294" lon="-105.189515">
				<ele>2696.964044</ele>
				<time>2021-11-30T04:39:07Z</time>
			</trkpt>
			<trkpt lat="38.708213" lon="-105.189742">
				<ele>2696.861463</ele>
				<time>2021-11-30T04:39:15Z</time>
			</trkpt>
			<trkpt lat="38.70787" lon="-105.189599">
				<ele>2696.657302</ele>
				<time>2021-11-30T04:39:30Z</time>
			</trkpt>
			<trkpt lat="38.707555" lon="-105.189741">
				<ele>2696.468296</ele>
				<time>2021-11-30T04:39:44Z</time>
			</trkpt>
			<trkpt lat="38.707335" lon="-105.189946">
				<ele>2696.314331</ele>
				<time>2021-11-30T04:39:56Z</time>
			</trkpt>
			<trkpt lat="38.706562" lon="-105.190829">
				<ele>2693.918842</ele>
				<time>2021-11-30T04:40:29Z</time>
			</trkpt>
			<trkpt lat="38.70615" lon="-105.191054">
				<ele>2690.881563</ele>
				<time>2021-11-30T04:40:42Z</time>
			</trkpt>
			<trkpt lat="38.705796" lon="-105.192459">
				<ele>2682.464059</ele>
				<time>2021-11-30T04:41:13Z</time>
			</trkpt>
			<trkpt lat="38.705901" lon="-105.192792">
				<ele>2678.732599</ele>
				<time>2021-11-30T04:41:20Z</time>
			</trkpt>
			<trkpt lat="38.705847" lon="-105.192971">
				<ele>2676.738749</ele>
				<time>2021-11-30T04:41:24Z</time>
			</trkpt>
			<trkpt lat="38.705549" lon="-105.193084">
				<ele>2672.601228</ele>
				<time>2021-11-30T04:41:31Z</time>
			</trkpt>
			<trkpt lat="38.70447" lon="-105.194151">
				<ele>2655.453376</ele>
				<time>2021-11-30T04:42:04Z</time>
			</trkpt>
			<trkpt lat="38.704217" lon="-105.194332">
				<ele>2652.322799</ele>
				<time>2021-11-30T04:42:12Z</time>
			</trkpt>
			<trkpt lat="38.704113" lon="-105.194535">
				<ele>2650.27537</ele>
				<time>2021-11-30T04:42:16Z</time>
			</trkpt>
			<trkpt lat="38.70415" lon="-105.194676">
				<ele>2649.021142</ele>
				<time>2021-11-30T04:42:19Z</time>
			</trkpt>
			<trkpt lat="38.70425" lon="-105.194717">
				<ele>2647.88678</ele>
				<time>2021-11-30T04:42:22Z</time>
			</trkpt>
			<trkpt lat="38.704839" lon="-105.194513">
				<ele>2641.294841</ele>
				<time>2021-11-30T04:42:38Z</time>
			</trkpt>
			<trkpt lat="38.705134" lon="-105.194327">
				<ele>2638.485671</ele>
				<time>2021-11-30T04:42:47Z</time>
			</trkpt>
			<trkpt lat="38.705242" lon="-105.194395">
				<ele>2637.560989</ele>
				<time>2021-11-30T04:42:50Z</time>
			</trkpt>
			<trkpt lat="38.705284" lon="-105.194569">
				<ele>2636.468792</ele>
				<time>2021-11-30T04:42:54Z</time>
			</trkpt>
			<trkpt lat="38.705405" lon="-105.194726">
				<ele>2635.145566</ele>
				<time>2021-11-30T04:42:59Z</time>
			</trkpt>
			<trkpt lat="38.705832" lon="-105.194768">
				<ele>2631.854684</ele>
				<time>2021-11-30T04:43:11Z</time>
			</trkpt>
			<trkpt lat="38.70593" lon="-105.195113">
				<ele>2629.653048</ele>
				<time>2021-11-30T04:43:18Z</time>
			</trkpt>
			<trkpt lat="38.705894" lon="-105.195313">
				<ele>2628.422231</ele>
				<time>2021-11-30T04:43:23Z</time>
			</trkpt>
			<trkpt lat="38.70579" lon="-105.195352">
				<ele>2627.589539</ele>
				<time>2021-11-30T04:43:26Z</time>
			</trkpt>
			<trkpt lat="38.705351" lon="-105.195388">
				<ele>2623.661308</ele>
				<time>2021-11-30T04:43:37Z</time>
			</trkpt>
			<trkpt lat="38.704831" lon="-105.195352">
				<ele>2618.700106</ele>
				<time>2021-11-30T04:43:50Z</time>
			</trkpt>
			<trkpt lat="38.703403" lon="-105.196749">
				<ele>2602.153436</ele>
				<time>2021-11-30T04:44:37Z</time>
			</trkpt>
			<trkpt lat="38.703004" lon="-105.197015">
				<ele>2598.182237</ele>
				<time>2021-11-30T04:44:49Z</time>
			</trkpt>
			<trkpt lat="38.702795" lon="-105.197264">
				<ele>2595.662511</ele>
				<time>2021-11-30T04:44:56Z</time>
			</trkpt>
			<trkpt lat="38.701994" lon="-105.197002">
				<ele>2590.254875</ele>
				<time>2021-11-30T04:45:19Z</time>
			</trkpt>
			<trkpt lat="38.701796" lon="-105.197048">
				<ele>2589.135247</ele>
				<time>2021-11-30T04:45:24Z</time>
			</trkpt>
			<trkpt lat="38.701504" lon="-105.197232">
				<ele>2587.324739</ele>
				<time>2021-11-30T04:45:34Z</time>
			</trkpt>
			<trkpt lat="38.701146" lon="-105.197628">
				<ele>2584.693308</ele>
				<time>2021-11-30T04:45:48Z</time>
			</trkpt>
			<trkpt lat="38.700901" lon="-105.197772">
				<ele>2583.262661</ele>
				<time>2021-11-30T04:45:56Z</time>
			</trkpt>
			<trkpt lat="38.700608" lon="-105.197836">
				<ele>2582.021957</ele>
				<time>2021-11-30T04:46:04Z</time>
			</trkpt>
			<trkpt lat="38.700131" lon="-105.197825">
				<ele>2580.030508</ele>
				<time>2021-11-30T04:46:19Z</time>
			</trkpt>
			<trkpt lat="38.69955" lon="-105.198105">
				<ele>2577.439393</ele>
				<time>2021-11-30T04:46:37Z</time>
			</trkpt>
			<trkpt lat="38.698911" lon="-105.198871">
				<ele>2572.985389</ele>
				<time>2021-11-30T04:47:03Z</time>
			</trkpt>
			<trkpt lat="38.698821" lon="-105.199201">
				<ele>2571.42709</ele>
				<time>2021-11-30T04:47:10Z</time>
			</trkpt>
			<trkpt lat="38.698726" lon="-105.199438">
				<ele>2570.239393</ele>
				<time>2021-11-30T04:47:16Z</time>
			</trkpt>
			<trkpt lat="38.698568" lon="-105.199532">
				<ele>2569.244383</ele>
				<time>2021-11-30T04:47:21Z</time>
			</trkpt>
			<trkpt lat="38.698316" lon="-105.199528">
				<ele>2567.804886</ele>
				<time>2021-11-30T04:47:28Z</time>
			</trkpt>
			<trkpt lat="38.698116" lon="-105.199679">
				<ele>2566.478947</ele>
				<time>2021-11-30T04:47:34Z</time>
			</trkpt>
			<trkpt lat="38.698" lon="-105.199931">
				<ele>2565.183435</ele>
				<time>2021-11-30T04:47:41Z</time>
			</trkpt>
			<trkpt lat="38.697876" lon="-105.200444">
				<ele>2562.829932</ele>
				<time>2021-11-30T04:47:53Z</time>
			</trkpt>
			<trkpt lat="38.697812" lon="-105.200903">
				<ele>2560.786579</ele>
				<time>2021-11-30T04:48:03Z</time>
			</trkpt>
			<trkpt lat="38.697805" lon="-105.201405">
				<ele>2558.586282</ele>
				<time>2021-11-30T04:48:13Z</time>
			</trkpt>
			<trkpt lat="38.697696" lon="-105.201588">
				<ele>2557.577438</ele>
				<time>2021-11-30T04:48:18Z</time>
			</trkpt>
			<trkpt lat="38.697212" lon="-105.201996">
				<ele>2555.685874</ele>
				<time>2021-11-30T04:48:35Z</time>
			</trkpt>
			<trkpt lat="38.697" lon="-105.202105">
				<ele>2555.784176</ele>
				<time>2021-11-30T04:48:43Z</time>
			</trkpt>
			<trkpt lat="38.696842" lon="-105.201999">
				<ele>2555.860925</ele>
				<time>2021-11-30T04:48:50Z</time>
			</trkpt>
			<trkpt lat="38.696585" lon="-105.201657">
				<ele>2556.020378</ele>
				<time>2021-11-30T04:49:09Z</time>
			</trkpt>
			<trkpt lat="38.696486" lon="-105.201452">
				<ele>2556.101344</ele>
				<time>2021-11-30T04:49:21Z</time>
			</trkpt>
			<trkpt lat="38.696302" lon="-105.201289">
				<ele>2556.197608</ele>
				<time>2021-11-30T04:49:32Z</time>
			</trkpt>
			<trkpt lat="38.695882" lon="-105.20117">
				<ele>2556.088882</ele>
				<time>2021-11-30T04:49:54Z</time>
			</trkpt>
			<trkpt lat="38.695572" lon="-105.201559">
				<ele>2553.497095</ele>
				<time>2021-11-30T04:50:09Z</time>
			</trkpt>
			<trkpt lat="38.695418" lon="-105.201982">
				<ele>2551.32112</ele>
				<time>2021-11-30T04:50:20Z</time>
			</trkpt>
			<trkpt lat="38.695515" lon="-105.202691">
				<ele>2547.965433</ele>
				<time>2021-11-30T04:50:36Z</time>
			</trkpt>
			<trkpt lat="38.695635" lon="-105.202964">
				<ele>2546.504774</ele>
				<time>2021-11-30T04:50:42Z</time>
			</trkpt>
			<trkpt lat="38.696042" lon="-105.203486">
				<ele>2538.032061</ele>
				<time>2021-11-30T04:50:56Z</time>
			</trkpt>
			<trkpt lat="38.696337" lon="-105.20394">
				<ele>2529.851992</ele>
				<time>2021-11-30T04:51:06Z</time>
			</trkpt>
			<trkpt lat="38.696359" lon="-105.204131">
				<ele>2527.178576</ele>
				<time>2021-11-30T04:51:10Z</time>
			</trkpt>
			<trkpt lat="38.696275" lon="-105.204196">
				<ele>2525.437563</ele>
				<time>2021-11-30T04:51:12Z</time>
			</trkpt>
			<trkpt lat="38.695822" lon="-105.204281">
				<ele>2517.314795</ele>
				<time>2021-11-30T04:51:23Z</time>
			</trkpt>
			<trkpt lat="38.695161" lon="-105.205037">
				<ele>2504.368482</ele>
				<time>2021-11-30T04:51:44Z</time>
			</trkpt>
			<trkpt lat="38.695071" lon="-105.205323">
				<ele>2501.076144</ele>
				<time>2021-11-30T04:51:50Z</time>
			</trkpt>
			<trkpt lat="38.695119" lon="-105.20554">
				<ele>2498.668089</ele>
				<time>2021-11-30T04:51:54Z</time>
			</trkpt>
			<trkpt lat="38.69511" lon="-105.20613">
				<ele>2492.367736</ele>
				<time>2021-11-30T04:52:06Z</time>
			</trkpt>
			<trkpt lat="38.694998" lon="-105.206268">
				<ele>2490.242156</ele>
				<time>2021-11-30T04:52:10Z</time>
			</trkpt>
			<trkpt lat="38.694805" lon="-105.20631">
				<ele>2488.315381</ele>
				<time>2021-11-30T04:52:15Z</time>
			</trkpt>
			<trkpt lat="38.694345" lon="-105.206352">
				<ele>2485.084501</ele>
				<time>2021-11-30T04:52:27Z</time>
			</trkpt>
			<trkpt lat="38.694051" lon="-105.206063">
				<ele>2482.488402</ele>
				<time>2021-11-30T04:52:37Z</time>
			</trkpt>
			<trkpt lat="38.693077" lon="-105.20583">
				<ele>2475.733685</ele>
				<time>2021-11-30T04:53:06Z</time>
			</trkpt>
			<trkpt lat="38.692547" lon="-105.206007">
				<ele>2472.646737</ele>
				<time>2021-11-30T04:53:21Z</time>
			</trkpt>
			<trkpt lat="38.692321" lon="-105.206372">
				<ele>2470.597202</ele>
				<time>2021-11-30T04:53:31Z</time>
			</trkpt>
			<trkpt lat="38.691915" lon="-105.206406">
				<ele>2468.30406</ele>
				<time>2021-11-30T04:53:43Z</time>
			</trkpt>
			<trkpt lat="38.691763" lon="-105.206473">
				<ele>2467.398088</ele>
				<time>2021-11-30T04:53:47Z</time>
			</trkpt>
			<trkpt lat="38.691399" lon="-105.206889">
				<ele>2464.791192</ele>
				<time>2021-11-30T04:54:01Z</time>
			</trkpt>
			<trkpt lat="38.69126" lon="-105.206973">
				<ele>2463.99678</ele>
				<time>2021-11-30T04:54:05Z</time>
			</trkpt>
			<trkpt lat="38.691029" lon="-105.206448">
				<ele>2461.565256</ele>
				<time>2021-11-30T04:54:19Z</time>
			</trkpt>
			<trkpt lat="38.690823" lon="-105.206246">
				<ele>2460.224344</ele>
				<time>2021-11-30T04:54:27Z</time>
			</trkpt>
			<trkpt lat="38.690597" lon="-105.206146">
				<ele>2458.988434</ele>
				<time>2021-11-30T04:54:34Z</time>
			</trkpt>
			<trkpt lat="38.690504" lon="-105.206149">
				<ele>2458.507561</ele>
				<time>2021-11-30T04:54:37Z</time>
			</trkpt>
			<trkpt lat="38.689967" lon="-105.206839">
				<ele>2452.500734</ele>
				<time>2021-11-30T04:54:58Z</time>
			</trkpt>
			<trkpt lat="38.689641" lon="-105.207359">
				<ele>2447.568506</ele>
				<time>2021-11-30T04:55:11Z</time>
			</trkpt>
			<trkpt lat="38.689084" lon="-105.208572">
				<ele>2436.521516</ele>
				<time>2021-11-30T04:55:39Z</time>
			</trkpt>
			<trkpt lat="38.688913" lon="-105.208671">
				<ele>2434.346975</ele>
				<time>2021-11-30T04:55:43Z</time>
			</trkpt>
			<trkpt lat="38.6888" lon="-105.208892">
				<ele>2431.957256</ele>
				<time>2021-11-30T04:55:49Z</time>
			</trkpt>
			<trkpt lat="38.688653" lon="-105.208947">
				<ele>2430.182616</ele>
				<time>2021-11-30T04:55:52Z</time>
			</trkpt>
			<trkpt lat="38.688541" lon="-105.208922">
				<ele>2428.865174</ele>
				<time>2021-11-30T04:55:55Z</time>
			</trkpt>
			<trkpt lat="38.68826" lon="-105.209021">
				<ele>2425.487973</ele>
				<time>2021-11-30T04:56:02Z</time>
			</trkpt>
			<trkpt lat="38.687665" lon="-105.209007">
				<ele>2418.766231</ele>
				<time>2021-11-30T04:56:18Z</time>
			</trkpt>
			<trkpt lat="38.687361" lon="-105.209081">
				<ele>2416.236338</ele>
				<time>2021-11-30T04:56:26Z</time>
			</trkpt>
			<trkpt lat="38.687135" lon="-105.209081">
				<ele>2414.388621</ele>
				<time>2021-11-30T04:56:32Z</time>
			</trkpt>
			<trkpt lat="38.686843" lon="-105.209256">
				<ele>2411.752991</ele>
				<time>2021-11-30T04:56:41Z</time>
			</trkpt>
			<trkpt lat="38.6867" lon="-105.20927">
				<ele>2410.580451</ele>
				<time>2021-11-30T04:56:45Z</time>
			</trkpt>
			<trkpt lat="38.686439" lon="-105.209091">
				<ele>2408.160051</ele>
				<time>2021-11-30T04:56:53Z</time>
			</trkpt>
			<trkpt lat="38.686289" lon="-105.209093">
				<ele>2406.933623</ele>
				<time>2021-11-30T04:56:57Z</time>
			</trkpt>
			<trkpt lat="38.686099" lon="-105.209259">
				<ele>2405.053379</ele>
				<time>2021-11-30T04:57:03Z</time>
			</trkpt>
			<trkpt lat="38.685328" lon="-105.209481">
				<ele>2397.597806</ele>
				<time>2021-11-30T04:57:23Z</time>
			</trkpt>
			<trkpt lat="38.685232" lon="-105.209643">
				<ele>2396.08039</ele>
				<time>2021-11-30T04:57:27Z</time>
			</trkpt>
			<trkpt lat="38.685224" lon="-105.209882">
				<ele>2394.295694</ele>
				<time>2021-11-30T04:57:32Z</time>
			</trkpt>
			<trkpt lat="38.685271" lon="-105.210022">
				<ele>2393.158726</ele>
				<time>2021-11-30T04:57:35Z</time>
			</trkpt>
			<trkpt lat="38.685637" lon="-105.210443">
				<ele>2388.457529</ele>
				<time>2021-11-30T04:57:48Z</time>
			</trkpt>
			<trkpt lat="38.685809" lon="-105.210735">
				<ele>2385.447446</ele>
				<time>2021-11-30T04:57:56Z</time>
			</trkpt>
			<trkpt lat="38.685882" lon="-105.211118">
				<ele>2381.976394</ele>
				<time>2021-11-30T04:58:04Z</time>
			</trkpt>
			<trkpt lat="38.685842" lon="-105.211261">
				<ele>2380.639008</ele>
				<time>2021-11-30T04:58:07Z</time>
			</trkpt>
			<trkpt lat="38.685664" lon="-105.211495">
				<ele>2377.762389</ele>
				<time>2021-11-30T04:58:13Z</time>
			</trkpt>
			<trkpt lat="38.685244" lon="-105.211811">
				<ele>2372.268695</ele>
				<time>2021-11-30T04:58:25Z</time>
			</trkpt>
			<trkpt lat="38.685064" lon="-105.211818">
				<ele>2370.237558</ele>
				<time>2021-11-30T04:58:30Z</time>
			</trkpt>
			<trkpt lat="38.684868" lon="-105.211652">
				<ele>2367.587458</ele>
				<time>2021-11-30T04:58:36Z</time>
			</trkpt>
			<trkpt lat="38.684855" lon="-105.211293">
				<ele>2364.117685</ele>
				<time>2021-11-30T04:58:43Z</time>
			</trkpt>
			<trkpt lat="38.68443" lon="-105.210806">
				<ele>2356.923967</ele>
				<time>2021-11-30T04:58:57Z</time>
			</trkpt>
			<trkpt lat="38.684039" lon="-105.210737">
				<ele>2351.944568</ele>
				<time>2021-11-30T04:59:06Z</time>
			</trkpt>
			<trkpt lat="38.683825" lon="-105.210996">
				<ele>2348.230445</ele>
				<time>2021-11-30T04:59:14Z</time>
			</trkpt>
			<trkpt lat="38.683684" lon="-105.211167">
				<ele>2345.780914</ele>
				<time>2021-11-30T04:59:18Z</time>
			</trkpt>
			<trkpt lat="38.683368" lon="-105.211794">
				<ele>2339.055068</ele>
				<time>2021-11-30T04:59:33Z</time>
			</trkpt>
			<trkpt lat="38.682859" lon="-105.212238">
				<ele>2332.110829</ele>
				<time>2021-11-30T04:59:48Z</time>
			</trkpt>
			<trkpt lat="38.682696" lon="-105.212262">
				<ele>2330.260608</ele>
				<time>2021-11-30T04:59:53Z</time>
			</trkpt>
			<trkpt lat="38.682387" lon="-105.212154">
				<ele>2326.648707</ele>
				<time>2021-11-30T05:00:01Z</time>
			</trkpt>
			<trkpt lat="38.682043" lon="-105.211713">
				<ele>2320.883579</ele>
				<time>2021-11-30T05:00:14Z</time>
			</trkpt>
			<trkpt lat="38.681395" lon="-105.211302">
				<ele>2311.941541</ele>
				<time>2021-11-30T05:00:32Z</time>
			</trkpt>
			<trkpt lat="38.680995" lon="-105.211298">
				<ele>2306.994738</ele>
				<time>2021-11-30T05:00:41Z</time>
			</trkpt>
			<trkpt lat="38.680815" lon="-105.211003">
				<ele>2303.380109</ele>
				<time>2021-11-30T05:00:48Z</time>
			</trkpt>
			<trkpt lat="38.680414" lon="-105.210676">
				<ele>2297.009172</ele>
				<time>2021-11-30T05:01:00Z</time>
			</trkpt>
			<trkpt lat="38.680117" lon="-105.210468">
				<ele>2292.341941</ele>
				<time>2021-11-30T05:01:09Z</time>
			</trkpt>
			<trkpt lat="38.679975" lon="-105.210429">
				<ele>2290.339484</ele>
				<time>2021-11-30T05:01:12Z</time>
			</trkpt>
			<trkpt lat="38.679763" lon="-105.210493">
				<ele>2287.336254</ele>
				<time>2021-11-30T05:01:18Z</time>
			</trkpt>
			<trkpt lat="38.679049" lon="-105.210558">
				<ele>2277.466468</ele>
				<time>2021-11-30T05:01:35Z</time>
			</trkpt>
			<trkpt lat="38.678514" lon="-105.211435">
				<ele>2264.935428</ele>
				<time>2021-11-30T05:01:56Z</time>
			</trkpt>
			<trkpt lat="38.678437" lon="-105.211837">
				<ele>2260.266565</ele>
				<time>2021-11-30T05:02:04Z</time>
			</trkpt>
			<trkpt lat="38.678477" lon="-105.212152">
				<ele>2256.666814</ele>
				<time>2021-11-30T05:02:10Z</time>
			</trkpt>
			<trkpt lat="38.678403" lon="-105.212325">
				<ele>2254.441731</ele>
				<time>2021-11-30T05:02:14Z</time>
			</trkpt>
			<trkpt lat="38.678202" lon="-105.212473">
				<ele>2251.091951</ele>
				<time>2021-11-30T05:02:19Z</time>
			</trkpt>
			<trkpt lat="38.677857" lon="-105.212365">
				<ele>2246.34426</ele>
				<time>2021-11-30T05:02:28Z</time>
			</trkpt>
			<trkpt lat="38.677622" lon="-105.212394">
				<ele>2243.193106</ele>
				<time>2021-11-30T05:02:34Z</time>
			</trkpt>
			<trkpt lat="38.677355" lon="-105.212523">
				<ele>2239.384286</ele>
				<time>2021-11-30T05:02:41Z</time>
			</trkpt>
			<trkpt lat="38.677158" lon="-105.212935">
				<ele>2234.349991</ele>
				<time>2021-11-30T05:02:50Z</time>
			</trkpt>
			<trkpt lat="38.677183" lon="-105.213163">
				<ele>2231.950908</ele>
				<time>2021-11-30T05:02:55Z</time>
			</trkpt>
			<trkpt lat="38.677171" lon="-105.213325">
				<ele>2230.255283</ele>
				<time>2021-11-30T05:02:58Z</time>
			</trkpt>
			<trkpt lat="38.676963" lon="-105.213594">
				<ele>2226.479781</ele>
				<time>2021-11-30T05:03:05Z</time>
			</trkpt>
			<trkpt lat="38.676837" lon="-105.213974">
				<ele>2223.253628</ele>
				<time>2021-11-30T05:03:13Z</time>
			</trkpt>
			<trkpt lat="38.676349" lon="-105.215007">
				<ele>2213.818609</ele>
				<time>2021-11-30T05:03:37Z</time>
			</trkpt>
			<trkpt lat="38.676223" lon="-105.215136">
				<ele>2212.204055</ele>
				<time>2021-11-30T05:03:42Z</time>
			</trkpt>
			<trkpt lat="38.675777" lon="-105.215206">
				<ele>2207.958792</ele>
				<time>2021-11-30T05:03:54Z</time>
			</trkpt>
			<trkpt lat="38.675397" lon="-105.215375">
				<ele>2204.727164</ele>
				<time>2021-11-30T05:04:04Z</time>
			</trkpt>
			<trkpt lat="38.675197" lon="-105.215508">
				<ele>2202.916767</ele>
				<time>2021-11-30T05:04:10Z</time>
			</trkpt>
			<trkpt lat="38.675008" lon="-105.215932">
				<ele>2199.854484</ele>
				<time>2021-11-30T05:04:20Z</time>
			</trkpt>
			<trkpt lat="38.674941" lon="-105.216236">
				<ele>2197.873267</ele>
				<time>2021-11-30T05:04:27Z</time>
			</trkpt>
			<trkpt lat="38.674848" lon="-105.216424">
				<ele>2196.477343</ele>
				<time>2021-11-30T05:04:32Z</time>
			</trkpt>
			<trkpt lat="38.674749" lon="-105.217129">
				<ele>2192.18431</ele>
				<time>2021-11-30T05:04:47Z</time>
			</trkpt>
			<trkpt lat="38.674613" lon="-105.217416">
				<ele>2190.243482</ele>
				<time>2021-11-30T05:04:54Z</time>
			</trkpt>
			<trkpt lat="38.67444" lon="-105.217885">
				<ele>2187.244834</ele>
				<time>2021-11-30T05:05:05Z</time>
			</trkpt>
			<trkpt lat="38.67424" lon="-105.218182">
				<ele>2184.977442</ele>
				<time>2021-11-30T05:05:13Z</time>
			</trkpt>
			<trkpt lat="38.673907" lon="-105.218436">
				<ele>2182.10758</ele>
				<time>2021-11-30T05:05:23Z</time>
			</trkpt>
			<trkpt lat="38.673617" lon="-105.218551">
				<ele>2180.174858</ele>
				<time>2021-11-30T05:05:32Z</time>
			</trkpt>
			<trkpt lat="38.673324" lon="-105.218554">
				<ele>2178.509191</ele>
				<time>2021-11-30T05:05:40Z</time>
			</trkpt>
			<trkpt lat="38.672795" lon="-105.218324">
				<ele>2175.333462</ele>
				<time>2021-11-30T05:05:56Z</time>
			</trkpt>
			<trkpt lat="38.672567" lon="-105.218041">
				<ele>2173.528618</ele>
				<time>2021-11-30T05:06:06Z</time>
			</trkpt>
			<trkpt lat="38.672435" lon="-105.217929">
				<ele>2172.628531</ele>
				<time>2021-11-30T05:06:10Z</time>
			</trkpt>
			<trkpt lat="38.67219" lon="-105.217928">
				<ele>2171.235775</ele>
				<time>2021-11-30T05:06:17Z</time>
			</trkpt>
			<trkpt lat="38.67164" lon="-105.218165">
				<ele>2168.244445</ele>
				<time>2021-11-30T05:06:33Z</time>
			</trkpt>
			<trkpt lat="38.671317" lon="-105.218571">
				<ele>2165.930722</ele>
				<time>2021-11-30T05:06:46Z</time>
			</trkpt>
			<trkpt lat="38.671023" lon="-105.218827">
				<ele>2164.113172</ele>
				<time>2021-11-30T05:06:56Z</time>
			</trkpt>
			<trkpt lat="38.670727" lon="-105.218852">
				<ele>2162.596562</ele>
				<time>2021-11-30T05:07:05Z</time>
			</trkpt>
			<trkpt lat="38.670299" lon="-105.218726">
				<ele>2160.922119</ele>
				<time>2021-11-30T05:07:18Z</time>
			</trkpt>
			<trkpt lat="38.669835" lon="-105.218732">
				<ele>2159.486979</ele>
				<time>2021-11-30T05:07:32Z</time>
			</trkpt>
			<trkpt lat="38.669107" lon="-105.219068">
				<ele>2157.093681</ele>
				<time>2021-11-30T05:07:57Z</time>
			</trkpt>
			<trkpt lat="38.668757" lon="-105.219409">
				<ele>2155.526861</ele>
				<time>2021-11-30T05:08:11Z</time>
			</trkpt>
			<trkpt lat="38.668378" lon="-105.220346">
				<ele>2151.924335</ele>
				<time>2021-11-30T05:08:36Z</time>
			</trkpt>
			<trkpt lat="38.668239" lon="-105.22058">
				<ele>2150.920581</ele>
				<time>2021-11-30T05:08:42Z</time>
			</trkpt>
			<trkpt lat="38.667851" lon="-105.220993">
				<ele>2148.714692</ele>
				<time>2021-11-30T05:08:56Z</time>
			</trkpt>
			<trkpt lat="38.667542" lon="-105.221645">
				<ele>2145.098651</ele>
				<time>2021-11-30T05:09:13Z</time>
			</trkpt>
			<trkpt lat="38.666669" lon="-105.223309">
				<ele>2134.492395</ele>
				<time>2021-11-30T05:09:56Z</time>
			</trkpt>
			<trkpt lat="38.666141" lon="-105.224587">
				<ele>2124.575154</ele>
				<time>2021-11-30T05:10:26Z</time>
			</trkpt>
			<trkpt lat="38.665962" lon="-105.224865">
				<ele>2122.103629</ele>
				<time>2021-11-30T05:10:34Z</time>
			</trkpt>
			<trkpt lat="38.665383" lon="-105.225945">
				<ele>2110.311502</ele>
				<time>2021-11-30T05:10:59Z</time>
			</trkpt>
			<trkpt lat="38.665234" lon="-105.226105">
				<ele>2108.008753</ele>
				<time>2021-11-30T05:11:04Z</time>
			</trkpt>
			<trkpt lat="38.66515" lon="-105.226294">
				<ele>2105.997791</ele>
				<time>2021-11-30T05:11:08Z</time>
			</trkpt>
			<trkpt lat="38.665071" lon="-105.226388">
				<ele>2104.720748</ele>
				<time>2021-11-30T05:11:11Z</time>
			</trkpt>
			<trkpt lat="38.66456" lon="-105.226688">
				<ele>2098.629902</ele>
				<time>2021-11-30T05:11:25Z</time>
			</trkpt>
			<trkpt lat="38.664378" lon="-105.226712">
				<ele>2097.139446</ele>
				<time>2021-11-30T05:11:29Z</time>
			</trkpt>
			<trkpt lat="38.664266" lon="-105.226631">
				<ele>2096.091644</ele>
				<time>2021-11-30T05:11:33Z</time>
			</trkpt>
			<trkpt lat="38.663397" lon="-105.225613">
				<ele>2086.497747</ele>
				<time>2021-11-30T05:12:04Z</time>
			</trkpt>
			<trkpt lat="38.66298" lon="-105.224838">
				<ele>2084.129421</ele>
				<time>2021-11-30T05:12:27Z</time>
			</trkpt>
			<trkpt lat="38.662707" lon="-105.223562">
				<ele>2082.172471</ele>
				<time>2021-11-30T05:13:02Z</time>
			</trkpt>
			<trkpt lat="38.662552" lon="-105.223264">
				<ele>2081.890921</ele>
				<time>2021-11-30T05:13:13Z</time>
			</trkpt>
			<trkpt lat="38.6621" lon="-105.222833">
				<ele>2082.330165</ele>
				<time>2021-11-30T05:13:37Z</time>
			</trkpt>
			<trkpt lat="38.661695" lon="-105.222508">
				<ele>2082.702695</ele>
				<time>2021-11-30T05:13:57Z</time>
			</trkpt>
			<trkpt lat="38.661524" lon="-105.222468">
				<ele>2082.838187</ele>
				<time>2021-11-30T05:14:04Z</time>
			</trkpt>
			<trkpt lat="38.661142" lon="-105.222474">
				<ele>2083.135959</ele>
				<time>2021-11-30T05:14:20Z</time>
			</trkpt>
			<trkpt lat="38.660307" lon="-105.222611">
				<ele>2084.352753</ele>
				<time>2021-11-30T05:14:55Z</time>
			</trkpt>
			<trkpt lat="38.660015" lon="-105.22283">
				<ele>2084.875227</ele>
				<time>2021-11-30T05:15:10Z</time>
			</trkpt>
			<trkpt lat="38.659674" lon="-105.222706">
				<ele>2085.422543</ele>
				<time>2021-11-30T05:15:27Z</time>
			</trkpt>
			<trkpt lat="38.658659" lon="-105.222813">
				<ele>2086.597587</ele>
				<time>2021-11-30T05:16:17Z</time>
			</trkpt>
			<trkpt lat="38.658289" lon="-105.222713">
				<ele>2086.948798</ele>
				<time>2021-11-30T05:16:34Z</time>
			</trkpt>
			<trkpt lat="38.65805" lon="-105.222765">
				<ele>2087.173953</ele>
				<time>2021-11-30T05:16:44Z</time>
			</trkpt>
			<trkpt lat="38.657282" lon="-105.223535">
				<ele>2086.203971</ele>
				<time>2021-11-30T05:17:18Z</time>
			</trkpt>
			<trkpt lat="38.656688" lon="-105.224309">
				<ele>2083.404717</ele>
				<time>2021-11-30T05:17:43Z</time>
			</trkpt>
			<trkpt lat="38.656206" lon="-105.224726">
				<ele>2081.512624</ele>
				<time>2021-11-30T05:18:00Z</time>
			</trkpt>
			<trkpt lat="38.655775" lon="-105.224902">
				<ele>2080.198283</ele>
				<time>2021-11-30T05:18:14Z</time>
			</trkpt>
			<trkpt lat="38.655394" lon="-105.224925">
				<ele>2079.090107</ele>
				<time>2021-11-30T05:18:26Z</time>
			</trkpt>
			<trkpt lat="38.654848" lon="-105.225095">
				<ele>2077.457558</ele>
				<time>2021-11-30T05:18:44Z</time>
			</trkpt>
			<trkpt lat="38.654592" lon="-105.225108">
				<ele>2076.713198</ele>
				<time>2021-11-30T05:18:52Z</time>
			</trkpt>
			<trkpt lat="38.654378" lon="-105.224983">
				<ele>2076.271267</ele>
				<time>2021-11-30T05:18:59Z</time>
			</trkpt>
			<trkpt lat="38.654307" lon="-105.224731">
				<ele>2075.974788</ele>
				<time>2021-11-30T05:19:06Z</time>
			</trkpt>
			<trkpt lat="38.654408" lon="-105.224243">
				<ele>2075.416083</ele>
				<time>2021-11-30T05:19:20Z</time>
			</trkpt>
			<trkpt lat="38.654642" lon="-105.223542">
				<ele>2074.572399</ele>
				<time>2021-11-30T05:19:40Z</time>
			</trkpt>
			<trkpt lat="38.654761" lon="-105.222718">
				<ele>2073.736943</ele>
				<time>2021-11-30T05:20:02Z</time>
			</trkpt>
			<trkpt lat="38.654447" lon="-105.221928">
				<ele>2073.049412</ele>
				<time>2021-11-30T05:20:26Z</time>
			</trkpt>
			<trkpt lat="38.653966" lon="-105.221317">
				<ele>2072.376505</ele>
				<time>2021-11-30T05:20:50Z</time>
			</trkpt>
			<trkpt lat="38.65378" lon="-105.220657">
				<ele>2071.532231</ele>
				<time>2021-11-30T05:21:09Z</time>
			</trkpt>
			<trkpt lat="38.653814" lon="-105.22024">
				<ele>2070.914528</ele>
				<time>2021-11-30T05:21:20Z</time>
			</trkpt>
			<trkpt lat="38.653689" lon="-105.220058">
				<ele>2070.55744</ele>
				<time>2021-11-30T05:21:27Z</time>
			</trkpt>
			<trkpt lat="38.653393" lon="-105.219778">
				<ele>2069.863165</ele>
				<time>2021-11-30T05:21:39Z</time>
			</trkpt>
			<trkpt lat="38.652207" lon="-105.219378">
				<ele>2066.65879</ele>
				<time>2021-11-30T05:22:16Z</time>
			</trkpt>
			<trkpt lat="38.652034" lon="-105.219398">
				<ele>2066.09249</ele>
				<time>2021-11-30T05:22:22Z</time>
			</trkpt>
			<trkpt lat="38.651814" lon="-105.21953">
				<ele>2065.300423</ele>
				<time>2021-11-30T05:22:29Z</time>
			</trkpt>
			<trkpt lat="38.651574" lon="-105.219569">
				<ele>2064.511711</ele>
				<time>2021-11-30T05:22:36Z</time>
			</trkpt>
			<trkpt lat="38.65116" lon="-105.219499">
				<ele>2063.150293</ele>
				<time>2021-11-30T05:22:49Z</time>
			</trkpt>
			<trkpt lat="38.650656" lon="-105.219628">
				<ele>2061.748959</ele>
				<time>2021-11-30T05:23:05Z</time>
			</trkpt>
			<trkpt lat="38.650064" lon="-105.219638">
				<ele>2060.187959</ele>
				<time>2021-11-30T05:23:23Z</time>
			</trkpt>
			<trkpt lat="38.649234" lon="-105.219315">
				<ele>2058.658006</ele>
				<time>2021-11-30T05:23:51Z</time>
			</trkpt>
			<trkpt lat="38.649188" lon="-105.219361">
				<ele>2058.942729</ele>
				<time>2021-11-30T05:23:53Z</time>
			</trkpt>
			<trkpt lat="38.64876" lon="-105.219651">
				<ele>2061.304912</ele>
				<time>2021-11-30T05:24:15Z</time>
			</trkpt>
			<trkpt lat="38.64844" lon="-105.219685">
				<ele>2062.871305</ele>
				<time>2021-11-30T05:24:35Z</time>
			</trkpt>
			<trkpt lat="38.647908" lon="-105.219884">
				<ele>2065.574991</ele>
				<time>2021-11-30T05:25:18Z</time>
			</trkpt>
			<trkpt lat="38.647759" lon="-105.21996">
				<ele>2066.357394</ele>
				<time>2021-11-30T05:25:30Z</time>
			</trkpt>
			<trkpt lat="38.647576" lon="-105.220137">
				<ele>2067.991417</ele>
				<time>2021-11-30T05:25:50Z</time>
			</trkpt>
			<trkpt lat="38.647172" lon="-105.220107">
				<ele>2071.864632</ele>
				<time>2021-11-30T05:26:26Z</time>
			</trkpt>
			<trkpt lat="38.646955" lon="-105.220148">
				<ele>2073.964048</ele>
				<time>2021-11-30T05:26:46Z</time>
			</trkpt>
			<trkpt lat="38.646831" lon="-105.220095">
				<ele>2075.215242</ele>
				<time>2021-11-30T05:26:59Z</time>
			</trkpt>
			<trkpt lat="38.646501" lon="-105.219906">
				<ele>2078.675279</ele>
				<time>2021-11-30T05:27:33Z</time>
			</trkpt>
			<trkpt lat="38.646337" lon="-105.219598">
				<ele>2081.461787</ele>
				<time>2021-11-30T05:28:00Z</time>
			</trkpt>
			<trkpt lat="38.646224" lon="-105.219192">
				<ele>2084.109858</ele>
				<time>2021-11-30T05:28:27Z</time>
			</trkpt>
			<trkpt lat="38.645984" lon="-105.218962">
				<ele>2083.861564</ele>
				<time>2021-11-30T05:28:46Z</time>
			</trkpt>
			<trkpt lat="38.645753" lon="-105.218347">
				<ele>2083.420115</ele>
				<time>2021-11-30T05:29:06Z</time>
			</trkpt>
			<trkpt lat="38.645506" lon="-105.218073">
				<ele>2083.149434</ele>
				<time>2021-11-30T05:29:15Z</time>
			</trkpt>
			<trkpt lat="38.645296" lon="-105.217502">
				<ele>2082.741158</ele>
				<time>2021-11-30T05:29:29Z</time>
			</trkpt>
			<trkpt lat="38.64535" lon="-105.217116">
				<ele>2081.90484</ele>
				<time>2021-11-30T05:29:38Z</time>
			</trkpt>
			<trkpt lat="38.645156" lon="-105.216519">
				<ele>2080.120004</ele>
				<time>2021-11-30T05:29:52Z</time>
			</trkpt>
			<trkpt lat="38.645023" lon="-105.216398">
				<ele>2079.54338</ele>
				<time>2021-11-30T05:29:57Z</time>
			</trkpt>
			<trkpt lat="38.644366" lon="-105.216295">
				<ele>2077.204084</ele>
				<time>2021-11-30T05:30:18Z</time>
			</trkpt>
			<trkpt lat="38.644116" lon="-105.216116">
				<ele>2076.292206</ele>
				<time>2021-11-30T05:30:28Z</time>
			</trkpt>
			<trkpt lat="38.643848" lon="-105.215992">
				<ele>2076.147169</ele>
				<time>2021-11-30T05:30:38Z</time>
			</trkpt>
			<trkpt lat="38.64342" lon="-105.215975">
				<ele>2075.929227</ele>
				<time>2021-11-30T05:30:53Z</time>
			</trkpt>
			<trkpt lat="38.643058" lon="-105.215719">
				<ele>2075.718744</ele>
				<time>2021-11-30T05:31:08Z</time>
			</trkpt>
			<trkpt lat="38.64292" lon="-105.215477">
				<ele>2075.59963</ele>
				<time>2021-11-30T05:31:18Z</time>
			</trkpt>
			<trkpt lat="38.642723" lon="-105.21529">
				<ele>2075.474812</ele>
				<time>2021-11-30T05:31:27Z</time>
			</trkpt>
			<trkpt lat="38.642232" lon="-105.214529">
				<ele>2075.021489</ele>
				<time>2021-11-30T05:31:54Z</time>
			</trkpt>
			<trkpt lat="38.642042" lon="-105.214467">
				<ele>2074.902156</ele>
				<time>2021-11-30T05:32:00Z</time>
			</trkpt>
			<trkpt lat="38.641494" lon="-105.214596">
				<ele>2074.563048</ele>
				<time>2021-11-30T05:32:17Z</time>
			</trkpt>
			<trkpt lat="38.641374" lon="-105.214509">
				<ele>2074.479118</ele>
				<time>2021-11-30T05:32:22Z</time>
			</trkpt>
			<trkpt lat="38.641188" lon="-105.214185">
				<ele>2074.38373</ele>
				<time>2021-11-30T05:32:36Z</time>
			</trkpt>
			<trkpt lat="38.641064" lon="-105.214073">
				<ele>2075.094622</ele>
				<time>2021-11-30T05:32:44Z</time>
			</trkpt>
			<trkpt lat="38.640661" lon="-105.214089">
				<ele>2076.983406</ele>
				<time>2021-11-30T05:33:13Z</time>
			</trkpt>
			<trkpt lat="38.640003" lon="-105.213944">
				<ele>2080.111171</ele>
				<time>2021-11-30T05:34:00Z</time>
			</trkpt>
			<trkpt lat="38.639709" lon="-105.213949">
				<ele>2081.488552</ele>
				<time>2021-11-30T05:34:18Z</time>
			</trkpt>
			<trkpt lat="38.639285" lon="-105.213672">
				<ele>2082.231193</ele>
				<time>2021-11-30T05:34:44Z</time>
			</trkpt>
			<trkpt lat="38.638844" lon="-105.213317">
				<ele>2081.018843</ele>
				<time>2021-11-30T05:35:08Z</time>
			</trkpt>
			<trkpt lat="38.638768" lon="-105.213142">
				<ele>2080.654859</ele>
				<time>2021-11-30T05:35:14Z</time>
			</trkpt>
			<trkpt lat="38.638764" lon="-105.212945">
				<ele>2080.296625</ele>
				<time>2021-11-30T05:35:19Z</time>
			</trkpt>
			<trkpt lat="38.638705" lon="-105.212787">
				<ele>2079.978274</ele>
				<time>2021-11-30T05:35:23Z</time>
			</trkpt>
			<trkpt lat="38.638546" lon="-105.21267">
				<ele>2079.551469</ele>
				<time>2021-11-30T05:35:28Z</time>
			</trkpt>
			<trkpt lat="38.637854" lon="-105.212508">
				<ele>2075.44297</ele>
				<time>2021-11-30T05:35:47Z</time>
			</trkpt>
			<trkpt lat="38.637616" lon="-105.212518">
				<ele>2072.696054</ele>
				<time>2021-11-30T05:35:53Z</time>
			</trkpt>
			<trkpt lat="38.637379" lon="-105.212257">
				<ele>2069.089826</ele>
				<time>2021-11-30T05:36:00Z</time>
			</trkpt>
			<trkpt lat="38.636792" lon="-105.212381">
				<ele>2062.226954</ele>
				<time>2021-11-30T05:36:15Z</time>
			</trkpt>
			<trkpt lat="38.635086" lon="-105.21246">
				<ele>2044.799674</ele>
				<time>2021-11-30T05:36:58Z</time>
			</trkpt>
			<trkpt lat="38.635056" lon="-105.212578">
				<ele>2043.847516</ele>
				<time>2021-11-30T05:37:01Z</time>
			</trkpt>
			<trkpt lat="38.635106" lon="-105.213001">
				<ele>2040.564906</ele>
				<time>2021-11-30T05:37:10Z</time>
			</trkpt>
			<trkpt lat="38.634689" lon="-105.213753">
				<ele>2038.79376</ele>
				<time>2021-11-30T05:37:30Z</time>
			</trkpt>
			<trkpt lat="38.634505" lon="-105.213898">
				<ele>2038.368507</ele>
				<time>2021-11-30T05:37:37Z</time>
			</trkpt>
			<trkpt lat="38.634185" lon="-105.213984">
				<ele>2037.724972</ele>
				<time>2021-11-30T05:37:51Z</time>
			</trkpt>
			<trkpt lat="38.633928" lon="-105.214287">
				<ele>2037.037329</ele>
				<time>2021-11-30T05:38:08Z</time>
			</trkpt>
			<trkpt lat="38.633891" lon="-105.214629">
				<ele>2036.691365</ele>
				<time>2021-11-30T05:38:22Z</time>
			</trkpt>
			<trkpt lat="38.633825" lon="-105.214799">
				<ele>2037.104439</ele>
				<time>2021-11-30T05:38:28Z</time>
			</trkpt>
			<trkpt lat="38.633604" lon="-105.214971">
				<ele>2037.824881</ele>
				<time>2021-11-30T05:38:39Z</time>
			</trkpt>
			<trkpt lat="38.633494" lon="-105.215206">
				<ele>2038.421001</ele>
				<time>2021-11-30T05:38:49Z</time>
			</trkpt>
			<trkpt lat="38.633284" lon="-105.215431">
				<ele>2039.183808</ele>
				<time>2021-11-30T05:39:02Z</time>
			</trkpt>
			<trkpt lat="38.63305" lon="-105.215471">
				<ele>2039.841408</ele>
				<time>2021-11-30T05:39:15Z</time>
			</trkpt>
			<trkpt lat="38.632846" lon="-105.21559">
				<ele>2040.465873</ele>
				<time>2021-11-30T05:39:29Z</time>
			</trkpt>
			<trkpt lat="38.632519" lon="-105.215556">
				<ele>2041.379742</ele>
				<time>2021-11-30T05:39:49Z</time>
			</trkpt>
			<trkpt lat="38.632326" lon="-105.215454">
				<ele>2041.186809</ele>
				<time>2021-11-30T05:40:02Z</time>
			</trkpt>
			<trkpt lat="38.632189" lon="-105.215325">
				<ele>2040.663814</ele>
				<time>2021-11-30T05:40:10Z</time>
			</trkpt>
			<trkpt lat="38.631751" lon="-105.215603">
				<ele>2039.160415</ele>
				<time>2021-11-30T05:40:28Z</time>
			</trkpt>
			<trkpt lat="38.631585" lon="-105.215646">
				<ele>2038.639588</ele>
				<time>2021-11-30T05:40:33Z</time>
			</trkpt>
			<trkpt lat="38.631375" lon="-105.215848">
				<ele>2037.831803</ele>
				<time>2021-11-30T05:40:41Z</time>
			</trkpt>
			<trkpt lat="38.63077" lon="-105.21589">
				<ele>2035.681699</ele>
				<time>2021-11-30T05:40:57Z</time>
			</trkpt>
			<trkpt lat="38.63042" lon="-105.215603">
				<ele>2030.481054</ele>
				<time>2021-11-30T05:41:08Z</time>
			</trkpt>
			<trkpt lat="38.630293" lon="-105.215582">
				<ele>2028.878823</ele>
				<time>2021-11-30T05:41:11Z</time>
			</trkpt>
			<trkpt lat="38.630049" lon="-105.215714">
				<ele>2025.564451</ele>
				<time>2021-11-30T05:41:17Z</time>
			</trkpt>
			<trkpt lat="38.629662" lon="-105.21571">
				<ele>2020.722134</ele>
				<time>2021-11-30T05:41:27Z</time>
			</trkpt>
			<trkpt lat="38.629024" lon="-105.215334">
				<ele>2012.243811</ele>
				<time>2021-11-30T05:41:44Z</time>
			</trkpt>
			<trkpt lat="38.628926" lon="-105.215319">
				<ele>2011.244532</ele>
				<time>2021-11-30T05:41:46Z</time>
			</trkpt>
			<trkpt lat="38.62876" lon="-105.21559">
				<ele>2008.520733</ele>
				<time>2021-11-30T05:41:53Z</time>
			</trkpt>
			<trkpt lat="38.628484" lon="-105.21576">
				<ele>2005.419671</ele>
				<time>2021-11-30T05:42:00Z</time>
			</trkpt>
			<trkpt lat="38.62848" lon="-105.215885">
				<ele>2004.430161</ele>
				<time>2021-11-30T05:42:03Z</time>
			</trkpt>
			<trkpt lat="38.628684" lon="-105.216432">
				<ele>1999.635974</ele>
				<time>2021-11-30T05:42:15Z</time>
			</trkpt>
			<trkpt lat="38.628726" lon="-105.216778">
				<ele>1996.866474</ele>
				<time>2021-11-30T05:42:23Z</time>
			</trkpt>
			<trkpt lat="38.628937" lon="-105.217441">
				<ele>1994.331024</ele>
				<time>2021-11-30T05:42:39Z</time>
			</trkpt>
			<trkpt lat="38.629059" lon="-105.218124">
				<ele>1992.972243</ele>
				<time>2021-11-30T05:42:56Z</time>
			</trkpt>
			<trkpt lat="38.629036" lon="-105.218399">
				<ele>1992.435866</ele>
				<time>2021-11-30T05:43:04Z</time>
			</trkpt>
			<trkpt lat="38.629049" lon="-105.218565">
				<ele>1992.112316</ele>
				<time>2021-11-30T05:43:08Z</time>
			</trkpt>
			<trkpt lat="38.629237" lon="-105.219021">
				<ele>1991.112361</ele>
				<time>2021-11-30T05:43:22Z</time>
			</trkpt>
			<trkpt lat="38.629209" lon="-105.219139">
				<ele>1990.890809</ele>
				<time>2021-11-30T05:43:25Z</time>
			</trkpt>
			<trkpt lat="38.629044" lon="-105.219488">
				<ele>1991.757242</ele>
				<time>2021-11-30T05:43:38Z</time>
			</trkpt>
			<trkpt lat="38.629116" lon="-105.219861">
				<ele>1992.573299</ele>
				<time>2021-11-30T05:43:50Z</time>
			</trkpt>
			<trkpt lat="38.629298" lon="-105.220247">
				<ele>1993.530895</ele>
				<time>2021-11-30T05:44:07Z</time>
			</trkpt>
			<trkpt lat="38.629375" lon="-105.220592">
				<ele>1994.292972</ele>
				<time>2021-11-30T05:44:23Z</time>
			</trkpt>
			<trkpt lat="38.629472" lon="-105.220824">
				<ele>1994.851859</ele>
				<time>2021-11-30T05:44:35Z</time>
			</trkpt>
			<trkpt lat="38.629554" lon="-105.221659">
				<ele>1997.460492</ele>
				<time>2021-11-30T05:45:18Z</time>
			</trkpt>
			<trkpt lat="38.629777" lon="-105.222609">
				<ele>2001.561656</ele>
				<time>2021-11-30T05:46:12Z</time>
			</trkpt>
			<trkpt lat="38.629785" lon="-105.222699">
				<ele>2001.936152</ele>
				<time>2021-11-30T05:46:16Z</time>
			</trkpt>
			<trkpt lat="38.62976" lon="-105.222774">
				<ele>2002.27328</ele>
				<time>2021-11-30T05:46:20Z</time>
			</trkpt>
			<trkpt lat="38.629577" lon="-105.222915">
				<ele>2003.403695</ele>
				<time>2021-11-30T05:46:33Z</time>
			</trkpt>
			<trkpt lat="38.629456" lon="-105.222963">
				<ele>2004.074119</ele>
				<time>2021-11-30T05:46:40Z</time>
			</trkpt>
			<trkpt lat="38.629362" lon="-105.222921">
				<ele>2004.601038</ele>
				<time>2021-11-30T05:46:46Z</time>
			</trkpt>
			<trkpt lat="38.629306" lon="-105.222753">
				<ele>2005.292772</ele>
				<time>2021-11-30T05:46:55Z</time>
			</trkpt>
			<trkpt lat="38.629299" lon="-105.222362">
				<ele>2005.339461</ele>
				<time>2021-11-30T05:47:12Z</time>
			</trkpt>
			<trkpt lat="38.629176" lon="-105.22183">
				<ele>2005.405692</ele>
				<time>2021-11-30T05:47:33Z</time>
			</trkpt>
			<trkpt lat="38.629118" lon="-105.221515">
				<ele>2005.444327</ele>
				<time>2021-11-30T05:47:44Z</time>
			</trkpt>
			<trkpt lat="38.62902" lon="-105.221232">
				<ele>2005.481281</ele>
				<time>2021-11-30T05:47:54Z</time>
			</trkpt>
			<trkpt lat="38.628834" lon="-105.220978">
				<ele>2005.522842</ele>
				<time>2021-11-30T05:48:03Z</time>
			</trkpt>
			<trkpt lat="38.627776" lon="-105.220008">
				<ele>1998.605432</ele>
				<time>2021-11-30T05:48:39Z</time>
			</trkpt>
			<trkpt lat="38.627607" lon="-105.219675">
				<ele>1996.489885</ele>
				<time>2021-11-30T05:48:47Z</time>
			</trkpt>
			<trkpt lat="38.627629" lon="-105.219246">
				<ele>1994.199459</ele>
				<time>2021-11-30T05:48:56Z</time>
			</trkpt>
			<trkpt lat="38.627682" lon="-105.218858">
				<ele>1992.339514</ele>
				<time>2021-11-30T05:49:04Z</time>
			</trkpt>
			<trkpt lat="38.627658" lon="-105.218601">
				<ele>1991.234901</ele>
				<time>2021-11-30T05:49:10Z</time>
			</trkpt>
			<trkpt lat="38.627534" lon="-105.218472">
				<ele>1990.361997</ele>
				<time>2021-11-30T05:49:14Z</time>
			</trkpt>
			<trkpt lat="38.62744" lon="-105.218452">
				<ele>1989.841439</ele>
				<time>2021-11-30T05:49:17Z</time>
			</trkpt>
			<trkpt lat="38.627079" lon="-105.218828">
				<ele>1987.298962</ele>
				<time>2021-11-30T05:49:29Z</time>
			</trkpt>
			<trkpt lat="38.626932" lon="-105.21927">
				<ele>1985.24879</ele>
				<time>2021-11-30T05:49:40Z</time>
			</trkpt>
			<trkpt lat="38.626751" lon="-105.219539">
				<ele>1983.733643</ele>
				<time>2021-11-30T05:49:49Z</time>
			</trkpt>
			<trkpt lat="38.626222" lon="-105.219902">
				<ele>1984.30985</ele>
				<time>2021-11-30T05:50:14Z</time>
			</trkpt>
			<trkpt lat="38.625928" lon="-105.220169">
				<ele>1984.854934</ele>
				<time>2021-11-30T05:50:32Z</time>
			</trkpt>
			<trkpt lat="38.625378" lon="-105.220427">
				<ele>1985.74068</ele>
				<time>2021-11-30T05:51:02Z</time>
			</trkpt>
			<trkpt lat="38.625136" lon="-105.220444">
				<ele>1986.107161</ele>
				<time>2021-11-30T05:51:14Z</time>
			</trkpt>
			<trkpt lat="38.624794" lon="-105.220387">
				<ele>1986.210479</ele>
				<time>2021-11-30T05:51:30Z</time>
			</trkpt>
			<trkpt lat="38.624574" lon="-105.220238">
				<ele>1986.224885</ele>
				<time>2021-11-30T05:51:42Z</time>
			</trkpt>
			<trkpt lat="38.6243" lon="-105.220098">
				<ele>1986.241961</ele>
				<time>2021-11-30T05:51:57Z</time>
			</trkpt>
			<trkpt lat="38.623824" lon="-105.219972">
				<ele>1986.270095</ele>
				<time>2021-11-30T05:52:17Z</time>
			</trkpt>
			<trkpt lat="38.623652" lon="-105.219821">
				<ele>1986.282166</ele>
				<time>2021-11-30T05:52:24Z</time>
			</trkpt>
			<trkpt lat="38.623114" lon="-105.21924">
				<ele>1982.89775</ele>
				<time>2021-11-30T05:52:44Z</time>
			</trkpt>
			<trkpt lat="38.622718" lon="-105.219132">
				<ele>1979.706454</ele>
				<time>2021-11-30T05:52:55Z</time>
			</trkpt>
			<trkpt lat="38.622538" lon="-105.218937">
				<ele>1977.847763</ele>
				<time>2021-11-30T05:53:01Z</time>
			</trkpt>
			<trkpt lat="38.622391" lon="-105.218713">
				<ele>1976.04634</ele>
				<time>2021-11-30T05:53:07Z</time>
			</trkpt>
			<trkpt lat="38.6223" lon="-105.218446">
				<ele>1974.252531</ele>
				<time>2021-11-30T05:53:13Z</time>
			</trkpt>
			<trkpt lat="38.622236" lon="-105.218344">
				<ele>1973.446935</ele>
				<time>2021-11-30T05:53:16Z</time>
			</trkpt>
			<trkpt lat="38.621649" lon="-105.217911">
				<ele>1967.703272</ele>
				<time>2021-11-30T05:53:33Z</time>
			</trkpt>
			<trkpt lat="38.621366" lon="-105.218034">
				<ele>1965.110736</ele>
				<time>2021-11-30T05:53:41Z</time>
			</trkpt>
			<trkpt lat="38.621097" lon="-105.218086">
				<ele>1962.750852</ele>
				<time>2021-11-30T05:53:48Z</time>
			</trkpt>
			<trkpt lat="38.62098" lon="-105.218249">
				<ele>1961.250723</ele>
				<time>2021-11-30T05:53:52Z</time>
			</trkpt>
			<trkpt lat="38.620654" lon="-105.218417">
				<ele>1958.202251</ele>
				<time>2021-11-30T05:54:02Z</time>
			</trkpt>
			<trkpt lat="38.620511" lon="-105.218392">
				<ele>1956.950289</ele>
				<time>2021-11-30T05:54:06Z</time>
			</trkpt>
			<trkpt lat="38.620276" lon="-105.218021">
				<ele>1954.688091</ele>
				<time>2021-11-30T05:54:16Z</time>
			</trkpt>
			<trkpt lat="38.620058" lon="-105.217837">
				<ele>1953.209858</ele>
				<time>2021-11-30T05:54:24Z</time>
			</trkpt>
			<trkpt lat="38.619945" lon="-105.217789">
				<ele>1952.535875</ele>
				<time>2021-11-30T05:54:28Z</time>
			</trkpt>
			<trkpt lat="38.619702" lon="-105.217797">
				<ele>1951.159838</ele>
				<time>2021-11-30T05:54:35Z</time>
			</trkpt>
			<trkpt lat="38.619048" lon="-105.218046">
				<ele>1947.297324</ele>
				<time>2021-11-30T05:54:54Z</time>
			</trkpt>
			<trkpt lat="38.618648" lon="-105.218253">
				<ele>1945.084766</ele>
				<time>2021-11-30T05:55:06Z</time>
			</trkpt>
			<trkpt lat="38.61848" lon="-105.218366">
				<ele>1944.177017</ele>
				<time>2021-11-30T05:55:11Z</time>
			</trkpt>
			<trkpt lat="38.618398" lon="-105.218481">
				<ele>1943.595192</ele>
				<time>2021-11-30T05:55:15Z</time>
			</trkpt>
			<trkpt lat="38.618306" lon="-105.218553">
				<ele>1943.079412</ele>
				<time>2021-11-30T05:55:18Z</time>
			</trkpt>
			<trkpt lat="38.618084" lon="-105.218535">
				<ele>1942.015458</ele>
				<time>2021-11-30T05:55:25Z</time>
			</trkpt>
			<trkpt lat="38.617967" lon="-105.218597">
				<ele>1941.409777</ele>
				<time>2021-11-30T05:55:28Z</time>
			</trkpt>
			<trkpt lat="38.617485" lon="-105.219184">
				<ele>1938.227469</ele>
				<time>2021-11-30T05:55:48Z</time>
			</trkpt>
			<trkpt lat="38.617063" lon="-105.21953">
				<ele>1935.977351</ele>
				<time>2021-11-30T05:56:03Z</time>
			</trkpt>
			<trkpt lat="38.616673" lon="-105.220082">
				<ele>1933.410818</ele>
				<time>2021-11-30T05:56:20Z</time>
			</trkpt>
			<trkpt lat="38.616615" lon="-105.220141">
				<ele>1933.083806</ele>
				<time>2021-11-30T05:56:22Z</time>
			</trkpt>
			<trkpt lat="38.616424" lon="-105.220235">
				<ele>1932.18059</ele>
				<time>2021-11-30T05:56:28Z</time>
			</trkpt>
			<trkpt lat="38.616214" lon="-105.220422">
				<ele>1931.051412</ele>
				<time>2021-11-30T05:56:35Z</time>
			</trkpt>
			<trkpt lat="38.616122" lon="-105.220611">
				<ele>1930.283466</ele>
				<time>2021-11-30T05:56:40Z</time>
			</trkpt>
			<trkpt lat="38.615925" lon="-105.220838">
				<ele>1929.874399</ele>
				<time>2021-11-30T05:56:48Z</time>
			</trkpt>
			<trkpt lat="38.615517" lon="-105.220992">
				<ele>1930.091774</ele>
				<time>2021-11-30T05:57:01Z</time>
			</trkpt>
			<trkpt lat="38.615392" lon="-105.221054">
				<ele>1930.160281</ele>
				<time>2021-11-30T05:57:05Z</time>
			</trkpt>
			<trkpt lat="38.615318" lon="-105.221126">
				<ele>1930.207783</ele>
				<time>2021-11-30T05:57:09Z</time>
			</trkpt>
			<trkpt lat="38.615081" lon="-105.221228">
				<ele>1930.33556</ele>
				<time>2021-11-30T05:57:19Z</time>
			</trkpt>
			<trkpt lat="38.61497" lon="-105.22126">
				<ele>1930.393705</ele>
				<time>2021-11-30T05:57:24Z</time>
			</trkpt>
			<trkpt lat="38.614618" lon="-105.221244">
				<ele>1930.573698</ele>
				<time>2021-11-30T05:57:43Z</time>
			</trkpt>
			<trkpt lat="38.614525" lon="-105.221265">
				<ele>1930.621957</ele>
				<time>2021-11-30T05:57:49Z</time>
			</trkpt>
			<trkpt lat="38.614251" lon="-105.221472">
				<ele>1931.737463</ele>
				<time>2021-11-30T05:58:11Z</time>
			</trkpt>
			<trkpt lat="38.614115" lon="-105.221501">
				<ele>1932.767504</ele>
				<time>2021-11-30T05:58:20Z</time>
			</trkpt>
			<trkpt lat="38.613996" lon="-105.221474">
				<ele>1933.670397</ele>
				<time>2021-11-30T05:58:29Z</time>
			</trkpt>
			<trkpt lat="38.613911" lon="-105.221542">
				<ele>1934.419277</ele>
				<time>2021-11-30T05:58:36Z</time>
			</trkpt>
			<trkpt lat="38.613884" lon="-105.221745">
				<ele>1935.621331</ele>
				<time>2021-11-30T05:58:48Z</time>
			</trkpt>
			<trkpt lat="38.613957" lon="-105.222129">
				<ele>1937.928315</ele>
				<time>2021-11-30T05:59:12Z</time>
			</trkpt>
			<trkpt lat="38.613901" lon="-105.222411">
				<ele>1939.626816</ele>
				<time>2021-11-30T05:59:30Z</time>
			</trkpt>
			<trkpt lat="38.613907" lon="-105.222703">
				<ele>1941.331951</ele>
				<time>2021-11-30T05:59:49Z</time>
			</trkpt>
			<trkpt lat="38.613871" lon="-105.222855">
				<ele>1942.259115</ele>
				<time>2021-11-30T05:59:59Z</time>
			</trkpt>
			<trkpt lat="38.613805" lon="-105.222974">
				<ele>1943.110982</ele>
				<time>2021-11-30T06:00:09Z</time>
			</trkpt>
			<trkpt lat="38.613775" lon="-105.223089">
				<ele>1943.818719</ele>
				<time>2021-11-30T06:00:16Z</time>
			</trkpt>
			<trkpt lat="38.613777" lon="-105.223269">
				<ele>1944.498905</ele>
				<time>2021-11-30T06:00:28Z</time>
			</trkpt>
			<trkpt lat="38.613848" lon="-105.223373">
				<ele>1944.888665</ele>
				<time>2021-11-30T06:00:36Z</time>
			</trkpt>
			<trkpt lat="38.614115" lon="-105.223521">
				<ele>1945.93961</ele>
				<time>2021-11-30T06:00:57Z</time>
			</trkpt>
			<trkpt lat="38.614601" lon="-105.223854">
				<ele>1947.930734</ele>
				<time>2021-11-30T06:01:29Z</time>
			</trkpt>
			<trkpt lat="38.614809" lon="-105.224194">
				<ele>1949.149397</ele>
				<time>2021-11-30T06:01:44Z</time>
			</trkpt>
			<trkpt lat="38.614924" lon="-105.22445">
				<ele>1949.982768</ele>
				<time>2021-11-30T06:01:52Z</time>
			</trkpt>
			<trkpt lat="38.614953" lon="-105.224548">
				<ele>1950.278512</ele>
				<time>2021-11-30T06:01:55Z</time>
			</trkpt>
			<trkpt lat="38.614947" lon="-105.224629">
				<ele>1950.508134</ele>
				<time>2021-11-30T06:01:58Z</time>
			</trkpt>
			<trkpt lat="38.614916" lon="-105.224735">
				<ele>1950.546003</ele>
				<time>2021-11-30T06:02:01Z</time>
			</trkpt>
			<trkpt lat="38.6148" lon="-105.224875">
				<ele>1950.216458</ele>
				<time>2021-11-30T06:02:06Z</time>
			</trkpt>
			<trkpt lat="38.614623" lon="-105.224979">
				<ele>1949.813914</ele>
				<time>2021-11-30T06:02:13Z</time>
			</trkpt>
			<trkpt lat="38.613951" lon="-105.225238">
				<ele>1948.363379</ele>
				<time>2021-11-30T06:02:26Z</time>
			</trkpt>
			<trkpt lat="38.612168" lon="-105.22596">
				<ele>1941.960972</ele>
				<time>2021-11-30T06:02:58Z</time>
			</trkpt>
			<trkpt lat="38.611406" lon="-105.226401">
				<ele>1937.977529</ele>
				<time>2021-11-30T06:03:11Z</time>
			</trkpt>
			<trkpt lat="38.610729" lon="-105.226793">
				<ele>1933.274709</ele>
				<time>2021-11-30T06:03:22Z</time>
			</trkpt>
			<trkpt lat="38.609341" lon="-105.227866">
				<ele>1923.338522</ele>
				<time>2021-11-30T06:03:46Z</time>
			</trkpt>
			<trkpt lat="38.608311" lon="-105.229037">
				<ele>1915.835118</ele>
				<time>2021-11-30T06:04:08Z</time>
			</trkpt>
			<trkpt lat="38.607762" lon="-105.22944">
				<ele>1913.219568</ele>
				<time>2021-11-30T06:04:18Z</time>
			</trkpt>
			<trkpt lat="38.607377" lon="-105.229621">
				<ele>1911.524552</ele>
				<time>2021-11-30T06:04:25Z</time>
			</trkpt>
			<trkpt lat="38.606697" lon="-105.22921">
				<ele>1909.003095</ele>
				<time>2021-11-30T06:04:38Z</time>
			</trkpt>
			<trkpt lat="38.605289" lon="-105.228593">
				<ele>1905.348728</ele>
				<time>2021-11-30T06:05:05Z</time>
			</trkpt>
			<trkpt lat="38.603081" lon="-105.227113">
				<ele>1901.500028</ele>
				<time>2021-11-30T06:05:53Z</time>
			</trkpt>
			<trkpt lat="38.602553" lon="-105.226744">
				<ele>1900.462473</ele>
				<time>2021-11-30T06:06:04Z</time>
			</trkpt>
			<trkpt lat="38.601805" lon="-105.226284">
				<ele>1898.542372</ele>
				<time>2021-11-30T06:06:19Z</time>
			</trkpt>
			<trkpt lat="38.601265" lon="-105.226112">
				<ele>1896.852865</ele>
				<time>2021-11-30T06:06:29Z</time>
			</trkpt>
			<trkpt lat="38.600805" lon="-105.225747">
				<ele>1895.209547</ele>
				<time>2021-11-30T06:06:38Z</time>
			</trkpt>
			<trkpt lat="38.600687" lon="-105.225653">
				<ele>1894.787536</ele>
				<time>2021-11-30T06:06:40Z</time>
			</trkpt>
			<trkpt lat="38.600164" lon="-105.225098">
				<ele>1892.366293</ele>
				<time>2021-11-30T06:06:52Z</time>
			</trkpt>
			<trkpt lat="38.599668" lon="-105.224857">
				<ele>1890.367697</ele>
				<time>2021-11-30T06:07:00Z</time>
			</trkpt>
			<trkpt lat="38.599128" lon="-105.224922">
				<ele>1888.324548</ele>
				<time>2021-11-30T06:07:09Z</time>
			</trkpt>
			<trkpt lat="38.59852" lon="-105.225091">
				<ele>1886.397495</ele>
				<time>2021-11-30T06:07:20Z</time>
			</trkpt>
			<trkpt lat="38.59776" lon="-105.225301">
				<ele>1884.306235</ele>
				<time>2021-11-30T06:07:33Z</time>
			</trkpt>
			<trkpt lat="38.596271" lon="-105.225837">
				<ele>1880.569839</ele>
				<time>2021-11-30T06:08:02Z</time>
			</trkpt>
			<trkpt lat="38.595675" lon="-105.226198">
				<ele>1879.102651</ele>
				<time>2021-11-30T06:08:14Z</time>
			</trkpt>
			<trkpt lat="38.594497" lon="-105.226422">
				<ele>1875.823133</ele>
				<time>2021-11-30T06:08:35Z</time>
			</trkpt>
			<trkpt lat="38.593319" lon="-105.226617">
				<ele>1872.415598</ele>
				<time>2021-11-30T06:08:55Z</time>
			</trkpt>
			<trkpt lat="38.592042" lon="-105.226644">
				<ele>1868.779914</ele>
				<time>2021-11-30T06:09:17Z</time>
			</trkpt>
			<trkpt lat="38.591736" lon="-105.226745">
				<ele>1868.242727</ele>
				<time>2021-11-30T06:09:23Z</time>
			</trkpt>
			<trkpt lat="38.591507" lon="-105.227067">
				<ele>1868.107921</ele>
				<time>2021-11-30T06:09:29Z</time>
			</trkpt>
			<trkpt lat="38.591262" lon="-105.227286">
				<ele>1867.989514</ele>
				<time>2021-11-30T06:09:35Z</time>
			</trkpt>
			<trkpt lat="38.590611" lon="-105.227483">
				<ele>1867.724487</ele>
				<time>2021-11-30T06:09:50Z</time>
			</trkpt>
			<trkpt lat="38.589911" lon="-105.227695">
				<ele>1868.235504</ele>
				<time>2021-11-30T06:10:12Z</time>
			</trkpt>
			<trkpt lat="38.589764" lon="-105.227884">
				<ele>1868.593318</ele>
				<time>2021-11-30T06:10:18Z</time>
			</trkpt>
			<trkpt lat="38.589799" lon="-105.228948">
				<ele>1870.022465</ele>
				<time>2021-11-30T06:10:45Z</time>
			</trkpt>
			<trkpt lat="38.589768" lon="-105.229162">
				<ele>1870.314542</ele>
				<time>2021-11-30T06:10:51Z</time>
			</trkpt>
			<trkpt lat="38.58969" lon="-105.22924">
				<ele>1870.484517</ele>
				<time>2021-11-30T06:10:54Z</time>
			</trkpt>
			<trkpt lat="38.58939" lon="-105.229438">
				<ele>1870.580627</ele>
				<time>2021-11-30T06:11:04Z</time>
			</trkpt>
			<trkpt lat="38.589231" lon="-105.229755">
				<ele>1870.455016</ele>
				<time>2021-11-30T06:11:13Z</time>
			</trkpt>
			<trkpt lat="38.588932" lon="-105.230536">
				<ele>1870.164993</ele>
				<time>2021-11-30T06:11:28Z</time>
			</trkpt>
			<trkpt lat="38.588853" lon="-105.230596">
				<ele>1870.125795</ele>
				<time>2021-11-30T06:11:29Z</time>
			</trkpt>
			<trkpt lat="38.588677" lon="-105.230729">
				<ele>1870.038581</ele>
				<time>2021-11-30T06:11:33Z</time>
			</trkpt>
			<trkpt lat="38.587191" lon="-105.230814">
				<ele>1865.893684</ele>
				<time>2021-11-30T06:11:59Z</time>
			</trkpt>
			<trkpt lat="38.586226" lon="-105.230837">
				<ele>1862.847956</ele>
				<time>2021-11-30T06:12:14Z</time>
			</trkpt>
			<trkpt lat="38.585666" lon="-105.230867">
				<ele>1861.308075</ele>
				<time>2021-11-30T06:12:24Z</time>
			</trkpt>
			<trkpt lat="38.585236" lon="-105.231051">
				<ele>1860.062368</ele>
				<time>2021-11-30T06:12:32Z</time>
			</trkpt>
			<trkpt lat="38.583352" lon="-105.232659">
				<ele>1856.808709</ele>
				<time>2021-11-30T06:13:17Z</time>
			</trkpt>
			<trkpt lat="38.582237" lon="-105.233598">
				<ele>1854.56303</ele>
				<time>2021-11-30T06:13:43Z</time>
			</trkpt>
			<trkpt lat="38.579506" lon="-105.235189">
				<ele>1848.587474</ele>
				<time>2021-11-30T06:14:35Z</time>
			</trkpt>
			<trkpt lat="38.579111" lon="-105.235354">
				<ele>1848.354997</ele>
				<time>2021-11-30T06:14:44Z</time>
			</trkpt>
			<trkpt lat="38.579371" lon="-105.236505">
				<ele>1849.361017</ele>
				<time>2021-11-30T06:15:26Z</time>
			</trkpt>
			<trkpt lat="38.579651" lon="-105.236724">
				<ele>1850.723507</ele>
				<time>2021-11-30T06:15:44Z</time>
			</trkpt>
			<trkpt lat="38.580479" lon="-105.23723">
				<ele>1854.533064</ele>
				<time>2021-11-30T06:16:41Z</time>
			</trkpt>
			<trkpt lat="38.58104" lon="-105.238545">
				<ele>1860.978209</ele>
				<time>2021-11-30T06:17:58Z</time>
			</trkpt>
			<trkpt lat="38.581736" lon="-105.23958">
				<ele>1867.004529</ele>
				<time>2021-11-30T06:19:11Z</time>
			</trkpt>
			<trkpt lat="38.582042" lon="-105.239859">
				<ele>1868.846986</ele>
				<time>2021-11-30T06:19:35Z</time>
			</trkpt>
			<trkpt lat="38.582409" lon="-105.240087">
				<ele>1870.847417</ele>
				<time>2021-11-30T06:20:00Z</time>
			</trkpt>
			<trkpt lat="38.582715" lon="-105.240492">
				<ele>1873.006289</ele>
				<time>2021-11-30T06:20:26Z</time>
			</trkpt>
			<trkpt lat="38.582962" lon="-105.241008">
				<ele>1875.222614</ele>
				<time>2021-11-30T06:20:53Z</time>
			</trkpt>
			<trkpt lat="38.583116" lon="-105.241502">
				<ele>1876.872875</ele>
				<time>2021-11-30T06:21:17Z</time>
			</trkpt>
			<trkpt lat="38.583357" lon="-105.243305">
				<ele>1882.661277</ele>
				<time>2021-11-30T06:22:37Z</time>
			</trkpt>
			<trkpt lat="38.583353" lon="-105.243726">
				<ele>1884.203673</ele>
				<time>2021-11-30T06:22:57Z</time>
			</trkpt>
			<trkpt lat="38.583524" lon="-105.244383">
				<ele>1886.740415</ele>
				<time>2021-11-30T06:23:30Z</time>
			</trkpt>
			<trkpt lat="38.584113" lon="-105.244894">
				<ele>1890.075609</ele>
				<time>2021-11-30T06:24:15Z</time>
			</trkpt>
			<trkpt lat="38.584152" lon="-105.245051">
				<ele>1890.634998</ele>
				<time>2021-11-30T06:24:23Z</time>
			</trkpt>
			<trkpt lat="38.584121" lon="-105.245888">
				<ele>1893.287515</ele>
				<time>2021-11-30T06:25:02Z</time>
			</trkpt>
			<trkpt lat="38.58486" lon="-105.246922">
				<ele>1897.683454</ele>
				<time>2021-11-30T06:26:04Z</time>
			</trkpt>
			<trkpt lat="38.585157" lon="-105.24741">
				<ele>1898.732687</ele>
				<time>2021-11-30T06:26:28Z</time>
			</trkpt>
			<trkpt lat="38.585653" lon="-105.248555">
				<ele>1900.953503</ele>
				<time>2021-11-30T06:27:15Z</time>
			</trkpt>
			<trkpt lat="38.585877" lon="-105.24851">
				<ele>1901.445611</ele>
				<time>2021-11-30T06:27:25Z</time>
			</trkpt>
			<trkpt lat="38.586048" lon="-105.248201">
				<ele>1902.207969</ele>
				<time>2021-11-30T06:27:38Z</time>
			</trkpt>
			<trkpt lat="38.586176" lon="-105.24778">
				<ele>1903.142854</ele>
				<time>2021-11-30T06:27:54Z</time>
			</trkpt>
			<trkpt lat="38.586228" lon="-105.246977">
				<ele>1904.810425</ele>
				<time>2021-11-30T06:28:25Z</time>
			</trkpt>
			<trkpt lat="38.586364" lon="-105.246607">
				<ele>1905.656607</ele>
				<time>2021-11-30T06:28:42Z</time>
			</trkpt>
			<trkpt lat="38.586669" lon="-105.246399">
				<ele>1906.929527</ele>
				<time>2021-11-30T06:29:02Z</time>
			</trkpt>
			<trkpt lat="38.587097" lon="-105.246489">
				<ele>1909.613532</ele>
				<time>2021-11-30T06:29:29Z</time>
			</trkpt>
			<trkpt lat="38.587334" lon="-105.246719">
				<ele>1911.4543</ele>
				<time>2021-11-30T06:29:49Z</time>
			</trkpt>
			<trkpt lat="38.587418" lon="-105.246837">
				<ele>1912.226275</ele>
				<time>2021-11-30T06:29:57Z</time>
			</trkpt>
			<trkpt lat="38.587462" lon="-105.247297">
				<ele>1914.467846</ele>
				<time>2021-11-30T06:30:23Z</time>
			</trkpt>
			<trkpt lat="38.58755" lon="-105.247573">
				<ele>1915.909619</ele>
				<time>2021-11-30T06:30:41Z</time>
			</trkpt>
			<trkpt lat="38.587743" lon="-105.24787">
				<ele>1917.87221</ele>
				<time>2021-11-30T06:31:04Z</time>
			</trkpt>
			<trkpt lat="38.587909" lon="-105.248353">
				<ele>1921.125601</ele>
				<time>2021-11-30T06:31:36Z</time>
			</trkpt>
			<trkpt lat="38.588146" lon="-105.249167">
				<ele>1926.481666</ele>
				<time>2021-11-30T06:32:30Z</time>
			</trkpt>
			<trkpt lat="38.588515" lon="-105.249723">
				<ele>1930.979051</ele>
				<time>2021-11-30T06:33:13Z</time>
			</trkpt>
			<trkpt lat="38.58866" lon="-105.250055">
				<ele>1932.96836</ele>
				<time>2021-11-30T06:33:35Z</time>
			</trkpt>
			<trkpt lat="38.589099" lon="-105.250588">
				<ele>1936.744461</ele>
				<time>2021-11-30T06:34:18Z</time>
			</trkpt>
			<trkpt lat="38.590157" lon="-105.252082">
				<ele>1946.418074</ele>
				<time>2021-11-30T06:35:59Z</time>
			</trkpt>
			<trkpt lat="38.59028" lon="-105.252071">
				<ele>1947.154807</ele>
				<time>2021-11-30T06:36:07Z</time>
			</trkpt>
			<trkpt lat="38.590433" lon="-105.251694">
				<ele>1949.138699</ele>
				<time>2021-11-30T06:36:30Z</time>
			</trkpt>
			<trkpt lat="38.590569" lon="-105.251644">
				<ele>1949.984201</ele>
				<time>2021-11-30T06:36:39Z</time>
			</trkpt>
			<trkpt lat="38.590683" lon="-105.251762">
				<ele>1950.860378</ele>
				<time>2021-11-30T06:36:50Z</time>
			</trkpt>
			<trkpt lat="38.590705" lon="-105.252093">
				<ele>1952.41182</ele>
				<time>2021-11-30T06:37:08Z</time>
			</trkpt>
			<trkpt lat="38.590899" lon="-105.252638">
				<ele>1955.18783</ele>
				<time>2021-11-30T06:37:41Z</time>
			</trkpt>
			<trkpt lat="38.591179" lon="-105.252992">
				<ele>1957.50964</ele>
				<time>2021-11-30T06:38:07Z</time>
			</trkpt>
			<trkpt lat="38.591544" lon="-105.253167">
				<ele>1959.808679</ele>
				<time>2021-11-30T06:38:34Z</time>
			</trkpt>
			<trkpt lat="38.591719" lon="-105.253407">
				<ele>1961.321811</ele>
				<time>2021-11-30T06:38:51Z</time>
			</trkpt>
			<trkpt lat="38.592035" lon="-105.253542">
				<ele>1963.286799</ele>
				<time>2021-11-30T06:39:13Z</time>
			</trkpt>
			<trkpt lat="38.592545" lon="-105.253665">
				<ele>1965.47039</ele>
				<time>2021-11-30T06:39:45Z</time>
			</trkpt>
			<trkpt lat="38.592746" lon="-105.253856">
				<ele>1966.343634</ele>
				<time>2021-11-30T06:40:00Z</time>
			</trkpt>
			<trkpt lat="38.59301" lon="-105.25398">
				<ele>1967.324489</ele>
				<time>2021-11-30T06:40:16Z</time>
			</trkpt>
			<trkpt lat="38.593168" lon="-105.254154">
				<ele>1968.051579</ele>
				<time>2021-11-30T06:40:27Z</time>
			</trkpt>
			<trkpt lat="38.593299" lon="-105.254401">
				<ele>1968.865287</ele>
				<time>2021-11-30T06:40:39Z</time>
			</trkpt>
			<trkpt lat="38.59356" lon="-105.255557">
				<ele>1970.525807</ele>
				<time>2021-11-30T06:41:22Z</time>
			</trkpt>
			<trkpt lat="38.593493" lon="-105.256018">
				<ele>1970.565439</ele>
				<time>2021-11-30T06:41:36Z</time>
			</trkpt>
			<trkpt lat="38.593352" lon="-105.256226">
				<ele>1970.588711</ele>
				<time>2021-11-30T06:41:44Z</time>
			</trkpt>
			<trkpt lat="38.593014" lon="-105.256316">
				<ele>1970.626046</ele>
				<time>2021-11-30T06:41:57Z</time>
			</trkpt>
			<trkpt lat="38.59243" lon="-105.256046">
				<ele>1970.012119</ele>
				<time>2021-11-30T06:42:18Z</time>
			</trkpt>
			<trkpt lat="38.591702" lon="-105.256406">
				<ele>1967.76985</ele>
				<time>2021-11-30T06:42:41Z</time>
			</trkpt>
			<trkpt lat="38.591469" lon="-105.256681">
				<ele>1966.859134</ele>
				<time>2021-11-30T06:42:51Z</time>
			</trkpt>
			<trkpt lat="38.59134" lon="-105.25693">
				<ele>1966.18833</ele>
				<time>2021-11-30T06:42:58Z</time>
			</trkpt>
			<trkpt lat="38.59096" lon="-105.257085">
				<ele>1965.205602</ele>
				<time>2021-11-30T06:43:11Z</time>
			</trkpt>
			<trkpt lat="38.590729" lon="-105.257043">
				<ele>1964.773683</ele>
				<time>2021-11-30T06:43:18Z</time>
			</trkpt>
			<trkpt lat="38.590644" lon="-105.257071">
				<ele>1964.611201</ele>
				<time>2021-11-30T06:43:21Z</time>
			</trkpt>
			<trkpt lat="38.590637" lon="-105.25713">
				<ele>1964.524854</ele>
				<time>2021-11-30T06:43:23Z</time>
			</trkpt>
			<trkpt lat="38.590683" lon="-105.25722">
				<ele>1964.369261</ele>
				<time>2021-11-30T06:43:25Z</time>
			</trkpt>
			<trkpt lat="38.591035" lon="-105.257462">
				<ele>1963.629524</ele>
				<time>2021-11-30T06:43:38Z</time>
			</trkpt>
			<trkpt lat="38.591544" lon="-105.257989">
				<ele>1962.417388</ele>
				<time>2021-11-30T06:43:59Z</time>
			</trkpt>
			<trkpt lat="38.591728" lon="-105.258298">
				<ele>1962.681446</ele>
				<time>2021-11-30T06:44:10Z</time>
			</trkpt>
			<trkpt lat="38.591724" lon="-105.25844">
				<ele>1963.012989</ele>
				<time>2021-11-30T06:44:15Z</time>
			</trkpt>
			<trkpt lat="38.591675" lon="-105.258484">
				<ele>1963.191699</ele>
				<time>2021-11-30T06:44:18Z</time>
			</trkpt>
			<trkpt lat="38.591524" lon="-105.258533">
				<ele>1963.656743</ele>
				<time>2021-11-30T06:44:25Z</time>
			</trkpt>
			<trkpt lat="38.591272" lon="-105.258444">
				<ele>1964.437161</ele>
				<time>2021-11-30T06:44:39Z</time>
			</trkpt>
			<trkpt lat="38.591104" lon="-105.258435">
				<ele>1964.939121</ele>
				<time>2021-11-30T06:44:49Z</time>
			</trkpt>
			<trkpt lat="38.591017" lon="-105.25855">
				<ele>1965.312556</ele>
				<time>2021-11-30T06:44:56Z</time>
			</trkpt>
			<trkpt lat="38.590988" lon="-105.258697">
				<ele>1965.666311</ele>
				<time>2021-11-30T06:45:03Z</time>
			</trkpt>
			<trkpt lat="38.590982" lon="-105.259017">
				<ele>1966.413188</ele>
				<time>2021-11-30T06:45:18Z</time>
			</trkpt>
			<trkpt lat="38.591179" lon="-105.260775">
				<ele>1971.135428</ele>
				<time>2021-11-30T06:46:42Z</time>
			</trkpt>
			<trkpt lat="38.591105" lon="-105.261033">
				<ele>1971.899629</ele>
				<time>2021-11-30T06:46:54Z</time>
			</trkpt>
			<trkpt lat="38.590161" lon="-105.261471">
				<ele>1975.19658</ele>
				<time>2021-11-30T06:47:40Z</time>
			</trkpt>
			<trkpt lat="38.589872" lon="-105.261336">
				<ele>1976.094334</ele>
				<time>2021-11-30T06:47:53Z</time>
			</trkpt>
			<trkpt lat="38.58959" lon="-105.261005">
				<ele>1977.211053</ele>
				<time>2021-11-30T06:48:11Z</time>
			</trkpt>
			<trkpt lat="38.589064" lon="-105.261128">
				<ele>1978.771344</ele>
				<time>2021-11-30T06:48:41Z</time>
			</trkpt>
			<trkpt lat="38.588818" lon="-105.261134">
				<ele>1979.93744</ele>
				<time>2021-11-30T06:48:57Z</time>
			</trkpt>
			<trkpt lat="38.588699" lon="-105.261347">
				<ele>1981.42353</ele>
				<time>2021-11-30T06:49:11Z</time>
			</trkpt>
			<trkpt lat="38.588726" lon="-105.261516">
				<ele>1982.402626</ele>
				<time>2021-11-30T06:49:20Z</time>
			</trkpt>
			<trkpt lat="38.588915" lon="-105.261724">
				<ele>1984.213032</ele>
				<time>2021-11-30T06:49:39Z</time>
			</trkpt>
			<trkpt lat="38.588923" lon="-105.261926">
				<ele>1985.361074</ele>
				<time>2021-11-30T06:49:51Z</time>
			</trkpt>
			<trkpt lat="38.588809" lon="-105.262302">
				<ele>1987.65022</ele>
				<time>2021-11-30T06:50:15Z</time>
			</trkpt>
			<trkpt lat="38.588748" lon="-105.262589">
				<ele>1989.338414</ele>
				<time>2021-11-30T06:50:33Z</time>
			</trkpt>
			<trkpt lat="38.588701" lon="-105.263249">
				<ele>1992.980782</ele>
				<time>2021-11-30T06:51:14Z</time>
			</trkpt>
			<trkpt lat="38.588638" lon="-105.263385">
				<ele>1993.752174</ele>
				<time>2021-11-30T06:51:24Z</time>
			</trkpt>
			<trkpt lat="38.588534" lon="-105.263428">
				<ele>1994.434463</ele>
				<time>2021-11-30T06:51:32Z</time>
			</trkpt>
			<trkpt lat="38.587944" lon="-105.263189">
				<ele>1998.297798</ele>
				<time>2021-11-30T06:52:18Z</time>
			</trkpt>
			<trkpt lat="38.587795" lon="-105.262836">
				<ele>2000.255365</ele>
				<time>2021-11-30T06:52:39Z</time>
			</trkpt>
			<trkpt lat="38.587602" lon="-105.262807">
				<ele>2001.468462</ele>
				<time>2021-11-30T06:52:51Z</time>
			</trkpt>
			<trkpt lat="38.58752" lon="-105.262998">
				<ele>2002.531778</ele>
				<time>2021-11-30T06:53:01Z</time>
			</trkpt>
			<trkpt lat="38.587361" lon="-105.263543">
				<ele>2003.59348</ele>
				<time>2021-11-30T06:53:26Z</time>
			</trkpt>
			<trkpt lat="38.587164" lon="-105.263854">
				<ele>2003.712937</ele>
				<time>2021-11-30T06:53:41Z</time>
			</trkpt>
			<trkpt lat="38.586996" lon="-105.263864">
				<ele>2003.777145</ele>
				<time>2021-11-30T06:53:49Z</time>
			</trkpt>
			<trkpt lat="38.586715" lon="-105.263633">
				<ele>2003.904664</ele>
				<time>2021-11-30T06:54:02Z</time>
			</trkpt>
			<trkpt lat="38.586553" lon="-105.263588">
				<ele>2003.967953</ele>
				<time>2021-11-30T06:54:08Z</time>
			</trkpt>
			<trkpt lat="38.586044" lon="-105.263622">
				<ele>2004.162542</ele>
				<time>2021-11-30T06:54:24Z</time>
			</trkpt>
			<trkpt lat="38.585912" lon="-105.263552">
				<ele>2003.914165</ele>
				<time>2021-11-30T06:54:28Z</time>
			</trkpt>
			<trkpt lat="38.585802" lon="-105.263436">
				<ele>2003.655624</ele>
				<time>2021-11-30T06:54:32Z</time>
			</trkpt>
			<trkpt lat="38.585671" lon="-105.262909">
				<ele>2002.871643</ele>
				<time>2021-11-30T06:54:45Z</time>
			</trkpt>
			<trkpt lat="38.585442" lon="-105.262532">
				<ele>2002.19478</ele>
				<time>2021-11-30T06:54:57Z</time>
			</trkpt>
			<trkpt lat="38.585148" lon="-105.262114">
				<ele>2001.397614</ele>
				<time>2021-11-30T06:55:12Z</time>
			</trkpt>
			<trkpt lat="38.585057" lon="-105.262084">
				<ele>2001.227181</ele>
				<time>2021-11-30T06:55:16Z</time>
			</trkpt>
			<trkpt lat="38.584992" lon="-105.262102">
				<ele>2001.106565</ele>
				<time>2021-11-30T06:55:18Z</time>
			</trkpt>
			<trkpt lat="38.584663" lon="-105.262546">
				<ele>2003.112549</ele>
				<time>2021-11-30T06:55:40Z</time>
			</trkpt>
			<trkpt lat="38.584569" lon="-105.262782">
				<ele>2004.364177</ele>
				<time>2021-11-30T06:55:51Z</time>
			</trkpt>
			<trkpt lat="38.584428" lon="-105.262863">
				<ele>2005.298539</ele>
				<time>2021-11-30T06:56:01Z</time>
			</trkpt>
			<trkpt lat="38.584336" lon="-105.263032">
				<ele>2006.271713</ele>
				<time>2021-11-30T06:56:12Z</time>
			</trkpt>
			<trkpt lat="38.584127" lon="-105.263632">
				<ele>2009.375746</ele>
				<time>2021-11-30T06:56:52Z</time>
			</trkpt>
			<trkpt lat="38.584161" lon="-105.26374">
				<ele>2009.925928</ele>
				<time>2021-11-30T06:57:00Z</time>
			</trkpt>
			<trkpt lat="38.584241" lon="-105.263854">
				<ele>2010.649862</ele>
				<time>2021-11-30T06:57:11Z</time>
			</trkpt>
			<trkpt lat="38.584323" lon="-105.264116">
				<ele>2012.070269</ele>
				<time>2021-11-30T06:57:30Z</time>
			</trkpt>
			<trkpt lat="38.58435" lon="-105.264391">
				<ele>2013.9263</ele>
				<time>2021-11-30T06:57:50Z</time>
			</trkpt>
			<trkpt lat="38.584234" lon="-105.264686">
				<ele>2016.13766</ele>
				<time>2021-11-30T06:58:12Z</time>
			</trkpt>
			<trkpt lat="38.583759" lon="-105.265346">
				<ele>2022.145402</ele>
				<time>2021-11-30T06:59:07Z</time>
			</trkpt>
			<trkpt lat="38.583604" lon="-105.265616">
				<ele>2024.388704</ele>
				<time>2021-11-30T06:59:27Z</time>
			</trkpt>
			<trkpt lat="38.583507" lon="-105.265965">
				<ele>2026.869172</ele>
				<time>2021-11-30T06:59:49Z</time>
			</trkpt>
			<trkpt lat="38.583354" lon="-105.266319">
				<ele>2028.94853</ele>
				<time>2021-11-30T07:00:13Z</time>
			</trkpt>
			<trkpt lat="38.583321" lon="-105.266495">
				<ele>2029.841877</ele>
				<time>2021-11-30T07:00:23Z</time>
			</trkpt>
			<trkpt lat="38.583338" lon="-105.266638">
				<ele>2030.555817</ele>
				<time>2021-11-30T07:00:32Z</time>
			</trkpt>
			<trkpt lat="38.583383" lon="-105.266745">
				<ele>2031.155534</ele>
				<time>2021-11-30T07:00:39Z</time>
			</trkpt>
			<trkpt lat="38.58338" lon="-105.26682">
				<ele>2031.526206</ele>
				<time>2021-11-30T07:00:43Z</time>
			</trkpt>
			<trkpt lat="38.58333" lon="-105.266858">
				<ele>2031.893428</ele>
				<time>2021-11-30T07:00:47Z</time>
			</trkpt>
			<trkpt lat="38.583257" lon="-105.266833">
				<ele>2032.370597</ele>
				<time>2021-11-30T07:00:53Z</time>
			</trkpt>
			<trkpt lat="38.583177" lon="-105.266744">
				<ele>2033.040029</ele>
				<time>2021-11-30T07:01:00Z</time>
			</trkpt>
			<trkpt lat="38.583147" lon="-105.266574">
				<ele>2033.900239</ele>
				<time>2021-11-30T07:01:10Z</time>
			</trkpt>
			<trkpt lat="38.583165" lon="-105.266395">
				<ele>2034.791035</ele>
				<time>2021-11-30T07:01:19Z</time>
			</trkpt>
			<trkpt lat="38.583104" lon="-105.266076">
				<ele>2036.411997</ele>
				<time>2021-11-30T07:01:36Z</time>
			</trkpt>
			<trkpt lat="38.582935" lon="-105.266068">
				<ele>2037.479829</ele>
				<time>2021-11-30T07:01:47Z</time>
			</trkpt>
			<trkpt lat="38.582833" lon="-105.265992">
				<ele>2038.225161</ele>
				<time>2021-11-30T07:01:54Z</time>
			</trkpt>
			<trkpt lat="38.582814" lon="-105.265892">
				<ele>2038.593099</ele>
				<time>2021-11-30T07:01:59Z</time>
			</trkpt>
			<trkpt lat="38.582835" lon="-105.265791">
				<ele>2038.732918</ele>
				<time>2021-11-30T07:02:04Z</time>
			</trkpt>
			<trkpt lat="38.583158" lon="-105.265437">
				<ele>2039.460838</ele>
				<time>2021-11-30T07:02:26Z</time>
			</trkpt>
			<trkpt lat="38.583167" lon="-105.265348">
				<ele>2039.580897</ele>
				<time>2021-11-30T07:02:30Z</time>
			</trkpt>
			<trkpt lat="38.583112" lon="-105.26529">
				<ele>2039.702884</ele>
				<time>2021-11-30T07:02:33Z</time>
			</trkpt>
			<trkpt lat="38.583007" lon="-105.265334">
				<ele>2039.89198</ele>
				<time>2021-11-30T07:02:38Z</time>
			</trkpt>
			<trkpt lat="38.582463" lon="-105.265711">
				<ele>2040.950834</ele>
				<time>2021-11-30T07:03:05Z</time>
			</trkpt>
			<trkpt lat="38.582308" lon="-105.265923">
				<ele>2041.339178</ele>
				<time>2021-11-30T07:03:13Z</time>
			</trkpt>
			<trkpt lat="38.582083" lon="-105.26623">
				<ele>2041.302939</ele>
				<time>2021-11-30T07:03:25Z</time>
			</trkpt>
			<trkpt lat="38.581976" lon="-105.266284">
				<ele>2041.082807</ele>
				<time>2021-11-30T07:03:29Z</time>
			</trkpt>
			<trkpt lat="38.581898" lon="-105.266251">
				<ele>2040.925582</ele>
				<time>2021-11-30T07:03:31Z</time>
			</trkpt>
			<trkpt lat="38.581646" lon="-105.26602">
				<ele>2040.332281</ele>
				<time>2021-11-30T07:03:41Z</time>
			</trkpt>
			<trkpt lat="38.581378" lon="-105.265649">
				<ele>2039.576565</ele>
				<time>2021-11-30T07:03:54Z</time>
			</trkpt>
			<trkpt lat="38.580254" lon="-105.264902">
				<ele>2036.352237</ele>
				<time>2021-11-30T07:04:34Z</time>
			</trkpt>
			<trkpt lat="38.579775" lon="-105.264825">
				<ele>2034.706698</ele>
				<time>2021-11-30T07:04:49Z</time>
			</trkpt>
			<trkpt lat="38.579564" lon="-105.264932">
				<ele>2033.93304</ele>
				<time>2021-11-30T07:04:56Z</time>
			</trkpt>
			<trkpt lat="38.579314" lon="-105.265136">
				<ele>2032.922287</ele>
				<time>2021-11-30T07:05:05Z</time>
			</trkpt>
			<trkpt lat="38.578095" lon="-105.265632">
				<ele>2028.178101</ele>
				<time>2021-11-30T07:05:42Z</time>
			</trkpt>
			<trkpt lat="38.577815" lon="-105.265746">
				<ele>2027.066139</ele>
				<time>2021-11-30T07:05:51Z</time>
			</trkpt>
			<trkpt lat="38.577312" lon="-105.266155">
				<ele>2024.610906</ele>
				<time>2021-11-30T07:06:10Z</time>
			</trkpt>
			<trkpt lat="38.576848" lon="-105.266442">
				<ele>2021.752854</ele>
				<time>2021-11-30T07:06:26Z</time>
			</trkpt>
			<trkpt lat="38.576121" lon="-105.266694">
				<ele>2017.576012</ele>
				<time>2021-11-30T07:06:47Z</time>
			</trkpt>
			<trkpt lat="38.575859" lon="-105.266851">
				<ele>2015.971614</ele>
				<time>2021-11-30T07:06:55Z</time>
			</trkpt>
			<trkpt lat="38.575687" lon="-105.267235">
				<ele>2013.349069</ele>
				<time>2021-11-30T07:07:04Z</time>
			</trkpt>
			<trkpt lat="38.575437" lon="-105.267919">
				<ele>2008.175767</ele>
				<time>2021-11-30T07:07:20Z</time>
			</trkpt>
			<trkpt lat="38.575334" lon="-105.268308">
				<ele>2005.361808</ele>
				<time>2021-11-30T07:07:28Z</time>
			</trkpt>
			<trkpt lat="38.575207" lon="-105.268343">
				<ele>2004.223251</ele>
				<time>2021-11-30T07:07:31Z</time>
			</trkpt>
			<trkpt lat="38.574983" lon="-105.268437">
				<ele>2002.157185</ele>
				<time>2021-11-30T07:07:37Z</time>
			</trkpt>
			<trkpt lat="38.574862" lon="-105.26859">
				<ele>2000.666067</ele>
				<time>2021-11-30T07:07:41Z</time>
			</trkpt>
			<trkpt lat="38.574764" lon="-105.268605">
				<ele>1999.801076</ele>
				<time>2021-11-30T07:07:44Z</time>
			</trkpt>
			<trkpt lat="38.574659" lon="-105.268485">
				<ele>1999.171387</ele>
				<time>2021-11-30T07:07:48Z</time>
			</trkpt>
			<trkpt lat="38.574395" lon="-105.26838">
				<ele>1998.31348</ele>
				<time>2021-11-30T07:07:55Z</time>
			</trkpt>
			<trkpt lat="38.574334" lon="-105.268394">
				<ele>1998.121168</ele>
				<time>2021-11-30T07:07:57Z</time>
			</trkpt>
			<trkpt lat="38.57422" lon="-105.268545">
				<ele>1997.611917</ele>
				<time>2021-11-30T07:08:02Z</time>
			</trkpt>
			<trkpt lat="38.574218" lon="-105.268662">
				<ele>1997.328007</ele>
				<time>2021-11-30T07:08:05Z</time>
			</trkpt>
			<trkpt lat="38.574147" lon="-105.268789">
				<ele>1996.949235</ele>
				<time>2021-11-30T07:08:09Z</time>
			</trkpt>
			<trkpt lat="38.573956" lon="-105.26888">
				<ele>1996.316763</ele>
				<time>2021-11-30T07:08:15Z</time>
			</trkpt>
			<trkpt lat="38.573815" lon="-105.269128">
				<ele>1995.572838</ele>
				<time>2021-11-30T07:08:23Z</time>
			</trkpt>
			<trkpt lat="38.573678" lon="-105.269374">
				<ele>1994.840102</ele>
				<time>2021-11-30T07:08:32Z</time>
			</trkpt>
			<trkpt lat="38.573661" lon="-105.269639">
				<ele>1994.195046</ele>
				<time>2021-11-30T07:08:39Z</time>
			</trkpt>
			<trkpt lat="38.573828" lon="-105.27038">
				<ele>1995.842108</ele>
				<time>2021-11-30T07:09:07Z</time>
			</trkpt>
			<trkpt lat="38.573979" lon="-105.270832">
				<ele>1997.276253</ele>
				<time>2021-11-30T07:09:29Z</time>
			</trkpt>
			<trkpt lat="38.574168" lon="-105.270981">
				<ele>1998.104808</ele>
				<time>2021-11-30T07:09:42Z</time>
			</trkpt>
			<trkpt lat="38.574224" lon="-105.27114">
				<ele>1998.613619</ele>
				<time>2021-11-30T07:09:51Z</time>
			</trkpt>
			<trkpt lat="38.574224" lon="-105.272277">
				<ele>2002.260343</ele>
				<time>2021-11-30T07:10:49Z</time>
			</trkpt>
			<trkpt lat="38.574326" lon="-105.272995">
				<ele>2004.930093</ele>
				<time>2021-11-30T07:11:25Z</time>
			</trkpt>
			<trkpt lat="38.574518" lon="-105.273428">
				<ele>2006.751235</ele>
				<time>2021-11-30T07:11:48Z</time>
			</trkpt>
			<trkpt lat="38.574509" lon="-105.273763">
				<ele>2007.977521</ele>
				<time>2021-11-30T07:12:03Z</time>
			</trkpt>
			<trkpt lat="38.574293" lon="-105.274118">
				<ele>2009.184638</ele>
				<time>2021-11-30T07:12:23Z</time>
			</trkpt>
			<trkpt lat="38.573907" lon="-105.274659">
				<ele>2009.812283</ele>
				<time>2021-11-30T07:12:52Z</time>
			</trkpt>
			<trkpt lat="38.573588" lon="-105.274971">
				<ele>2010.252448</ele>
				<time>2021-11-30T07:13:09Z</time>
			</trkpt>
			<trkpt lat="38.573543" lon="-105.275237">
				<ele>2010.48567</ele>
				<time>2021-11-30T07:13:17Z</time>
			</trkpt>
			<trkpt lat="38.573621" lon="-105.276171">
				<ele>2010.249567</ele>
				<time>2021-11-30T07:13:43Z</time>
			</trkpt>
			<trkpt lat="38.573617" lon="-105.276459">
				<ele>2009.539807</ele>
				<time>2021-11-30T07:13:50Z</time>
			</trkpt>
			<trkpt lat="38.57356" lon="-105.276577">
				<ele>2009.198027</ele>
				<time>2021-11-30T07:13:53Z</time>
			</trkpt>
			<trkpt lat="38.573277" lon="-105.276876">
				<ele>2008.041149</ele>
				<time>2021-11-30T07:14:04Z</time>
			</trkpt>
			<trkpt lat="38.572934" lon="-105.277676">
				<ele>2005.792924</ele>
				<time>2021-11-30T07:14:25Z</time>
			</trkpt>
			<trkpt lat="38.572758" lon="-105.277879">
				<ele>2005.246944</ele>
				<time>2021-11-30T07:14:32Z</time>
			</trkpt>
			<trkpt lat="38.572548" lon="-105.278048">
				<ele>2004.976597</ele>
				<time>2021-11-30T07:14:40Z</time>
			</trkpt>
			<trkpt lat="38.572232" lon="-105.278119">
				<ele>2004.627001</ele>
				<time>2021-11-30T07:14:50Z</time>
			</trkpt>
			<trkpt lat="38.571597" lon="-105.278088">
				<ele>2003.93458</ele>
				<time>2021-11-30T07:15:12Z</time>
			</trkpt>
			<trkpt lat="38.571298" lon="-105.278179">
				<ele>2003.599684</ele>
				<time>2021-11-30T07:15:26Z</time>
			</trkpt>
			<trkpt lat="38.571098" lon="-105.278272">
				<ele>2003.444424</ele>
				<time>2021-11-30T07:15:35Z</time>
			</trkpt>
			<trkpt lat="38.570953" lon="-105.278398">
				<ele>2003.828145</ele>
				<time>2021-11-30T07:15:43Z</time>
			</trkpt>
			<trkpt lat="38.570839" lon="-105.278773">
				<ele>2004.516732</ele>
				<time>2021-11-30T07:15:58Z</time>
			</trkpt>
			<trkpt lat="38.570706" lon="-105.278925">
				<ele>2004.907152</ele>
				<time>2021-11-30T07:16:07Z</time>
			</trkpt>
			<trkpt lat="38.570237" lon="-105.27929">
				<ele>2006.108887</ele>
				<time>2021-11-30T07:16:36Z</time>
			</trkpt>
			<trkpt lat="38.569815" lon="-105.28001">
				<ele>2007.01596</ele>
				<time>2021-11-30T07:17:12Z</time>
			</trkpt>
			<trkpt lat="38.569823" lon="-105.280177">
				<ele>2006.733228</ele>
				<time>2021-11-30T07:17:17Z</time>
			</trkpt>
			<trkpt lat="38.569901" lon="-105.280305">
				<ele>2006.458991</ele>
				<time>2021-11-30T07:17:21Z</time>
			</trkpt>
			<trkpt lat="38.570213" lon="-105.28051">
				<ele>2005.70088</ele>
				<time>2021-11-30T07:17:33Z</time>
			</trkpt>
			<trkpt lat="38.570286" lon="-105.280619">
				<ele>2005.458352</ele>
				<time>2021-11-30T07:17:37Z</time>
			</trkpt>
			<trkpt lat="38.570301" lon="-105.280703">
				<ele>2005.312751</ele>
				<time>2021-11-30T07:17:39Z</time>
			</trkpt>
			<trkpt lat="38.570287" lon="-105.280796">
				<ele>2005.152711</ele>
				<time>2021-11-30T07:17:41Z</time>
			</trkpt>
			<trkpt lat="38.570233" lon="-105.280842">
				<ele>2005.012483</ele>
				<time>2021-11-30T07:17:43Z</time>
			</trkpt>
			<trkpt lat="38.569912" lon="-105.280801">
				<ele>2004.315244</ele>
				<time>2021-11-30T07:17:53Z</time>
			</trkpt>
			<trkpt lat="38.568811" lon="-105.28029">
				<ele>1998.531698</ele>
				<time>2021-11-30T07:18:26Z</time>
			</trkpt>
			<trkpt lat="38.568012" lon="-105.279823">
				<ele>1992.911484</ele>
				<time>2021-11-30T07:18:50Z</time>
			</trkpt>
			<trkpt lat="38.567661" lon="-105.279838">
				<ele>1990.682127</ele>
				<time>2021-11-30T07:19:00Z</time>
			</trkpt>
			<trkpt lat="38.56717" lon="-105.279855">
				<ele>1987.582934</ele>
				<time>2021-11-30T07:19:13Z</time>
			</trkpt>
			<trkpt lat="38.566565" lon="-105.279922">
				<ele>1983.751287</ele>
				<time>2021-11-30T07:19:30Z</time>
			</trkpt>
			<trkpt lat="38.566473" lon="-105.279927">
				<ele>1983.170272</ele>
				<time>2021-11-30T07:19:33Z</time>
			</trkpt>
			<trkpt lat="38.566349" lon="-105.279975">
				<ele>1982.352819</ele>
				<time>2021-11-30T07:19:36Z</time>
			</trkpt>
			<trkpt lat="38.565128" lon="-105.280611">
				<ele>1975.204401</ele>
				<time>2021-11-30T07:20:14Z</time>
			</trkpt>
			<trkpt lat="38.564832" lon="-105.280597">
				<ele>1973.669209</ele>
				<time>2021-11-30T07:20:22Z</time>
			</trkpt>
			<trkpt lat="38.563901" lon="-105.280311">
				<ele>1968.794853</ele>
				<time>2021-11-30T07:20:50Z</time>
			</trkpt>
			<trkpt lat="38.563534" lon="-105.280171">
				<ele>1966.87834</ele>
				<time>2021-11-30T07:21:01Z</time>
			</trkpt>
			<trkpt lat="38.56304" lon="-105.279797">
				<ele>1964.005559</ele>
				<time>2021-11-30T07:21:18Z</time>
			</trkpt>
			<trkpt lat="38.562638" lon="-105.279662">
				<ele>1961.924015</ele>
				<time>2021-11-30T07:21:30Z</time>
			</trkpt>
			<trkpt lat="38.562318" lon="-105.27943">
				<ele>1960.074312</ele>
				<time>2021-11-30T07:21:40Z</time>
			</trkpt>
			<trkpt lat="38.562107" lon="-105.278999">
				<ele>1958.074897</ele>
				<time>2021-11-30T07:21:52Z</time>
			</trkpt>
			<trkpt lat="38.560521" lon="-105.27836">
				<ele>1949.542352</ele>
				<time>2021-11-30T07:22:39Z</time>
			</trkpt>
			<trkpt lat="38.559715" lon="-105.277783">
				<ele>1944.671144</ele>
				<time>2021-11-30T07:23:06Z</time>
			</trkpt>
			<trkpt lat="38.559393" lon="-105.277331">
				<ele>1941.934615</ele>
				<time>2021-11-30T07:23:19Z</time>
			</trkpt>
			<trkpt lat="38.559138" lon="-105.276854">
				<ele>1939.228397</ele>
				<time>2021-11-30T07:23:32Z</time>
			</trkpt>
			<trkpt lat="38.558695" lon="-105.276429">
				<ele>1935.911433</ele>
				<time>2021-11-30T07:23:47Z</time>
			</trkpt>
			<trkpt lat="38.558492" lon="-105.276097">
				<ele>1933.937563</ele>
				<time>2021-11-30T07:23:57Z</time>
			</trkpt>
			<trkpt lat="38.558151" lon="-105.275824">
				<ele>1931.883972</ele>
				<time>2021-11-30T07:24:08Z</time>
			</trkpt>
			<trkpt lat="38.557926" lon="-105.275465">
				<ele>1930.264445</ele>
				<time>2021-11-30T07:24:18Z</time>
			</trkpt>
			<trkpt lat="38.557657" lon="-105.274826">
				<ele>1927.709845</ele>
				<time>2021-11-30T07:24:34Z</time>
			</trkpt>
			<trkpt lat="38.557656" lon="-105.274482">
				<ele>1926.498909</ele>
				<time>2021-11-30T07:24:43Z</time>
			</trkpt>
			<trkpt lat="38.557685" lon="-105.274375">
				<ele>1926.100272</ele>
				<time>2021-11-30T07:24:45Z</time>
			</trkpt>
			<trkpt lat="38.557792" lon="-105.273975">
				<ele>1924.742481</ele>
				<time>2021-11-30T07:24:56Z</time>
			</trkpt>
			<trkpt lat="38.557804" lon="-105.273621">
				<ele>1924.139664</ele>
				<time>2021-11-30T07:25:05Z</time>
			</trkpt>
			<trkpt lat="38.557815" lon="-105.273533">
				<ele>1923.988051</ele>
				<time>2021-11-30T07:25:07Z</time>
			</trkpt>
			<trkpt lat="38.558065" lon="-105.273265">
				<ele>1923.278325</ele>
				<time>2021-11-30T07:25:17Z</time>
			</trkpt>
			<trkpt lat="38.558083" lon="-105.273023">
				<ele>1922.86476</ele>
				<time>2021-11-30T07:25:24Z</time>
			</trkpt>
			<trkpt lat="38.558017" lon="-105.272706">
				<ele>1922.306669</ele>
				<time>2021-11-30T07:25:32Z</time>
			</trkpt>
			<trkpt lat="38.557928" lon="-105.272522">
				<ele>1921.938589</ele>
				<time>2021-11-30T07:25:38Z</time>
			</trkpt>
			<trkpt lat="38.557796" lon="-105.272329">
				<ele>1921.502375</ele>
				<time>2021-11-30T07:25:44Z</time>
			</trkpt>
			<trkpt lat="38.556975" lon="-105.271829">
				<ele>1918.410097</ele>
				<time>2021-11-30T07:26:13Z</time>
			</trkpt>
			<trkpt lat="38.55518" lon="-105.270862">
				<ele>1909.744253</ele>
				<time>2021-11-30T07:27:10Z</time>
			</trkpt>
			<trkpt lat="38.554822" lon="-105.270772">
				<ele>1907.822984</ele>
				<time>2021-11-30T07:27:20Z</time>
			</trkpt>
			<trkpt lat="38.554433" lon="-105.270764">
				<ele>1905.774292</ele>
				<time>2021-11-30T07:27:31Z</time>
			</trkpt>
			<trkpt lat="38.553871" lon="-105.270889">
				<ele>1902.856018</ele>
				<time>2021-11-30T07:27:47Z</time>
			</trkpt>
			<trkpt lat="38.553246" lon="-105.270832">
				<ele>1899.71855</ele>
				<time>2021-11-30T07:28:05Z</time>
			</trkpt>
			<trkpt lat="38.553056" lon="-105.270706">
				<ele>1898.646847</ele>
				<time>2021-11-30T07:28:11Z</time>
			</trkpt>
			<trkpt lat="38.552883" lon="-105.270506">
				<ele>1897.479056</ele>
				<time>2021-11-30T07:28:18Z</time>
			</trkpt>
			<trkpt lat="38.552786" lon="-105.270446">
				<ele>1896.939513</ele>
				<time>2021-11-30T07:28:21Z</time>
			</trkpt>
			<trkpt lat="38.55264" lon="-105.270412">
				<ele>1896.196432</ele>
				<time>2021-11-30T07:28:25Z</time>
			</trkpt>
			<trkpt lat="38.552464" lon="-105.270439">
				<ele>1895.419848</ele>
				<time>2021-11-30T07:28:31Z</time>
			</trkpt>
			<trkpt lat="38.552261" lon="-105.270426">
				<ele>1894.973366</ele>
				<time>2021-11-30T07:28:37Z</time>
			</trkpt>
			<trkpt lat="38.551818" lon="-105.270261">
				<ele>1893.959802</ele>
				<time>2021-11-30T07:28:51Z</time>
			</trkpt>
			<trkpt lat="38.551695" lon="-105.270134">
				<ele>1893.612524</ele>
				<time>2021-11-30T07:28:56Z</time>
			</trkpt>
			<trkpt lat="38.551418" lon="-105.269955">
				<ele>1892.930761</ele>
				<time>2021-11-30T07:29:06Z</time>
			</trkpt>
			<trkpt lat="38.550513" lon="-105.269652">
				<ele>1891.32776</ele>
				<time>2021-11-30T07:29:39Z</time>
			</trkpt>
			<trkpt lat="38.549864" lon="-105.269388">
				<ele>1890.826393</ele>
				<time>2021-11-30T07:30:04Z</time>
			</trkpt>
			<trkpt lat="38.549077" lon="-105.268932">
				<ele>1890.063064</ele>
				<time>2021-11-30T07:30:34Z</time>
			</trkpt>
			<trkpt lat="38.548242" lon="-105.26839">
				<ele>1887.242668</ele>
				<time>2021-11-30T07:31:04Z</time>
			</trkpt>
			<trkpt lat="38.545963" lon="-105.267149">
				<ele>1877.365384</ele>
				<time>2021-11-30T07:32:17Z</time>
			</trkpt>
			<trkpt lat="38.545336" lon="-105.266751">
				<ele>1874.180869</ele>
				<time>2021-11-30T07:32:37Z</time>
			</trkpt>
			<trkpt lat="38.54527" lon="-105.266642">
				<ele>1873.688217</ele>
				<time>2021-11-30T07:32:41Z</time>
			</trkpt>
			<trkpt lat="38.545269" lon="-105.266527">
				<ele>1873.277195</ele>
				<time>2021-11-30T07:32:43Z</time>
			</trkpt>
			<trkpt lat="38.545326" lon="-105.266432">
				<ele>1872.849278</ele>
				<time>2021-11-30T07:32:46Z</time>
			</trkpt>
			<trkpt lat="38.545456" lon="-105.266366">
				<ele>1872.210126</ele>
				<time>2021-11-30T07:32:50Z</time>
			</trkpt>
			<trkpt lat="38.546185" lon="-105.266265">
				<ele>1868.859459</ele>
				<time>2021-11-30T07:33:11Z</time>
			</trkpt>
			<trkpt lat="38.546355" lon="-105.266216">
				<ele>1868.094421</ele>
				<time>2021-11-30T07:33:16Z</time>
			</trkpt>
			<trkpt lat="38.546464" lon="-105.266068">
				<ele>1867.412159</ele>
				<time>2021-11-30T07:33:21Z</time>
			</trkpt>
			<trkpt lat="38.546462" lon="-105.265868">
				<ele>1866.740889</ele>
				<time>2021-11-30T07:33:26Z</time>
			</trkpt>
			<trkpt lat="38.546358" lon="-105.265727">
				<ele>1866.090439</ele>
				<time>2021-11-30T07:33:30Z</time>
			</trkpt>
			<trkpt lat="38.546177" lon="-105.265582">
				<ele>1865.173893</ele>
				<time>2021-11-30T07:33:36Z</time>
			</trkpt>
			<trkpt lat="38.545384" lon="-105.265451">
				<ele>1861.742771</ele>
				<time>2021-11-30T07:34:00Z</time>
			</trkpt>
			<trkpt lat="38.544263" lon="-105.265219">
				<ele>1857.813016</ele>
				<time>2021-11-30T07:34:34Z</time>
			</trkpt>
			<trkpt lat="38.543682" lon="-105.265144">
				<ele>1855.89978</ele>
				<time>2021-11-30T07:34:53Z</time>
			</trkpt>
			<trkpt lat="38.542606" lon="-105.265238">
				<ele>1852.510172</ele>
				<time>2021-11-30T07:35:26Z</time>
			</trkpt>
			<trkpt lat="38.542295" lon="-105.265227">
				<ele>1851.547298</ele>
				<time>2021-11-30T07:35:36Z</time>
			</trkpt>
			<trkpt lat="38.541641" lon="-105.265047">
				<ele>1849.476884</ele>
				<time>2021-11-30T07:35:56Z</time>
			</trkpt>
			<trkpt lat="38.541021" lon="-105.265028">
				<ele>1847.907937</ele>
				<time>2021-11-30T07:36:15Z</time>
			</trkpt>
			<trkpt lat="38.540871" lon="-105.264967">
				<ele>1847.513504</ele>
				<time>2021-11-30T07:36:20Z</time>
			</trkpt>
			<trkpt lat="38.540545" lon="-105.264698">
				<ele>1846.541233</ele>
				<time>2021-11-30T07:36:32Z</time>
			</trkpt>
			<trkpt lat="38.538151" lon="-105.263138">
				<ele>1841.368181</ele>
				<time>2021-11-30T07:38:02Z</time>
			</trkpt>
			<trkpt lat="38.538071" lon="-105.262961">
				<ele>1840.952428</ele>
				<time>2021-11-30T07:38:07Z</time>
			</trkpt>
			<trkpt lat="38.537954" lon="-105.262">
				<ele>1838.974439</ele>
				<time>2021-11-30T07:38:31Z</time>
			</trkpt>
			<trkpt lat="38.537757" lon="-105.261454">
				<ele>1837.751555</ele>
				<time>2021-11-30T07:38:46Z</time>
			</trkpt>
			<trkpt lat="38.537502" lon="-105.261078">
				<ele>1836.756275</ele>
				<time>2021-11-30T07:38:57Z</time>
			</trkpt>
			<trkpt lat="38.536814" lon="-105.260319">
				<ele>1834.46573</ele>
				<time>2021-11-30T07:39:25Z</time>
			</trkpt>
			<trkpt lat="38.536428" lon="-105.25998">
				<ele>1833.285335</ele>
				<time>2021-11-30T07:39:40Z</time>
			</trkpt>
			<trkpt lat="38.536017" lon="-105.259753">
				<ele>1833.058261</ele>
				<time>2021-11-30T07:39:56Z</time>
			</trkpt>
			<trkpt lat="38.535695" lon="-105.259713">
				<ele>1833.469287</ele>
				<time>2021-11-30T07:40:09Z</time>
			</trkpt>
			<trkpt lat="38.535396" lon="-105.259823">
				<ele>1833.864581</ele>
				<time>2021-11-30T07:40:22Z</time>
			</trkpt>
			<trkpt lat="38.535083" lon="-105.260071">
				<ele>1834.332429</ele>
				<time>2021-11-30T07:40:40Z</time>
			</trkpt>
			<trkpt lat="38.53394" lon="-105.260567">
				<ele>1836.107493</ele>
				<time>2021-11-30T07:41:41Z</time>
			</trkpt>
			<trkpt lat="38.53356" lon="-105.260514">
				<ele>1836.735374</ele>
				<time>2021-11-30T07:41:59Z</time>
			</trkpt>
			<trkpt lat="38.532823" lon="-105.260148">
				<ele>1837.951148</ele>
				<time>2021-11-30T07:42:33Z</time>
			</trkpt>
			<trkpt lat="38.532513" lon="-105.260065">
				<ele>1837.346383</ele>
				<time>2021-11-30T07:42:45Z</time>
			</trkpt>
			<trkpt lat="38.531652" lon="-105.260201">
				<ele>1835.689868</ele>
				<time>2021-11-30T07:43:13Z</time>
			</trkpt>
			<trkpt lat="38.531299" lon="-105.26008">
				<ele>1834.992031</ele>
				<time>2021-11-30T07:43:24Z</time>
			</trkpt>
			<trkpt lat="38.530458" lon="-105.25903">
				<ele>1831.577513</ele>
				<time>2021-11-30T07:44:00Z</time>
			</trkpt>
			<trkpt lat="38.530203" lon="-105.25883">
				<ele>1830.637866</ele>
				<time>2021-11-30T07:44:09Z</time>
			</trkpt>
			<trkpt lat="38.530009" lon="-105.25882">
				<ele>1830.028048</ele>
				<time>2021-11-30T07:44:15Z</time>
			</trkpt>
			<trkpt lat="38.529863" lon="-105.258928">
				<ele>1829.498242</ele>
				<time>2021-11-30T07:44:20Z</time>
			</trkpt>
			<trkpt lat="38.529781" lon="-105.259132">
				<ele>1828.934712</ele>
				<time>2021-11-30T07:44:26Z</time>
			</trkpt>
			<trkpt lat="38.529419" lon="-105.260557">
				<ele>1825.335945</ele>
				<time>2021-11-30T07:45:03Z</time>
			</trkpt>
			<trkpt lat="38.52926" lon="-105.260763">
				<ele>1824.640934</ele>
				<time>2021-11-30T07:45:10Z</time>
			</trkpt>
			<trkpt lat="38.528963" lon="-105.260824">
				<ele>1823.717443</ele>
				<time>2021-11-30T07:45:19Z</time>
			</trkpt>
			<trkpt lat="38.528665" lon="-105.260719">
				<ele>1822.463438</ele>
				<time>2021-11-30T07:45:28Z</time>
			</trkpt>
			<trkpt lat="38.527317" lon="-105.259653">
				<ele>1815.209946</ele>
				<time>2021-11-30T07:46:14Z</time>
			</trkpt>
			<trkpt lat="38.527179" lon="-105.259598">
				<ele>1814.669858</ele>
				<time>2021-11-30T07:46:18Z</time>
			</trkpt>
			<trkpt lat="38.526746" lon="-105.259576">
				<ele>1813.08076</ele>
				<time>2021-11-30T07:46:31Z</time>
			</trkpt>
			<trkpt lat="38.525921" lon="-105.259391">
				<ele>1810.009222</ele>
				<time>2021-11-30T07:46:56Z</time>
			</trkpt>
			<trkpt lat="38.525162" lon="-105.259386">
				<ele>1807.985111</ele>
				<time>2021-11-30T07:47:20Z</time>
			</trkpt>
			<trkpt lat="38.52427" lon="-105.259453">
				<ele>1806.567831</ele>
				<time>2021-11-30T07:47:50Z</time>
			</trkpt>
			<trkpt lat="38.523664" lon="-105.259416">
				<ele>1805.771474</ele>
				<time>2021-11-30T07:48:11Z</time>
			</trkpt>
			<trkpt lat="38.523267" lon="-105.259362">
				<ele>1806.135362</ele>
				<time>2021-11-30T07:48:25Z</time>
			</trkpt>
			<trkpt lat="38.522899" lon="-105.259373">
				<ele>1806.470866</ele>
				<time>2021-11-30T07:48:39Z</time>
			</trkpt>
			<trkpt lat="38.522111" lon="-105.259624">
				<ele>1807.211053</ele>
				<time>2021-11-30T07:49:15Z</time>
			</trkpt>
			<trkpt lat="38.521877" lon="-105.259733">
				<ele>1807.676413</ele>
				<time>2021-11-30T07:49:28Z</time>
			</trkpt>
			<trkpt lat="38.521684" lon="-105.259886">
				<ele>1808.445573</ele>
				<time>2021-11-30T07:49:40Z</time>
			</trkpt>
			<trkpt lat="38.521005" lon="-105.260158">
				<ele>1810.855482</ele>
				<time>2021-11-30T07:50:20Z</time>
			</trkpt>
			<trkpt lat="38.520885" lon="-105.260254">
				<ele>1811.334937</ele>
				<time>2021-11-30T07:50:28Z</time>
			</trkpt>
			<trkpt lat="38.520736" lon="-105.260526">
				<ele>1812.214768</ele>
				<time>2021-11-30T07:50:43Z</time>
			</trkpt>
			<trkpt lat="38.520644" lon="-105.260961">
				<ele>1813.408779</ele>
				<time>2021-11-30T07:51:02Z</time>
			</trkpt>
			<trkpt lat="38.520611" lon="-105.261294">
				<ele>1813.801344</ele>
				<time>2021-11-30T07:51:16Z</time>
			</trkpt>
			<trkpt lat="38.520465" lon="-105.261543">
				<ele>1814.147464</ele>
				<time>2021-11-30T07:51:29Z</time>
			</trkpt>
			<trkpt lat="38.520212" lon="-105.261826">
				<ele>1814.625455</ele>
				<time>2021-11-30T07:51:45Z</time>
			</trkpt>
			<trkpt lat="38.519833" lon="-105.262044">
				<ele>1815.216338</ele>
				<time>2021-11-30T07:52:03Z</time>
			</trkpt>
			<trkpt lat="38.51915" lon="-105.261955">
				<ele>1816.097099</ele>
				<time>2021-11-30T07:52:27Z</time>
			</trkpt>
			<trkpt lat="38.518392" lon="-105.261766">
				<ele>1816.653893</ele>
				<time>2021-11-30T07:52:55Z</time>
			</trkpt>
			<trkpt lat="38.517631" lon="-105.261679">
				<ele>1817.204737</ele>
				<time>2021-11-30T07:53:26Z</time>
			</trkpt>
			<trkpt lat="38.514246" lon="-105.261691">
				<ele>1830.522316</ele>
				<time>2021-11-30T07:56:47Z</time>
			</trkpt>
			<trkpt lat="38.514" lon="-105.261641">
				<ele>1831.517849</ele>
				<time>2021-11-30T07:57:00Z</time>
			</trkpt>
			<trkpt lat="38.5129" lon="-105.260796">
				<ele>1833.399557</ele>
				<time>2021-11-30T07:58:00Z</time>
			</trkpt>
			<trkpt lat="38.512769" lon="-105.260644">
				<ele>1833.625417</ele>
				<time>2021-11-30T07:58:07Z</time>
			</trkpt>
			<trkpt lat="38.511875" lon="-105.258914">
				<ele>1832.93248</ele>
				<time>2021-11-30T07:59:04Z</time>
			</trkpt>
			<trkpt lat="38.511684" lon="-105.258685">
				<ele>1832.660822</ele>
				<time>2021-11-30T07:59:13Z</time>
			</trkpt>
			<trkpt lat="38.511182" lon="-105.258083">
				<ele>1831.427031</ele>
				<time>2021-11-30T07:59:35Z</time>
			</trkpt>
			<trkpt lat="38.510704" lon="-105.257439">
				<ele>1829.663638</ele>
				<time>2021-11-30T07:59:58Z</time>
			</trkpt>
			<trkpt lat="38.510213" lon="-105.25701">
				<ele>1828.153574</ele>
				<time>2021-11-30T08:00:16Z</time>
			</trkpt>
			<trkpt lat="38.509701" lon="-105.256655">
				<ele>1826.139123</ele>
				<time>2021-11-30T08:00:34Z</time>
			</trkpt>
			<trkpt lat="38.509457" lon="-105.256609">
				<ele>1825.197935</ele>
				<time>2021-11-30T08:00:41Z</time>
			</trkpt>
			<trkpt lat="38.505885" lon="-105.256555">
				<ele>1812.147596</ele>
				<time>2021-11-30T08:02:27Z</time>
			</trkpt>
			<trkpt lat="38.495319" lon="-105.256564">
				<ele>1792.200137</ele>
				<time>2021-11-30T08:08:15Z</time>
			</trkpt>
			<trkpt lat="38.493558" lon="-105.256564">
				<ele>1790.809105</ele>
				<time>2021-11-30T08:09:19Z</time>
			</trkpt>
			<trkpt lat="38.493238" lon="-105.256532">
				<ele>1790.354589</ele>
				<time>2021-11-30T08:09:31Z</time>
			</trkpt>
			<trkpt lat="38.49266" lon="-105.25651">
				<ele>1789.535759</ele>
				<time>2021-11-30T08:09:50Z</time>
			</trkpt>
			<trkpt lat="38.492523" lon="-105.256537">
				<ele>1789.339469</ele>
				<time>2021-11-30T08:09:55Z</time>
			</trkpt>
			<trkpt lat="38.491006" lon="-105.257455">
				<ele>1784.116292</ele>
				<time>2021-11-30T08:10:46Z</time>
			</trkpt>
			<trkpt lat="38.490668" lon="-105.257533">
				<ele>1782.875137</ele>
				<time>2021-11-30T08:10:56Z</time>
			</trkpt>
			<trkpt lat="38.489777" lon="-105.257653">
				<ele>1779.408284</ele>
				<time>2021-11-30T08:11:23Z</time>
			</trkpt>
			<trkpt lat="38.489151" lon="-105.257836">
				<ele>1776.887631</ele>
				<time>2021-11-30T08:11:42Z</time>
			</trkpt>
			<trkpt lat="38.488356" lon="-105.257806">
				<ele>1773.915754</ele>
				<time>2021-11-30T08:12:06Z</time>
			</trkpt>
			<trkpt lat="38.487896" lon="-105.257839">
				<ele>1772.291679</ele>
				<time>2021-11-30T08:12:20Z</time>
			</trkpt>
			<trkpt lat="38.486313" lon="-105.258069">
				<ele>1766.320172</ele>
				<time>2021-11-30T08:13:08Z</time>
			</trkpt>
			<trkpt lat="38.483967" lon="-105.258347">
				<ele>1756.553848</ele>
				<time>2021-11-30T08:14:18Z</time>
			</trkpt>
			<trkpt lat="38.483727" lon="-105.258332">
				<ele>1755.544543</ele>
				<time>2021-11-30T08:14:25Z</time>
			</trkpt>
			<trkpt lat="38.483233" lon="-105.258245">
				<ele>1753.794226</ele>
				<time>2021-11-30T08:14:39Z</time>
			</trkpt>
			<trkpt lat="38.48306" lon="-105.258256">
				<ele>1753.533016</ele>
				<time>2021-11-30T08:14:45Z</time>
			</trkpt>
			<trkpt lat="38.482823" lon="-105.258337">
				<ele>1753.163046</ele>
				<time>2021-11-30T08:14:53Z</time>
			</trkpt>
			<trkpt lat="38.482528" lon="-105.258489">
				<ele>1752.683357</ele>
				<time>2021-11-30T08:15:03Z</time>
			</trkpt>
			<trkpt lat="38.482436" lon="-105.258574">
				<ele>1752.512137</ele>
				<time>2021-11-30T08:15:07Z</time>
			</trkpt>
			<trkpt lat="38.482387" lon="-105.258658">
				<ele>1752.388472</ele>
				<time>2021-11-30T08:15:10Z</time>
			</trkpt>
			<trkpt lat="38.482347" lon="-105.258875">
				<ele>1752.125302</ele>
				<time>2021-11-30T08:15:16Z</time>
			</trkpt>
			<trkpt lat="38.482386" lon="-105.259119">
				<ele>1751.831323</ele>
				<time>2021-11-30T08:15:23Z</time>
			</trkpt>
			<trkpt lat="38.482487" lon="-105.259371">
				<ele>1751.497118</ele>
				<time>2021-11-30T08:15:31Z</time>
			</trkpt>
			<trkpt lat="38.482534" lon="-105.25965">
				<ele>1751.351929</ele>
				<time>2021-11-30T08:15:40Z</time>
			</trkpt>
			<trkpt lat="38.482528" lon="-105.25979">
				<ele>1751.463619</ele>
				<time>2021-11-30T08:15:44Z</time>
			</trkpt>
			<trkpt lat="38.482405" lon="-105.260152">
				<ele>1751.77798</ele>
				<time>2021-11-30T08:15:56Z</time>
			</trkpt>
			<trkpt lat="38.482304" lon="-105.260385">
				<ele>1751.990144</ele>
				<time>2021-11-30T08:16:05Z</time>
			</trkpt>
			<trkpt lat="38.482246" lon="-105.260662">
				<ele>1752.218559</ele>
				<time>2021-11-30T08:16:15Z</time>
			</trkpt>
			<trkpt lat="38.482104" lon="-105.261976">
				<ele>1753.288036</ele>
				<time>2021-11-30T08:17:01Z</time>
			</trkpt>
			<trkpt lat="38.482006" lon="-105.262276">
				<ele>1753.566494</ele>
				<time>2021-11-30T08:17:12Z</time>
			</trkpt>
			<trkpt lat="38.481867" lon="-105.262531">
				<ele>1753.832669</ele>
				<time>2021-11-30T08:17:22Z</time>
			</trkpt>
			<trkpt lat="38.481719" lon="-105.262692">
				<ele>1754.045386</ele>
				<time>2021-11-30T08:17:30Z</time>
			</trkpt>
			<trkpt lat="38.48124" lon="-105.262821">
				<ele>1754.581065</ele>
				<time>2021-11-30T08:17:52Z</time>
			</trkpt>
			<trkpt lat="38.480843" lon="-105.26304">
				<ele>1755.054267</ele>
				<time>2021-11-30T08:18:10Z</time>
			</trkpt>
			<trkpt lat="38.480686" lon="-105.263172">
				<ele>1754.888149</ele>
				<time>2021-11-30T08:18:18Z</time>
			</trkpt>
			<trkpt lat="38.480562" lon="-105.26333">
				<ele>1754.698146</ele>
				<time>2021-11-30T08:18:25Z</time>
			</trkpt>
			<trkpt lat="38.480353" lon="-105.263807">
				<ele>1754.233914</ele>
				<time>2021-11-30T08:18:41Z</time>
			</trkpt>
			<trkpt lat="38.480263" lon="-105.26395">
				<ele>1754.078088</ele>
				<time>2021-11-30T08:18:46Z</time>
			</trkpt>
			<trkpt lat="38.47976" lon="-105.263411">
				<ele>1753.365831</ele>
				<time>2021-11-30T08:18:59Z</time>
			</trkpt>
			<trkpt lat="38.476229" lon="-105.260141">
				<ele>1734.579071</ele>
				<time>2021-11-30T08:20:09Z</time>
			</trkpt>
			<trkpt lat="38.476041" lon="-105.25998">
				<ele>1733.409405</ele>
				<time>2021-11-30T08:20:13Z</time>
			</trkpt>
			<trkpt lat="38.475464" lon="-105.259632">
				<ele>1730.111971</ele>
				<time>2021-11-30T08:20:23Z</time>
			</trkpt>
			<trkpt lat="38.474916" lon="-105.259365">
				<ele>1727.398824</ele>
				<time>2021-11-30T08:20:32Z</time>
			</trkpt>
			<trkpt lat="38.47438" lon="-105.259148">
				<ele>1725.42603</ele>
				<time>2021-11-30T08:20:41Z</time>
			</trkpt>
			<trkpt lat="38.472946" lon="-105.258593">
				<ele>1723.590553</ele>
				<time>2021-11-30T08:21:07Z</time>
			</trkpt>
			<trkpt lat="38.472479" lon="-105.258412">
				<ele>1725.560087</ele>
				<time>2021-11-30T08:21:25Z</time>
			</trkpt>
			<trkpt lat="38.472528" lon="-105.258235">
				<ele>1726.153267</ele>
				<time>2021-11-30T08:21:33Z</time>
			</trkpt>
			<trkpt lat="38.472608" lon="-105.257944">
				<ele>1727.127744</ele>
				<time>2021-11-30T08:21:45Z</time>
			</trkpt>
			<trkpt lat="38.472689" lon="-105.257603">
				<ele>1728.253661</ele>
				<time>2021-11-30T08:22:03Z</time>
			</trkpt>
			<trkpt lat="38.472716" lon="-105.257509">
				<ele>1728.570019</ele>
				<time>2021-11-30T08:22:08Z</time>
			</trkpt>
			<trkpt lat="38.472713" lon="-105.257405">
				<ele>1728.898838</ele>
				<time>2021-11-30T08:22:14Z</time>
			</trkpt>
			<trkpt lat="38.472667" lon="-105.257284">
				<ele>1729.965721</ele>
				<time>2021-11-30T08:22:22Z</time>
			</trkpt>
			<trkpt lat="38.472214" lon="-105.256847">
				<ele>1737.080307</ele>
				<time>2021-11-30T08:23:09Z</time>
			</trkpt>
			<trkpt lat="38.472014" lon="-105.256356">
				<ele>1742.511041</ele>
				<time>2021-11-30T08:23:51Z</time>
			</trkpt>
			<trkpt lat="38.471845" lon="-105.25622">
				<ele>1745.01439</ele>
				<time>2021-11-30T08:24:09Z</time>
			</trkpt>
			<trkpt lat="38.471521" lon="-105.256079">
				<ele>1749.304206</ele>
				<time>2021-11-30T08:24:40Z</time>
			</trkpt>
			<trkpt lat="38.471412" lon="-105.256016">
				<ele>1750.803624</ele>
				<time>2021-11-30T08:24:51Z</time>
			</trkpt>
			<trkpt lat="38.470935" lon="-105.255737">
				<ele>1755.989876</ele>
				<time>2021-11-30T08:25:35Z</time>
			</trkpt>
			<trkpt lat="38.469682" lon="-105.255354">
				<ele>1768.282171</ele>
				<time>2021-11-30T08:27:00Z</time>
			</trkpt>
			<trkpt lat="38.469571" lon="-105.255299">
				<ele>1769.092511</ele>
				<time>2021-11-30T08:27:07Z</time>
			</trkpt>
			<trkpt lat="38.46883" lon="-105.254857">
				<ele>1773.248348</ele>
				<time>2021-11-30T08:27:48Z</time>
			</trkpt>
			<trkpt lat="38.46729" lon="-105.253852">
				<ele>1779.590902</ele>
				<time>2021-11-30T08:28:59Z</time>
			</trkpt>
			<trkpt lat="38.466724" lon="-105.253523">
				<ele>1780.899973</ele>
				<time>2021-11-30T08:29:19Z</time>
			</trkpt>
			<trkpt lat="38.466362" lon="-105.253347">
				<ele>1781.533008</ele>
				<time>2021-11-30T08:29:28Z</time>
			</trkpt>
			<trkpt lat="38.466072" lon="-105.253157">
				<ele>1780.369927</ele>
				<time>2021-11-30T08:29:34Z</time>
			</trkpt>
			<trkpt lat="38.465653" lon="-105.252949">
				<ele>1778.765757</ele>
				<time>2021-11-30T08:29:42Z</time>
			</trkpt>
			<trkpt lat="38.465259" lon="-105.252833">
				<ele>1777.322899</ele>
				<time>2021-11-30T08:29:49Z</time>
			</trkpt>
			<trkpt lat="38.464939" lon="-105.252817">
				<ele>1776.180109</ele>
				<time>2021-11-30T08:29:54Z</time>
			</trkpt>
			<trkpt lat="38.464735" lon="-105.252773">
				<ele>1775.44183</ele>
				<time>2021-11-30T08:29:57Z</time>
			</trkpt>
			<trkpt lat="38.464563" lon="-105.252695">
				<ele>1774.43641</ele>
				<time>2021-11-30T08:30:00Z</time>
			</trkpt>
			<trkpt lat="38.464063" lon="-105.252617">
				<ele>1771.188259</ele>
				<time>2021-11-30T08:30:07Z</time>
			</trkpt>
			<trkpt lat="38.463531" lon="-105.252457">
				<ele>1767.663886</ele>
				<time>2021-11-30T08:30:15Z</time>
			</trkpt>
			<trkpt lat="38.463187" lon="-105.252393">
				<ele>1765.422231</ele>
				<time>2021-11-30T08:30:21Z</time>
			</trkpt>
			<trkpt lat="38.462957" lon="-105.2523">
				<ele>1763.866544</ele>
				<time>2021-11-30T08:30:24Z</time>
			</trkpt>
			<trkpt lat="38.462741" lon="-105.252174">
				<ele>1763.228344</ele>
				<time>2021-11-30T08:30:28Z</time>
			</trkpt>
			<trkpt lat="38.462416" lon="-105.251866">
				<ele>1762.417442</ele>
				<time>2021-11-30T08:30:35Z</time>
			</trkpt>
			<trkpt lat="38.462226" lon="-105.251738">
				<ele>1761.987023</ele>
				<time>2021-11-30T08:30:39Z</time>
			</trkpt>
			<trkpt lat="38.461984" lon="-105.251668">
				<ele>1761.489851</ele>
				<time>2021-11-30T08:30:43Z</time>
			</trkpt>
			<trkpt lat="38.461339" lon="-105.251353">
				<ele>1760.106206</ele>
				<time>2021-11-30T08:30:59Z</time>
			</trkpt>
			<trkpt lat="38.460733" lon="-105.251214">
				<ele>1760.855298</ele>
				<time>2021-11-30T08:31:16Z</time>
			</trkpt>
			<trkpt lat="38.459811" lon="-105.251059">
				<ele>1762.192103</ele>
				<time>2021-11-30T08:31:48Z</time>
			</trkpt>
			<trkpt lat="38.458951" lon="-105.250769">
				<ele>1761.847336</ele>
				<time>2021-11-30T08:32:11Z</time>
			</trkpt>
			<trkpt lat="38.458413" lon="-105.25066">
				<ele>1761.149064</ele>
				<time>2021-11-30T08:32:21Z</time>
			</trkpt>
			<trkpt lat="38.458177" lon="-105.250572">
				<ele>1760.833909</ele>
				<time>2021-11-30T08:32:25Z</time>
			</trkpt>
			<trkpt lat="38.456291" lon="-105.250073">
				<ele>1756.779418</ele>
				<time>2021-11-30T08:32:58Z</time>
			</trkpt>
			<trkpt lat="38.45469" lon="-105.249761">
				<ele>1756.563799</ele>
				<time>2021-11-30T08:33:36Z</time>
			</trkpt>
			<trkpt lat="38.454445" lon="-105.249684">
				<ele>1756.647832</ele>
				<time>2021-11-30T08:33:44Z</time>
			</trkpt>
			<trkpt lat="38.45326" lon="-105.249527">
				<ele>1756.393753</ele>
				<time>2021-11-30T08:34:16Z</time>
			</trkpt>
			<trkpt lat="38.452013" lon="-105.249436">
				<ele>1754.372662</ele>
				<time>2021-11-30T08:34:39Z</time>
			</trkpt>
			<trkpt lat="38.450777" lon="-105.249298">
				<ele>1749.335823</ele>
				<time>2021-11-30T08:35:00Z</time>
			</trkpt>
			<trkpt lat="38.450002" lon="-105.249316">
				<ele>1743.409095</ele>
				<time>2021-11-30T08:35:11Z</time>
			</trkpt>
			<trkpt lat="38.448528" lon="-105.249025">
				<ele>1731.128926</ele>
				<time>2021-11-30T08:35:33Z</time>
			</trkpt>
			<trkpt lat="38.447932" lon="-105.249117">
				<ele>1726.415141</ele>
				<time>2021-11-30T08:35:41Z</time>
			</trkpt>
			<trkpt lat="38.447574" lon="-105.249092">
				<ele>1723.599972</ele>
				<time>2021-11-30T08:35:46Z</time>
			</trkpt>
			<trkpt lat="38.446446" lon="-105.249184">
				<ele>1716.456462</ele>
				<time>2021-11-30T08:36:04Z</time>
			</trkpt>
			<trkpt lat="38.445942" lon="-105.249278">
				<ele>1713.852817</ele>
				<time>2021-11-30T08:36:12Z</time>
			</trkpt>
			<trkpt lat="38.445365" lon="-105.249468">
				<ele>1710.80685</ele>
				<time>2021-11-30T08:36:22Z</time>
			</trkpt>
			<trkpt lat="38.44529" lon="-105.249419">
				<ele>1710.341555</ele>
				<time>2021-11-30T08:36:23Z</time>
			</trkpt>
			<trkpt lat="38.445284" lon="-105.24936">
				<ele>1710.032298</ele>
				<time>2021-11-30T08:36:24Z</time>
			</trkpt>
			<trkpt lat="38.445303" lon="-105.249299">
				<ele>1709.691065</ele>
				<time>2021-11-30T08:36:25Z</time>
			</trkpt>
			<trkpt lat="38.445434" lon="-105.249235">
				<ele>1708.760163</ele>
				<time>2021-11-30T08:36:27Z</time>
			</trkpt>
			<trkpt lat="38.447349" lon="-105.248514">
				<ele>1695.545388</ele>
				<time>2021-11-30T08:36:57Z</time>
			</trkpt>
			<trkpt lat="38.448018" lon="-105.248291">
				<ele>1691.010542</ele>
				<time>2021-11-30T08:37:07Z</time>
			</trkpt>
			<trkpt lat="38.448192" lon="-105.24818">
				<ele>1689.734819</ele>
				<time>2021-11-30T08:37:10Z</time>
			</trkpt>
			<trkpt lat="38.44839" lon="-105.248108">
				<ele>1688.384554</ele>
				<time>2021-11-30T08:37:14Z</time>
			</trkpt>
			<trkpt lat="38.449537" lon="-105.247927">
				<ele>1681.022756</ele>
				<time>2021-11-30T08:37:31Z</time>
			</trkpt>
			<trkpt lat="38.449736" lon="-105.247916">
				<ele>1679.764247</ele>
				<time>2021-11-30T08:37:35Z</time>
			</trkpt>
			<trkpt lat="38.449922" lon="-105.247954">
				<ele>1678.574106</ele>
				<time>2021-11-30T08:37:37Z</time>
			</trkpt>
			<trkpt lat="38.449981" lon="-105.247928">
				<ele>1678.179753</ele>
				<time>2021-11-30T08:37:38Z</time>
			</trkpt>
			<trkpt lat="38.450023" lon="-105.247853">
				<ele>1677.723527</ele>
				<time>2021-11-30T08:37:39Z</time>
			</trkpt>
			<trkpt lat="38.449993" lon="-105.247764">
				<ele>1677.244083</ele>
				<time>2021-11-30T08:37:41Z</time>
			</trkpt>
			<trkpt lat="38.449759" lon="-105.247643">
				<ele>1675.648982</ele>
				<time>2021-11-30T08:37:44Z</time>
			</trkpt>
			<trkpt lat="38.448554" lon="-105.247388">
				<ele>1665.00392</ele>
				<time>2021-11-30T08:38:02Z</time>
			</trkpt>
			<trkpt lat="38.448502" lon="-105.247353">
				<ele>1664.486804</ele>
				<time>2021-11-30T08:38:03Z</time>
			</trkpt>
			<trkpt lat="38.448436" lon="-105.247246">
				<ele>1663.548421</ele>
				<time>2021-11-30T08:38:05Z</time>
			</trkpt>
			<trkpt lat="38.448418" lon="-105.247112">
				<ele>1662.611727</ele>
				<time>2021-11-30T08:38:06Z</time>
			</trkpt>
			<trkpt lat="38.448526" lon="-105.246586">
				<ele>1658.946442</ele>
				<time>2021-11-30T08:38:12Z</time>
			</trkpt>
			<trkpt lat="38.448543" lon="-105.246209">
				<ele>1656.643919</ele>
				<time>2021-11-30T08:38:16Z</time>
			</trkpt>
			<trkpt lat="38.44852" lon="-105.245376">
				<ele>1651.561638</ele>
				<time>2021-11-30T08:38:26Z</time>
			</trkpt>
			<trkpt lat="38.44851" lon="-105.245007">
				<ele>1649.310353</ele>
				<time>2021-11-30T08:38:30Z</time>
			</trkpt>
			<trkpt lat="38.448129" lon="-105.245006">
				<ele>1646.344051</ele>
				<time>2021-11-30T08:38:36Z</time>
			</trkpt>
			<trkpt lat="38.447745" lon="-105.245005">
				<ele>1644.761919</ele>
				<time>2021-11-30T08:38:43Z</time>
			</trkpt>
			<trkpt lat="38.447261" lon="-105.245002">
				<ele>1643.39027</ele>
				<time>2021-11-30T08:38:51Z</time>
			</trkpt>
			<trkpt lat="38.446771" lon="-105.244998">
				<ele>1642.001605</ele>
				<time>2021-11-30T08:39:00Z</time>
			</trkpt>
			<trkpt lat="38.446088" lon="-105.244983">
				<ele>1640.381978</ele>
				<time>2021-11-30T08:39:14Z</time>
			</trkpt>
			<trkpt lat="38.445687" lon="-105.24468">
				<ele>1640.093899</ele>
				<time>2021-11-30T08:39:25Z</time>
			</trkpt>
			<trkpt lat="38.445297" lon="-105.244374">
				<ele>1639.810894</ele>
				<time>2021-11-30T08:39:35Z</time>
			</trkpt>
			<trkpt lat="38.444692" lon="-105.245631">
				<ele>1638.733139</ele>
				<time>2021-11-30T08:39:59Z</time>
			</trkpt>
			<trkpt lat="38.444294" lon="-105.245361">
				<ele>1638.067658</ele>
				<time>2021-11-30T08:40:08Z</time>
			</trkpt>
			<trkpt lat="38.443888" lon="-105.245085">
				<ele>1637.38849</ele>
				<time>2021-11-30T08:40:17Z</time>
			</trkpt>
			<trkpt lat="38.443509" lon="-105.244801">
				<ele>1636.739604</ele>
				<time>2021-11-30T08:40:26Z</time>
			</trkpt>
			<trkpt lat="38.443091" lon="-105.244479">
				<ele>1635.402765</ele>
				<time>2021-11-30T08:40:35Z</time>
			</trkpt>
			<trkpt lat="38.442698" lon="-105.244184">
				<ele>1634.123044</ele>
				<time>2021-11-30T08:40:43Z</time>
			</trkpt>
			<trkpt lat="38.442316" lon="-105.243875">
				<ele>1632.85364</ele>
				<time>2021-11-30T08:40:51Z</time>
			</trkpt>
			<trkpt lat="38.441922" lon="-105.243556">
				<ele>1631.565356</ele>
				<time>2021-11-30T08:41:00Z</time>
			</trkpt>
			<trkpt lat="38.441511" lon="-105.243255">
				<ele>1630.4948</ele>
				<time>2021-11-30T08:41:08Z</time>
			</trkpt>
			<trkpt lat="38.441139" lon="-105.242935">
				<ele>1629.481314</ele>
				<time>2021-11-30T08:41:17Z</time>
			</trkpt>
			<trkpt lat="38.440737" lon="-105.242628">
				<ele>1628.422935</ele>
				<time>2021-11-30T08:41:26Z</time>
			</trkpt>
			<trkpt lat="38.440337" lon="-105.242339">
				<ele>1627.444355</ele>
				<time>2021-11-30T08:41:35Z</time>
			</trkpt>
			<trkpt lat="38.439935" lon="-105.242036">
				<ele>1626.697618</ele>
				<time>2021-11-30T08:41:44Z</time>
			</trkpt>
			<trkpt lat="38.439504" lon="-105.241686">
				<ele>1625.880547</ele>
				<time>2021-11-30T08:41:54Z</time>
			</trkpt>
			<trkpt lat="38.439416" lon="-105.24162">
				<ele>1625.717291</ele>
				<time>2021-11-30T08:41:56Z</time>
			</trkpt>
			<trkpt lat="38.439106" lon="-105.241389">
				<ele>1625.143132</ele>
				<time>2021-11-30T08:42:03Z</time>
			</trkpt>
			<trkpt lat="38.438802" lon="-105.242025">
				<ele>1624.567035</ele>
				<time>2021-11-30T08:42:14Z</time>
			</trkpt>
			<trkpt lat="38.438773" lon="-105.242087">
				<ele>1624.540876</ele>
				<time>2021-11-30T08:42:15Z</time>
			</trkpt>
			<trkpt lat="38.438392" lon="-105.241859">
				<ele>1624.346278</ele>
				<time>2021-11-30T08:42:23Z</time>
			</trkpt>
			<trkpt lat="38.438196" lon="-105.241742">
				<ele>1624.246214</ele>
				<time>2021-11-30T08:42:28Z</time>
			</trkpt>
			<trkpt lat="38.4381" lon="-105.241684">
				<ele>1624.197097</ele>
				<time>2021-11-30T08:42:30Z</time>
			</trkpt>
			<trkpt lat="38.43718" lon="-105.241127">
				<ele>1624.638558</ele>
				<time>2021-11-30T08:42:56Z</time>
			</trkpt>
			<trkpt lat="38.436884" lon="-105.240936">
				<ele>1625.391697</ele>
				<time>2021-11-30T08:43:06Z</time>
			</trkpt>
			<trkpt lat="38.436526" lon="-105.240744">
				<ele>1626.273468</ele>
				<time>2021-11-30T08:43:19Z</time>
			</trkpt>
			<trkpt lat="38.436231" lon="-105.240641">
				<ele>1626.967959</ele>
				<time>2021-11-30T08:43:31Z</time>
			</trkpt>
			<trkpt lat="38.435564" lon="-105.240496">
				<ele>1628.636114</ele>
				<time>2021-11-30T08:43:58Z</time>
			</trkpt>
			<trkpt lat="38.4347" lon="-105.240285">
				<ele>1631.121438</ele>
				<time>2021-11-30T08:44:32Z</time>
			</trkpt>
			<trkpt lat="38.433482" lon="-105.239984">
				<ele>1634.306214</ele>
				<time>2021-11-30T08:45:12Z</time>
			</trkpt>
			<trkpt lat="38.432738" lon="-105.239801">
				<ele>1636.012866</ele>
				<time>2021-11-30T08:45:35Z</time>
			</trkpt>
			<trkpt lat="38.43029" lon="-105.239208">
				<ele>1643.449933</ele>
				<time>2021-11-30T08:47:10Z</time>
			</trkpt>
			<trkpt lat="38.429498" lon="-105.238967">
				<ele>1646.087455</ele>
				<time>2021-11-30T08:47:43Z</time>
			</trkpt>
			<trkpt lat="38.429435" lon="-105.238866">
				<ele>1646.415088</ele>
				<time>2021-11-30T08:47:46Z</time>
			</trkpt>
			<trkpt lat="38.429355" lon="-105.238074">
				<ele>1648.441582</ele>
				<time>2021-11-30T08:48:11Z</time>
			</trkpt>
			<trkpt lat="38.429277" lon="-105.237769">
				<ele>1649.051206</ele>
				<time>2021-11-30T08:48:20Z</time>
			</trkpt>
			<trkpt lat="38.42915" lon="-105.237579">
				<ele>1649.489652</ele>
				<time>2021-11-30T08:48:27Z</time>
			</trkpt>
			<trkpt lat="38.428951" lon="-105.237427">
				<ele>1650.009317</ele>
				<time>2021-11-30T08:48:35Z</time>
			</trkpt>
			<trkpt lat="38.428764" lon="-105.237347">
				<ele>1650.451264</ele>
				<time>2021-11-30T08:48:41Z</time>
			</trkpt>
			<trkpt lat="38.428068" lon="-105.237032">
				<ele>1652.106028</ele>
				<time>2021-11-30T08:49:03Z</time>
			</trkpt>
			<trkpt lat="38.427522" lon="-105.237154">
				<ele>1653.496763</ele>
				<time>2021-11-30T08:49:22Z</time>
			</trkpt>
			<trkpt lat="38.425122" lon="-105.237171">
				<ele>1659.617106</ele>
				<time>2021-11-30T08:50:50Z</time>
			</trkpt>
			<trkpt lat="38.424995" lon="-105.237116">
				<ele>1659.927072</ele>
				<time>2021-11-30T08:50:54Z</time>
			</trkpt>
			<trkpt lat="38.424938" lon="-105.237042">
				<ele>1660.114982</ele>
				<time>2021-11-30T08:50:57Z</time>
			</trkpt>
			<trkpt lat="38.42489" lon="-105.236933">
				<ele>1660.341393</ele>
				<time>2021-11-30T08:51:00Z</time>
			</trkpt>
			<trkpt lat="38.424874" lon="-105.236618">
				<ele>1660.912963</ele>
				<time>2021-11-30T08:51:08Z</time>
			</trkpt>
			<trkpt lat="38.423653" lon="-105.236601">
				<ele>1662.909896</ele>
				<time>2021-11-30T08:51:43Z</time>
			</trkpt>
			<trkpt lat="38.422956" lon="-105.236551">
				<ele>1663.889053</ele>
				<time>2021-11-30T08:52:02Z</time>
			</trkpt>
			<trkpt lat="38.422775" lon="-105.236512">
				<ele>1664.146516</ele>
				<time>2021-11-30T08:52:08Z</time>
			</trkpt>
			<trkpt lat="38.421868" lon="-105.236155">
				<ele>1667.080938</ele>
				<time>2021-11-30T08:52:40Z</time>
			</trkpt>
			<trkpt lat="38.421248" lon="-105.236023">
				<ele>1669.034099</ele>
				<time>2021-11-30T08:53:06Z</time>
			</trkpt>
			<trkpt lat="38.420848" lon="-105.236054">
				<ele>1670.51078</ele>
				<time>2021-11-30T08:53:25Z</time>
			</trkpt>
			<trkpt lat="38.420181" lon="-105.236305">
				<ele>1673.612423</ele>
				<time>2021-11-30T08:53:57Z</time>
			</trkpt>
			<trkpt lat="38.419611" lon="-105.236554">
				<ele>1676.29959</ele>
				<time>2021-11-30T08:54:26Z</time>
			</trkpt>
			<trkpt lat="38.418235" lon="-105.237303">
				<ele>1680.908131</ele>
				<time>2021-11-30T08:55:23Z</time>
			</trkpt>
			<trkpt lat="38.417765" lon="-105.237498">
				<ele>1682.2379</ele>
				<time>2021-11-30T08:55:38Z</time>
			</trkpt>
			<trkpt lat="38.417416" lon="-105.237558">
				<ele>1683.115535</ele>
				<time>2021-11-30T08:55:48Z</time>
			</trkpt>
			<trkpt lat="38.416528" lon="-105.23737">
				<ele>1685.243372</ele>
				<time>2021-11-30T08:56:17Z</time>
			</trkpt>
			<trkpt lat="38.416147" lon="-105.237255">
				<ele>1686.168866</ele>
				<time>2021-11-30T08:56:31Z</time>
			</trkpt>
			<trkpt lat="38.415905" lon="-105.237182">
				<ele>1686.756694</ele>
				<time>2021-11-30T08:56:40Z</time>
			</trkpt>
			<trkpt lat="38.415372" lon="-105.237118">
				<ele>1688.625896</ele>
				<time>2021-11-30T08:57:02Z</time>
			</trkpt>
			<trkpt lat="38.414998" lon="-105.237204">
				<ele>1689.991534</ele>
				<time>2021-11-30T08:57:18Z</time>
			</trkpt>
			<trkpt lat="38.414649" lon="-105.237359">
				<ele>1691.319459</ele>
				<time>2021-11-30T08:57:33Z</time>
			</trkpt>
			<trkpt lat="38.413951" lon="-105.237778">
				<ele>1693.716583</ele>
				<time>2021-11-30T08:58:05Z</time>
			</trkpt>
			<trkpt lat="38.413151" lon="-105.238091">
				<ele>1695.252427</ele>
				<time>2021-11-30T08:58:34Z</time>
			</trkpt>
			<trkpt lat="38.413144" lon="-105.238094">
				<ele>1695.26598</ele>
				<time>2021-11-30T08:58:34Z</time>
			</trkpt>
			<trkpt lat="38.411816" lon="-105.238427">
				<ele>1696.278551</ele>
				<time>2021-11-30T08:59:07Z</time>
			</trkpt>
			<trkpt lat="38.409933" lon="-105.238607">
				<ele>1695.729775</ele>
				<time>2021-11-30T08:59:44Z</time>
			</trkpt>
			<trkpt lat="38.407503" lon="-105.238775">
				<ele>1697.792193</ele>
				<time>2021-11-30T09:00:51Z</time>
			</trkpt>
			<trkpt lat="38.404009" lon="-105.239082">
				<ele>1705.525099</ele>
				<time>2021-11-30T09:02:49Z</time>
			</trkpt>
			<trkpt lat="38.402284" lon="-105.240004">
				<ele>1710.368311</ele>
				<time>2021-11-30T09:03:55Z</time>
			</trkpt>
			<trkpt lat="38.401774" lon="-105.240157">
				<ele>1711.757654</ele>
				<time>2021-11-30T09:04:14Z</time>
			</trkpt>
			<trkpt lat="38.401139" lon="-105.240179">
				<ele>1713.341967</ele>
				<time>2021-11-30T09:04:37Z</time>
			</trkpt>
			<trkpt lat="38.400486" lon="-105.240083">
				<ele>1714.981364</ele>
				<time>2021-11-30T09:05:00Z</time>
			</trkpt>
			<trkpt lat="38.399609" lon="-105.239858">
				<ele>1716.97106</ele>
				<time>2021-11-30T09:05:29Z</time>
			</trkpt>
			<trkpt lat="38.399229" lon="-105.239721">
				<ele>1717.732638</ele>
				<time>2021-11-30T09:05:42Z</time>
			</trkpt>
			<trkpt lat="38.397676" lon="-105.239134">
				<ele>1721.315959</ele>
				<time>2021-11-30T09:06:33Z</time>
			</trkpt>
			<trkpt lat="38.397143" lon="-105.239157">
				<ele>1722.725714</ele>
				<time>2021-11-30T09:06:50Z</time>
			</trkpt>
			<trkpt lat="38.395452" lon="-105.239417">
				<ele>1729.154146</ele>
				<time>2021-11-30T09:08:00Z</time>
			</trkpt>
			<trkpt lat="38.395249" lon="-105.23953">
				<ele>1730.134323</ele>
				<time>2021-11-30T09:08:11Z</time>
			</trkpt>
			<trkpt lat="38.395034" lon="-105.239693">
				<ele>1731.241128</ele>
				<time>2021-11-30T09:08:24Z</time>
			</trkpt>
			<trkpt lat="38.39449" lon="-105.240232">
				<ele>1734.483275</ele>
				<time>2021-11-30T09:08:58Z</time>
			</trkpt>
			<trkpt lat="38.393593" lon="-105.240907">
				<ele>1739.548601</ele>
				<time>2021-11-30T09:09:46Z</time>
			</trkpt>
			<trkpt lat="38.393399" lon="-105.241222">
				<ele>1741.075843</ele>
				<time>2021-11-30T09:10:00Z</time>
			</trkpt>
			<trkpt lat="38.393131" lon="-105.241424">
				<ele>1742.425117</ele>
				<time>2021-11-30T09:10:14Z</time>
			</trkpt>
			<trkpt lat="38.392825" lon="-105.241351">
				<ele>1743.774076</ele>
				<time>2021-11-30T09:10:27Z</time>
			</trkpt>
			<trkpt lat="38.392568" lon="-105.241155">
				<ele>1745.07151</ele>
				<time>2021-11-30T09:10:39Z</time>
			</trkpt>
			<trkpt lat="38.392182" lon="-105.240934">
				<ele>1746.904841</ele>
				<time>2021-11-30T09:10:57Z</time>
			</trkpt>
			<trkpt lat="38.391803" lon="-105.240667">
				<ele>1748.780873</ele>
				<time>2021-11-30T09:11:16Z</time>
			</trkpt>
			<trkpt lat="38.391491" lon="-105.240303">
				<ele>1750.876732</ele>
				<time>2021-11-30T09:11:38Z</time>
			</trkpt>
			<trkpt lat="38.391123" lon="-105.239737">
				<ele>1753.753393</ele>
				<time>2021-11-30T09:12:06Z</time>
			</trkpt>
			<trkpt lat="38.390704" lon="-105.239288">
				<ele>1756.484289</ele>
				<time>2021-11-30T09:12:32Z</time>
			</trkpt>
			<trkpt lat="38.389819" lon="-105.238017">
				<ele>1762.080023</ele>
				<time>2021-11-30T09:13:30Z</time>
			</trkpt>
			<trkpt lat="38.388593" lon="-105.236298">
				<ele>1769.51745</ele>
				<time>2021-11-30T09:15:10Z</time>
			</trkpt>
			<trkpt lat="38.387511" lon="-105.234961">
				<ele>1777.311664</ele>
				<time>2021-11-30T09:16:43Z</time>
			</trkpt>
			<trkpt lat="38.387012" lon="-105.234344">
				<ele>1781.558168</ele>
				<time>2021-11-30T09:17:32Z</time>
			</trkpt>
			<trkpt lat="38.38644" lon="-105.233737">
				<ele>1787.236397</ele>
				<time>2021-11-30T09:18:28Z</time>
			</trkpt>
			<trkpt lat="38.385888" lon="-105.23356">
				<ele>1792.213366</ele>
				<time>2021-11-30T09:19:13Z</time>
			</trkpt>
			<trkpt lat="38.38547" lon="-105.233559">
				<ele>1795.86848</ele>
				<time>2021-11-30T09:19:48Z</time>
			</trkpt>
			<trkpt lat="38.38518" lon="-105.233618">
				<ele>1798.436364</ele>
				<time>2021-11-30T09:20:13Z</time>
			</trkpt>
			<trkpt lat="38.384924" lon="-105.233811">
				<ele>1801.412686</ele>
				<time>2021-11-30T09:20:39Z</time>
			</trkpt>
			<trkpt lat="38.384391" lon="-105.234372">
				<ele>1808.696795</ele>
				<time>2021-11-30T09:21:42Z</time>
			</trkpt>
			<trkpt lat="38.383771" lon="-105.234718">
				<ele>1815.830562</ele>
				<time>2021-11-30T09:22:44Z</time>
			</trkpt>
			<trkpt lat="38.382426" lon="-105.234659">
				<ele>1828.671343</ele>
				<time>2021-11-30T09:24:44Z</time>
			</trkpt>
			<trkpt lat="38.382017" lon="-105.234821">
				<ele>1832.673097</ele>
				<time>2021-11-30T09:25:18Z</time>
			</trkpt>
			<trkpt lat="38.381674" lon="-105.234839">
				<ele>1835.418238</ele>
				<time>2021-11-30T09:25:44Z</time>
			</trkpt>
			<trkpt lat="38.381165" lon="-105.235156">
				<ele>1838.010793</ele>
				<time>2021-11-30T09:26:23Z</time>
			</trkpt>
			<trkpt lat="38.38084" lon="-105.235249">
				<ele>1839.535315</ele>
				<time>2021-11-30T09:26:43Z</time>
			</trkpt>
			<trkpt lat="38.380463" lon="-105.235252">
				<ele>1841.260914</ele>
				<time>2021-11-30T09:27:04Z</time>
			</trkpt>
			<trkpt lat="38.380155" lon="-105.235073">
				<ele>1842.810066</ele>
				<time>2021-11-30T09:27:21Z</time>
			</trkpt>
			<trkpt lat="38.379903" lon="-105.234795">
				<ele>1842.991608</ele>
				<time>2021-11-30T09:27:36Z</time>
			</trkpt>
			<trkpt lat="38.379346" lon="-105.234106">
				<ele>1842.314944</ele>
				<time>2021-11-30T09:28:04Z</time>
			</trkpt>
			<trkpt lat="38.379131" lon="-105.23377">
				<ele>1842.018415</ele>
				<time>2021-11-30T09:28:15Z</time>
			</trkpt>
			<trkpt lat="38.378664" lon="-105.233037">
				<ele>1840.290036</ele>
				<time>2021-11-30T09:28:38Z</time>
			</trkpt>
			<trkpt lat="38.378025" lon="-105.232326">
				<ele>1836.532957</ele>
				<time>2021-11-30T09:29:03Z</time>
			</trkpt>
			<trkpt lat="38.377478" lon="-105.231894">
				<ele>1833.682349</ele>
				<time>2021-11-30T09:29:21Z</time>
			</trkpt>
			<trkpt lat="38.375823" lon="-105.230496">
				<ele>1825.145198</ele>
				<time>2021-11-30T09:30:20Z</time>
			</trkpt>
			<trkpt lat="38.374983" lon="-105.22984">
				<ele>1821.538647</ele>
				<time>2021-11-30T09:30:49Z</time>
			</trkpt>
			<trkpt lat="38.374632" lon="-105.229659">
				<ele>1820.15232</ele>
				<time>2021-11-30T09:31:00Z</time>
			</trkpt>
			<trkpt lat="38.37422" lon="-105.229542">
				<ele>1819.014503</ele>
				<time>2021-11-30T09:31:14Z</time>
			</trkpt>
			<trkpt lat="38.373897" lon="-105.229511">
				<ele>1818.60465</ele>
				<time>2021-11-30T09:31:24Z</time>
			</trkpt>
			<trkpt lat="38.372203" lon="-105.229303">
				<ele>1817.427985</ele>
				<time>2021-11-30T09:32:24Z</time>
			</trkpt>
			<trkpt lat="38.371481" lon="-105.229253">
				<ele>1818.290818</ele>
				<time>2021-11-30T09:32:56Z</time>
			</trkpt>
			<trkpt lat="38.370839" lon="-105.229264">
				<ele>1819.056986</ele>
				<time>2021-11-30T09:33:26Z</time>
			</trkpt>
			<trkpt lat="38.369454" lon="-105.229555">
				<ele>1823.522538</ele>
				<time>2021-11-30T09:34:39Z</time>
			</trkpt>
			<trkpt lat="38.368733" lon="-105.229587">
				<ele>1826.053065</ele>
				<time>2021-11-30T09:35:22Z</time>
			</trkpt>
			<trkpt lat="38.36745" lon="-105.229412">
				<ele>1831.10353</ele>
				<time>2021-11-30T09:36:35Z</time>
			</trkpt>
			<trkpt lat="38.367221" lon="-105.229321">
				<ele>1832.018552</ele>
				<time>2021-11-30T09:36:49Z</time>
			</trkpt>
			<trkpt lat="38.365776" lon="-105.229739">
				<ele>1836.193722</ele>
				<time>2021-11-30T09:38:04Z</time>
			</trkpt>
			<trkpt lat="38.36267" lon="-105.230797">
				<ele>1845.020703</ele>
				<time>2021-11-30T09:40:44Z</time>
			</trkpt>
			<trkpt lat="38.36114" lon="-105.231024">
				<ele>1850.160889</ele>
				<time>2021-11-30T09:42:11Z</time>
			</trkpt>
			<trkpt lat="38.3607" lon="-105.231206">
				<ele>1851.800394</ele>
				<time>2021-11-30T09:42:37Z</time>
			</trkpt>
			<trkpt lat="38.360141" lon="-105.231501">
				<ele>1853.850867</ele>
				<time>2021-11-30T09:43:08Z</time>
			</trkpt>
			<trkpt lat="38.358147" lon="-105.232823">
				<ele>1861.184193</ele>
				<time>2021-11-30T09:45:02Z</time>
			</trkpt>
			<trkpt lat="38.357393" lon="-105.23303">
				<ele>1864.656772</ele>
				<time>2021-11-30T09:45:51Z</time>
			</trkpt>
			<trkpt lat="38.356577" lon="-105.232682">
				<ele>1868.525211</ele>
				<time>2021-11-30T09:46:47Z</time>
			</trkpt>
			<trkpt lat="38.35592" lon="-105.232363">
				<ele>1871.681065</ele>
				<time>2021-11-30T09:47:30Z</time>
			</trkpt>
			<trkpt lat="38.355408" lon="-105.232368">
				<ele>1873.979529</ele>
				<time>2021-11-30T09:47:58Z</time>
			</trkpt>
			<trkpt lat="38.353913" lon="-105.232816">
				<ele>1880.441775</ele>
				<time>2021-11-30T09:49:20Z</time>
			</trkpt>
			<trkpt lat="38.351094" lon="-105.233214">
				<ele>1897.315484</ele>
				<time>2021-11-30T09:52:36Z</time>
			</trkpt>
			<trkpt lat="38.349824" lon="-105.233943">
				<ele>1905.114693</ele>
				<time>2021-11-30T09:54:14Z</time>
			</trkpt>
			<trkpt lat="38.349206" lon="-105.234096">
				<ele>1906.231623</ele>
				<time>2021-11-30T09:54:47Z</time>
			</trkpt>
			<trkpt lat="38.348649" lon="-105.234142">
				<ele>1907.221922</ele>
				<time>2021-11-30T09:55:10Z</time>
			</trkpt>
			<trkpt lat="38.347782" lon="-105.233836">
				<ele>1907.118041</ele>
				<time>2021-11-30T09:55:39Z</time>
			</trkpt>
			<trkpt lat="38.346978" lon="-105.233638">
				<ele>1905.713414</ele>
				<time>2021-11-30T09:56:05Z</time>
			</trkpt>
			<trkpt lat="38.346095" lon="-105.233772">
				<ele>1905.944145</ele>
				<time>2021-11-30T09:56:36Z</time>
			</trkpt>
			<trkpt lat="38.345374" lon="-105.234333">
				<ele>1908.2352</ele>
				<time>2021-11-30T09:57:19Z</time>
			</trkpt>
			<trkpt lat="38.344782" lon="-105.235138">
				<ele>1911.957052</ele>
				<time>2021-11-30T09:58:14Z</time>
			</trkpt>
			<trkpt lat="38.34463" lon="-105.236112">
				<ele>1917.543935</ele>
				<time>2021-11-30T09:59:10Z</time>
			</trkpt>
			<trkpt lat="38.344635" lon="-105.236969">
				<ele>1922.365326</ele>
				<time>2021-11-30T10:00:02Z</time>
			</trkpt>
			<trkpt lat="38.344521" lon="-105.238387">
				<ele>1933.606685</ele>
				<time>2021-11-30T10:01:38Z</time>
			</trkpt>
			<trkpt lat="38.344378" lon="-105.238603">
				<ele>1935.859288</ele>
				<time>2021-11-30T10:01:58Z</time>
			</trkpt>
			<trkpt lat="38.343867" lon="-105.238846">
				<ele>1941.439536</ele>
				<time>2021-11-30T10:02:49Z</time>
			</trkpt>
			<trkpt lat="38.343505" lon="-105.238827">
				<ele>1945.419737</ele>
				<time>2021-11-30T10:03:24Z</time>
			</trkpt>
			<trkpt lat="38.343492" lon="-105.238326">
				<ele>1949.738798</ele>
				<time>2021-11-30T10:04:02Z</time>
			</trkpt>
			<trkpt lat="38.343446" lon="-105.237738">
				<ele>1954.830247</ele>
				<time>2021-11-30T10:04:47Z</time>
			</trkpt>
			<trkpt lat="38.343182" lon="-105.237084">
				<ele>1960.967663</ele>
				<time>2021-11-30T10:05:38Z</time>
			</trkpt>
			<trkpt lat="38.342769" lon="-105.236354">
				<ele>1965.515009</ele>
				<time>2021-11-30T10:06:30Z</time>
			</trkpt>
			<trkpt lat="38.342129" lon="-105.232923">
				<ele>1982.54081</ele>
				<time>2021-11-30T10:09:22Z</time>
			</trkpt>
			<trkpt lat="38.341855" lon="-105.232952">
				<ele>1985.114542</ele>
				<time>2021-11-30T10:09:48Z</time>
			</trkpt>
			<trkpt lat="38.341479" lon="-105.233494">
				<ele>1991.231772</ele>
				<time>2021-11-30T10:10:43Z</time>
			</trkpt>
			<trkpt lat="38.341363" lon="-105.23388">
				<ele>1994.726364</ele>
				<time>2021-11-30T10:11:13Z</time>
			</trkpt>
			<trkpt lat="38.341013" lon="-105.233942">
				<ele>1998.535147</ele>
				<time>2021-11-30T10:11:47Z</time>
			</trkpt>
			<trkpt lat="38.340747" lon="-105.233871">
				<ele>2001.464438</ele>
				<time>2021-11-30T10:12:13Z</time>
			</trkpt>
			<trkpt lat="38.340643" lon="-105.233594">
				<ele>2003.841253</ele>
				<time>2021-11-30T10:12:36Z</time>
			</trkpt>
			<trkpt lat="38.340389" lon="-105.233097">
				<ele>2008.18801</ele>
				<time>2021-11-30T10:13:17Z</time>
			</trkpt>
			<trkpt lat="38.339711" lon="-105.233563">
				<ele>2015.384038</ele>
				<time>2021-11-30T10:14:17Z</time>
			</trkpt>
			<trkpt lat="38.339334" lon="-105.23373">
				<ele>2019.112704</ele>
				<time>2021-11-30T10:14:48Z</time>
			</trkpt>
			<trkpt lat="38.339106" lon="-105.234473">
				<ele>2026.418699</ele>
				<time>2021-11-30T10:15:42Z</time>
			</trkpt>
			<trkpt lat="38.340114" lon="-105.235567">
				<ele>2042.333961</ele>
				<time>2021-11-30T10:17:56Z</time>
			</trkpt>
			<trkpt lat="38.340114" lon="-105.235916">
				<ele>2046.333209</ele>
				<time>2021-11-30T10:18:26Z</time>
			</trkpt>
			<trkpt lat="38.339609" lon="-105.237223">
				<ele>2063.029039</ele>
				<time>2021-11-30T10:20:42Z</time>
			</trkpt>
			<trkpt lat="38.339106" lon="-105.237833">
				<ele>2070.22215</ele>
				<time>2021-11-30T10:21:51Z</time>
			</trkpt>
			<trkpt lat="38.338739" lon="-105.237891">
				<ele>2073.210822</ele>
				<time>2021-11-30T10:22:19Z</time>
			</trkpt>
			<trkpt lat="38.338419" lon="-105.237688">
				<ele>2076.099412</ele>
				<time>2021-11-30T10:22:44Z</time>
			</trkpt>
			<trkpt lat="38.338373" lon="-105.236758">
				<ele>2081.566272</ele>
				<time>2021-11-30T10:23:31Z</time>
			</trkpt>
			<trkpt lat="38.338259" lon="-105.23638">
				<ele>2082.877002</ele>
				<time>2021-11-30T10:23:49Z</time>
			</trkpt>
			<trkpt lat="38.338076" lon="-105.236263">
				<ele>2083.72175</ele>
				<time>2021-11-30T10:23:59Z</time>
			</trkpt>
			<trkpt lat="38.337824" lon="-105.23635">
				<ele>2084.799036</ele>
				<time>2021-11-30T10:24:11Z</time>
			</trkpt>
			<trkpt lat="38.337231" lon="-105.23732">
				<ele>2088.814019</ele>
				<time>2021-11-30T10:25:06Z</time>
			</trkpt>
			<trkpt lat="38.336748" lon="-105.236815">
				<ele>2091.74727</ele>
				<time>2021-11-30T10:25:52Z</time>
			</trkpt>
			<trkpt lat="38.336163" lon="-105.236485">
				<ele>2094.751214</ele>
				<time>2021-11-30T10:26:32Z</time>
			</trkpt>
			<trkpt lat="38.335439" lon="-105.236857">
				<ele>2097.832029</ele>
				<time>2021-11-30T10:27:10Z</time>
			</trkpt>
			<trkpt lat="38.335217" lon="-105.236923">
				<ele>2098.468339</ele>
				<time>2021-11-30T10:27:21Z</time>
			</trkpt>
			<trkpt lat="38.334482" lon="-105.236755">
				<ele>2100.552707</ele>
				<time>2021-11-30T10:28:01Z</time>
			</trkpt>
			<trkpt lat="38.333921" lon="-105.237576">
				<ele>2102.874021</ele>
				<time>2021-11-30T10:28:43Z</time>
			</trkpt>
			<trkpt lat="38.333337" lon="-105.237219">
				<ele>2104.561375</ele>
				<time>2021-11-30T10:29:17Z</time>
			</trkpt>
			<trkpt lat="38.332833" lon="-105.237073">
				<ele>2105.907904</ele>
				<time>2021-11-30T10:29:46Z</time>
			</trkpt>
			<trkpt lat="38.331598" lon="-105.236462">
				<ele>2105.608446</ele>
				<time>2021-11-30T10:30:40Z</time>
			</trkpt>
			<trkpt lat="38.33114" lon="-105.235968">
				<ele>2104.981947</ele>
				<time>2021-11-30T10:30:59Z</time>
			</trkpt>
			<trkpt lat="38.330888" lon="-105.235154">
				<ele>2101.051259</ele>
				<time>2021-11-30T10:31:18Z</time>
			</trkpt>
			<trkpt lat="38.330683" lon="-105.234776">
				<ele>2098.427403</ele>
				<time>2021-11-30T10:31:28Z</time>
			</trkpt>
			<trkpt lat="38.330248" lon="-105.234776">
				<ele>2095.261168</ele>
				<time>2021-11-30T10:31:40Z</time>
			</trkpt>
			<trkpt lat="38.329835" lon="-105.235124">
				<ele>2091.639601</ele>
				<time>2021-11-30T10:31:52Z</time>
			</trkpt>
			<trkpt lat="38.329721" lon="-105.235415">
				<ele>2089.1582</ele>
				<time>2021-11-30T10:31:59Z</time>
			</trkpt>
			<trkpt lat="38.329697" lon="-105.23774">
				<ele>2071.829439</ele>
				<time>2021-11-30T10:32:46Z</time>
			</trkpt>
			<trkpt lat="38.329605" lon="-105.238176">
				<ele>2068.888968</ele>
				<time>2021-11-30T10:32:55Z</time>
			</trkpt>
			<trkpt lat="38.329101" lon="-105.239454">
				<ele>2059.573109</ele>
				<time>2021-11-30T10:33:25Z</time>
			</trkpt>
			<trkpt lat="38.329009" lon="-105.240529">
				<ele>2056.392753</ele>
				<time>2021-11-30T10:33:49Z</time>
			</trkpt>
			<trkpt lat="38.328826" lon="-105.241023">
				<ele>2054.868584</ele>
				<time>2021-11-30T10:34:03Z</time>
			</trkpt>
			<trkpt lat="38.328551" lon="-105.2414">
				<ele>2053.432324</ele>
				<time>2021-11-30T10:34:17Z</time>
			</trkpt>
			<trkpt lat="38.328139" lon="-105.241749">
				<ele>2053.184634</ele>
				<time>2021-11-30T10:34:34Z</time>
			</trkpt>
			<trkpt lat="38.327681" lon="-105.241923">
				<ele>2053.59539</ele>
				<time>2021-11-30T10:34:53Z</time>
			</trkpt>
			<trkpt lat="38.327292" lon="-105.241806">
				<ele>2053.938912</ele>
				<time>2021-11-30T10:35:09Z</time>
			</trkpt>
			<trkpt lat="38.326765" lon="-105.241341">
				<ele>2054.701616</ele>
				<time>2021-11-30T10:35:39Z</time>
			</trkpt>
			<trkpt lat="38.325987" lon="-105.241195">
				<ele>2058.056332</ele>
				<time>2021-11-30T10:36:21Z</time>
			</trkpt>
			<trkpt lat="38.322966" lon="-105.240234">
				<ele>2074.78153</ele>
				<time>2021-11-30T10:39:44Z</time>
			</trkpt>
			<trkpt lat="38.322828" lon="-105.240321">
				<ele>2075.831581</ele>
				<time>2021-11-30T10:39:55Z</time>
			</trkpt>
			<trkpt lat="38.322553" lon="-105.241076">
				<ele>2080.285641</ele>
				<time>2021-11-30T10:40:43Z</time>
			</trkpt>
			<trkpt lat="38.32237" lon="-105.241309">
				<ele>2082.049796</ele>
				<time>2021-11-30T10:41:02Z</time>
			</trkpt>
			<trkpt lat="38.321683" lon="-105.241541">
				<ele>2086.952087</ele>
				<time>2021-11-30T10:41:54Z</time>
			</trkpt>
			<trkpt lat="38.320928" lon="-105.241279">
				<ele>2092.414524</ele>
				<time>2021-11-30T10:42:48Z</time>
			</trkpt>
			<trkpt lat="38.319944" lon="-105.240203">
				<ele>2101.886134</ele>
				<time>2021-11-30T10:44:24Z</time>
			</trkpt>
			<trkpt lat="38.319578" lon="-105.239941">
				<ele>2105.100128</ele>
				<time>2021-11-30T10:44:57Z</time>
			</trkpt>
			<trkpt lat="38.319006" lon="-105.239883">
				<ele>2109.49349</ele>
				<time>2021-11-30T10:45:40Z</time>
			</trkpt>
			<trkpt lat="38.31841" lon="-105.240085">
				<ele>2114.24257</ele>
				<time>2021-11-30T10:46:27Z</time>
			</trkpt>
			<trkpt lat="38.31706" lon="-105.24023">
				<ele>2124.700349</ele>
				<time>2021-11-30T10:48:14Z</time>
			</trkpt>
			<trkpt lat="38.316716" lon="-105.240142">
				<ele>2126.359484</ele>
				<time>2021-11-30T10:48:36Z</time>
			</trkpt>
			<trkpt lat="38.316396" lon="-105.239852">
				<ele>2128.184512</ele>
				<time>2021-11-30T10:48:58Z</time>
			</trkpt>
			<trkpt lat="38.316213" lon="-105.239474">
				<ele>2129.804317</ele>
				<time>2021-11-30T10:49:17Z</time>
			</trkpt>
			<trkpt lat="38.315963" lon="-105.237934">
				<ele>2135.249102</ele>
				<time>2021-11-30T10:50:30Z</time>
			</trkpt>
			<trkpt lat="38.315757" lon="-105.237498">
				<ele>2136.881377</ele>
				<time>2021-11-30T10:50:50Z</time>
			</trkpt>
			<trkpt lat="38.315391" lon="-105.237352">
				<ele>2138.449001</ele>
				<time>2021-11-30T10:51:11Z</time>
			</trkpt>
			<trkpt lat="38.315185" lon="-105.237381">
				<ele>2139.296166</ele>
				<time>2021-11-30T10:51:24Z</time>
			</trkpt>
			<trkpt lat="38.315047" lon="-105.237642">
				<ele>2140.305566</ele>
				<time>2021-11-30T10:51:40Z</time>
			</trkpt>
			<trkpt lat="38.31484" lon="-105.239589">
				<ele>2147.701749</ele>
				<time>2021-11-30T10:53:14Z</time>
			</trkpt>
			<trkpt lat="38.314955" lon="-105.23988">
				<ele>2148.933564</ele>
				<time>2021-11-30T10:53:27Z</time>
			</trkpt>
			<trkpt lat="38.315411" lon="-105.240287">
				<ele>2153.747087</ele>
				<time>2021-11-30T10:54:03Z</time>
			</trkpt>
			<trkpt lat="38.315709" lon="-105.240752">
				<ele>2157.978854</ele>
				<time>2021-11-30T10:54:41Z</time>
			</trkpt>
			<trkpt lat="38.315686" lon="-105.241362">
				<ele>2162.283247</ele>
				<time>2021-11-30T10:55:24Z</time>
			</trkpt>
			<trkpt lat="38.315044" lon="-105.242524">
				<ele>2173.74345</ele>
				<time>2021-11-30T10:57:19Z</time>
			</trkpt>
			<trkpt lat="38.31454" lon="-105.243918">
				<ele>2185.958502</ele>
				<time>2021-11-30T10:59:04Z</time>
			</trkpt>
			<trkpt lat="38.31415" lon="-105.24476">
				<ele>2190.786099</ele>
				<time>2021-11-30T10:59:54Z</time>
			</trkpt>
			<trkpt lat="38.313623" lon="-105.24537">
				<ele>2195.265887</ele>
				<time>2021-11-30T11:00:41Z</time>
			</trkpt>
			<trkpt lat="38.312639" lon="-105.246008">
				<ele>2199.144802</ele>
				<time>2021-11-30T11:01:47Z</time>
			</trkpt>
			<trkpt lat="38.312341" lon="-105.246763">
				<ele>2201.216771</ele>
				<time>2021-11-30T11:02:19Z</time>
			</trkpt>
			<trkpt lat="38.312272" lon="-105.247141">
				<ele>2201.652016</ele>
				<time>2021-11-30T11:02:31Z</time>
			</trkpt>
			<trkpt lat="38.312317" lon="-105.248274">
				<ele>2201.091069</ele>
				<time>2021-11-30T11:03:00Z</time>
			</trkpt>
			<trkpt lat="38.312023" lon="-105.248886">
				<ele>2200.736245</ele>
				<time>2021-11-30T11:03:19Z</time>
			</trkpt>
			<trkpt lat="38.311624" lon="-105.249056">
				<ele>2201.544525</ele>
				<time>2021-11-30T11:03:34Z</time>
			</trkpt>
			<trkpt lat="38.310832" lon="-105.249268">
				<ele>2205.117785</ele>
				<time>2021-11-30T11:04:19Z</time>
			</trkpt>
			<trkpt lat="38.310141" lon="-105.249757">
				<ele>2208.672544</ele>
				<time>2021-11-30T11:05:16Z</time>
			</trkpt>
			<trkpt lat="38.309833" lon="-105.250152">
				<ele>2212.663233</ele>
				<time>2021-11-30T11:05:50Z</time>
			</trkpt>
			<trkpt lat="38.309365" lon="-105.251681">
				<ele>2224.424769</ele>
				<time>2021-11-30T11:07:41Z</time>
			</trkpt>
			<trkpt lat="38.309142" lon="-105.251916">
				<ele>2226.799177</ele>
				<time>2021-11-30T11:08:07Z</time>
			</trkpt>
			<trkpt lat="38.307987" lon="-105.252253">
				<ele>2236.23373</ele>
				<time>2021-11-30T11:09:42Z</time>
			</trkpt>
			<trkpt lat="38.307477" lon="-105.252692">
				<ele>2239.939105</ele>
				<time>2021-11-30T11:10:21Z</time>
			</trkpt>
			<trkpt lat="38.307288" lon="-105.253147">
				<ele>2241.065267</ele>
				<time>2021-11-30T11:10:43Z</time>
			</trkpt>
			<trkpt lat="38.307255" lon="-105.254038">
				<ele>2243.016499</ele>
				<time>2021-11-30T11:11:16Z</time>
			</trkpt>
			<trkpt lat="38.307063" lon="-105.254773">
				<ele>2244.587312</ele>
				<time>2021-11-30T11:11:42Z</time>
			</trkpt>
			<trkpt lat="38.30684" lon="-105.255332">
				<ele>2245.536435</ele>
				<time>2021-11-30T11:12:04Z</time>
			</trkpt>
			<trkpt lat="38.306601" lon="-105.255571">
				<ele>2246.122404</ele>
				<time>2021-11-30T11:12:18Z</time>
			</trkpt>
			<trkpt lat="38.30636" lon="-105.255674">
				<ele>2246.612691</ele>
				<time>2021-11-30T11:12:30Z</time>
			</trkpt>
			<trkpt lat="38.305886" lon="-105.255712">
				<ele>2247.528752</ele>
				<time>2021-11-30T11:12:53Z</time>
			</trkpt>
			<trkpt lat="38.305221" lon="-105.255594">
				<ele>2249.467518</ele>
				<time>2021-11-30T11:13:27Z</time>
			</trkpt>
			<trkpt lat="38.30467" lon="-105.25555">
				<ele>2251.188251</ele>
				<time>2021-11-30T11:13:55Z</time>
			</trkpt>
			<trkpt lat="38.304263" lon="-105.255674">
				<ele>2252.492545</ele>
				<time>2021-11-30T11:14:17Z</time>
			</trkpt>
			<trkpt lat="38.303823" lon="-105.255941">
				<ele>2254.477813</ele>
				<time>2021-11-30T11:14:45Z</time>
			</trkpt>
			<trkpt lat="38.302995" lon="-105.256653">
				<ele>2259.907293</ele>
				<time>2021-11-30T11:15:49Z</time>
			</trkpt>
			<trkpt lat="38.302754" lon="-105.256827">
				<ele>2261.412908</ele>
				<time>2021-11-30T11:16:08Z</time>
			</trkpt>
			<trkpt lat="38.302486" lon="-105.256857">
				<ele>2262.875245</ele>
				<time>2021-11-30T11:16:26Z</time>
			</trkpt>
			<trkpt lat="38.301179" lon="-105.256668">
				<ele>2272.402632</ele>
				<time>2021-11-30T11:17:59Z</time>
			</trkpt>
			<trkpt lat="38.300888" lon="-105.25668">
				<ele>2274.533385</ele>
				<time>2021-11-30T11:18:21Z</time>
			</trkpt>
			<trkpt lat="38.300694" lon="-105.256854">
				<ele>2276.269573</ele>
				<time>2021-11-30T11:18:40Z</time>
			</trkpt>
			<trkpt lat="38.300589" lon="-105.257207">
				<ele>2279.30322</ele>
				<time>2021-11-30T11:19:05Z</time>
			</trkpt>
			<trkpt lat="38.300531" lon="-105.257653">
				<ele>2282.963047</ele>
				<time>2021-11-30T11:19:37Z</time>
			</trkpt>
			<trkpt lat="38.300382" lon="-105.258187">
				<ele>2287.551166</ele>
				<time>2021-11-30T11:20:19Z</time>
			</trkpt>
			<trkpt lat="38.300173" lon="-105.25834">
				<ele>2290.037622</ele>
				<time>2021-11-30T11:20:41Z</time>
			</trkpt>
			<trkpt lat="38.299209" lon="-105.25828">
				<ele>2299.413982</ele>
				<time>2021-11-30T11:22:07Z</time>
			</trkpt>
			<trkpt lat="38.298865" lon="-105.258232">
				<ele>2302.579118</ele>
				<time>2021-11-30T11:22:37Z</time>
			</trkpt>
			<trkpt lat="38.298632" lon="-105.258264">
				<ele>2304.72255</ele>
				<time>2021-11-30T11:22:56Z</time>
			</trkpt>
			<trkpt lat="38.298519" lon="-105.258552">
				<ele>2307.033762</ele>
				<time>2021-11-30T11:23:17Z</time>
			</trkpt>
			<trkpt lat="38.298433" lon="-105.259044">
				<ele>2310.651853</ele>
				<time>2021-11-30T11:23:50Z</time>
			</trkpt>
			<trkpt lat="38.298474" lon="-105.259611">
				<ele>2312.352483</ele>
				<time>2021-11-30T11:24:22Z</time>
			</trkpt>
			<trkpt lat="38.298374" lon="-105.259816">
				<ele>2312.872265</ele>
				<time>2021-11-30T11:24:34Z</time>
			</trkpt>
			<trkpt lat="38.297868" lon="-105.260326">
				<ele>2314.642555</ele>
				<time>2021-11-30T11:25:04Z</time>
			</trkpt>
			<trkpt lat="38.297648" lon="-105.260676">
				<ele>2315.608212</ele>
				<time>2021-11-30T11:25:17Z</time>
			</trkpt>
			<trkpt lat="38.297661" lon="-105.261123">
				<ele>2316.032555</ele>
				<time>2021-11-30T11:25:30Z</time>
			</trkpt>
			<trkpt lat="38.297994" lon="-105.262077">
				<ele>2314.326592</ele>
				<time>2021-11-30T11:25:56Z</time>
			</trkpt>
			<trkpt lat="38.29806" lon="-105.262321">
				<ele>2313.904907</ele>
				<time>2021-11-30T11:26:02Z</time>
			</trkpt>
			<trkpt lat="38.298084" lon="-105.262767">
				<ele>2313.17448</ele>
				<time>2021-11-30T11:26:13Z</time>
			</trkpt>
			<trkpt lat="38.297948" lon="-105.264336">
				<ele>2313.207536</ele>
				<time>2021-11-30T11:26:55Z</time>
			</trkpt>
			<trkpt lat="38.297353" lon="-105.26605">
				<ele>2315.592912</ele>
				<time>2021-11-30T11:28:11Z</time>
			</trkpt>
			<trkpt lat="38.297056" lon="-105.267502">
				<ele>2319.017686</ele>
				<time>2021-11-30T11:29:12Z</time>
			</trkpt>
			<trkpt lat="38.296851" lon="-105.270117">
				<ele>2324.577224</ele>
				<time>2021-11-30T11:30:56Z</time>
			</trkpt>
			<trkpt lat="38.296704" lon="-105.27074">
				<ele>2325.996861</ele>
				<time>2021-11-30T11:31:22Z</time>
			</trkpt>
			<trkpt lat="38.296429" lon="-105.271358">
				<ele>2327.547169</ele>
				<time>2021-11-30T11:31:51Z</time>
			</trkpt>
			<trkpt lat="38.295914" lon="-105.271842">
				<ele>2329.279988</ele>
				<time>2021-11-30T11:32:24Z</time>
			</trkpt>
			<trkpt lat="38.295243" lon="-105.272143">
				<ele>2331.035889</ele>
				<time>2021-11-30T11:32:59Z</time>
			</trkpt>
			<trkpt lat="38.295002" lon="-105.272365">
				<ele>2331.769936</ele>
				<time>2021-11-30T11:33:13Z</time>
			</trkpt>
			<trkpt lat="38.294866" lon="-105.272491">
				<ele>2332.184991</ele>
				<time>2021-11-30T11:33:21Z</time>
			</trkpt>
			<trkpt lat="38.2947" lon="-105.27289">
				<ele>2333.059835</ele>
				<time>2021-11-30T11:33:39Z</time>
			</trkpt>
			<trkpt lat="38.294606" lon="-105.273769">
				<ele>2334.659022</ele>
				<time>2021-11-30T11:34:13Z</time>
			</trkpt>
			<trkpt lat="38.294723" lon="-105.275215">
				<ele>2337.239491</ele>
				<time>2021-11-30T11:35:08Z</time>
			</trkpt>
			<trkpt lat="38.295274" lon="-105.277409">
				<ele>2340.942097</ele>
				<time>2021-11-30T11:36:34Z</time>
			</trkpt>
			<trkpt lat="38.295319" lon="-105.278596">
				<ele>2342.675082</ele>
				<time>2021-11-30T11:37:17Z</time>
			</trkpt>
			<trkpt lat="38.295186" lon="-105.279455">
				<ele>2343.941774</ele>
				<time>2021-11-30T11:37:48Z</time>
			</trkpt>
			<trkpt lat="38.294833" lon="-105.279907">
				<ele>2344.951033</ele>
				<time>2021-11-30T11:38:11Z</time>
			</trkpt>
			<trkpt lat="38.293535" lon="-105.280866">
				<ele>2348.234999</ele>
				<time>2021-11-30T11:39:23Z</time>
			</trkpt>
			<trkpt lat="38.293512" lon="-105.281709">
				<ele>2350.064175</ele>
				<time>2021-11-30T11:39:57Z</time>
			</trkpt>
			<trkpt lat="38.294177" lon="-105.283509">
				<ele>2354.366544</ele>
				<time>2021-11-30T11:41:18Z</time>
			</trkpt>
			<trkpt lat="38.294383" lon="-105.284381">
				<ele>2356.220668</ele>
				<time>2021-11-30T11:41:55Z</time>
			</trkpt>
			<trkpt lat="38.294406" lon="-105.284787">
				<ele>2357.049455</ele>
				<time>2021-11-30T11:42:11Z</time>
			</trkpt>
			<trkpt lat="38.294086" lon="-105.285717">
				<ele>2358.585693</ele>
				<time>2021-11-30T11:42:48Z</time>
			</trkpt>
			<trkpt lat="38.293697" lon="-105.286298">
				<ele>2359.364492</ele>
				<time>2021-11-30T11:43:15Z</time>
			</trkpt>
			<trkpt lat="38.29317" lon="-105.286676">
				<ele>2360.150297</ele>
				<time>2021-11-30T11:43:40Z</time>
			</trkpt>
			<trkpt lat="38.292415" lon="-105.286705">
				<ele>2360.823549</ele>
				<time>2021-11-30T11:44:09Z</time>
			</trkpt>
			<trkpt lat="38.292209" lon="-105.286618">
				<ele>2360.988423</ele>
				<time>2021-11-30T11:44:18Z</time>
			</trkpt>
			<trkpt lat="38.291499" lon="-105.286618">
				<ele>2361.527819</ele>
				<time>2021-11-30T11:44:47Z</time>
			</trkpt>
			<trkpt lat="38.29111" lon="-105.287025">
				<ele>2362.097909</ele>
				<time>2021-11-30T11:45:08Z</time>
			</trkpt>
			<trkpt lat="38.29111" lon="-105.287925">
				<ele>2363.288094</ele>
				<time>2021-11-30T11:45:40Z</time>
			</trkpt>
			<trkpt lat="38.291176" lon="-105.28821">
				<ele>2363.681049</ele>
				<time>2021-11-30T11:45:51Z</time>
			</trkpt>
			<trkpt lat="38.291454" lon="-105.289406">
				<ele>2365.453417</ele>
				<time>2021-11-30T11:46:37Z</time>
			</trkpt>
			<trkpt lat="38.291477" lon="-105.2899">
				<ele>2366.255642</ele>
				<time>2021-11-30T11:46:56Z</time>
			</trkpt>
			<trkpt lat="38.291363" lon="-105.29022">
				<ele>2366.825327</ele>
				<time>2021-11-30T11:47:09Z</time>
			</trkpt>
			<trkpt lat="38.29063" lon="-105.291207">
				<ele>2369.085916</ele>
				<time>2021-11-30T11:47:59Z</time>
			</trkpt>
			<trkpt lat="38.290539" lon="-105.291469">
				<ele>2369.601394</ele>
				<time>2021-11-30T11:48:10Z</time>
			</trkpt>
			<trkpt lat="38.289623" lon="-105.292544">
				<ele>2372.45618</ele>
				<time>2021-11-30T11:49:11Z</time>
			</trkpt>
			<trkpt lat="38.287929" lon="-105.292922">
				<ele>2376.18934</ele>
				<time>2021-11-30T11:50:34Z</time>
			</trkpt>
			<trkpt lat="38.286441" lon="-105.293387">
				<ele>2379.107336</ele>
				<time>2021-11-30T11:51:45Z</time>
			</trkpt>
			<trkpt lat="38.285526" lon="-105.293387">
				<ele>2380.969781</ele>
				<time>2021-11-30T11:52:27Z</time>
			</trkpt>
			<trkpt lat="38.285068" lon="-105.293271">
				<ele>2381.983222</ele>
				<time>2021-11-30T11:52:49Z</time>
			</trkpt>
			<trkpt lat="38.283603" lon="-105.292633">
				<ele>2385.380132</ele>
				<time>2021-11-30T11:54:05Z</time>
			</trkpt>
			<trkpt lat="38.283122" lon="-105.292865">
				<ele>2386.522918</ele>
				<time>2021-11-30T11:54:30Z</time>
			</trkpt>
			<trkpt lat="38.282641" lon="-105.293243">
				<ele>2387.778658</ele>
				<time>2021-11-30T11:54:57Z</time>
			</trkpt>
			<trkpt lat="38.28123" lon="-105.295001">
				<ele>2391.104349</ele>
				<time>2021-11-30T11:56:27Z</time>
			</trkpt>
			<trkpt lat="38.28083" lon="-105.295284">
				<ele>2391.887626</ele>
				<time>2021-11-30T11:56:47Z</time>
			</trkpt>
			<trkpt lat="38.280544" lon="-105.295407">
				<ele>2392.404377</ele>
				<time>2021-11-30T11:57:01Z</time>
			</trkpt>
			<trkpt lat="38.280213" lon="-105.295494">
				<ele>2392.982951</ele>
				<time>2021-11-30T11:57:16Z</time>
			</trkpt>
			<trkpt lat="38.279734" lon="-105.295276">
				<ele>2393.85371</ele>
				<time>2021-11-30T11:57:39Z</time>
			</trkpt>
			<trkpt lat="38.279458" lon="-105.295098">
				<ele>2394.474978</ele>
				<time>2021-11-30T11:57:54Z</time>
			</trkpt>
			<trkpt lat="38.27943" lon="-105.295145">
				<ele>2394.569154</ele>
				<time>2021-11-30T11:57:56Z</time>
			</trkpt>
			<trkpt lat="38.27896" lon="-105.29533">
				<ele>2395.569393</ele>
				<time>2021-11-30T11:58:15Z</time>
			</trkpt>
			<trkpt lat="38.278788" lon="-105.295358">
				<ele>2395.921967</ele>
				<time>2021-11-30T11:58:22Z</time>
			</trkpt>
			<trkpt lat="38.278673" lon="-105.295352">
				<ele>2396.155995</ele>
				<time>2021-11-30T11:58:27Z</time>
			</trkpt>
			<trkpt lat="38.278252" lon="-105.295185">
				<ele>2397.052563</ele>
				<time>2021-11-30T11:58:44Z</time>
			</trkpt>
			<trkpt lat="38.278203" lon="-105.295108">
				<ele>2397.210779</ele>
				<time>2021-11-30T11:58:47Z</time>
			</trkpt>
			<trkpt lat="38.277017" lon="-105.295207">
				<ele>2399.831177</ele>
				<time>2021-11-30T11:59:43Z</time>
			</trkpt>
			<trkpt lat="38.276233" lon="-105.295394">
				<ele>2401.625288</ele>
				<time>2021-11-30T12:00:22Z</time>
			</trkpt>
			<trkpt lat="38.275616" lon="-105.295685">
				<ele>2403.533146</ele>
				<time>2021-11-30T12:00:56Z</time>
			</trkpt>
			<trkpt lat="38.275471" lon="-105.295753">
				<ele>2403.981203</ele>
				<time>2021-11-30T12:01:04Z</time>
			</trkpt>
			<trkpt lat="38.275219" lon="-105.295975">
				<ele>2404.869677</ele>
				<time>2021-11-30T12:01:21Z</time>
			</trkpt>
			<trkpt lat="38.274006" lon="-105.297575">
				<ele>2409.358189</ele>
				<time>2021-11-30T12:02:51Z</time>
			</trkpt>
			<trkpt lat="38.272796" lon="-105.298905">
				<ele>2412.413085</ele>
				<time>2021-11-30T12:04:03Z</time>
			</trkpt>
			<trkpt lat="38.27191" lon="-105.299829">
				<ele>2414.442074</ele>
				<time>2021-11-30T12:04:53Z</time>
			</trkpt>
			<trkpt lat="38.271751" lon="-105.299994">
				<ele>2414.990922</ele>
				<time>2021-11-30T12:05:03Z</time>
			</trkpt>
			<trkpt lat="38.271735" lon="-105.300011">
				<ele>2415.046682</ele>
				<time>2021-11-30T12:05:04Z</time>
			</trkpt>
			<trkpt lat="38.271089" lon="-105.300399">
				<ele>2416.958035</ele>
				<time>2021-11-30T12:05:39Z</time>
			</trkpt>
			<trkpt lat="38.270461" lon="-105.300546">
				<ele>2418.683247</ele>
				<time>2021-11-30T12:06:14Z</time>
			</trkpt>
			<trkpt lat="38.268876" lon="-105.300606">
				<ele>2425.095511</ele>
				<time>2021-11-30T12:07:46Z</time>
			</trkpt>
			<trkpt lat="38.267947" lon="-105.300575">
				<ele>2428.729136</ele>
				<time>2021-11-30T12:08:39Z</time>
			</trkpt>
			<trkpt lat="38.266462" lon="-105.300648">
				<ele>2434.872185</ele>
				<time>2021-11-30T12:10:01Z</time>
			</trkpt>
			<trkpt lat="38.265411" lon="-105.300913">
				<ele>2440.019472</ele>
				<time>2021-11-30T12:11:08Z</time>
			</trkpt>
			<trkpt lat="38.265234" lon="-105.300958">
				<ele>2440.886605</ele>
				<time>2021-11-30T12:11:20Z</time>
			</trkpt>
			<trkpt lat="38.264859" lon="-105.301052">
				<ele>2442.765388</ele>
				<time>2021-11-30T12:11:46Z</time>
			</trkpt>
			<trkpt lat="38.263818" lon="-105.301412">
				<ele>2448.13066</ele>
				<time>2021-11-30T12:12:54Z</time>
			</trkpt>
			<trkpt lat="38.263153" lon="-105.301862">
				<ele>2451.394553</ele>
				<time>2021-11-30T12:13:37Z</time>
			</trkpt>
			<trkpt lat="38.26285" lon="-105.301934">
				<ele>2452.40565</ele>
				<time>2021-11-30T12:13:54Z</time>
			</trkpt>
			<trkpt lat="38.262294" lon="-105.302113">
				<ele>2454.286892</ele>
				<time>2021-11-30T12:14:23Z</time>
			</trkpt>
			<trkpt lat="38.261337" lon="-105.302416">
				<ele>2457.496656</ele>
				<time>2021-11-30T12:15:14Z</time>
			</trkpt>
			<trkpt lat="38.260295" lon="-105.303064">
				<ele>2461.21826</ele>
				<time>2021-11-30T12:16:18Z</time>
			</trkpt>
			<trkpt lat="38.258733" lon="-105.303761">
				<ele>2465.566327</ele>
				<time>2021-11-30T12:17:41Z</time>
			</trkpt>
			<trkpt lat="38.258285" lon="-105.304">
				<ele>2466.704211</ele>
				<time>2021-11-30T12:18:04Z</time>
			</trkpt>
			<trkpt lat="38.258194" lon="-105.304072">
				<ele>2466.8231</ele>
				<time>2021-11-30T12:18:09Z</time>
			</trkpt>
			<trkpt lat="38.25788" lon="-105.304363">
				<ele>2467.254055</ele>
				<time>2021-11-30T12:18:28Z</time>
			</trkpt>
			<trkpt lat="38.25676" lon="-105.305569">
				<ele>2468.502109</ele>
				<time>2021-11-30T12:19:28Z</time>
			</trkpt>
			<trkpt lat="38.255963" lon="-105.306361">
				<ele>2467.881677</ele>
				<time>2021-11-30T12:20:03Z</time>
			</trkpt>
			<trkpt lat="38.255288" lon="-105.306877">
				<ele>2467.424447</ele>
				<time>2021-11-30T12:20:30Z</time>
			</trkpt>
			<trkpt lat="38.254981" lon="-105.307053">
				<ele>2467.257552</ele>
				<time>2021-11-30T12:20:41Z</time>
			</trkpt>
			<trkpt lat="38.254632" lon="-105.307187">
				<ele>2467.076854</ele>
				<time>2021-11-30T12:20:55Z</time>
			</trkpt>
			<trkpt lat="38.253357" lon="-105.307543">
				<ele>2466.487377</ele>
				<time>2021-11-30T12:21:42Z</time>
			</trkpt>
			<trkpt lat="38.252439" lon="-105.307728">
				<ele>2466.151774</ele>
				<time>2021-11-30T12:22:16Z</time>
			</trkpt>
			<trkpt lat="38.252057" lon="-105.307844">
				<ele>2466.009971</ele>
				<time>2021-11-30T12:22:30Z</time>
			</trkpt>
			<trkpt lat="38.251672" lon="-105.308019">
				<ele>2466.339626</ele>
				<time>2021-11-30T12:22:44Z</time>
			</trkpt>
			<trkpt lat="38.251363" lon="-105.308201">
				<ele>2466.668119</ele>
				<time>2021-11-30T12:22:57Z</time>
			</trkpt>
			<trkpt lat="38.250866" lon="-105.308648">
				<ele>2467.25521</ele>
				<time>2021-11-30T12:23:22Z</time>
			</trkpt>
			<trkpt lat="38.246004" lon="-105.314101">
				<ele>2483.061308</ele>
				<time>2021-11-30T12:28:45Z</time>
			</trkpt>
			<trkpt lat="38.245837" lon="-105.314259">
				<ele>2483.644348</ele>
				<time>2021-11-30T12:28:56Z</time>
			</trkpt>
			<trkpt lat="38.245543" lon="-105.314403">
				<ele>2484.527092</ele>
				<time>2021-11-30T12:29:12Z</time>
			</trkpt>
			<trkpt lat="38.244206" lon="-105.31495">
				<ele>2488.494555</ele>
				<time>2021-11-30T12:30:25Z</time>
			</trkpt>
			<trkpt lat="38.243132" lon="-105.315196">
				<ele>2491.600806</ele>
				<time>2021-11-30T12:31:21Z</time>
			</trkpt>
			<trkpt lat="38.242795" lon="-105.315342">
				<ele>2492.608492</ele>
				<time>2021-11-30T12:31:39Z</time>
			</trkpt>
			<trkpt lat="38.242584" lon="-105.315481">
				<ele>2493.280999</ele>
				<time>2021-11-30T12:31:51Z</time>
			</trkpt>
			<trkpt lat="38.241995" lon="-105.316059">
				<ele>2495.386087</ele>
				<time>2021-11-30T12:32:29Z</time>
			</trkpt>
			<trkpt lat="38.240655" lon="-105.317559">
				<ele>2500.157647</ele>
				<time>2021-11-30T12:34:00Z</time>
			</trkpt>
			<trkpt lat="38.240202" lon="-105.318143">
				<ele>2501.713193</ele>
				<time>2021-11-30T12:34:32Z</time>
			</trkpt>
			<trkpt lat="38.23895" lon="-105.319922">
				<ele>2505.168672</ele>
				<time>2021-11-30T12:35:58Z</time>
			</trkpt>
			<trkpt lat="38.238435" lon="-105.320654">
				<ele>2506.371775</ele>
				<time>2021-11-30T12:36:34Z</time>
			</trkpt>
			<trkpt lat="38.237723" lon="-105.321786">
				<ele>2507.601399</ele>
				<time>2021-11-30T12:37:23Z</time>
			</trkpt>
			<trkpt lat="38.23766" lon="-105.321897">
				<ele>2507.611777</ele>
				<time>2021-11-30T12:37:28Z</time>
			</trkpt>
			<trkpt lat="38.236962" lon="-105.32315">
				<ele>2507.728187</ele>
				<time>2021-11-30T12:38:12Z</time>
			</trkpt>
			<trkpt lat="38.236721" lon="-105.323692">
				<ele>2507.195927</ele>
				<time>2021-11-30T12:38:29Z</time>
			</trkpt>
			<trkpt lat="38.236666" lon="-105.323848">
				<ele>2507.002985</ele>
				<time>2021-11-30T12:38:33Z</time>
			</trkpt>
			<trkpt lat="38.235995" lon="-105.327097">
				<ele>2502.248746</ele>
				<time>2021-11-30T12:40:01Z</time>
			</trkpt>
			<trkpt lat="38.235887" lon="-105.327621">
				<ele>2501.33427</ele>
				<time>2021-11-30T12:40:14Z</time>
			</trkpt>
			<trkpt lat="38.235406" lon="-105.328433">
				<ele>2497.213438</ele>
				<time>2021-11-30T12:40:38Z</time>
			</trkpt>
			<trkpt lat="38.235063" lon="-105.329478">
				<ele>2492.552992</ele>
				<time>2021-11-30T12:41:03Z</time>
			</trkpt>
			<trkpt lat="38.234536" lon="-105.330755">
				<ele>2483.339784</ele>
				<time>2021-11-30T12:41:33Z</time>
			</trkpt>
			<trkpt lat="38.233454" lon="-105.333056">
				<ele>2465.699557</ele>
				<time>2021-11-30T12:42:28Z</time>
			</trkpt>
			<trkpt lat="38.233392" lon="-105.333291">
				<ele>2464.084899</ele>
				<time>2021-11-30T12:42:33Z</time>
			</trkpt>
			<trkpt lat="38.233361" lon="-105.333875">
				<ele>2460.993228</ele>
				<time>2021-11-30T12:42:46Z</time>
			</trkpt>
			<trkpt lat="38.233218" lon="-105.334186">
				<ele>2459.876116</ele>
				<time>2021-11-30T12:42:54Z</time>
			</trkpt>
			<trkpt lat="38.23294" lon="-105.334614">
				<ele>2458.154486</ele>
				<time>2021-11-30T12:43:07Z</time>
			</trkpt>
			<trkpt lat="38.232876" lon="-105.334798">
				<ele>2457.530675</ele>
				<time>2021-11-30T12:43:12Z</time>
			</trkpt>
			<trkpt lat="38.232823" lon="-105.335095">
				<ele>2456.586527</ele>
				<time>2021-11-30T12:43:19Z</time>
			</trkpt>
			<trkpt lat="38.232774" lon="-105.3358">
				<ele>2454.429501</ele>
				<time>2021-11-30T12:43:37Z</time>
			</trkpt>
			<trkpt lat="38.232788" lon="-105.33649">
				<ele>2452.793826</ele>
				<time>2021-11-30T12:43:54Z</time>
			</trkpt>
			<trkpt lat="38.23273" lon="-105.336809">
				<ele>2452.017888</ele>
				<time>2021-11-30T12:44:02Z</time>
			</trkpt>
			<trkpt lat="38.232621" lon="-105.33712">
				<ele>2451.21086</ele>
				<time>2021-11-30T12:44:10Z</time>
			</trkpt>
			<trkpt lat="38.23235" lon="-105.337703">
				<ele>2449.605507</ele>
				<time>2021-11-30T12:44:27Z</time>
			</trkpt>
			<trkpt lat="38.232008" lon="-105.33813">
				<ele>2447.040299</ele>
				<time>2021-11-30T12:44:41Z</time>
			</trkpt>
			<trkpt lat="38.231857" lon="-105.338431">
				<ele>2445.209468</ele>
				<time>2021-11-30T12:44:49Z</time>
			</trkpt>
			<trkpt lat="38.231727" lon="-105.33897">
				<ele>2442.319093</ele>
				<time>2021-11-30T12:45:02Z</time>
			</trkpt>
			<trkpt lat="38.231612" lon="-105.339308">
				<ele>2440.430857</ele>
				<time>2021-11-30T12:45:09Z</time>
			</trkpt>
			<trkpt lat="38.230866" lon="-105.340341">
				<ele>2432.630459</ele>
				<time>2021-11-30T12:45:38Z</time>
			</trkpt>
			<trkpt lat="38.23058" lon="-105.340673">
				<ele>2429.734834</ele>
				<time>2021-11-30T12:45:49Z</time>
			</trkpt>
			<trkpt lat="38.230397" lon="-105.340813">
				<ele>2428.137576</ele>
				<time>2021-11-30T12:45:54Z</time>
			</trkpt>
			<trkpt lat="38.229993" lon="-105.340961">
				<ele>2424.992507</ele>
				<time>2021-11-30T12:46:06Z</time>
			</trkpt>
			<trkpt lat="38.229842" lon="-105.341088">
				<ele>2423.791857</ele>
				<time>2021-11-30T12:46:11Z</time>
			</trkpt>
			<trkpt lat="38.229671" lon="-105.341317">
				<ele>2422.914256</ele>
				<time>2021-11-30T12:46:18Z</time>
			</trkpt>
			<trkpt lat="38.229365" lon="-105.342263">
				<ele>2420.072579</ele>
				<time>2021-11-30T12:46:42Z</time>
			</trkpt>
			<trkpt lat="38.229233" lon="-105.34255">
				<ele>2419.148814</ele>
				<time>2021-11-30T12:46:50Z</time>
			</trkpt>
			<trkpt lat="38.228631" lon="-105.343319">
				<ele>2418.048613</ele>
				<time>2021-11-30T12:47:19Z</time>
			</trkpt>
			<trkpt lat="38.22817" lon="-105.343733">
				<ele>2418.714341</ele>
				<time>2021-11-30T12:47:42Z</time>
			</trkpt>
			<trkpt lat="38.227605" lon="-105.344167">
				<ele>2419.493024</ele>
				<time>2021-11-30T12:48:14Z</time>
			</trkpt>
			<trkpt lat="38.226875" lon="-105.344801">
				<ele>2421.724252</ele>
				<time>2021-11-30T12:49:05Z</time>
			</trkpt>
			<trkpt lat="38.226251" lon="-105.345394">
				<ele>2423.936959</ele>
				<time>2021-11-30T12:49:47Z</time>
			</trkpt>
			<trkpt lat="38.225619" lon="-105.346145">
				<ele>2424.807169</ele>
				<time>2021-11-30T12:50:22Z</time>
			</trkpt>
			<trkpt lat="38.225451" lon="-105.346386">
				<ele>2424.809214</ele>
				<time>2021-11-30T12:50:31Z</time>
			</trkpt>
			<trkpt lat="38.225274" lon="-105.346665">
				<ele>2424.81149</ele>
				<time>2021-11-30T12:50:40Z</time>
			</trkpt>
			<trkpt lat="38.225008" lon="-105.347291">
				<ele>2424.816007</ele>
				<time>2021-11-30T12:50:59Z</time>
			</trkpt>
			<trkpt lat="38.224994" lon="-105.347489">
				<ele>2424.871811</ele>
				<time>2021-11-30T12:51:05Z</time>
			</trkpt>
			<trkpt lat="38.225235" lon="-105.348519">
				<ele>2428.920153</ele>
				<time>2021-11-30T12:51:44Z</time>
			</trkpt>
			<trkpt lat="38.225229" lon="-105.348708">
				<ele>2429.632677</ele>
				<time>2021-11-30T12:51:53Z</time>
			</trkpt>
			<trkpt lat="38.225181" lon="-105.348791">
				<ele>2430.020911</ele>
				<time>2021-11-30T12:51:59Z</time>
			</trkpt>
			<trkpt lat="38.224736" lon="-105.349666">
				<ele>2434.614124</ele>
				<time>2021-11-30T12:53:02Z</time>
			</trkpt>
			<trkpt lat="38.223863" lon="-105.350804">
				<ele>2448.506624</ele>
				<time>2021-11-30T12:55:02Z</time>
			</trkpt>
			<trkpt lat="38.223337" lon="-105.352052">
				<ele>2459.665583</ele>
				<time>2021-11-30T12:56:48Z</time>
			</trkpt>
			<trkpt lat="38.222627" lon="-105.353125">
				<ele>2469.923683</ele>
				<time>2021-11-30T12:58:16Z</time>
			</trkpt>
			<trkpt lat="38.222237" lon="-105.354314">
				<ele>2475.50395</ele>
				<time>2021-11-30T12:59:24Z</time>
			</trkpt>
			<trkpt lat="38.221642" lon="-105.354778">
				<ele>2479.276632</ele>
				<time>2021-11-30T13:00:06Z</time>
			</trkpt>
			<trkpt lat="38.219832" lon="-105.356402">
				<ele>2485.739859</ele>
				<time>2021-11-30T13:01:59Z</time>
			</trkpt>
			<trkpt lat="38.218573" lon="-105.357185">
				<ele>2488.836717</ele>
				<time>2021-11-30T13:03:03Z</time>
			</trkpt>
			<trkpt lat="38.216993" lon="-105.358606">
				<ele>2494.712594</ele>
				<time>2021-11-30T13:04:45Z</time>
			</trkpt>
			<trkpt lat="38.216466" lon="-105.358692">
				<ele>2496.284341</ele>
				<time>2021-11-30T13:05:15Z</time>
			</trkpt>
			<trkpt lat="38.215917" lon="-105.358547">
				<ele>2497.943007</ele>
				<time>2021-11-30T13:05:46Z</time>
			</trkpt>
			<trkpt lat="38.215368" lon="-105.358111">
				<ele>2499.857299</ele>
				<time>2021-11-30T13:06:20Z</time>
			</trkpt>
			<trkpt lat="38.21491" lon="-105.357937">
				<ele>2499.236977</ele>
				<time>2021-11-30T13:06:39Z</time>
			</trkpt>
			<trkpt lat="38.21404" lon="-105.35782">
				<ele>2497.928442</ele>
				<time>2021-11-30T13:07:07Z</time>
			</trkpt>
			<trkpt lat="38.213834" lon="-105.35753">
				<ele>2497.468996</ele>
				<time>2021-11-30T13:07:17Z</time>
			</trkpt>
			<trkpt lat="38.213491" lon="-105.356718">
				<ele>2496.078304</ele>
				<time>2021-11-30T13:07:39Z</time>
			</trkpt>
			<trkpt lat="38.213285" lon="-105.356601">
				<ele>2495.618104</ele>
				<time>2021-11-30T13:07:46Z</time>
			</trkpt>
			<trkpt lat="38.212965" lon="-105.356717">
				<ele>2494.939319</ele>
				<time>2021-11-30T13:07:56Z</time>
			</trkpt>
			<trkpt lat="38.212598" lon="-105.357036">
				<ele>2494.032666</ele>
				<time>2021-11-30T13:08:11Z</time>
			</trkpt>
			<trkpt lat="38.21214" lon="-105.357964">
				<ele>2493.981208</ele>
				<time>2021-11-30T13:08:45Z</time>
			</trkpt>
			<trkpt lat="38.211545" lon="-105.358457">
				<ele>2494.455654</ele>
				<time>2021-11-30T13:09:18Z</time>
			</trkpt>
			<trkpt lat="38.210995" lon="-105.358631">
				<ele>2494.607056</ele>
				<time>2021-11-30T13:09:41Z</time>
			</trkpt>
			<trkpt lat="38.209507" lon="-105.358514">
				<ele>2492.456071</ele>
				<time>2021-11-30T13:10:31Z</time>
			</trkpt>
			<trkpt lat="38.20921" lon="-105.358775">
				<ele>2491.562269</ele>
				<time>2021-11-30T13:10:42Z</time>
			</trkpt>
			<trkpt lat="38.207194" lon="-105.36214">
				<ele>2478.989734</ele>
				<time>2021-11-30T13:12:21Z</time>
			</trkpt>
			<trkpt lat="38.206713" lon="-105.362604">
				<ele>2477.687041</ele>
				<time>2021-11-30T13:12:41Z</time>
			</trkpt>
			<trkpt lat="38.206438" lon="-105.36301">
				<ele>2476.934557</ele>
				<time>2021-11-30T13:12:54Z</time>
			</trkpt>
			<trkpt lat="38.206231" lon="-105.364808">
				<ele>2475.778612</ele>
				<time>2021-11-30T13:13:44Z</time>
			</trkpt>
			<trkpt lat="38.206048" lon="-105.365446">
				<ele>2476.197467</ele>
				<time>2021-11-30T13:14:05Z</time>
			</trkpt>
			<trkpt lat="38.205635" lon="-105.366084">
				<ele>2476.707247</ele>
				<time>2021-11-30T13:14:35Z</time>
			</trkpt>
			<trkpt lat="38.20536" lon="-105.366345">
				<ele>2477.648767</ele>
				<time>2021-11-30T13:14:52Z</time>
			</trkpt>
			<trkpt lat="38.205131" lon="-105.366519">
				<ele>2478.521678</ele>
				<time>2021-11-30T13:15:06Z</time>
			</trkpt>
			<trkpt lat="38.204834" lon="-105.366954">
				<ele>2480.003713</ele>
				<time>2021-11-30T13:15:31Z</time>
			</trkpt>
			<trkpt lat="38.204444" lon="-105.368259">
				<ele>2483.593316</ele>
				<time>2021-11-30T13:16:33Z</time>
			</trkpt>
			<trkpt lat="38.204077" lon="-105.368636">
				<ele>2485.135071</ele>
				<time>2021-11-30T13:16:58Z</time>
			</trkpt>
			<trkpt lat="38.203299" lon="-105.369216">
				<ele>2488.082509</ele>
				<time>2021-11-30T13:17:46Z</time>
			</trkpt>
			<trkpt lat="38.201307" lon="-105.37049">
				<ele>2493.874909</ele>
				<time>2021-11-30T13:19:37Z</time>
			</trkpt>
			<trkpt lat="38.200139" lon="-105.370983">
				<ele>2496.926919</ele>
				<time>2021-11-30T13:20:37Z</time>
			</trkpt>
			<trkpt lat="38.197414" lon="-105.372025">
				<ele>2503.277226</ele>
				<time>2021-11-30T13:23:02Z</time>
			</trkpt>
			<trkpt lat="38.196929" lon="-105.37274">
				<ele>2503.982102</ele>
				<time>2021-11-30T13:23:30Z</time>
			</trkpt>
			<trkpt lat="38.196768" lon="-105.373508">
				<ele>2503.500304</ele>
				<time>2021-11-30T13:23:51Z</time>
			</trkpt>
			<trkpt lat="38.197015" lon="-105.374173">
				<ele>2502.225208</ele>
				<time>2021-11-30T13:24:10Z</time>
			</trkpt>
			<trkpt lat="38.197275" lon="-105.375553">
				<ele>2499.290143</ele>
				<time>2021-11-30T13:24:45Z</time>
			</trkpt>
			<trkpt lat="38.197849" lon="-105.377196">
				<ele>2493.321309</ele>
				<time>2021-11-30T13:25:26Z</time>
			</trkpt>
			<trkpt lat="38.198353" lon="-105.378008">
				<ele>2489.739262</ele>
				<time>2021-11-30T13:25:49Z</time>
			</trkpt>
			<trkpt lat="38.19849" lon="-105.378704">
				<ele>2487.23225</ele>
				<time>2021-11-30T13:26:06Z</time>
			</trkpt>
			<trkpt lat="38.198376" lon="-105.37969">
				<ele>2483.916261</ele>
				<time>2021-11-30T13:26:30Z</time>
			</trkpt>
			<trkpt lat="38.198446" lon="-105.380879">
				<ele>2480.487393</ele>
				<time>2021-11-30T13:26:58Z</time>
			</trkpt>
			<trkpt lat="38.198355" lon="-105.381837">
				<ele>2477.565003</ele>
				<time>2021-11-30T13:27:21Z</time>
			</trkpt>
			<trkpt lat="38.197932" lon="-105.383303">
				<ele>2471.400264</ele>
				<time>2021-11-30T13:27:56Z</time>
			</trkpt>
			<trkpt lat="38.197865" lon="-105.384918">
				<ele>2465.441519</ele>
				<time>2021-11-30T13:28:32Z</time>
			</trkpt>
			<trkpt lat="38.197697" lon="-105.387076">
				<ele>2458.58606</ele>
				<time>2021-11-30T13:29:24Z</time>
			</trkpt>
			<trkpt lat="38.197762" lon="-105.387958">
				<ele>2456.243848</ele>
				<time>2021-11-30T13:29:45Z</time>
			</trkpt>
			<trkpt lat="38.19861" lon="-105.390162">
				<ele>2449.723123</ele>
				<time>2021-11-30T13:30:45Z</time>
			</trkpt>
			<trkpt lat="38.198908" lon="-105.392251">
				<ele>2442.809133</ele>
				<time>2021-11-30T13:31:34Z</time>
			</trkpt>
			<trkpt lat="38.199086" lon="-105.393141">
				<ele>2439.197186</ele>
				<time>2021-11-30T13:31:55Z</time>
			</trkpt>
			<trkpt lat="38.198542" lon="-105.394054">
				<ele>2433.929665</ele>
				<time>2021-11-30T13:32:20Z</time>
			</trkpt>
			<trkpt lat="38.198245" lon="-105.394253">
				<ele>2431.966021</ele>
				<time>2021-11-30T13:32:30Z</time>
			</trkpt>
			<trkpt lat="38.197079" lon="-105.396284">
				<ele>2417.198017</ele>
				<time>2021-11-30T13:33:23Z</time>
			</trkpt>
			<trkpt lat="38.195431" lon="-105.398112">
				<ele>2397.52836</ele>
				<time>2021-11-30T13:34:20Z</time>
			</trkpt>
			<trkpt lat="38.195339" lon="-105.398489">
				<ele>2395.523585</ele>
				<time>2021-11-30T13:34:28Z</time>
			</trkpt>
			<trkpt lat="38.195381" lon="-105.39919">
				<ele>2391.953217</ele>
				<time>2021-11-30T13:34:43Z</time>
			</trkpt>
			<trkpt lat="38.195432" lon="-105.400027">
				<ele>2388.060598</ele>
				<time>2021-11-30T13:35:03Z</time>
			</trkpt>
			<trkpt lat="38.194951" lon="-105.400665">
				<ele>2387.921544</ele>
				<time>2021-11-30T13:35:26Z</time>
			</trkpt>
			<trkpt lat="38.194287" lon="-105.401159">
				<ele>2387.767609</ele>
				<time>2021-11-30T13:35:58Z</time>
			</trkpt>
			<trkpt lat="38.193372" lon="-105.401623">
				<ele>2389.35042</ele>
				<time>2021-11-30T13:36:45Z</time>
			</trkpt>
			<trkpt lat="38.19241" lon="-105.401885">
				<ele>2391.621369</ele>
				<time>2021-11-30T13:37:34Z</time>
			</trkpt>
			<trkpt lat="38.190465" lon="-105.401973">
				<ele>2396.384425</ele>
				<time>2021-11-30T13:39:10Z</time>
			</trkpt>
			<trkpt lat="38.189297" lon="-105.401886">
				<ele>2399.250928</ele>
				<time>2021-11-30T13:40:08Z</time>
			</trkpt>
			<trkpt lat="38.187911" lon="-105.402291">
				<ele>2402.408078</ele>
				<time>2021-11-30T13:41:19Z</time>
			</trkpt>
			<trkpt lat="38.186971" lon="-105.402837">
				<ele>2404.42942</ele>
				<time>2021-11-30T13:42:07Z</time>
			</trkpt>
			<trkpt lat="38.185431" lon="-105.403313">
				<ele>2405.305616</ele>
				<time>2021-11-30T13:43:09Z</time>
			</trkpt>
			<trkpt lat="38.184604" lon="-105.403627">
				<ele>2405.555087</ele>
				<time>2021-11-30T13:43:40Z</time>
			</trkpt>
			<trkpt lat="38.183818" lon="-105.404246">
				<ele>2405.773692</ele>
				<time>2021-11-30T13:44:15Z</time>
			</trkpt>
			<trkpt lat="38.182893" lon="-105.405594">
				<ele>2407.455111</ele>
				<time>2021-11-30T13:45:19Z</time>
			</trkpt>
			<trkpt lat="38.182002" lon="-105.406758">
				<ele>2407.722852</ele>
				<time>2021-11-30T13:46:13Z</time>
			</trkpt>
			<trkpt lat="38.181796" lon="-105.406936">
				<ele>2407.569226</ele>
				<time>2021-11-30T13:46:21Z</time>
			</trkpt>
			<trkpt lat="38.181523" lon="-105.407051">
				<ele>2407.391817</ele>
				<time>2021-11-30T13:46:31Z</time>
			</trkpt>
			<trkpt lat="38.180588" lon="-105.407291">
				<ele>2406.820472</ele>
				<time>2021-11-30T13:47:02Z</time>
			</trkpt>
			<trkpt lat="38.180199" lon="-105.407428">
				<ele>2406.587806</ele>
				<time>2021-11-30T13:47:14Z</time>
			</trkpt>
			<trkpt lat="38.179892" lon="-105.407487">
				<ele>2406.408834</ele>
				<time>2021-11-30T13:47:25Z</time>
			</trkpt>
			<trkpt lat="38.179158" lon="-105.407766">
				<ele>2406.526814</ele>
				<time>2021-11-30T13:47:56Z</time>
			</trkpt>
			<trkpt lat="38.177171" lon="-105.408567">
				<ele>2416.904852</ele>
				<time>2021-11-30T13:50:11Z</time>
			</trkpt>
			<trkpt lat="38.17652" lon="-105.409185">
				<ele>2421.517933</ele>
				<time>2021-11-30T13:51:08Z</time>
			</trkpt>
			<trkpt lat="38.175241" lon="-105.410367">
				<ele>2428.888842</ele>
				<time>2021-11-30T13:52:45Z</time>
			</trkpt>
			<trkpt lat="38.173476" lon="-105.412213">
				<ele>2436.016611</ele>
				<time>2021-11-30T13:54:43Z</time>
			</trkpt>
			<trkpt lat="38.171316" lon="-105.414527">
				<ele>2439.569369</ele>
				<time>2021-11-30T13:56:49Z</time>
			</trkpt>
			<trkpt lat="38.170064" lon="-105.415541">
				<ele>2438.983011</ele>
				<time>2021-11-30T13:57:39Z</time>
			</trkpt>
			<trkpt lat="38.168162" lon="-105.41737">
				<ele>2436.645825</ele>
				<time>2021-11-30T13:58:30Z</time>
			</trkpt>
			<trkpt lat="38.166956" lon="-105.418417">
				<ele>2434.826091</ele>
				<time>2021-11-30T13:59:00Z</time>
			</trkpt>
			<trkpt lat="38.166259" lon="-105.419086">
				<ele>2433.452191</ele>
				<time>2021-11-30T13:59:17Z</time>
			</trkpt>
			<trkpt lat="38.165631" lon="-105.419752">
				<ele>2432.665518</ele>
				<time>2021-11-30T13:59:33Z</time>
			</trkpt>
			<trkpt lat="38.165432" lon="-105.419997">
				<ele>2432.494887</ele>
				<time>2021-11-30T13:59:38Z</time>
			</trkpt>
			<trkpt lat="38.165343" lon="-105.420109">
				<ele>2432.417751</ele>
				<time>2021-11-30T13:59:41Z</time>
			</trkpt>
			<trkpt lat="38.164871" lon="-105.420765">
				<ele>2431.987015</ele>
				<time>2021-11-30T13:59:57Z</time>
			</trkpt>
			<trkpt lat="38.162374" lon="-105.424579">
				<ele>2435.697754</ele>
				<time>2021-11-30T14:01:48Z</time>
			</trkpt>
			<trkpt lat="38.162028" lon="-105.424992">
				<ele>2436.310752</ele>
				<time>2021-11-30T14:02:02Z</time>
			</trkpt>
			<trkpt lat="38.161438" lon="-105.425583">
				<ele>2437.280953</ele>
				<time>2021-11-30T14:02:24Z</time>
			</trkpt>
			<trkpt lat="38.160476" lon="-105.426478">
				<ele>2438.796307</ele>
				<time>2021-11-30T14:03:00Z</time>
			</trkpt>
			<trkpt lat="38.159405" lon="-105.42738">
				<ele>2440.426676</ele>
				<time>2021-11-30T14:03:37Z</time>
			</trkpt>
			<trkpt lat="38.15738" lon="-105.428635">
				<ele>2443.358141</ele>
				<time>2021-11-30T14:04:45Z</time>
			</trkpt>
			<trkpt lat="38.154664" lon="-105.430244">
				<ele>2447.26974</ele>
				<time>2021-11-30T14:06:13Z</time>
			</trkpt>
			<trkpt lat="38.152098" lon="-105.431825">
				<ele>2452.581269</ele>
				<time>2021-11-30T14:07:45Z</time>
			</trkpt>
			<trkpt lat="38.15018" lon="-105.432948">
				<ele>2456.544493</ele>
				<time>2021-11-30T14:08:56Z</time>
			</trkpt>
			<trkpt lat="38.147819" lon="-105.433787">
				<ele>2458.761879</ele>
				<time>2021-11-30T14:10:06Z</time>
			</trkpt>
			<trkpt lat="38.145916" lon="-105.434423">
				<ele>2456.905641</ele>
				<time>2021-11-30T14:10:47Z</time>
			</trkpt>
			<trkpt lat="38.145919" lon="-105.434445">
				<ele>2456.873005</ele>
				<time>2021-11-30T14:10:47Z</time>
			</trkpt>
			<trkpt lat="38.145645" lon="-105.43453">
				<ele>2456.348828</ele>
				<time>2021-11-30T14:10:52Z</time>
			</trkpt>
			<trkpt lat="38.144839" lon="-105.434955">
				<ele>2454.727148</ele>
				<time>2021-11-30T14:11:09Z</time>
			</trkpt>
			<trkpt lat="38.144387" lon="-105.435169">
				<ele>2453.663445</ele>
				<time>2021-11-30T14:11:18Z</time>
			</trkpt>
			<trkpt lat="38.14316" lon="-105.435914">
				<ele>2450.451117</ele>
				<time>2021-11-30T14:11:44Z</time>
			</trkpt>
			<trkpt lat="38.141286" lon="-105.436912">
				<ele>2444.19031</ele>
				<time>2021-11-30T14:12:20Z</time>
			</trkpt>
			<trkpt lat="38.139567" lon="-105.437897">
				<ele>2438.220833</ele>
				<time>2021-11-30T14:12:53Z</time>
			</trkpt>
			<trkpt lat="38.139327" lon="-105.438012">
				<ele>2437.917679</ele>
				<time>2021-11-30T14:12:58Z</time>
			</trkpt>
			<trkpt lat="38.139106" lon="-105.438127">
				<ele>2437.635429</ele>
				<time>2021-11-30T14:13:03Z</time>
			</trkpt>
			<trkpt lat="38.13896" lon="-105.438204">
				<ele>2437.448601</ele>
				<time>2021-11-30T14:13:06Z</time>
			</trkpt>
			<trkpt lat="38.138814" lon="-105.438281">
				<ele>2437.261773</ele>
				<time>2021-11-30T14:13:10Z</time>
			</trkpt>
			<trkpt lat="38.138624" lon="-105.438392">
				<ele>2437.014622</ele>
				<time>2021-11-30T14:13:14Z</time>
			</trkpt>
			<trkpt lat="38.138501" lon="-105.438474">
				<ele>2436.850464</ele>
				<time>2021-11-30T14:13:17Z</time>
			</trkpt>
			<trkpt lat="38.137742" lon="-105.439079">
				<ele>2436.67958</ele>
				<time>2021-11-30T14:13:40Z</time>
			</trkpt>
			<trkpt lat="38.137071" lon="-105.439761">
				<ele>2437.288747</ele>
				<time>2021-11-30T14:14:03Z</time>
			</trkpt>
			<trkpt lat="38.137051" lon="-105.439671">
				<ele>2437.340909</ele>
				<time>2021-11-30T14:14:05Z</time>
			</trkpt>
			<trkpt lat="38.137071" lon="-105.439761">
				<ele>2437.39307</ele>
				<time>2021-11-30T14:14:07Z</time>
			</trkpt>
			<trkpt lat="38.137012" lon="-105.439847">
				<ele>2437.456718</ele>
				<time>2021-11-30T14:14:10Z</time>
			</trkpt>
			<trkpt lat="38.136432" lon="-105.440635">
				<ele>2437.935522</ele>
				<time>2021-11-30T14:14:34Z</time>
			</trkpt>
			<trkpt lat="38.136362" lon="-105.440705">
				<ele>2437.980865</ele>
				<time>2021-11-30T14:14:37Z</time>
			</trkpt>
			<trkpt lat="38.136216" lon="-105.44072">
				<ele>2438.055442</ele>
				<time>2021-11-30T14:14:41Z</time>
			</trkpt>
			<trkpt lat="38.136118" lon="-105.440686">
				<ele>2438.107162</ele>
				<time>2021-11-30T14:14:43Z</time>
			</trkpt>
			<trkpt lat="38.13582" lon="-105.440689">
				<ele>2438.258889</ele>
				<time>2021-11-30T14:14:50Z</time>
			</trkpt>
			<trkpt lat="38.135449" lon="-105.44071">
				<ele>2438.447966</ele>
				<time>2021-11-30T14:14:59Z</time>
			</trkpt>
			<trkpt lat="38.135478" lon="-105.442314">
				<ele>2437.832182</ele>
				<time>2021-11-30T14:15:28Z</time>
			</trkpt>
			<trkpt lat="38.13551" lon="-105.443929">
				<ele>2436.461468</ele>
				<time>2021-11-30T14:15:53Z</time>
			</trkpt>
			<trkpt lat="38.135557" lon="-105.445501">
				<ele>2434.448266</ele>
				<time>2021-11-30T14:16:18Z</time>
			</trkpt>
			<trkpt lat="38.13559" lon="-105.447086">
				<ele>2431.874953</ele>
				<time>2021-11-30T14:16:42Z</time>
			</trkpt>
			<trkpt lat="38.13562" lon="-105.448703">
				<ele>2428.90056</ele>
				<time>2021-11-30T14:17:06Z</time>
			</trkpt>
			<trkpt lat="38.135666" lon="-105.450304">
				<ele>2425.67818</ele>
				<time>2021-11-30T14:17:29Z</time>
			</trkpt>
			<trkpt lat="38.135715" lon="-105.45167">
				<ele>2422.878144</ele>
				<time>2021-11-30T14:17:49Z</time>
			</trkpt>
			<trkpt lat="38.135765" lon="-105.451981">
				<ele>2422.228149</ele>
				<time>2021-11-30T14:17:53Z</time>
			</trkpt>
			<trkpt lat="38.135734" lon="-105.452673">
				<ele>2420.995796</ele>
				<time>2021-11-30T14:18:03Z</time>
			</trkpt>
			<trkpt lat="38.135738" lon="-105.452826">
				<ele>2420.772304</ele>
				<time>2021-11-30T14:18:05Z</time>
			</trkpt>
			<trkpt lat="38.13574" lon="-105.452995">
				<ele>2420.525549</ele>
				<time>2021-11-30T14:18:08Z</time>
			</trkpt>
			<trkpt lat="38.135745" lon="-105.453156">
				<ele>2420.290317</ele>
				<time>2021-11-30T14:18:10Z</time>
			</trkpt>
			<trkpt lat="38.135753" lon="-105.453542">
				<ele>2419.726589</ele>
				<time>2021-11-30T14:18:16Z</time>
			</trkpt>
			<trkpt lat="38.135766" lon="-105.454511">
				<ele>2418.311714</ele>
				<time>2021-11-30T14:18:30Z</time>
			</trkpt>
			<trkpt lat="38.13556" lon="-105.454525">
				<ele>2417.962885</ele>
				<time>2021-11-30T14:18:34Z</time>
			</trkpt>
			<trkpt lat="38.13531" lon="-105.454546">
				<ele>2417.580024</ele>
				<time>2021-11-30T14:18:39Z</time>
			</trkpt>
			<trkpt lat="38.135258" lon="-105.454558">
				<ele>2417.499263</ele>
				<time>2021-11-30T14:18:40Z</time>
			</trkpt>
			<trkpt lat="38.135067" lon="-105.454663">
				<ele>2417.181277</ele>
				<time>2021-11-30T14:18:44Z</time>
			</trkpt>
			<trkpt lat="38.134962" lon="-105.454765">
				<ele>2416.979348</ele>
				<time>2021-11-30T14:18:46Z</time>
			</trkpt>
			<trkpt lat="38.134413" lon="-105.455462">
				<ele>2415.793744</ele>
				<time>2021-11-30T14:19:01Z</time>
			</trkpt>
			<trkpt lat="38.134263" lon="-105.455662">
				<ele>2415.461586</ele>
				<time>2021-11-30T14:19:05Z</time>
			</trkpt>
			<trkpt lat="38.133569" lon="-105.456601">
				<ele>2413.520003</ele>
				<time>2021-11-30T14:19:24Z</time>
			</trkpt>
			<trkpt lat="38.133197" lon="-105.457124">
				<ele>2412.44444</ele>
				<time>2021-11-30T14:19:34Z</time>
			</trkpt>
			<trkpt lat="38.133021" lon="-105.457504">
				<ele>2411.770348</ele>
				<time>2021-11-30T14:19:40Z</time>
			</trkpt>
			<trkpt lat="38.132974" lon="-105.457667">
				<ele>2411.502185</ele>
				<time>2021-11-30T14:19:43Z</time>
			</trkpt>
			<trkpt lat="38.132937" lon="-105.458551">
				<ele>2410.134775</ele>
				<time>2021-11-30T14:19:56Z</time>
			</trkpt>
			<trkpt lat="38.132956" lon="-105.459637">
				<ele>2408.456861</ele>
				<time>2021-11-30T14:20:11Z</time>
			</trkpt>
			<trkpt lat="38.132959" lon="-105.460553">
				<ele>2407.726608</ele>
				<time>2021-11-30T14:20:25Z</time>
			</trkpt>
			<trkpt lat="38.132926" lon="-105.460816">
				<ele>2407.530059</ele>
				<time>2021-11-30T14:20:29Z</time>
			</trkpt>
			<trkpt lat="38.13287" lon="-105.461025">
				<ele>2407.367114</ele>
				<time>2021-11-30T14:20:33Z</time>
			</trkpt>
			<trkpt lat="38.132711" lon="-105.461403">
				<ele>2407.050765</ele>
				<time>2021-11-30T14:20:40Z</time>
			</trkpt>
			<trkpt lat="38.132576" lon="-105.461586">
				<ele>2406.865608</ele>
				<time>2021-11-30T14:20:44Z</time>
			</trkpt>
			<trkpt lat="38.13231" lon="-105.461846">
				<ele>2406.592968</ele>
				<time>2021-11-30T14:20:51Z</time>
			</trkpt>
			<trkpt lat="38.132141" lon="-105.46194">
				<ele>2406.483558</ele>
				<time>2021-11-30T14:20:55Z</time>
			</trkpt>
			<trkpt lat="38.131985" lon="-105.461991">
				<ele>2406.388021</ele>
				<time>2021-11-30T14:20:59Z</time>
			</trkpt>
			<trkpt lat="38.13158" lon="-105.46202">
				<ele>2406.147428</ele>
				<time>2021-11-30T14:21:07Z</time>
			</trkpt>
			<trkpt lat="38.131088" lon="-105.462079">
				<ele>2405.854319</ele>
				<time>2021-11-30T14:21:18Z</time>
			</trkpt>
			<trkpt lat="38.13101" lon="-105.462152">
				<ele>2405.796871</ele>
				<time>2021-11-30T14:21:20Z</time>
			</trkpt>
			<trkpt lat="38.130967" lon="-105.462297">
				<ele>2405.724574</ele>
				<time>2021-11-30T14:21:22Z</time>
			</trkpt>
			<trkpt lat="38.130966" lon="-105.462304">
				<ele>2405.721255</ele>
				<time>2021-11-30T14:21:23Z</time>
			</trkpt>
			<trkpt lat="38.130956" lon="-105.46246">
				<ele>2405.648232</ele>
				<time>2021-11-30T14:21:25Z</time>
			</trkpt>
			<trkpt lat="38.130963" lon="-105.462989">
				<ele>2404.954639</ele>
				<time>2021-11-30T14:21:33Z</time>
			</trkpt>
			<trkpt lat="38.130972" lon="-105.463563">
				<ele>2404.080096</ele>
				<time>2021-11-30T14:21:42Z</time>
			</trkpt>
			<trkpt lat="38.130971" lon="-105.463873">
				<ele>2403.607872</ele>
				<time>2021-11-30T14:21:46Z</time>
			</trkpt>
			<trkpt lat="38.13097" lon="-105.464517">
				<ele>2402.62687</ele>
				<time>2021-11-30T14:21:55Z</time>
			</trkpt>
			<trkpt lat="38.130979" lon="-105.465136">
				<ele>2401.506124</ele>
				<time>2021-11-30T14:22:04Z</time>
			</trkpt>
			<trkpt lat="38.130987" lon="-105.465721">
				<ele>2400.248047</ele>
				<time>2021-11-30T14:22:12Z</time>
			</trkpt>
			<trkpt lat="38.130999" lon="-105.466333">
				<ele>2398.931696</ele>
				<time>2021-11-30T14:22:20Z</time>
			</trkpt>
			<trkpt lat="38.131021" lon="-105.467545">
				<ele>2396.179245</ele>
				<time>2021-11-30T14:22:37Z</time>
			</trkpt>
			<trkpt lat="38.131032" lon="-105.468166">
				<ele>2394.620951</ele>
				<time>2021-11-30T14:22:45Z</time>
			</trkpt>
			<trkpt lat="38.13105" lon="-105.468814">
				<ele>2392.994304</ele>
				<time>2021-11-30T14:22:54Z</time>
			</trkpt>
			<trkpt lat="38.131055" lon="-105.469395">
				<ele>2391.536666</ele>
				<time>2021-11-30T14:23:02Z</time>
			</trkpt>
			<trkpt lat="38.131082" lon="-105.4703">
				<ele>2388.785972</ele>
				<time>2021-11-30T14:23:14Z</time>
			</trkpt>
			<trkpt lat="38.13109" lon="-105.470621">
				<ele>2387.804785</ele>
				<time>2021-11-30T14:23:18Z</time>
			</trkpt>
			<trkpt lat="38.131163" lon="-105.472917">
				<ele>2382.349508</ele>
				<time>2021-11-30T14:23:48Z</time>
			</trkpt>
			<trkpt lat="38.131165" lon="-105.473098">
				<ele>2382.030903</ele>
				<time>2021-11-30T14:23:50Z</time>
			</trkpt>
			<trkpt lat="38.131378" lon="-105.481064">
				<ele>2379.230501</ele>
				<time>2021-11-30T14:26:11Z</time>
			</trkpt>
			<trkpt lat="38.131495" lon="-105.486381">
				<ele>2380.387809</ele>
				<time>2021-11-30T14:27:53Z</time>
			</trkpt>
			<trkpt lat="38.126614" lon="-105.4865">
				<ele>2384.252595</ele>
				<time>2021-11-30T14:30:07Z</time>
			</trkpt>
			<trkpt lat="38.118913" lon="-105.486739">
				<ele>2392.029451</ele>
				<time>2021-11-30T14:33:44Z</time>
			</trkpt>
			<trkpt lat="38.116969" lon="-105.486845">
				<ele>2394.146925</ele>
				<time>2021-11-30T14:34:40Z</time>
			</trkpt>
			<trkpt lat="38.114519" lon="-105.486898">
				<ele>2397.079639</ele>
				<time>2021-11-30T14:35:51Z</time>
			</trkpt>
			<trkpt lat="38.105465" lon="-105.487255">
				<ele>2410.056135</ele>
				<time>2021-11-30T14:40:26Z</time>
			</trkpt>
			<trkpt lat="38.102514" lon="-105.487315">
				<ele>2414.84817</ele>
				<time>2021-11-30T14:41:59Z</time>
			</trkpt>
			<trkpt lat="38.098883" lon="-105.487489">
				<ele>2421.056381</ele>
				<time>2021-11-30T14:43:54Z</time>
			</trkpt>
			<trkpt lat="38.095338" lon="-105.487582">
				<ele>2426.968377</ele>
				<time>2021-11-30T14:45:45Z</time>
			</trkpt>
			<trkpt lat="38.087902" lon="-105.487804">
				<ele>2440.344057</ele>
				<time>2021-11-30T14:49:44Z</time>
			</trkpt>
			<trkpt lat="38.086215" lon="-105.487853">
				<ele>2443.770507</ele>
				<time>2021-11-30T14:50:42Z</time>
			</trkpt>
			<trkpt lat="38.079075" lon="-105.488105">
				<ele>2458.406926</ele>
				<time>2021-11-30T14:54:40Z</time>
			</trkpt>
			<trkpt lat="38.075125" lon="-105.488218">
				<ele>2465.766192</ele>
				<time>2021-11-30T14:56:49Z</time>
			</trkpt>
			<trkpt lat="38.070741" lon="-105.488365">
				<ele>2473.452412</ele>
				<time>2021-11-30T14:59:08Z</time>
			</trkpt>
			<trkpt lat="38.067352" lon="-105.488451">
				<ele>2479.037472</ele>
				<time>2021-11-30T15:00:55Z</time>
			</trkpt>
			<trkpt lat="38.062544" lon="-105.488616">
				<ele>2487.358336</ele>
				<time>2021-11-30T15:03:28Z</time>
			</trkpt>
			<trkpt lat="38.060892" lon="-105.488673">
				<ele>2489.654353</ele>
				<time>2021-11-30T15:04:20Z</time>
			</trkpt>
			<trkpt lat="38.058887" lon="-105.488741">
				<ele>2490.026172</ele>
				<time>2021-11-30T15:05:12Z</time>
			</trkpt>
			<trkpt lat="38.058932" lon="-105.479163">
				<ele>2470.32519</ele>
				<time>2021-11-30T15:09:08Z</time>
			</trkpt>
			<trkpt lat="38.05872" lon="-105.470004">
				<ele>2451.338443</ele>
				<time>2021-11-30T15:12:55Z</time>
			</trkpt>
			<trkpt lat="38.058686" lon="-105.468938">
				<ele>2450.652145</ele>
				<time>2021-11-30T15:13:23Z</time>
			</trkpt>
			<trkpt lat="38.057854" lon="-105.442787">
				<ele>2434.236113</ele>
				<time>2021-11-30T15:25:25Z</time>
			</trkpt>
			<trkpt lat="38.057685" lon="-105.442823">
				<ele>2434.217214</ele>
				<time>2021-11-30T15:25:29Z</time>
			</trkpt>
			<trkpt lat="38.057169" lon="-105.442849">
				<ele>2434.803951</ele>
				<time>2021-11-30T15:25:42Z</time>
			</trkpt>
			<trkpt lat="38.046906" lon="-105.443185">
				<ele>2446.625964</ele>
				<time>2021-11-30T15:30:42Z</time>
			</trkpt>
			<trkpt lat="38.044172" lon="-105.443263">
				<ele>2449.862484</ele>
				<time>2021-11-30T15:32:04Z</time>
			</trkpt>
			<trkpt lat="38.043288" lon="-105.443255">
				<ele>2450.655502</ele>
				<time>2021-11-30T15:32:28Z</time>
			</trkpt>
			<trkpt lat="38.042986" lon="-105.434553">
				<ele>2450.042237</ele>
				<time>2021-11-30T15:35:03Z</time>
			</trkpt>
			<trkpt lat="38.042783" lon="-105.425003">
				<ele>2456.37311</ele>
				<time>2021-11-30T15:38:30Z</time>
			</trkpt>
			<trkpt lat="38.038616" lon="-105.425033">
				<ele>2461.259086</ele>
				<time>2021-11-30T15:40:31Z</time>
			</trkpt>
			<trkpt lat="38.031817" lon="-105.425121">
				<ele>2469.881701</ele>
				<time>2021-11-30T15:43:52Z</time>
			</trkpt>
			<trkpt lat="38.028048" lon="-105.425253">
				<ele>2474.525944</ele>
				<time>2021-11-30T15:45:43Z</time>
			</trkpt>
			<trkpt lat="38.026873" lon="-105.425295">
				<ele>2476.024649</ele>
				<time>2021-11-30T15:46:18Z</time>
			</trkpt>
			<trkpt lat="38.024721" lon="-105.42544">
				<ele>2478.933604</ele>
				<time>2021-11-30T15:47:22Z</time>
			</trkpt>
			<trkpt lat="38.020906" lon="-105.425459">
				<ele>2484.566273</ele>
				<time>2021-11-30T15:49:18Z</time>
			</trkpt>
			<trkpt lat="38.018192" lon="-105.425575">
				<ele>2489.137383</ele>
				<time>2021-11-30T15:50:48Z</time>
			</trkpt>
			<trkpt lat="38.014444" lon="-105.425736">
				<ele>2496.539442</ele>
				<time>2021-11-30T15:52:58Z</time>
			</trkpt>
			<trkpt lat="38.01389" lon="-105.42576">
				<ele>2497.660444</ele>
				<time>2021-11-30T15:53:18Z</time>
			</trkpt>
			<trkpt lat="38.012487" lon="-105.425845">
				<ele>2500.484919</ele>
				<time>2021-11-30T15:54:07Z</time>
			</trkpt>
			<trkpt lat="38.009275" lon="-105.425953">
				<ele>2506.572189</ele>
				<time>2021-11-30T15:55:57Z</time>
			</trkpt>
			<trkpt lat="38.004752" lon="-105.426178">
				<ele>2513.3191</ele>
				<time>2021-11-30T15:58:21Z</time>
			</trkpt>
			<trkpt lat="37.999488" lon="-105.426495">
				<ele>2522.097932</ele>
				<time>2021-11-30T16:01:17Z</time>
			</trkpt>
			<trkpt lat="37.999403" lon="-105.426476">
				<ele>2522.195793</ele>
				<time>2021-11-30T16:01:20Z</time>
			</trkpt>
			<trkpt lat="37.999344" lon="-105.426411">
				<ele>2522.284383</ele>
				<time>2021-11-30T16:01:22Z</time>
			</trkpt>
			<trkpt lat="37.999293" lon="-105.42628">
				<ele>2522.414935</ele>
				<time>2021-11-30T16:01:26Z</time>
			</trkpt>
			<trkpt lat="37.999244" lon="-105.425191">
				<ele>2523.389535</ele>
				<time>2021-11-30T16:01:52Z</time>
			</trkpt>
			<trkpt lat="37.999023" lon="-105.417852">
				<ele>2527.786387</ele>
				<time>2021-11-30T16:04:36Z</time>
			</trkpt>
			<trkpt lat="37.998995" lon="-105.415961">
				<ele>2528.468183</ele>
				<time>2021-11-30T16:05:17Z</time>
			</trkpt>
			<trkpt lat="37.998767" lon="-105.409428">
				<ele>2526.780501</ele>
				<time>2021-11-30T16:07:21Z</time>
			</trkpt>
			<trkpt lat="37.998648" lon="-105.404589">
				<ele>2521.183251</ele>
				<time>2021-11-30T16:08:40Z</time>
			</trkpt>
			<trkpt lat="37.998591" lon="-105.403248">
				<ele>2522.183178</ele>
				<time>2021-11-30T16:09:13Z</time>
			</trkpt>
			<trkpt lat="37.998481" lon="-105.402411">
				<ele>2523.651422</ele>
				<time>2021-11-30T16:09:39Z</time>
			</trkpt>
			<trkpt lat="37.998511" lon="-105.40229">
				<ele>2523.870904</ele>
				<time>2021-11-30T16:09:43Z</time>
			</trkpt>
			<trkpt lat="37.99856" lon="-105.402204">
				<ele>2524.054529</ele>
				<time>2021-11-30T16:09:46Z</time>
			</trkpt>
			<trkpt lat="37.99864" lon="-105.402162">
				<ele>2524.244625</ele>
				<time>2021-11-30T16:09:50Z</time>
			</trkpt>
			<trkpt lat="37.999576" lon="-105.401872">
				<ele>2525.90522</ele>
				<time>2021-11-30T16:10:30Z</time>
			</trkpt>
			<trkpt lat="38.000001" lon="-105.401671">
				<ele>2526.630581</ele>
				<time>2021-11-30T16:10:44Z</time>
			</trkpt>
			<trkpt lat="38.000515" lon="-105.401276">
				<ele>2527.549126</ele>
				<time>2021-11-30T16:10:58Z</time>
			</trkpt>
			<trkpt lat="38.000806" lon="-105.401003">
				<ele>2527.30209</ele>
				<time>2021-11-30T16:11:07Z</time>
			</trkpt>
			<trkpt lat="38.001064" lon="-105.400625">
				<ele>2527.033085</ele>
				<time>2021-11-30T16:11:16Z</time>
			</trkpt>
			<trkpt lat="38.001145" lon="-105.400378">
				<ele>2526.889172</ele>
				<time>2021-11-30T16:11:20Z</time>
			</trkpt>
			<trkpt lat="38.001227" lon="-105.399806">
				<ele>2526.576431</ele>
				<time>2021-11-30T16:11:31Z</time>
			</trkpt>
			<trkpt lat="38.001225" lon="-105.399667">
				<ele>2526.501648</ele>
				<time>2021-11-30T16:11:33Z</time>
			</trkpt>
			<trkpt lat="38.001134" lon="-105.399251">
				<ele>2526.289484</ele>
				<time>2021-11-30T16:11:41Z</time>
			</trkpt>
			<trkpt lat="38.001062" lon="-105.39846">
				<ele>2525.994278</ele>
				<time>2021-11-30T16:11:56Z</time>
			</trkpt>
			<trkpt lat="38.001054" lon="-105.398127">
				<ele>2525.870764</ele>
				<time>2021-11-30T16:12:02Z</time>
			</trkpt>
			<trkpt lat="38.001083" lon="-105.397824">
				<ele>2525.757604</ele>
				<time>2021-11-30T16:12:08Z</time>
			</trkpt>
			<trkpt lat="38.001244" lon="-105.397076">
				<ele>2525.414751</ele>
				<time>2021-11-30T16:12:23Z</time>
			</trkpt>
			<trkpt lat="38.00129" lon="-105.396754">
				<ele>2524.91245</ele>
				<time>2021-11-30T16:12:28Z</time>
			</trkpt>
			<trkpt lat="38.001311" lon="-105.396314">
				<ele>2524.235847</ele>
				<time>2021-11-30T16:12:36Z</time>
			</trkpt>
			<trkpt lat="38.001311" lon="-105.3897">
				<ele>2514.609746</ele>
				<time>2021-11-30T16:14:22Z</time>
			</trkpt>
			<trkpt lat="38.00129" lon="-105.38937">
				<ele>2514.605219</ele>
				<time>2021-11-30T16:14:28Z</time>
			</trkpt>
			<trkpt lat="38.001204" lon="-105.389096">
				<ele>2514.601186</ele>
				<time>2021-11-30T16:14:35Z</time>
			</trkpt>
			<trkpt lat="38.001104" lon="-105.388906">
				<ele>2514.598062</ele>
				<time>2021-11-30T16:14:40Z</time>
			</trkpt>
			<trkpt lat="38.000542" lon="-105.38823">
				<ele>2514.731498</ele>
				<time>2021-11-30T16:15:04Z</time>
			</trkpt>
			<trkpt lat="38.000462" lon="-105.387994">
				<ele>2515.00426</ele>
				<time>2021-11-30T16:15:11Z</time>
			</trkpt>
			<trkpt lat="38.000464" lon="-105.387771">
				<ele>2515.241034</ele>
				<time>2021-11-30T16:15:17Z</time>
			</trkpt>
			<trkpt lat="38.00058" lon="-105.387323">
				<ele>2515.741696</ele>
				<time>2021-11-30T16:15:30Z</time>
			</trkpt>
			<trkpt lat="38.000956" lon="-105.386733">
				<ele>2516.547311</ele>
				<time>2021-11-30T16:15:50Z</time>
			</trkpt>
			<trkpt lat="38.000978" lon="-105.386615">
				<ele>2516.67605</ele>
				<time>2021-11-30T16:15:53Z</time>
			</trkpt>
			<trkpt lat="38.000969" lon="-105.386514">
				<ele>2516.783965</ele>
				<time>2021-11-30T16:15:55Z</time>
			</trkpt>
			<trkpt lat="37.999481" lon="-105.383885">
				<ele>2516.567299</ele>
				<time>2021-11-30T16:16:57Z</time>
			</trkpt>
			<trkpt lat="37.999046" lon="-105.383026">
				<ele>2516.205185</ele>
				<time>2021-11-30T16:17:15Z</time>
			</trkpt>
			<trkpt lat="37.998071" lon="-105.381294">
				<ele>2515.480721</ele>
				<time>2021-11-30T16:17:54Z</time>
			</trkpt>
			<trkpt lat="37.997928" lon="-105.380908">
				<ele>2515.337516</ele>
				<time>2021-11-30T16:18:02Z</time>
			</trkpt>
			<trkpt lat="37.997868" lon="-105.380505">
				<ele>2515.368624</ele>
				<time>2021-11-30T16:18:10Z</time>
			</trkpt>
			<trkpt lat="37.997812" lon="-105.363096">
				<ele>2527.552976</ele>
				<time>2021-11-30T16:24:51Z</time>
			</trkpt>
			<trkpt lat="37.997822" lon="-105.362848">
				<ele>2527.725373</ele>
				<time>2021-11-30T16:24:57Z</time>
			</trkpt>
			<trkpt lat="37.99786" lon="-105.362716">
				<ele>2527.822937</ele>
				<time>2021-11-30T16:25:00Z</time>
			</trkpt>
			<trkpt lat="37.997763" lon="-105.362641">
				<ele>2527.923005</ele>
				<time>2021-11-30T16:25:03Z</time>
			</trkpt>
			<trkpt lat="37.996811" lon="-105.361927">
				<ele>2529.17793</ele>
				<time>2021-11-30T16:25:33Z</time>
			</trkpt>
			<trkpt lat="37.994344" lon="-105.359501">
				<ele>2533.876943</ele>
				<time>2021-11-30T16:27:06Z</time>
			</trkpt>
			<trkpt lat="37.993747" lon="-105.358947">
				<ele>2535.353158</ele>
				<time>2021-11-30T16:27:30Z</time>
			</trkpt>
			<trkpt lat="37.993816" lon="-105.358667">
				<ele>2535.814614</ele>
				<time>2021-11-30T16:27:41Z</time>
			</trkpt>
			<trkpt lat="37.993787" lon="-105.358458">
				<ele>2536.148418</ele>
				<time>2021-11-30T16:27:50Z</time>
			</trkpt>
			<trkpt lat="37.993055" lon="-105.355732">
				<ele>2541.138849</ele>
				<time>2021-11-30T16:29:39Z</time>
			</trkpt>
			<trkpt lat="37.992992" lon="-105.355395">
				<ele>2541.725547</ele>
				<time>2021-11-30T16:29:52Z</time>
			</trkpt>
			<trkpt lat="37.992941" lon="-105.354578">
				<ele>2543.113831</ele>
				<time>2021-11-30T16:30:23Z</time>
			</trkpt>
			<trkpt lat="37.992776" lon="-105.349971">
				<ele>2550.969371</ele>
				<time>2021-11-30T16:33:17Z</time>
			</trkpt>
			<trkpt lat="37.992705" lon="-105.347976">
				<ele>2554.433649</ele>
				<time>2021-11-30T16:34:32Z</time>
			</trkpt>
			<trkpt lat="37.992585" lon="-105.343384">
				<ele>2562.701056</ele>
				<time>2021-11-30T16:37:29Z</time>
			</trkpt>
			<trkpt lat="37.992561" lon="-105.3423">
				<ele>2564.455899</ele>
				<time>2021-11-30T16:38:09Z</time>
			</trkpt>
			<trkpt lat="37.992506" lon="-105.34135">
				<ele>2565.698785</ele>
				<time>2021-11-30T16:38:42Z</time>
			</trkpt>
			<trkpt lat="37.992442" lon="-105.340964">
				<ele>2566.213458</ele>
				<time>2021-11-30T16:38:56Z</time>
			</trkpt>
			<trkpt lat="37.992354" lon="-105.34068">
				<ele>2566.61163</ele>
				<time>2021-11-30T16:39:07Z</time>
			</trkpt>
			<trkpt lat="37.991795" lon="-105.339379">
				<ele>2568.953357</ele>
				<time>2021-11-30T16:40:01Z</time>
			</trkpt>
			<trkpt lat="37.990249" lon="-105.336786">
				<ele>2574.924367</ele>
				<time>2021-11-30T16:42:07Z</time>
			</trkpt>
			<trkpt lat="37.988499" lon="-105.333816">
				<ele>2582.201471</ele>
				<time>2021-11-30T16:44:32Z</time>
			</trkpt>
			<trkpt lat="37.987783" lon="-105.3326">
				<ele>2585.202328</ele>
				<time>2021-11-30T16:45:31Z</time>
			</trkpt>
			<trkpt lat="37.987589" lon="-105.332202">
				<ele>2586.138086</ele>
				<time>2021-11-30T16:45:50Z</time>
			</trkpt>
			<trkpt lat="37.987418" lon="-105.331686">
				<ele>2587.257395</ele>
				<time>2021-11-30T16:46:12Z</time>
			</trkpt>
			<trkpt lat="37.987375" lon="-105.331408">
				<ele>2587.823897</ele>
				<time>2021-11-30T16:46:23Z</time>
			</trkpt>
			<trkpt lat="37.987369" lon="-105.330844">
				<ele>2588.951792</ele>
				<time>2021-11-30T16:46:45Z</time>
			</trkpt>
			<trkpt lat="37.987384" lon="-105.32959">
				<ele>2591.734139</ele>
				<time>2021-11-30T16:47:35Z</time>
			</trkpt>
			<trkpt lat="37.987425" lon="-105.326188">
				<ele>2599.599115</ele>
				<time>2021-11-30T16:49:54Z</time>
			</trkpt>
			<trkpt lat="37.987402" lon="-105.325216">
				<ele>2601.8036</ele>
				<time>2021-11-30T16:50:34Z</time>
			</trkpt>
			<trkpt lat="37.987341" lon="-105.324416">
				<ele>2603.625642</ele>
				<time>2021-11-30T16:51:07Z</time>
			</trkpt>
			<trkpt lat="37.987116" lon="-105.323182">
				<ele>2606.35724</ele>
				<time>2021-11-30T16:51:57Z</time>
			</trkpt>
			<trkpt lat="37.98635" lon="-105.318984">
				<ele>2615.132125</ele>
				<time>2021-11-30T16:54:47Z</time>
			</trkpt>
			<trkpt lat="37.986036" lon="-105.317265">
				<ele>2618.306018</ele>
				<time>2021-11-30T16:55:54Z</time>
			</trkpt>
			<trkpt lat="37.985573" lon="-105.314974">
				<ele>2621.941664</ele>
				<time>2021-11-30T16:57:21Z</time>
			</trkpt>
			<trkpt lat="37.984924" lon="-105.313085">
				<ele>2625.739578</ele>
				<time>2021-11-30T16:58:40Z</time>
			</trkpt>
			<trkpt lat="37.984809" lon="-105.312761">
				<ele>2626.477502</ele>
				<time>2021-11-30T16:58:54Z</time>
			</trkpt>
			<trkpt lat="37.984414" lon="-105.311629">
				<ele>2629.163069</ele>
				<time>2021-11-30T16:59:45Z</time>
			</trkpt>
			<trkpt lat="37.98435" lon="-105.311323">
				<ele>2629.849858</ele>
				<time>2021-11-30T16:59:57Z</time>
			</trkpt>
			<trkpt lat="37.984332" lon="-105.311113">
				<ele>2630.308103</ele>
				<time>2021-11-30T17:00:06Z</time>
			</trkpt>
			<trkpt lat="37.984285" lon="-105.310068">
				<ele>2632.43584</ele>
				<time>2021-11-30T17:00:47Z</time>
			</trkpt>
			<trkpt lat="37.984188" lon="-105.30795">
				<ele>2636.723464</ele>
				<time>2021-11-30T17:02:10Z</time>
			</trkpt>
			<trkpt lat="37.98421" lon="-105.307594">
				<ele>2637.473977</ele>
				<time>2021-11-30T17:02:24Z</time>
			</trkpt>
			<trkpt lat="37.984268" lon="-105.307331">
				<ele>2638.047962</ele>
				<time>2021-11-30T17:02:35Z</time>
			</trkpt>
			<trkpt lat="37.984361" lon="-105.307027">
				<ele>2638.733327</ele>
				<time>2021-11-30T17:02:48Z</time>
			</trkpt>
			<trkpt lat="37.984388" lon="-105.306798">
				<ele>2639.219978</ele>
				<time>2021-11-30T17:02:58Z</time>
			</trkpt>
			<trkpt lat="37.984299" lon="-105.306239">
				<ele>2640.370962</ele>
				<time>2021-11-30T17:03:20Z</time>
			</trkpt>
			<trkpt lat="37.984203" lon="-105.305944">
				<ele>2640.890657</ele>
				<time>2021-11-30T17:03:33Z</time>
			</trkpt>
			<trkpt lat="37.984068" lon="-105.305638">
				<ele>2641.461677</ele>
				<time>2021-11-30T17:03:46Z</time>
			</trkpt>
			<trkpt lat="37.983653" lon="-105.304863">
				<ele>2642.987346</ele>
				<time>2021-11-30T17:04:21Z</time>
			</trkpt>
			<trkpt lat="37.983099" lon="-105.303998">
				<ele>2644.534485</ele>
				<time>2021-11-30T17:05:00Z</time>
			</trkpt>
			<trkpt lat="37.982804" lon="-105.303494">
				<ele>2645.245369</ele>
				<time>2021-11-30T17:05:22Z</time>
			</trkpt>
			<trkpt lat="37.982373" lon="-105.302567">
				<ele>2646.464125</ele>
				<time>2021-11-30T17:05:59Z</time>
			</trkpt>
			<trkpt lat="37.981221" lon="-105.30026">
				<ele>2650.913912</ele>
				<time>2021-11-30T17:07:40Z</time>
			</trkpt>
			<trkpt lat="37.980492" lon="-105.298979">
				<ele>2654.29224</ele>
				<time>2021-11-30T17:08:44Z</time>
			</trkpt>
			<trkpt lat="37.977663" lon="-105.295417">
				<ele>2666.265939</ele>
				<time>2021-11-30T17:12:13Z</time>
			</trkpt>
			<trkpt lat="37.977565" lon="-105.295262">
				<ele>2666.728173</ele>
				<time>2021-11-30T17:12:21Z</time>
			</trkpt>
			<trkpt lat="37.977261" lon="-105.294735">
				<ele>2668.24734</ele>
				<time>2021-11-30T17:12:47Z</time>
			</trkpt>
			<trkpt lat="37.976989" lon="-105.293795">
				<ele>2670.576744</ele>
				<time>2021-11-30T17:13:28Z</time>
			</trkpt>
			<trkpt lat="37.976179" lon="-105.292033">
				<ele>2675.312948</ele>
				<time>2021-11-30T17:14:53Z</time>
			</trkpt>
			<trkpt lat="37.975891" lon="-105.291444">
				<ele>2676.71449</ele>
				<time>2021-11-30T17:15:20Z</time>
			</trkpt>
			<trkpt lat="37.975765" lon="-105.291029">
				<ele>2677.335511</ele>
				<time>2021-11-30T17:15:37Z</time>
			</trkpt>
			<trkpt lat="37.975711" lon="-105.290718">
				<ele>2677.780214</ele>
				<time>2021-11-30T17:15:48Z</time>
			</trkpt>
			<trkpt lat="37.975575" lon="-105.289595">
				<ele>2679.366813</ele>
				<time>2021-11-30T17:16:27Z</time>
			</trkpt>
			<trkpt lat="37.975427" lon="-105.288726">
				<ele>2680.736821</ele>
				<time>2021-11-30T17:16:58Z</time>
			</trkpt>
			<trkpt lat="37.97538" lon="-105.288129">
				<ele>2681.68012</ele>
				<time>2021-11-30T17:17:20Z</time>
			</trkpt>
			<trkpt lat="37.975316" lon="-105.287718">
				<ele>2682.3388</ele>
				<time>2021-11-30T17:17:36Z</time>
			</trkpt>
			<trkpt lat="37.975089" lon="-105.286947">
				<ele>2683.804108</ele>
				<time>2021-11-30T17:18:09Z</time>
			</trkpt>
			<trkpt lat="37.974992" lon="-105.286527">
				<ele>2684.749739</ele>
				<time>2021-11-30T17:18:27Z</time>
			</trkpt>
			<trkpt lat="37.974929" lon="-105.285733">
				<ele>2686.473988</ele>
				<time>2021-11-30T17:19:00Z</time>
			</trkpt>
			<trkpt lat="37.9749" lon="-105.285308">
				<ele>2687.395712</ele>
				<time>2021-11-30T17:19:17Z</time>
			</trkpt>
			<trkpt lat="37.974803" lon="-105.284682">
				<ele>2688.56356</ele>
				<time>2021-11-30T17:19:42Z</time>
			</trkpt>
			<trkpt lat="37.97476" lon="-105.284066">
				<ele>2689.47909</ele>
				<time>2021-11-30T17:20:04Z</time>
			</trkpt>
			<trkpt lat="37.974752" lon="-105.283029">
				<ele>2691.014398</ele>
				<time>2021-11-30T17:20:41Z</time>
			</trkpt>
			<trkpt lat="37.974587" lon="-105.281234">
				<ele>2693.640222</ele>
				<time>2021-11-30T17:21:47Z</time>
			</trkpt>
			<trkpt lat="37.974541" lon="-105.280596">
				<ele>2694.567378</ele>
				<time>2021-11-30T17:22:10Z</time>
			</trkpt>
			<trkpt lat="37.974494" lon="-105.279953">
				<ele>2695.721734</ele>
				<time>2021-11-30T17:22:34Z</time>
			</trkpt>
			<trkpt lat="37.974465" lon="-105.279394">
				<ele>2696.781127</ele>
				<time>2021-11-30T17:22:55Z</time>
			</trkpt>
			<trkpt lat="37.974516" lon="-105.278677">
				<ele>2698.142531</ele>
				<time>2021-11-30T17:23:24Z</time>
			</trkpt>
			<trkpt lat="37.974536" lon="-105.277957">
				<ele>2699.611136</ele>
				<time>2021-11-30T17:23:52Z</time>
			</trkpt>
			<trkpt lat="37.974434" lon="-105.276501">
				<ele>2703.100441</ele>
				<time>2021-11-30T17:24:52Z</time>
			</trkpt>
			<trkpt lat="37.974297" lon="-105.275294">
				<ele>2706.026207</ele>
				<time>2021-11-30T17:25:44Z</time>
			</trkpt>
			<trkpt lat="37.974287" lon="-105.274636">
				<ele>2707.613113</ele>
				<time>2021-11-30T17:26:11Z</time>
			</trkpt>
			<trkpt lat="37.974266" lon="-105.273799">
				<ele>2709.632362</ele>
				<time>2021-11-30T17:26:46Z</time>
			</trkpt>
			<trkpt lat="37.973842" lon="-105.271195">
				<ele>2715.013967</ele>
				<time>2021-11-30T17:28:29Z</time>
			</trkpt>
			<trkpt lat="37.973713" lon="-105.270654">
				<ele>2716.222881</ele>
				<time>2021-11-30T17:28:51Z</time>
			</trkpt>
			<trkpt lat="37.973458" lon="-105.269892">
				<ele>2717.993493</ele>
				<time>2021-11-30T17:29:24Z</time>
			</trkpt>
			<trkpt lat="37.973227" lon="-105.268978">
				<ele>2720.201049</ele>
				<time>2021-11-30T17:30:03Z</time>
			</trkpt>
			<trkpt lat="37.972355" lon="-105.266151">
				<ele>2728.042457</ele>
				<time>2021-11-30T17:32:15Z</time>
			</trkpt>
			<trkpt lat="37.972233" lon="-105.26587">
				<ele>2728.79842</ele>
				<time>2021-11-30T17:32:28Z</time>
			</trkpt>
			<trkpt lat="37.97208" lon="-105.265573">
				<ele>2729.634492</ele>
				<time>2021-11-30T17:32:42Z</time>
			</trkpt>
			<trkpt lat="37.971945" lon="-105.265402">
				<ele>2730.204787</ele>
				<time>2021-11-30T17:32:52Z</time>
			</trkpt>
			<trkpt lat="37.971607" lon="-105.265098">
				<ele>2731.268972</ele>
				<time>2021-11-30T17:33:11Z</time>
			</trkpt>
			<trkpt lat="37.971316" lon="-105.26495">
				<ele>2731.843827</ele>
				<time>2021-11-30T17:33:26Z</time>
			</trkpt>
			<trkpt lat="37.970534" lon="-105.264658">
				<ele>2733.338505</ele>
				<time>2021-11-30T17:34:04Z</time>
			</trkpt>
			<trkpt lat="37.970398" lon="-105.264566">
				<ele>2733.621113</ele>
				<time>2021-11-30T17:34:11Z</time>
			</trkpt>
			<trkpt lat="37.970329" lon="-105.264475">
				<ele>2733.803618</ele>
				<time>2021-11-30T17:34:15Z</time>
			</trkpt>
			<trkpt lat="37.970239" lon="-105.264238">
				<ele>2734.183865</ele>
				<time>2021-11-30T17:34:24Z</time>
			</trkpt>
			<trkpt lat="37.970073" lon="-105.263135">
				<ele>2736.408512</ele>
				<time>2021-11-30T17:35:04Z</time>
			</trkpt>
			<trkpt lat="37.969488" lon="-105.262827">
				<ele>2738.030436</ele>
				<time>2021-11-30T17:35:29Z</time>
			</trkpt>
			<trkpt lat="37.96912" lon="-105.262681">
				<ele>2739.087821</ele>
				<time>2021-11-30T17:35:46Z</time>
			</trkpt>
			<trkpt lat="37.966769" lon="-105.2626">
				<ele>2749.079702</ele>
				<time>2021-11-30T17:37:32Z</time>
			</trkpt>
			<trkpt lat="37.964173" lon="-105.262682">
				<ele>2762.234172</ele>
				<time>2021-11-30T17:39:45Z</time>
			</trkpt>
			<trkpt lat="37.962625" lon="-105.261768">
				<ele>2770.610733</ele>
				<time>2021-11-30T17:41:11Z</time>
			</trkpt>
			<trkpt lat="37.96251" lon="-105.261672">
				<ele>2771.27253</ele>
				<time>2021-11-30T17:41:17Z</time>
			</trkpt>
			<trkpt lat="37.962423" lon="-105.261544">
				<ele>2771.913027</ele>
				<time>2021-11-30T17:41:23Z</time>
			</trkpt>
			<trkpt lat="37.962378" lon="-105.261355">
				<ele>2772.661277</ele>
				<time>2021-11-30T17:41:30Z</time>
			</trkpt>
			<trkpt lat="37.962387" lon="-105.261207">
				<ele>2773.129638</ele>
				<time>2021-11-30T17:41:36Z</time>
			</trkpt>
			<trkpt lat="37.962574" lon="-105.260152">
				<ele>2775.705225</ele>
				<time>2021-11-30T17:42:13Z</time>
			</trkpt>
			<trkpt lat="37.962588" lon="-105.258797">
				<ele>2778.654769</ele>
				<time>2021-11-30T17:42:51Z</time>
			</trkpt>
			<trkpt lat="37.962572" lon="-105.25817">
				<ele>2779.363029</ele>
				<time>2021-11-30T17:43:07Z</time>
			</trkpt>
			<trkpt lat="37.962669" lon="-105.257576">
				<ele>2780.047895</ele>
				<time>2021-11-30T17:43:20Z</time>
			</trkpt>
			<trkpt lat="37.962941" lon="-105.255507">
				<ele>2784.666275</ele>
				<time>2021-11-30T17:44:14Z</time>
			</trkpt>
			<trkpt lat="37.962947" lon="-105.255274">
				<ele>2785.341823</ele>
				<time>2021-11-30T17:44:24Z</time>
			</trkpt>
			<trkpt lat="37.962924" lon="-105.255058">
				<ele>2785.973432</ele>
				<time>2021-11-30T17:44:32Z</time>
			</trkpt>
			<trkpt lat="37.962819" lon="-105.254771">
				<ele>2786.890283</ele>
				<time>2021-11-30T17:44:46Z</time>
			</trkpt>
			<trkpt lat="37.962608" lon="-105.254519">
				<ele>2788.297055</ele>
				<time>2021-11-30T17:45:03Z</time>
			</trkpt>
			<trkpt lat="37.962102" lon="-105.25408">
				<ele>2792.659894</ele>
				<time>2021-11-30T17:45:43Z</time>
			</trkpt>
			<trkpt lat="37.961789" lon="-105.253854">
				<ele>2795.223039</ele>
				<time>2021-11-30T17:46:07Z</time>
			</trkpt>
			<trkpt lat="37.961427" lon="-105.253544">
				<ele>2798.331464</ele>
				<time>2021-11-30T17:46:34Z</time>
			</trkpt>
			<trkpt lat="37.961201" lon="-105.253186">
				<ele>2800.630289</ele>
				<time>2021-11-30T17:46:54Z</time>
			</trkpt>
			<trkpt lat="37.961088" lon="-105.252553">
				<ele>2802.326734</ele>
				<time>2021-11-30T17:47:19Z</time>
			</trkpt>
			<trkpt lat="37.960848" lon="-105.250718">
				<ele>2806.644378</ele>
				<time>2021-11-30T17:48:12Z</time>
			</trkpt>
			<trkpt lat="37.960816" lon="-105.250311">
				<ele>2807.016379</ele>
				<time>2021-11-30T17:48:22Z</time>
			</trkpt>
			<trkpt lat="37.960848" lon="-105.250036">
				<ele>2807.2692</ele>
				<time>2021-11-30T17:48:28Z</time>
			</trkpt>
			<trkpt lat="37.960942" lon="-105.249628">
				<ele>2807.655793</ele>
				<time>2021-11-30T17:48:38Z</time>
			</trkpt>
			<trkpt lat="37.961426" lon="-105.247955">
				<ele>2809.523606</ele>
				<time>2021-11-30T17:49:18Z</time>
			</trkpt>
			<trkpt lat="37.961843" lon="-105.246937">
				<ele>2810.870972</ele>
				<time>2021-11-30T17:49:48Z</time>
			</trkpt>
			<trkpt lat="37.962634" lon="-105.245148">
				<ele>2815.559729</ele>
				<time>2021-11-30T17:50:52Z</time>
			</trkpt>
			<trkpt lat="37.96308" lon="-105.244077">
				<ele>2818.025421</ele>
				<time>2021-11-30T17:51:33Z</time>
			</trkpt>
			<trkpt lat="37.963972" lon="-105.242015">
				<ele>2820.526438</ele>
				<time>2021-11-30T17:52:34Z</time>
			</trkpt>
			<trkpt lat="37.964182" lon="-105.241478">
				<ele>2820.351808</ele>
				<time>2021-11-30T17:52:44Z</time>
			</trkpt>
			<trkpt lat="37.964306" lon="-105.241041">
				<ele>2820.216504</ele>
				<time>2021-11-30T17:52:52Z</time>
			</trkpt>
			<trkpt lat="37.964466" lon="-105.240185">
				<ele>2820.035155</ele>
				<time>2021-11-30T17:53:06Z</time>
			</trkpt>
			<trkpt lat="37.964655" lon="-105.239333">
				<ele>2819.906869</ele>
				<time>2021-11-30T17:53:22Z</time>
			</trkpt>
			<trkpt lat="37.964786" lon="-105.238619">
				<ele>2819.800616</ele>
				<time>2021-11-30T17:53:39Z</time>
			</trkpt>
			<trkpt lat="37.96497" lon="-105.238108">
				<ele>2820.563445</ele>
				<time>2021-11-30T17:53:56Z</time>
			</trkpt>
			<trkpt lat="37.966672" lon="-105.236428">
				<ele>2823.250694</ele>
				<time>2021-11-30T17:55:18Z</time>
			</trkpt>
			<trkpt lat="37.966915" lon="-105.236242">
				<ele>2822.880149</ele>
				<time>2021-11-30T17:55:24Z</time>
			</trkpt>
			<trkpt lat="37.967139" lon="-105.236151">
				<ele>2822.573065</ele>
				<time>2021-11-30T17:55:28Z</time>
			</trkpt>
			<trkpt lat="37.968498" lon="-105.235751">
				<ele>2818.241166</ele>
				<time>2021-11-30T17:55:53Z</time>
			</trkpt>
			<trkpt lat="37.969335" lon="-105.235563">
				<ele>2814.45415</ele>
				<time>2021-11-30T17:56:09Z</time>
			</trkpt>
			<trkpt lat="37.969857" lon="-105.235371">
				<ele>2813.667749</ele>
				<time>2021-11-30T17:56:19Z</time>
			</trkpt>
			<trkpt lat="37.97013" lon="-105.235314">
				<ele>2813.58925</ele>
				<time>2021-11-30T17:56:25Z</time>
			</trkpt>
			<trkpt lat="37.971972" lon="-105.23534">
				<ele>2815.204134</ele>
				<time>2021-11-30T17:57:22Z</time>
			</trkpt>
			<trkpt lat="37.972636" lon="-105.235256">
				<ele>2817.017861</ele>
				<time>2021-11-30T17:57:49Z</time>
			</trkpt>
			<trkpt lat="37.973036" lon="-105.23505">
				<ele>2818.221557</ele>
				<time>2021-11-30T17:58:08Z</time>
			</trkpt>
			<trkpt lat="37.975364" lon="-105.232454">
				<ele>2834.707683</ele>
				<time>2021-11-30T18:00:48Z</time>
			</trkpt>
			<trkpt lat="37.975494" lon="-105.232221">
				<ele>2835.95563</ele>
				<time>2021-11-30T18:01:00Z</time>
			</trkpt>
			<trkpt lat="37.976079" lon="-105.230756">
				<ele>2843.705521</ele>
				<time>2021-11-30T18:02:10Z</time>
			</trkpt>
			<trkpt lat="37.976123" lon="-105.230404">
				<ele>2845.418533</ele>
				<time>2021-11-30T18:02:25Z</time>
			</trkpt>
			<trkpt lat="37.976095" lon="-105.229942">
				<ele>2847.645669</ele>
				<time>2021-11-30T18:02:45Z</time>
			</trkpt>
			<trkpt lat="37.976044" lon="-105.2295">
				<ele>2850.283644</ele>
				<time>2021-11-30T18:03:06Z</time>
			</trkpt>
			<trkpt lat="37.975939" lon="-105.227989">
				<ele>2860.083067</ele>
				<time>2021-11-30T18:04:26Z</time>
			</trkpt>
			<trkpt lat="37.975827" lon="-105.227204">
				<ele>2864.812613</ele>
				<time>2021-11-30T18:05:10Z</time>
			</trkpt>
			<trkpt lat="37.975829" lon="-105.226756">
				<ele>2867.130373</ele>
				<time>2021-11-30T18:05:35Z</time>
			</trkpt>
			<trkpt lat="37.976112" lon="-105.225545">
				<ele>2873.664976</ele>
				<time>2021-11-30T18:06:33Z</time>
			</trkpt>
			<trkpt lat="37.976224" lon="-105.224919">
				<ele>2875.15832</ele>
				<time>2021-11-30T18:06:51Z</time>
			</trkpt>
			<trkpt lat="37.976245" lon="-105.22442">
				<ele>2875.465605</ele>
				<time>2021-11-30T18:07:01Z</time>
			</trkpt>
			<trkpt lat="37.976254" lon="-105.224165">
				<ele>2875.622568</ele>
				<time>2021-11-30T18:07:06Z</time>
			</trkpt>
			<trkpt lat="37.97623" lon="-105.22383">
				<ele>2875.829416</ele>
				<time>2021-11-30T18:07:12Z</time>
			</trkpt>
			<trkpt lat="37.976031" lon="-105.223343">
				<ele>2876.16673</ele>
				<time>2021-11-30T18:07:22Z</time>
			</trkpt>
			<trkpt lat="37.975986" lon="-105.223113">
				<ele>2876.312455</ele>
				<time>2021-11-30T18:07:27Z</time>
			</trkpt>
			<trkpt lat="37.976315" lon="-105.222642">
				<ele>2877.15242</ele>
				<time>2021-11-30T18:07:41Z</time>
			</trkpt>
			<trkpt lat="37.9766" lon="-105.222341">
				<ele>2877.782492</ele>
				<time>2021-11-30T18:07:52Z</time>
			</trkpt>
			<trkpt lat="37.977174" lon="-105.221883">
				<ele>2878.934609</ele>
				<time>2021-11-30T18:08:17Z</time>
			</trkpt>
			<trkpt lat="37.977237" lon="-105.221834">
				<ele>2879.060164</ele>
				<time>2021-11-30T18:08:19Z</time>
			</trkpt>
			<trkpt lat="37.977399" lon="-105.221588">
				<ele>2879.532313</ele>
				<time>2021-11-30T18:08:30Z</time>
			</trkpt>
			<trkpt lat="37.977618" lon="-105.221382">
				<ele>2880.162858</ele>
				<time>2021-11-30T18:08:41Z</time>
			</trkpt>
			<trkpt lat="37.977939" lon="-105.221172">
				<ele>2880.998168</ele>
				<time>2021-11-30T18:08:56Z</time>
			</trkpt>
			<trkpt lat="37.978356" lon="-105.220853">
				<ele>2882.124379</ele>
				<time>2021-11-30T18:09:14Z</time>
			</trkpt>
		</trkseg>
	</trk>
</gpx>