<?xml version="1.0" encoding="UTF-8"?>
<gpx xmlns:xsi="http://www.w3.org/2001/XMLSchema-instance" xsi:schemaLocation="http://www.topografix.com/GPX/1/1 http://www.topografix.com/GPX/1/1/gpx.xsd" xmlns="http://www.topografix.com/GPX/1/1" version="1.1" creator="https://www.komoot.de">
	<metadata>
		<name>nosoco24-1</name>
		<author>
			<link href="https://www.komoot.de">
				<text>komoot</text>
				<type>text/html</type>
			</link>
		</author>
	</metadata>
	<trk>
		<name>nosoco24-1</name>
		<trkseg>
			<trkpt lat="40.365023" lon="-106.097956">
				<ele>2839.028565</ele>
				<time>2021-11-28T14:09:43Z</time>
			</trkpt>
			<trkpt lat="40.364703" lon="-106.097485">
				<ele>2843.440349</ele>
				<time>2021-11-28T14:10:18Z</time>
			</trkpt>
			<trkpt lat="40.36443" lon="-106.096925">
				<ele>2847.210873</ele>
				<time>2021-11-28T14:10:51Z</time>
			</trkpt>
			<trkpt lat="40.36424" lon="-106.096399">
				<ele>2850.512383</ele>
				<time>2021-11-28T14:11:17Z</time>
			</trkpt>
			<trkpt lat="40.36414" lon="-106.096043">
				<ele>2852.664307</ele>
				<time>2021-11-28T14:11:33Z</time>
			</trkpt>
			<trkpt lat="40.364049" lon="-106.095666">
				<ele>2854.907226</ele>
				<time>2021-11-28T14:11:50Z</time>
			</trkpt>
			<trkpt lat="40.363973" lon="-106.095182">
				<ele>2857.263482</ele>
				<time>2021-11-28T14:12:10Z</time>
			</trkpt>
			<trkpt lat="40.363933" lon="-106.094725">
				<ele>2858.900542</ele>
				<time>2021-11-28T14:12:27Z</time>
			</trkpt>
			<trkpt lat="40.36393" lon="-106.094279">
				<ele>2860.487823</ele>
				<time>2021-11-28T14:12:43Z</time>
			</trkpt>
			<trkpt lat="40.363986" lon="-106.093506">
				<ele>2863.25117</ele>
				<time>2021-11-28T14:13:09Z</time>
			</trkpt>
			<trkpt lat="40.364143" lon="-106.091862">
				<ele>2866.213638</ele>
				<time>2021-11-28T14:13:57Z</time>
			</trkpt>
			<trkpt lat="40.364135" lon="-106.091281">
				<ele>2866.84906</ele>
				<time>2021-11-28T14:14:07Z</time>
			</trkpt>
			<trkpt lat="40.364077" lon="-106.091001">
				<ele>2867.166351</ele>
				<time>2021-11-28T14:14:12Z</time>
			</trkpt>
			<trkpt lat="40.363998" lon="-106.09077">
				<ele>2867.443225</ele>
				<time>2021-11-28T14:14:15Z</time>
			</trkpt>
			<trkpt lat="40.363888" lon="-106.090554">
				<ele>2867.653248</ele>
				<time>2021-11-28T14:14:19Z</time>
			</trkpt>
			<trkpt lat="40.363755" lon="-106.090383">
				<ele>2867.83578</ele>
				<time>2021-11-28T14:14:23Z</time>
			</trkpt>
			<trkpt lat="40.363614" lon="-106.090237">
				<ele>2868.011856</ele>
				<time>2021-11-28T14:14:27Z</time>
			</trkpt>
			<trkpt lat="40.363277" lon="-106.090068">
				<ele>2868.36554</ele>
				<time>2021-11-28T14:14:35Z</time>
			</trkpt>
			<trkpt lat="40.363071" lon="-106.090042">
				<ele>2868.568429</ele>
				<time>2021-11-28T14:14:39Z</time>
			</trkpt>
			<trkpt lat="40.362653" lon="-106.090117">
				<ele>2868.982037</ele>
				<time>2021-11-28T14:14:50Z</time>
			</trkpt>
			<trkpt lat="40.359633" lon="-106.091585">
				<ele>2885.081683</ele>
				<time>2021-11-28T14:17:29Z</time>
			</trkpt>
			<trkpt lat="40.359367" lon="-106.091657">
				<ele>2886.648339</ele>
				<time>2021-11-28T14:17:44Z</time>
			</trkpt>
			<trkpt lat="40.359142" lon="-106.091679">
				<ele>2887.949797</ele>
				<time>2021-11-28T14:17:57Z</time>
			</trkpt>
			<trkpt lat="40.358972" lon="-106.091659">
				<ele>2888.91993</ele>
				<time>2021-11-28T14:18:06Z</time>
			</trkpt>
			<trkpt lat="40.358603" lon="-106.091508">
				<ele>2890.631298</ele>
				<time>2021-11-28T14:18:26Z</time>
			</trkpt>
			<trkpt lat="40.357971" lon="-106.090963">
				<ele>2893.979606</ele>
				<time>2021-11-28T14:19:02Z</time>
			</trkpt>
			<trkpt lat="40.357466" lon="-106.090569">
				<ele>2896.580852</ele>
				<time>2021-11-28T14:19:24Z</time>
			</trkpt>
			<trkpt lat="40.35726" lon="-106.090427">
				<ele>2897.113295</ele>
				<time>2021-11-28T14:19:32Z</time>
			</trkpt>
			<trkpt lat="40.357028" lon="-106.090315">
				<ele>2897.504841</ele>
				<time>2021-11-28T14:19:39Z</time>
			</trkpt>
			<trkpt lat="40.355435" lon="-106.089885">
				<ele>2900.377674</ele>
				<time>2021-11-28T14:20:25Z</time>
			</trkpt>
			<trkpt lat="40.355212" lon="-106.089863">
				<ele>2900.997431</ele>
				<time>2021-11-28T14:20:32Z</time>
			</trkpt>
			<trkpt lat="40.355025" lon="-106.089877">
				<ele>2901.516518</ele>
				<time>2021-11-28T14:20:38Z</time>
			</trkpt>
			<trkpt lat="40.354595" lon="-106.090036">
				<ele>2902.75461</ele>
				<time>2021-11-28T14:20:53Z</time>
			</trkpt>
			<trkpt lat="40.354419" lon="-106.090161">
				<ele>2903.309227</ele>
				<time>2021-11-28T14:21:01Z</time>
			</trkpt>
			<trkpt lat="40.35424" lon="-106.090346">
				<ele>2903.940686</ele>
				<time>2021-11-28T14:21:10Z</time>
			</trkpt>
			<trkpt lat="40.353465" lon="-106.091384">
				<ele>2909.990406</ele>
				<time>2021-11-28T14:22:03Z</time>
			</trkpt>
			<trkpt lat="40.353254" lon="-106.091598">
				<ele>2911.670852</ele>
				<time>2021-11-28T14:22:18Z</time>
			</trkpt>
			<trkpt lat="40.353099" lon="-106.09169">
				<ele>2912.742843</ele>
				<time>2021-11-28T14:22:28Z</time>
			</trkpt>
			<trkpt lat="40.3529" lon="-106.091762">
				<ele>2914.043619</ele>
				<time>2021-11-28T14:22:40Z</time>
			</trkpt>
			<trkpt lat="40.352708" lon="-106.091787">
				<ele>2915.259433</ele>
				<time>2021-11-28T14:22:52Z</time>
			</trkpt>
			<trkpt lat="40.352478" lon="-106.09176">
				<ele>2916.823556</ele>
				<time>2021-11-28T14:23:07Z</time>
			</trkpt>
			<trkpt lat="40.352305" lon="-106.091704">
				<ele>2918.118544</ele>
				<time>2021-11-28T14:23:18Z</time>
			</trkpt>
			<trkpt lat="40.352155" lon="-106.091613">
				<ele>2919.319556</ele>
				<time>2021-11-28T14:23:28Z</time>
			</trkpt>
			<trkpt lat="40.351993" lon="-106.09146">
				<ele>2920.770154</ele>
				<time>2021-11-28T14:23:41Z</time>
			</trkpt>
			<trkpt lat="40.35185" lon="-106.091293">
				<ele>2922.161406</ele>
				<time>2021-11-28T14:23:53Z</time>
			</trkpt>
			<trkpt lat="40.351218" lon="-106.090228">
				<ele>2929.196628</ele>
				<time>2021-11-28T14:24:53Z</time>
			</trkpt>
			<trkpt lat="40.351079" lon="-106.090044">
				<ele>2929.506039</ele>
				<time>2021-11-28T14:25:03Z</time>
			</trkpt>
			<trkpt lat="40.350912" lon="-106.089913">
				<ele>2929.81094</ele>
				<time>2021-11-28T14:25:10Z</time>
			</trkpt>
			<trkpt lat="40.350723" lon="-106.089814">
				<ele>2930.129845</ele>
				<time>2021-11-28T14:25:18Z</time>
			</trkpt>
			<trkpt lat="40.350336" lon="-106.08976">
				<ele>2930.739726</ele>
				<time>2021-11-28T14:25:30Z</time>
			</trkpt>
			<trkpt lat="40.35004" lon="-106.089843">
				<ele>2931.214056</ele>
				<time>2021-11-28T14:25:37Z</time>
			</trkpt>
			<trkpt lat="40.34968" lon="-106.090088">
				<ele>2931.849572</ele>
				<time>2021-11-28T14:25:44Z</time>
			</trkpt>
			<trkpt lat="40.349474" lon="-106.090401">
				<ele>2930.496875</ele>
				<time>2021-11-28T14:25:50Z</time>
			</trkpt>
			<trkpt lat="40.349359" lon="-106.090687">
				<ele>2929.296133</ele>
				<time>2021-11-28T14:25:54Z</time>
			</trkpt>
			<trkpt lat="40.349309" lon="-106.090942">
				<ele>2928.318415</ele>
				<time>2021-11-28T14:25:57Z</time>
			</trkpt>
			<trkpt lat="40.349286" lon="-106.091366">
				<ele>2926.74001</ele>
				<time>2021-11-28T14:26:02Z</time>
			</trkpt>
			<trkpt lat="40.349322" lon="-106.093516">
				<ele>2917.809473</ele>
				<time>2021-11-28T14:26:27Z</time>
			</trkpt>
			<trkpt lat="40.349285" lon="-106.094">
				<ele>2915.613131</ele>
				<time>2021-11-28T14:26:33Z</time>
			</trkpt>
			<trkpt lat="40.349179" lon="-106.094567">
				<ele>2912.977086</ele>
				<time>2021-11-28T14:26:40Z</time>
			</trkpt>
			<trkpt lat="40.349076" lon="-106.094954">
				<ele>2911.191819</ele>
				<time>2021-11-28T14:26:45Z</time>
			</trkpt>
			<trkpt lat="40.348923" lon="-106.095388">
				<ele>2909.137812</ele>
				<time>2021-11-28T14:26:50Z</time>
			</trkpt>
			<trkpt lat="40.348701" lon="-106.095842">
				<ele>2906.820783</ele>
				<time>2021-11-28T14:26:57Z</time>
			</trkpt>
			<trkpt lat="40.34826" lon="-106.096457">
				<ele>2903.193566</ele>
				<time>2021-11-28T14:27:07Z</time>
			</trkpt>
			<trkpt lat="40.347985" lon="-106.096731">
				<ele>2901.279564</ele>
				<time>2021-11-28T14:27:12Z</time>
			</trkpt>
			<trkpt lat="40.347474" lon="-106.097113">
				<ele>2898.062741</ele>
				<time>2021-11-28T14:27:21Z</time>
			</trkpt>
			<trkpt lat="40.347171" lon="-106.097275">
				<ele>2896.27311</ele>
				<time>2021-11-28T14:27:26Z</time>
			</trkpt>
			<trkpt lat="40.346982" lon="-106.097349">
				<ele>2895.19429</ele>
				<time>2021-11-28T14:27:29Z</time>
			</trkpt>
			<trkpt lat="40.346544" lon="-106.097449">
				<ele>2892.762557</ele>
				<time>2021-11-28T14:27:36Z</time>
			</trkpt>
			<trkpt lat="40.346302" lon="-106.097479">
				<ele>2891.642608</ele>
				<time>2021-11-28T14:27:40Z</time>
			</trkpt>
			<trkpt lat="40.346069" lon="-106.097463">
				<ele>2890.617459</ele>
				<time>2021-11-28T14:27:44Z</time>
			</trkpt>
			<trkpt lat="40.345873" lon="-106.097456">
				<ele>2889.755962</ele>
				<time>2021-11-28T14:27:47Z</time>
			</trkpt>
			<trkpt lat="40.345423" lon="-106.097368">
				<ele>2887.756928</ele>
				<time>2021-11-28T14:27:55Z</time>
			</trkpt>
			<trkpt lat="40.344989" lon="-106.097164">
				<ele>2885.731359</ele>
				<time>2021-11-28T14:28:02Z</time>
			</trkpt>
			<trkpt lat="40.344355" lon="-106.096724">
				<ele>2882.171502</ele>
				<time>2021-11-28T14:28:14Z</time>
			</trkpt>
			<trkpt lat="40.344091" lon="-106.096449">
				<ele>2880.390266</ele>
				<time>2021-11-28T14:28:19Z</time>
			</trkpt>
			<trkpt lat="40.343579" lon="-106.095843">
				<ele>2876.746547</ele>
				<time>2021-11-28T14:28:30Z</time>
			</trkpt>
			<trkpt lat="40.342578" lon="-106.094559">
				<ele>2867.211104</ele>
				<time>2021-11-28T14:28:51Z</time>
			</trkpt>
			<trkpt lat="40.34238" lon="-106.094219">
				<ele>2864.846114</ele>
				<time>2021-11-28T14:28:56Z</time>
			</trkpt>
			<trkpt lat="40.342075" lon="-106.093573">
				<ele>2860.76829</ele>
				<time>2021-11-28T14:29:04Z</time>
			</trkpt>
			<trkpt lat="40.341859" lon="-106.092894">
				<ele>2857.056228</ele>
				<time>2021-11-28T14:29:13Z</time>
			</trkpt>
			<trkpt lat="40.341769" lon="-106.0925">
				<ele>2854.981079</ele>
				<time>2021-11-28T14:29:18Z</time>
			</trkpt>
			<trkpt lat="40.341657" lon="-106.091726">
				<ele>2851.006357</ele>
				<time>2021-11-28T14:29:27Z</time>
			</trkpt>
			<trkpt lat="40.341645" lon="-106.091403">
				<ele>2849.540557</ele>
				<time>2021-11-28T14:29:31Z</time>
			</trkpt>
			<trkpt lat="40.341713" lon="-106.08988">
				<ele>2843.505432</ele>
				<time>2021-11-28T14:29:49Z</time>
			</trkpt>
			<trkpt lat="40.341664" lon="-106.089312">
				<ele>2841.24415</ele>
				<time>2021-11-28T14:29:56Z</time>
			</trkpt>
			<trkpt lat="40.341591" lon="-106.088997">
				<ele>2839.794982</ele>
				<time>2021-11-28T14:30:00Z</time>
			</trkpt>
			<trkpt lat="40.34137" lon="-106.088442">
				<ele>2836.89796</ele>
				<time>2021-11-28T14:30:07Z</time>
			</trkpt>
			<trkpt lat="40.340834" lon="-106.087599">
				<ele>2831.818909</ele>
				<time>2021-11-28T14:30:20Z</time>
			</trkpt>
			<trkpt lat="40.340663" lon="-106.087296">
				<ele>2830.074613</ele>
				<time>2021-11-28T14:30:24Z</time>
			</trkpt>
			<trkpt lat="40.34057" lon="-106.087066">
				<ele>2828.912893</ele>
				<time>2021-11-28T14:30:27Z</time>
			</trkpt>
			<trkpt lat="40.340444" lon="-106.086569">
				<ele>2826.591485</ele>
				<time>2021-11-28T14:30:34Z</time>
			</trkpt>
			<trkpt lat="40.34042" lon="-106.086305">
				<ele>2825.413115</ele>
				<time>2021-11-28T14:30:37Z</time>
			</trkpt>
			<trkpt lat="40.340414" lon="-106.084259">
				<ele>2816.548415</ele>
				<time>2021-11-28T14:31:01Z</time>
			</trkpt>
			<trkpt lat="40.34035" lon="-106.083757">
				<ele>2814.441324</ele>
				<time>2021-11-28T14:31:07Z</time>
			</trkpt>
			<trkpt lat="40.340209" lon="-106.083261">
				<ele>2812.249777</ele>
				<time>2021-11-28T14:31:14Z</time>
			</trkpt>
			<trkpt lat="40.340096" lon="-106.083015">
				<ele>2811.060721</ele>
				<time>2021-11-28T14:31:17Z</time>
			</trkpt>
			<trkpt lat="40.339612" lon="-106.082156">
				<ele>2806.50824</ele>
				<time>2021-11-28T14:31:30Z</time>
			</trkpt>
			<trkpt lat="40.339494" lon="-106.081863">
				<ele>2805.077274</ele>
				<time>2021-11-28T14:31:33Z</time>
			</trkpt>
			<trkpt lat="40.338063" lon="-106.076839">
				<ele>2782.541988</ele>
				<time>2021-11-28T14:32:37Z</time>
			</trkpt>
			<trkpt lat="40.337982" lon="-106.076439">
				<ele>2780.906338</ele>
				<time>2021-11-28T14:32:42Z</time>
			</trkpt>
			<trkpt lat="40.337945" lon="-106.075751">
				<ele>2778.788484</ele>
				<time>2021-11-28T14:32:51Z</time>
			</trkpt>
			<trkpt lat="40.337961" lon="-106.075388">
				<ele>2777.84333</ele>
				<time>2021-11-28T14:32:55Z</time>
			</trkpt>
			<trkpt lat="40.33812" lon="-106.074344">
				<ele>2775.075933</ele>
				<time>2021-11-28T14:33:09Z</time>
			</trkpt>
			<trkpt lat="40.338137" lon="-106.073745">
				<ele>2773.607746</ele>
				<time>2021-11-28T14:33:17Z</time>
			</trkpt>
			<trkpt lat="40.338035" lon="-106.073211">
				<ele>2772.598444</ele>
				<time>2021-11-28T14:33:25Z</time>
			</trkpt>
			<trkpt lat="40.337941" lon="-106.072947">
				<ele>2772.064224</ele>
				<time>2021-11-28T14:33:29Z</time>
			</trkpt>
			<trkpt lat="40.337823" lon="-106.072716">
				<ele>2771.554402</ele>
				<time>2021-11-28T14:33:32Z</time>
			</trkpt>
			<trkpt lat="40.337649" lon="-106.072452">
				<ele>2770.914535</ele>
				<time>2021-11-28T14:33:37Z</time>
			</trkpt>
			<trkpt lat="40.337334" lon="-106.072158">
				<ele>2769.984699</ele>
				<time>2021-11-28T14:33:44Z</time>
			</trkpt>
			<trkpt lat="40.336954" lon="-106.071961">
				<ele>2768.99724</ele>
				<time>2021-11-28T14:33:52Z</time>
			</trkpt>
			<trkpt lat="40.336714" lon="-106.071921">
				<ele>2768.409832</ele>
				<time>2021-11-28T14:33:56Z</time>
			</trkpt>
			<trkpt lat="40.336502" lon="-106.071928">
				<ele>2767.894929</ele>
				<time>2021-11-28T14:34:00Z</time>
			</trkpt>
			<trkpt lat="40.336216" lon="-106.072009">
				<ele>2767.184518</ele>
				<time>2021-11-28T14:34:05Z</time>
			</trkpt>
			<trkpt lat="40.335923" lon="-106.072234">
				<ele>2766.360191</ele>
				<time>2021-11-28T14:34:11Z</time>
			</trkpt>
			<trkpt lat="40.33575" lon="-106.072444">
				<ele>2765.787914</ele>
				<time>2021-11-28T14:34:16Z</time>
			</trkpt>
			<trkpt lat="40.334284" lon="-106.074718">
				<ele>2758.797833</ele>
				<time>2021-11-28T14:34:54Z</time>
			</trkpt>
			<trkpt lat="40.333905" lon="-106.07521">
				<ele>2757.347651</ele>
				<time>2021-11-28T14:35:03Z</time>
			</trkpt>
			<trkpt lat="40.333716" lon="-106.075369">
				<ele>2756.736991</ele>
				<time>2021-11-28T14:35:07Z</time>
			</trkpt>
			<trkpt lat="40.333459" lon="-106.07553">
				<ele>2755.962394</ele>
				<time>2021-11-28T14:35:12Z</time>
			</trkpt>
			<trkpt lat="40.332948" lon="-106.075764">
				<ele>2754.490339</ele>
				<time>2021-11-28T14:35:22Z</time>
			</trkpt>
			<trkpt lat="40.33187" lon="-106.076184">
				<ele>2752.57853</ele>
				<time>2021-11-28T14:35:43Z</time>
			</trkpt>
			<trkpt lat="40.331446" lon="-106.076277">
				<ele>2751.853393</ele>
				<time>2021-11-28T14:35:52Z</time>
			</trkpt>
			<trkpt lat="40.331052" lon="-106.076229">
				<ele>2751.08933</ele>
				<time>2021-11-28T14:35:59Z</time>
			</trkpt>
			<trkpt lat="40.330832" lon="-106.076166">
				<ele>2750.550757</ele>
				<time>2021-11-28T14:36:03Z</time>
			</trkpt>
			<trkpt lat="40.330152" lon="-106.075856">
				<ele>2748.828962</ele>
				<time>2021-11-28T14:36:16Z</time>
			</trkpt>
			<trkpt lat="40.329634" lon="-106.075686">
				<ele>2747.551859</ele>
				<time>2021-11-28T14:36:25Z</time>
			</trkpt>
			<trkpt lat="40.329394" lon="-106.075681">
				<ele>2746.985691</ele>
				<time>2021-11-28T14:36:29Z</time>
			</trkpt>
			<trkpt lat="40.328203" lon="-106.075907">
				<ele>2744.273353</ele>
				<time>2021-11-28T14:36:51Z</time>
			</trkpt>
			<trkpt lat="40.32784" lon="-106.075933">
				<ele>2743.453968</ele>
				<time>2021-11-28T14:36:58Z</time>
			</trkpt>
			<trkpt lat="40.327327" lon="-106.075873">
				<ele>2742.757713</ele>
				<time>2021-11-28T14:37:07Z</time>
			</trkpt>
			<trkpt lat="40.326631" lon="-106.07562">
				<ele>2742.114453</ele>
				<time>2021-11-28T14:37:22Z</time>
			</trkpt>
			<trkpt lat="40.326087" lon="-106.075224">
				<ele>2741.560324</ele>
				<time>2021-11-28T14:37:35Z</time>
			</trkpt>
			<trkpt lat="40.325868" lon="-106.075009">
				<ele>2741.471114</ele>
				<time>2021-11-28T14:37:40Z</time>
			</trkpt>
			<trkpt lat="40.324767" lon="-106.073705">
				<ele>2741.580888</ele>
				<time>2021-11-28T14:38:15Z</time>
			</trkpt>
			<trkpt lat="40.324515" lon="-106.073326">
				<ele>2741.292577</ele>
				<time>2021-11-28T14:38:24Z</time>
			</trkpt>
			<trkpt lat="40.324345" lon="-106.072963">
				<ele>2740.865994</ele>
				<time>2021-11-28T14:38:32Z</time>
			</trkpt>
			<trkpt lat="40.324263" lon="-106.072717">
				<ele>2740.597152</ele>
				<time>2021-11-28T14:38:37Z</time>
			</trkpt>
			<trkpt lat="40.323891" lon="-106.071289">
				<ele>2738.670458</ele>
				<time>2021-11-28T14:38:58Z</time>
			</trkpt>
			<trkpt lat="40.32377" lon="-106.070906">
				<ele>2737.056695</ele>
				<time>2021-11-28T14:39:03Z</time>
			</trkpt>
			<trkpt lat="40.323553" lon="-106.070384">
				<ele>2734.742375</ele>
				<time>2021-11-28T14:39:10Z</time>
			</trkpt>
			<trkpt lat="40.323314" lon="-106.069987">
				<ele>2732.773352</ele>
				<time>2021-11-28T14:39:16Z</time>
			</trkpt>
			<trkpt lat="40.322983" lon="-106.069603">
				<ele>2730.517206</ele>
				<time>2021-11-28T14:39:23Z</time>
			</trkpt>
			<trkpt lat="40.322785" lon="-106.069422">
				<ele>2729.414691</ele>
				<time>2021-11-28T14:39:26Z</time>
			</trkpt>
			<trkpt lat="40.322125" lon="-106.068964">
				<ele>2726.251405</ele>
				<time>2021-11-28T14:39:38Z</time>
			</trkpt>
			<trkpt lat="40.32158" lon="-106.068638">
				<ele>2723.713757</ele>
				<time>2021-11-28T14:39:48Z</time>
			</trkpt>
			<trkpt lat="40.319375" lon="-106.0672">
				<ele>2717.99344</ele>
				<time>2021-11-28T14:40:34Z</time>
			</trkpt>
			<trkpt lat="40.318801" lon="-106.066738">
				<ele>2716.249841</ele>
				<time>2021-11-28T14:40:46Z</time>
			</trkpt>
			<trkpt lat="40.318313" lon="-106.066185">
				<ele>2714.580147</ele>
				<time>2021-11-28T14:40:57Z</time>
			</trkpt>
			<trkpt lat="40.317336" lon="-106.064765">
				<ele>2709.476432</ele>
				<time>2021-11-28T14:41:21Z</time>
			</trkpt>
			<trkpt lat="40.317081" lon="-106.064486">
				<ele>2708.287113</ele>
				<time>2021-11-28T14:41:27Z</time>
			</trkpt>
			<trkpt lat="40.316963" lon="-106.064391">
				<ele>2707.796711</ele>
				<time>2021-11-28T14:41:29Z</time>
			</trkpt>
			<trkpt lat="40.316798" lon="-106.064317">
				<ele>2707.26629</ele>
				<time>2021-11-28T14:41:32Z</time>
			</trkpt>
			<trkpt lat="40.316515" lon="-106.064253">
				<ele>2706.392771</ele>
				<time>2021-11-28T14:41:37Z</time>
			</trkpt>
			<trkpt lat="40.31628" lon="-106.064272">
				<ele>2705.676604</ele>
				<time>2021-11-28T14:41:41Z</time>
			</trkpt>
			<trkpt lat="40.316007" lon="-106.064387">
				<ele>2704.804424</ele>
				<time>2021-11-28T14:41:46Z</time>
			</trkpt>
			<trkpt lat="40.315738" lon="-106.064601">
				<ele>2703.847426</ele>
				<time>2021-11-28T14:41:51Z</time>
			</trkpt>
			<trkpt lat="40.314757" lon="-106.06569">
				<ele>2700.542324</ele>
				<time>2021-11-28T14:42:14Z</time>
			</trkpt>
			<trkpt lat="40.314152" lon="-106.066209">
				<ele>2698.892777</ele>
				<time>2021-11-28T14:42:27Z</time>
			</trkpt>
			<trkpt lat="40.31379" lon="-106.066429">
				<ele>2698.164727</ele>
				<time>2021-11-28T14:42:34Z</time>
			</trkpt>
			<trkpt lat="40.313116" lon="-106.066681">
				<ele>2697.64497</ele>
				<time>2021-11-28T14:42:48Z</time>
			</trkpt>
			<trkpt lat="40.31244" lon="-106.066772">
				<ele>2697.141012</ele>
				<time>2021-11-28T14:43:02Z</time>
			</trkpt>
			<trkpt lat="40.312073" lon="-106.066738">
				<ele>2696.938521</ele>
				<time>2021-11-28T14:43:11Z</time>
			</trkpt>
			<trkpt lat="40.311441" lon="-106.066576">
				<ele>2697.126681</ele>
				<time>2021-11-28T14:43:27Z</time>
			</trkpt>
			<trkpt lat="40.311054" lon="-106.066407">
				<ele>2697.245864</ele>
				<time>2021-11-28T14:43:38Z</time>
			</trkpt>
			<trkpt lat="40.310727" lon="-106.066199">
				<ele>2697.352057</ele>
				<time>2021-11-28T14:43:47Z</time>
			</trkpt>
			<trkpt lat="40.310329" lon="-106.065877">
				<ele>2697.215111</ele>
				<time>2021-11-28T14:43:58Z</time>
			</trkpt>
			<trkpt lat="40.308881" lon="-106.064337">
				<ele>2694.264216</ele>
				<time>2021-11-28T14:44:33Z</time>
			</trkpt>
			<trkpt lat="40.308456" lon="-106.063917">
				<ele>2693.103719</ele>
				<time>2021-11-28T14:44:42Z</time>
			</trkpt>
			<trkpt lat="40.30817" lon="-106.063748">
				<ele>2692.419645</ele>
				<time>2021-11-28T14:44:48Z</time>
			</trkpt>
			<trkpt lat="40.307871" lon="-106.063701">
				<ele>2691.762951</ele>
				<time>2021-11-28T14:44:54Z</time>
			</trkpt>
			<trkpt lat="40.308016" lon="-106.063511">
				<ele>2691.315945</ele>
				<time>2021-11-28T14:45:00Z</time>
			</trkpt>
			<trkpt lat="40.308122" lon="-106.063472">
				<ele>2691.075866</ele>
				<time>2021-11-28T14:45:04Z</time>
			</trkpt>
			<trkpt lat="40.308276" lon="-106.063482">
				<ele>2690.780425</ele>
				<time>2021-11-28T14:45:08Z</time>
			</trkpt>
			<trkpt lat="40.308501" lon="-106.063582">
				<ele>2690.534009</ele>
				<time>2021-11-28T14:45:16Z</time>
			</trkpt>
			<trkpt lat="40.3089" lon="-106.063833">
				<ele>2690.075</ele>
				<time>2021-11-28T14:45:30Z</time>
			</trkpt>
			<trkpt lat="40.308998" lon="-106.063814">
				<ele>2689.972247</ele>
				<time>2021-11-28T14:45:34Z</time>
			</trkpt>
			<trkpt lat="40.309088" lon="-106.063763">
				<ele>2689.870554</ele>
				<time>2021-11-28T14:45:37Z</time>
			</trkpt>
			<trkpt lat="40.309173" lon="-106.063596">
				<ele>2689.711744</ele>
				<time>2021-11-28T14:45:43Z</time>
			</trkpt>
			<trkpt lat="40.309226" lon="-106.063292">
				<ele>2689.465091</ele>
				<time>2021-11-28T14:45:52Z</time>
			</trkpt>
			<trkpt lat="40.309247" lon="-106.063176">
				<ele>2689.37079</ele>
				<time>2021-11-28T14:45:54Z</time>
			</trkpt>
			<trkpt lat="40.309323" lon="-106.062338">
				<ele>2688.926471</ele>
				<time>2021-11-28T14:46:18Z</time>
			</trkpt>
			<trkpt lat="40.309434" lon="-106.06187">
				<ele>2688.886917</ele>
				<time>2021-11-28T14:46:31Z</time>
			</trkpt>
			<trkpt lat="40.309828" lon="-106.06046">
				<ele>2688.765726</ele>
				<time>2021-11-28T14:47:13Z</time>
			</trkpt>
			<trkpt lat="40.310449" lon="-106.059289">
				<ele>2689.715366</ele>
				<time>2021-11-28T14:47:58Z</time>
			</trkpt>
			<trkpt lat="40.310595" lon="-106.058898">
				<ele>2690.017685</ele>
				<time>2021-11-28T14:48:12Z</time>
			</trkpt>
			<trkpt lat="40.310618" lon="-106.05868">
				<ele>2690.170509</ele>
				<time>2021-11-28T14:48:19Z</time>
			</trkpt>
			<trkpt lat="40.310592" lon="-106.058097">
				<ele>2690.60804</ele>
				<time>2021-11-28T14:48:38Z</time>
			</trkpt>
			<trkpt lat="40.3106" lon="-106.057798">
				<ele>2690.85343</ele>
				<time>2021-11-28T14:48:48Z</time>
			</trkpt>
			<trkpt lat="40.310699" lon="-106.057092">
				<ele>2691.442198</ele>
				<time>2021-11-28T14:49:12Z</time>
			</trkpt>
			<trkpt lat="40.310912" lon="-106.05504">
				<ele>2693.089541</ele>
				<time>2021-11-28T14:50:18Z</time>
			</trkpt>
			<trkpt lat="40.310971" lon="-106.054221">
				<ele>2693.721433</ele>
				<time>2021-11-28T14:50:43Z</time>
			</trkpt>
			<trkpt lat="40.311342" lon="-106.051991">
				<ele>2696.113401</ele>
				<time>2021-11-28T14:52:01Z</time>
			</trkpt>
			<trkpt lat="40.311727" lon="-106.050291">
				<ele>2698.33817</ele>
				<time>2021-11-28T14:53:02Z</time>
			</trkpt>
			<trkpt lat="40.31185" lon="-106.049624">
				<ele>2699.24323</ele>
				<time>2021-11-28T14:53:26Z</time>
			</trkpt>
			<trkpt lat="40.312111" lon="-106.048937">
				<ele>2700.212693</ele>
				<time>2021-11-28T14:53:53Z</time>
			</trkpt>
			<trkpt lat="40.31322" lon="-106.04736">
				<ele>2702.654169</ele>
				<time>2021-11-28T14:55:06Z</time>
			</trkpt>
			<trkpt lat="40.31482" lon="-106.045227">
				<ele>2705.355469</ele>
				<time>2021-11-28T14:56:45Z</time>
			</trkpt>
			<trkpt lat="40.315436" lon="-106.044426">
				<ele>2706.088485</ele>
				<time>2021-11-28T14:57:20Z</time>
			</trkpt>
			<trkpt lat="40.316485" lon="-106.043751">
				<ele>2707.592674</ele>
				<time>2021-11-28T14:58:08Z</time>
			</trkpt>
			<trkpt lat="40.317131" lon="-106.042731">
				<ele>2709.153095</ele>
				<time>2021-11-28T14:58:55Z</time>
			</trkpt>
			<trkpt lat="40.317373" lon="-106.042054">
				<ele>2710.636176</ele>
				<time>2021-11-28T14:59:23Z</time>
			</trkpt>
			<trkpt lat="40.317387" lon="-106.041864">
				<ele>2711.028822</ele>
				<time>2021-11-28T14:59:31Z</time>
			</trkpt>
			<trkpt lat="40.317168" lon="-106.0409">
				<ele>2713.097896</ele>
				<time>2021-11-28T15:00:10Z</time>
			</trkpt>
			<trkpt lat="40.31694" lon="-106.039282">
				<ele>2716.317551</ele>
				<time>2021-11-28T15:01:15Z</time>
			</trkpt>
			<trkpt lat="40.316921" lon="-106.038278">
				<ele>2718.241666</ele>
				<time>2021-11-28T15:01:51Z</time>
			</trkpt>
			<trkpt lat="40.31714" lon="-106.037807">
				<ele>2718.99115</ele>
				<time>2021-11-28T15:02:11Z</time>
			</trkpt>
			<trkpt lat="40.317573" lon="-106.037271">
				<ele>2719.830439</ele>
				<time>2021-11-28T15:02:39Z</time>
			</trkpt>
			<trkpt lat="40.32085" lon="-106.033899">
				<ele>2725.391831</ele>
				<time>2021-11-28T15:05:39Z</time>
			</trkpt>
			<trkpt lat="40.322232" lon="-106.032805">
				<ele>2727.430102</ele>
				<time>2021-11-28T15:06:48Z</time>
			</trkpt>
			<trkpt lat="40.323439" lon="-106.032278">
				<ele>2729.499797</ele>
				<time>2021-11-28T15:07:45Z</time>
			</trkpt>
			<trkpt lat="40.324266" lon="-106.031584">
				<ele>2731.347796</ele>
				<time>2021-11-28T15:08:31Z</time>
			</trkpt>
			<trkpt lat="40.325529" lon="-106.030023">
				<ele>2735.667583</ele>
				<time>2021-11-28T15:09:57Z</time>
			</trkpt>
			<trkpt lat="40.32613" lon="-106.028886">
				<ele>2738.3861</ele>
				<time>2021-11-28T15:10:51Z</time>
			</trkpt>
			<trkpt lat="40.327043" lon="-106.026325">
				<ele>2743.23575</ele>
				<time>2021-11-28T15:12:37Z</time>
			</trkpt>
			<trkpt lat="40.327551" lon="-106.02406">
				<ele>2744.970666</ele>
				<time>2021-11-28T15:13:54Z</time>
			</trkpt>
			<trkpt lat="40.32843" lon="-106.023117">
				<ele>2744.828314</ele>
				<time>2021-11-28T15:14:34Z</time>
			</trkpt>
			<trkpt lat="40.329106" lon="-106.021846">
				<ele>2744.001945</ele>
				<time>2021-11-28T15:15:14Z</time>
			</trkpt>
			<trkpt lat="40.329508" lon="-106.020759">
				<ele>2745.101003</ele>
				<time>2021-11-28T15:15:51Z</time>
			</trkpt>
			<trkpt lat="40.329541" lon="-106.02015">
				<ele>2745.672615</ele>
				<time>2021-11-28T15:16:12Z</time>
			</trkpt>
			<trkpt lat="40.32945" lon="-106.017287">
				<ele>2751.189854</ele>
				<time>2021-11-28T15:18:04Z</time>
			</trkpt>
			<trkpt lat="40.3292" lon="-106.015515">
				<ele>2755.341908</ele>
				<time>2021-11-28T15:19:17Z</time>
			</trkpt>
			<trkpt lat="40.328761" lon="-106.014483">
				<ele>2758.158683</ele>
				<time>2021-11-28T15:20:03Z</time>
			</trkpt>
			<trkpt lat="40.328855" lon="-106.013169">
				<ele>2761.411284</ele>
				<time>2021-11-28T15:20:53Z</time>
			</trkpt>
			<trkpt lat="40.328761" lon="-106.011878">
				<ele>2766.932896</ele>
				<time>2021-11-28T15:21:54Z</time>
			</trkpt>
			<trkpt lat="40.328629" lon="-106.01143">
				<ele>2769.469809</ele>
				<time>2021-11-28T15:22:21Z</time>
			</trkpt>
			<trkpt lat="40.328452" lon="-106.010979">
				<ele>2772.14912</ele>
				<time>2021-11-28T15:22:51Z</time>
			</trkpt>
			<trkpt lat="40.328316" lon="-106.010196">
				<ele>2776.471601</ele>
				<time>2021-11-28T15:23:41Z</time>
			</trkpt>
			<trkpt lat="40.328091" lon="-106.009718">
				<ele>2779.615545</ele>
				<time>2021-11-28T15:24:16Z</time>
			</trkpt>
			<trkpt lat="40.328168" lon="-106.008442">
				<ele>2786.778949</ele>
				<time>2021-11-28T15:25:30Z</time>
			</trkpt>
			<trkpt lat="40.327774" lon="-106.005552">
				<ele>2796.290619</ele>
				<time>2021-11-28T15:27:35Z</time>
			</trkpt>
			<trkpt lat="40.327479" lon="-106.005064">
				<ele>2797.734086</ele>
				<time>2021-11-28T15:28:01Z</time>
			</trkpt>
			<trkpt lat="40.327475" lon="-106.004687">
				<ele>2798.607946</ele>
				<time>2021-11-28T15:28:17Z</time>
			</trkpt>
			<trkpt lat="40.327398" lon="-106.00438">
				<ele>2799.357001</ele>
				<time>2021-11-28T15:28:30Z</time>
			</trkpt>
			<trkpt lat="40.326876" lon="-106.003493">
				<ele>2801.454614</ele>
				<time>2021-11-28T15:29:11Z</time>
			</trkpt>
			<trkpt lat="40.326502" lon="-106.002618">
				<ele>2802.526455</ele>
				<time>2021-11-28T15:29:43Z</time>
			</trkpt>
			<trkpt lat="40.325367" lon="-106.000573">
				<ele>2807.684904</ele>
				<time>2021-11-28T15:31:07Z</time>
			</trkpt>
			<trkpt lat="40.325251" lon="-106.000388">
				<ele>2808.314745</ele>
				<time>2021-11-28T15:31:19Z</time>
			</trkpt>
			<trkpt lat="40.325019" lon="-106.000249">
				<ele>2809.194436</ele>
				<time>2021-11-28T15:31:37Z</time>
			</trkpt>
			<trkpt lat="40.324634" lon="-106.000074">
				<ele>2811.666813</ele>
				<time>2021-11-28T15:32:09Z</time>
			</trkpt>
			<trkpt lat="40.324314" lon="-105.999866">
				<ele>2814.448555</ele>
				<time>2021-11-28T15:32:40Z</time>
			</trkpt>
			<trkpt lat="40.323754" lon="-105.998316">
				<ele>2823.758923</ele>
				<time>2021-11-28T15:34:25Z</time>
			</trkpt>
			<trkpt lat="40.32371" lon="-105.996705">
				<ele>2823.73134</ele>
				<time>2021-11-28T15:35:16Z</time>
			</trkpt>
			<trkpt lat="40.323768" lon="-105.996077">
				<ele>2823.54145</ele>
				<time>2021-11-28T15:35:29Z</time>
			</trkpt>
			<trkpt lat="40.323906" lon="-105.994745">
				<ele>2816.089793</ele>
				<time>2021-11-28T15:35:57Z</time>
			</trkpt>
			<trkpt lat="40.323622" lon="-105.994077">
				<ele>2811.849962</ele>
				<time>2021-11-28T15:36:12Z</time>
			</trkpt>
			<trkpt lat="40.322865" lon="-105.992495">
				<ele>2805.431624</ele>
				<time>2021-11-28T15:36:52Z</time>
			</trkpt>
			<trkpt lat="40.321449" lon="-105.990908">
				<ele>2805.359496</ele>
				<time>2021-11-28T15:38:05Z</time>
			</trkpt>
			<trkpt lat="40.320893" lon="-105.98974">
				<ele>2808.56773</ele>
				<time>2021-11-28T15:39:10Z</time>
			</trkpt>
			<trkpt lat="40.320425" lon="-105.98928">
				<ele>2811.043929</ele>
				<time>2021-11-28T15:39:47Z</time>
			</trkpt>
			<trkpt lat="40.319623" lon="-105.988833">
				<ele>2814.119863</ele>
				<time>2021-11-28T15:40:36Z</time>
			</trkpt>
			<trkpt lat="40.31758" lon="-105.987017">
				<ele>2817.9068</ele>
				<time>2021-11-28T15:42:20Z</time>
			</trkpt>
			<trkpt lat="40.316014" lon="-105.98403">
				<ele>2823.343512</ele>
				<time>2021-11-28T15:44:29Z</time>
			</trkpt>
			<trkpt lat="40.315688" lon="-105.983056">
				<ele>2826.752487</ele>
				<time>2021-11-28T15:45:15Z</time>
			</trkpt>
			<trkpt lat="40.314767" lon="-105.981613">
				<ele>2833.147272</ele>
				<time>2021-11-28T15:46:44Z</time>
			</trkpt>
			<trkpt lat="40.314207" lon="-105.980848">
				<ele>2837.118361</ele>
				<time>2021-11-28T15:47:34Z</time>
			</trkpt>
			<trkpt lat="40.313134" lon="-105.979381">
				<ele>2843.665762</ele>
				<time>2021-11-28T15:49:07Z</time>
			</trkpt>
			<trkpt lat="40.312201" lon="-105.97823">
				<ele>2847.201793</ele>
				<time>2021-11-28T15:50:14Z</time>
			</trkpt>
			<trkpt lat="40.311642" lon="-105.977482">
				<ele>2848.200808</ele>
				<time>2021-11-28T15:50:45Z</time>
			</trkpt>
			<trkpt lat="40.310818" lon="-105.976876">
				<ele>2849.519909</ele>
				<time>2021-11-28T15:51:21Z</time>
			</trkpt>
			<trkpt lat="40.310375" lon="-105.976241">
				<ele>2850.520742</ele>
				<time>2021-11-28T15:51:52Z</time>
			</trkpt>
			<trkpt lat="40.310153" lon="-105.975844">
				<ele>2851.093235</ele>
				<time>2021-11-28T15:52:09Z</time>
			</trkpt>
			<trkpt lat="40.309556" lon="-105.975652">
				<ele>2852.62211</ele>
				<time>2021-11-28T15:52:39Z</time>
			</trkpt>
			<trkpt lat="40.309483" lon="-105.975519">
				<ele>2853.024572</ele>
				<time>2021-11-28T15:52:46Z</time>
			</trkpt>
			<trkpt lat="40.309429" lon="-105.974943">
				<ele>2854.449872</ele>
				<time>2021-11-28T15:53:10Z</time>
			</trkpt>
			<trkpt lat="40.308868" lon="-105.973832">
				<ele>2857.795586</ele>
				<time>2021-11-28T15:54:07Z</time>
			</trkpt>
			<trkpt lat="40.308039" lon="-105.973096">
				<ele>2861.567016</ele>
				<time>2021-11-28T15:54:58Z</time>
			</trkpt>
			<trkpt lat="40.307578" lon="-105.972369">
				<ele>2864.351623</ele>
				<time>2021-11-28T15:55:42Z</time>
			</trkpt>
			<trkpt lat="40.306687" lon="-105.97144">
				<ele>2869.998469</ele>
				<time>2021-11-28T15:56:54Z</time>
			</trkpt>
			<trkpt lat="40.305544" lon="-105.969909">
				<ele>2877.45268</ele>
				<time>2021-11-28T15:58:33Z</time>
			</trkpt>
			<trkpt lat="40.305076" lon="-105.969088">
				<ele>2880.835196</ele>
				<time>2021-11-28T15:59:17Z</time>
			</trkpt>
			<trkpt lat="40.304782" lon="-105.968988">
				<ele>2882.116941</ele>
				<time>2021-11-28T15:59:34Z</time>
			</trkpt>
			<trkpt lat="40.304884" lon="-105.969645">
				<ele>2884.274696</ele>
				<time>2021-11-28T16:00:03Z</time>
			</trkpt>
			<trkpt lat="40.305468" lon="-105.970892">
				<ele>2889.175686</ele>
				<time>2021-11-28T16:01:09Z</time>
			</trkpt>
			<trkpt lat="40.30535" lon="-105.971092">
				<ele>2890.241992</ele>
				<time>2021-11-28T16:01:21Z</time>
			</trkpt>
			<trkpt lat="40.305108" lon="-105.970949">
				<ele>2891.70973</ele>
				<time>2021-11-28T16:01:38Z</time>
			</trkpt>
			<trkpt lat="40.304854" lon="-105.970564">
				<ele>2893.856441</ele>
				<time>2021-11-28T16:02:03Z</time>
			</trkpt>
			<trkpt lat="40.304099" lon="-105.970441">
				<ele>2898.063327</ele>
				<time>2021-11-28T16:02:53Z</time>
			</trkpt>
			<trkpt lat="40.303064" lon="-105.969079">
				<ele>2907.38762</ele>
				<time>2021-11-28T16:04:39Z</time>
			</trkpt>
			<trkpt lat="40.302211" lon="-105.969025">
				<ele>2910.914748</ele>
				<time>2021-11-28T16:05:33Z</time>
			</trkpt>
			<trkpt lat="40.302059" lon="-105.968746">
				<ele>2911.52784</ele>
				<time>2021-11-28T16:05:47Z</time>
			</trkpt>
			<trkpt lat="40.301975" lon="-105.967473">
				<ele>2913.812582</ele>
				<time>2021-11-28T16:06:30Z</time>
			</trkpt>
			<trkpt lat="40.301503" lon="-105.967036">
				<ele>2913.916225</ele>
				<time>2021-11-28T16:06:49Z</time>
			</trkpt>
			<trkpt lat="40.301288" lon="-105.967005">
				<ele>2913.873057</ele>
				<time>2021-11-28T16:06:56Z</time>
			</trkpt>
			<trkpt lat="40.301328" lon="-105.966083">
				<ele>2913.732494</ele>
				<time>2021-11-28T16:07:20Z</time>
			</trkpt>
			<trkpt lat="40.301115" lon="-105.965893">
				<ele>2913.681079</ele>
				<time>2021-11-28T16:07:31Z</time>
			</trkpt>
			<trkpt lat="40.300963" lon="-105.966917">
				<ele>2916.781939</ele>
				<time>2021-11-28T16:08:11Z</time>
			</trkpt>
			<trkpt lat="40.300301" lon="-105.968567">
				<ele>2924.259441</ele>
				<time>2021-11-28T16:09:47Z</time>
			</trkpt>
			<trkpt lat="40.299444" lon="-105.969428">
				<ele>2932.340779</ele>
				<time>2021-11-28T16:11:11Z</time>
			</trkpt>
			<trkpt lat="40.299402" lon="-105.96955">
				<ele>2933.104909</ele>
				<time>2021-11-28T16:11:18Z</time>
			</trkpt>
			<trkpt lat="40.299314" lon="-105.969804">
				<ele>2934.697523</ele>
				<time>2021-11-28T16:11:35Z</time>
			</trkpt>
			<trkpt lat="40.29888" lon="-105.970547">
				<ele>2940.030599</ele>
				<time>2021-11-28T16:12:28Z</time>
			</trkpt>
			<trkpt lat="40.298455" lon="-105.97071">
				<ele>2943.337992</ele>
				<time>2021-11-28T16:13:00Z</time>
			</trkpt>
			<trkpt lat="40.298024" lon="-105.970692">
				<ele>2946.558814</ele>
				<time>2021-11-28T16:13:33Z</time>
			</trkpt>
			<trkpt lat="40.29771" lon="-105.970238">
				<ele>2949.980752</ele>
				<time>2021-11-28T16:14:08Z</time>
			</trkpt>
			<trkpt lat="40.29753" lon="-105.96958">
				<ele>2953.703658</ele>
				<time>2021-11-28T16:14:47Z</time>
			</trkpt>
			<trkpt lat="40.297017" lon="-105.969626">
				<ele>2957.294177</ele>
				<time>2021-11-28T16:15:23Z</time>
			</trkpt>
			<trkpt lat="40.29679" lon="-105.969598">
				<ele>2958.886261</ele>
				<time>2021-11-28T16:15:39Z</time>
			</trkpt>
			<trkpt lat="40.296563" lon="-105.969276">
				<ele>2961.22151</ele>
				<time>2021-11-28T16:16:04Z</time>
			</trkpt>
			<trkpt lat="40.296067" lon="-105.967944">
				<ele>2966.096607</ele>
				<time>2021-11-28T16:17:20Z</time>
			</trkpt>
			<trkpt lat="40.295871" lon="-105.967827">
				<ele>2967.000758</ele>
				<time>2021-11-28T16:17:30Z</time>
			</trkpt>
			<trkpt lat="40.295817" lon="-105.967821">
				<ele>2967.228281</ele>
				<time>2021-11-28T16:17:33Z</time>
			</trkpt>
			<trkpt lat="40.295676" lon="-105.967807">
				<ele>2967.821943</ele>
				<time>2021-11-28T16:17:39Z</time>
			</trkpt>
			<trkpt lat="40.295496" lon="-105.96767">
				<ele>2968.695751</ele>
				<time>2021-11-28T16:17:47Z</time>
			</trkpt>
			<trkpt lat="40.295498" lon="-105.967038">
				<ele>2970.33632</ele>
				<time>2021-11-28T16:18:07Z</time>
			</trkpt>
			<trkpt lat="40.2956" lon="-105.966455">
				<ele>2971.799698</ele>
				<time>2021-11-28T16:18:27Z</time>
			</trkpt>
			<trkpt lat="40.295299" lon="-105.966017">
				<ele>2973.242092</ele>
				<time>2021-11-28T16:18:50Z</time>
			</trkpt>
			<trkpt lat="40.294863" lon="-105.965778">
				<ele>2974.757947</ele>
				<time>2021-11-28T16:19:18Z</time>
			</trkpt>
			<trkpt lat="40.294705" lon="-105.965986">
				<ele>2977.415094</ele>
				<time>2021-11-28T16:19:34Z</time>
			</trkpt>
			<trkpt lat="40.294722" lon="-105.966037">
				<ele>2977.983266</ele>
				<time>2021-11-28T16:19:38Z</time>
			</trkpt>
			<trkpt lat="40.294912" lon="-105.966638">
				<ele>2984.624593</ele>
				<time>2021-11-28T16:20:23Z</time>
			</trkpt>
			<trkpt lat="40.294718" lon="-105.967476">
				<ele>2993.564521</ele>
				<time>2021-11-28T16:21:40Z</time>
			</trkpt>
			<trkpt lat="40.29458" lon="-105.968252">
				<ele>3001.884873</ele>
				<time>2021-11-28T16:23:00Z</time>
			</trkpt>
			<trkpt lat="40.294292" lon="-105.968908">
				<ele>3010.132861</ele>
				<time>2021-11-28T16:24:17Z</time>
			</trkpt>
			<trkpt lat="40.293636" lon="-105.969347">
				<ele>3020.655263</ele>
				<time>2021-11-28T16:25:37Z</time>
			</trkpt>
			<trkpt lat="40.293216" lon="-105.96996">
				<ele>3025.210142</ele>
				<time>2021-11-28T16:26:20Z</time>
			</trkpt>
			<trkpt lat="40.293169" lon="-105.970556">
				<ele>3025.961607</ele>
				<time>2021-11-28T16:26:41Z</time>
			</trkpt>
			<trkpt lat="40.293397" lon="-105.970889">
				<ele>3026.522824</ele>
				<time>2021-11-28T16:26:53Z</time>
			</trkpt>
			<trkpt lat="40.294004" lon="-105.971031">
				<ele>3027.536663</ele>
				<time>2021-11-28T16:27:13Z</time>
			</trkpt>
			<trkpt lat="40.294408" lon="-105.971052">
				<ele>3028.752312</ele>
				<time>2021-11-28T16:27:26Z</time>
			</trkpt>
			<trkpt lat="40.294489" lon="-105.97139">
				<ele>3029.598341</ele>
				<time>2021-11-28T16:27:36Z</time>
			</trkpt>
			<trkpt lat="40.294328" lon="-105.971987">
				<ele>3031.110438</ele>
				<time>2021-11-28T16:27:59Z</time>
			</trkpt>
			<trkpt lat="40.294444" lon="-105.972772">
				<ele>3033.019839</ele>
				<time>2021-11-28T16:28:42Z</time>
			</trkpt>
			<trkpt lat="40.294289" lon="-105.972994">
				<ele>3034.914924</ele>
				<time>2021-11-28T16:29:02Z</time>
			</trkpt>
			<trkpt lat="40.294295" lon="-105.973444">
				<ele>3038.443807</ele>
				<time>2021-11-28T16:29:33Z</time>
			</trkpt>
			<trkpt lat="40.293529" lon="-105.975922">
				<ele>3058.988737</ele>
				<time>2021-11-28T16:32:40Z</time>
			</trkpt>
			<trkpt lat="40.291897" lon="-105.978564">
				<ele>3081.132656</ele>
				<time>2021-11-28T16:36:12Z</time>
			</trkpt>
			<trkpt lat="40.291572" lon="-105.979524">
				<ele>3085.974237</ele>
				<time>2021-11-28T16:36:54Z</time>
			</trkpt>
			<trkpt lat="40.291649" lon="-105.979824">
				<ele>3087.241853</ele>
				<time>2021-11-28T16:37:07Z</time>
			</trkpt>
			<trkpt lat="40.291718" lon="-105.9808">
				<ele>3091.167223</ele>
				<time>2021-11-28T16:37:53Z</time>
			</trkpt>
			<trkpt lat="40.291664" lon="-105.98097">
				<ele>3091.904703</ele>
				<time>2021-11-28T16:38:03Z</time>
			</trkpt>
			<trkpt lat="40.291564" lon="-105.981027">
				<ele>3092.477209</ele>
				<time>2021-11-28T16:38:11Z</time>
			</trkpt>
			<trkpt lat="40.291428" lon="-105.980968">
				<ele>3093.804846</ele>
				<time>2021-11-28T16:38:22Z</time>
			</trkpt>
			<trkpt lat="40.290968" lon="-105.980238">
				<ele>3100.824907</ele>
				<time>2021-11-28T16:39:25Z</time>
			</trkpt>
			<trkpt lat="40.29105" lon="-105.979868">
				<ele>3103.68148</ele>
				<time>2021-11-28T16:39:54Z</time>
			</trkpt>
			<trkpt lat="40.291092" lon="-105.979316">
				<ele>3107.794245</ele>
				<time>2021-11-28T16:40:35Z</time>
			</trkpt>
			<trkpt lat="40.291077" lon="-105.978506">
				<ele>3111.075177</ele>
				<time>2021-11-28T16:41:25Z</time>
			</trkpt>
			<trkpt lat="40.290974" lon="-105.978168">
				<ele>3111.820204</ele>
				<time>2021-11-28T16:41:43Z</time>
			</trkpt>
			<trkpt lat="40.29097" lon="-105.977937">
				<ele>3112.293163</ele>
				<time>2021-11-28T16:41:52Z</time>
			</trkpt>
			<trkpt lat="40.291478" lon="-105.977288">
				<ele>3114.196625</ele>
				<time>2021-11-28T16:42:20Z</time>
			</trkpt>
			<trkpt lat="40.291553" lon="-105.976825">
				<ele>3114.63451</ele>
				<time>2021-11-28T16:42:31Z</time>
			</trkpt>
			<trkpt lat="40.291422" lon="-105.976506">
				<ele>3114.077807</ele>
				<time>2021-11-28T16:42:39Z</time>
			</trkpt>
			<trkpt lat="40.291424" lon="-105.976126">
				<ele>3113.493883</ele>
				<time>2021-11-28T16:42:47Z</time>
			</trkpt>
			<trkpt lat="40.291369" lon="-105.97594">
				<ele>3113.187348</ele>
				<time>2021-11-28T16:42:52Z</time>
			</trkpt>
			<trkpt lat="40.291127" lon="-105.975386">
				<ele>3112.206353</ele>
				<time>2021-11-28T16:43:07Z</time>
			</trkpt>
			<trkpt lat="40.290875" lon="-105.974934">
				<ele>3111.346051</ele>
				<time>2021-11-28T16:43:23Z</time>
			</trkpt>
			<trkpt lat="40.290771" lon="-105.974836">
				<ele>3111.901463</ele>
				<time>2021-11-28T16:43:29Z</time>
			</trkpt>
			<trkpt lat="40.290376" lon="-105.974784">
				<ele>3115.417158</ele>
				<time>2021-11-28T16:43:52Z</time>
			</trkpt>
			<trkpt lat="40.289939" lon="-105.974808">
				<ele>3119.290605</ele>
				<time>2021-11-28T16:44:24Z</time>
			</trkpt>
			<trkpt lat="40.28894" lon="-105.974349">
				<ele>3129.028706</ele>
				<time>2021-11-28T16:46:15Z</time>
			</trkpt>
			<trkpt lat="40.288157" lon="-105.974204">
				<ele>3137.730792</ele>
				<time>2021-11-28T16:47:38Z</time>
			</trkpt>
			<trkpt lat="40.288021" lon="-105.973985">
				<ele>3140.101315</ele>
				<time>2021-11-28T16:47:58Z</time>
			</trkpt>
			<trkpt lat="40.287976" lon="-105.973713">
				<ele>3142.437647</ele>
				<time>2021-11-28T16:48:17Z</time>
			</trkpt>
			<trkpt lat="40.288018" lon="-105.973484">
				<ele>3144.414724</ele>
				<time>2021-11-28T16:48:31Z</time>
			</trkpt>
			<trkpt lat="40.288388" lon="-105.973038">
				<ele>3147.390046</ele>
				<time>2021-11-28T16:49:07Z</time>
			</trkpt>
			<trkpt lat="40.289181" lon="-105.971639">
				<ele>3149.494263</ele>
				<time>2021-11-28T16:50:06Z</time>
			</trkpt>
			<trkpt lat="40.289294" lon="-105.971291">
				<ele>3149.395173</ele>
				<time>2021-11-28T16:50:15Z</time>
			</trkpt>
			<trkpt lat="40.289198" lon="-105.970886">
				<ele>3147.924503</ele>
				<time>2021-11-28T16:50:24Z</time>
			</trkpt>
			<trkpt lat="40.289036" lon="-105.970614">
				<ele>3146.727821</ele>
				<time>2021-11-28T16:50:31Z</time>
			</trkpt>
			<trkpt lat="40.288836" lon="-105.970279">
				<ele>3145.252626</ele>
				<time>2021-11-28T16:50:40Z</time>
			</trkpt>
			<trkpt lat="40.288809" lon="-105.970079">
				<ele>3144.548302</ele>
				<time>2021-11-28T16:50:44Z</time>
			</trkpt>
			<trkpt lat="40.28888" lon="-105.969676">
				<ele>3143.114015</ele>
				<time>2021-11-28T16:50:54Z</time>
			</trkpt>
			<trkpt lat="40.288822" lon="-105.969382">
				<ele>3142.060957</ele>
				<time>2021-11-28T16:51:00Z</time>
			</trkpt>
			<trkpt lat="40.288299" lon="-105.968996">
				<ele>3142.77549</ele>
				<time>2021-11-28T16:51:19Z</time>
			</trkpt>
			<trkpt lat="40.288026" lon="-105.96913">
				<ele>3143.435716</ele>
				<time>2021-11-28T16:51:29Z</time>
			</trkpt>
			<trkpt lat="40.287751" lon="-105.969454">
				<ele>3144.273126</ele>
				<time>2021-11-28T16:51:44Z</time>
			</trkpt>
			<trkpt lat="40.286797" lon="-105.970982">
				<ele>3153.82634</ele>
				<time>2021-11-28T16:53:49Z</time>
			</trkpt>
			<trkpt lat="40.28679" lon="-105.971171">
				<ele>3155.167201</ele>
				<time>2021-11-28T16:54:02Z</time>
			</trkpt>
			<trkpt lat="40.286728" lon="-105.971536">
				<ele>3157.816999</ele>
				<time>2021-11-28T16:54:26Z</time>
			</trkpt>
			<trkpt lat="40.286722" lon="-105.97184">
				<ele>3159.971913</ele>
				<time>2021-11-28T16:54:45Z</time>
			</trkpt>
			<trkpt lat="40.286634" lon="-105.972048">
				<ele>3161.657353</ele>
				<time>2021-11-28T16:55:00Z</time>
			</trkpt>
			<trkpt lat="40.285807" lon="-105.972944">
				<ele>3172.387144</ele>
				<time>2021-11-28T16:56:33Z</time>
			</trkpt>
			<trkpt lat="40.285344" lon="-105.974159">
				<ele>3182.719974</ele>
				<time>2021-11-28T16:58:05Z</time>
			</trkpt>
			<trkpt lat="40.285243" lon="-105.97469">
				<ele>3186.757099</ele>
				<time>2021-11-28T16:58:45Z</time>
			</trkpt>
			<trkpt lat="40.285014" lon="-105.975237">
				<ele>3191.360072</ele>
				<time>2021-11-28T16:59:30Z</time>
			</trkpt>
			<trkpt lat="40.284702" lon="-105.975492">
				<ele>3194.915665</ele>
				<time>2021-11-28T17:00:00Z</time>
			</trkpt>
			<trkpt lat="40.284267" lon="-105.975756">
				<ele>3198.634873</ele>
				<time>2021-11-28T17:00:34Z</time>
			</trkpt>
			<trkpt lat="40.284005" lon="-105.975746">
				<ele>3199.763435</ele>
				<time>2021-11-28T17:00:51Z</time>
			</trkpt>
			<trkpt lat="40.283571" lon="-105.975419">
				<ele>3201.918773</ele>
				<time>2021-11-28T17:01:18Z</time>
			</trkpt>
			<trkpt lat="40.283025" lon="-105.975138">
				<ele>3204.444358</ele>
				<time>2021-11-28T17:01:48Z</time>
			</trkpt>
			<trkpt lat="40.28255" lon="-105.97503">
				<ele>3207.045116</ele>
				<time>2021-11-28T17:02:14Z</time>
			</trkpt>
			<trkpt lat="40.282049" lon="-105.975322">
				<ele>3210.820213</ele>
				<time>2021-11-28T17:02:48Z</time>
			</trkpt>
			<trkpt lat="40.281728" lon="-105.975464">
				<ele>3213.152829</ele>
				<time>2021-11-28T17:03:14Z</time>
			</trkpt>
			<trkpt lat="40.281236" lon="-105.975804">
				<ele>3216.982281</ele>
				<time>2021-11-28T17:04:00Z</time>
			</trkpt>
			<trkpt lat="40.280792" lon="-105.975966">
				<ele>3220.424431</ele>
				<time>2021-11-28T17:04:39Z</time>
			</trkpt>
			<trkpt lat="40.280251" lon="-105.975946">
				<ele>3224.621738</ele>
				<time>2021-11-28T17:05:25Z</time>
			</trkpt>
			<trkpt lat="40.279771" lon="-105.975611">
				<ele>3228.839073</ele>
				<time>2021-11-28T17:06:07Z</time>
			</trkpt>
			<trkpt lat="40.279512" lon="-105.975334">
				<ele>3231.431472</ele>
				<time>2021-11-28T17:06:30Z</time>
			</trkpt>
			<trkpt lat="40.279019" lon="-105.975119">
				<ele>3232.220621</ele>
				<time>2021-11-28T17:06:59Z</time>
			</trkpt>
			<trkpt lat="40.278025" lon="-105.97526">
				<ele>3232.763086</ele>
				<time>2021-11-28T17:07:38Z</time>
			</trkpt>
			<trkpt lat="40.277864" lon="-105.975423">
				<ele>3232.873464</ele>
				<time>2021-11-28T17:07:44Z</time>
			</trkpt>
			<trkpt lat="40.277742" lon="-105.976151">
				<ele>3230.167198</ele>
				<time>2021-11-28T17:08:01Z</time>
			</trkpt>
			<trkpt lat="40.27768" lon="-105.976162">
				<ele>3229.754685</ele>
				<time>2021-11-28T17:08:03Z</time>
			</trkpt>
			<trkpt lat="40.277658" lon="-105.975578">
				<ele>3226.813489</ele>
				<time>2021-11-28T17:08:15Z</time>
			</trkpt>
			<trkpt lat="40.277009" lon="-105.974906">
				<ele>3221.360355</ele>
				<time>2021-11-28T17:08:37Z</time>
			</trkpt>
			<trkpt lat="40.276722" lon="-105.973957">
				<ele>3214.513529</ele>
				<time>2021-11-28T17:08:58Z</time>
			</trkpt>
			<trkpt lat="40.275609" lon="-105.972219">
				<ele>3199.236465</ele>
				<time>2021-11-28T17:09:43Z</time>
			</trkpt>
			<trkpt lat="40.275159" lon="-105.97137">
				<ele>3192.384696</ele>
				<time>2021-11-28T17:10:04Z</time>
			</trkpt>
			<trkpt lat="40.275128" lon="-105.97071">
				<ele>3188.645694</ele>
				<time>2021-11-28T17:10:17Z</time>
			</trkpt>
			<trkpt lat="40.274851" lon="-105.969883">
				<ele>3185.339541</ele>
				<time>2021-11-28T17:10:36Z</time>
			</trkpt>
			<trkpt lat="40.274925" lon="-105.969229">
				<ele>3182.919356</ele>
				<time>2021-11-28T17:10:51Z</time>
			</trkpt>
			<trkpt lat="40.274719" lon="-105.96914">
				<ele>3181.878682</ele>
				<time>2021-11-28T17:10:58Z</time>
			</trkpt>
			<trkpt lat="40.274559" lon="-105.969349">
				<ele>3180.806913</ele>
				<time>2021-11-28T17:11:05Z</time>
			</trkpt>
			<trkpt lat="40.274264" lon="-105.96989">
				<ele>3180.296737</ele>
				<time>2021-11-28T17:11:23Z</time>
			</trkpt>
			<trkpt lat="40.274148" lon="-105.969837">
				<ele>3180.173204</ele>
				<time>2021-11-28T17:11:28Z</time>
			</trkpt>
			<trkpt lat="40.274144" lon="-105.969194">
				<ele>3179.679863</ele>
				<time>2021-11-28T17:11:46Z</time>
			</trkpt>
			<trkpt lat="40.273956" lon="-105.96887">
				<ele>3179.367561</ele>
				<time>2021-11-28T17:11:58Z</time>
			</trkpt>
			<trkpt lat="40.273642" lon="-105.968727">
				<ele>3179.033289</ele>
				<time>2021-11-28T17:12:09Z</time>
			</trkpt>
			<trkpt lat="40.273333" lon="-105.968761">
				<ele>3177.385555</ele>
				<time>2021-11-28T17:12:19Z</time>
			</trkpt>
			<trkpt lat="40.27316" lon="-105.968715">
				<ele>3176.360938</ele>
				<time>2021-11-28T17:12:24Z</time>
			</trkpt>
			<trkpt lat="40.27276" lon="-105.968474">
				<ele>3173.805612</ele>
				<time>2021-11-28T17:12:37Z</time>
			</trkpt>
			<trkpt lat="40.272129" lon="-105.968505">
				<ele>3170.140463</ele>
				<time>2021-11-28T17:12:54Z</time>
			</trkpt>
			<trkpt lat="40.271955" lon="-105.968412">
				<ele>3169.049745</ele>
				<time>2021-11-28T17:12:59Z</time>
			</trkpt>
			<trkpt lat="40.271673" lon="-105.968043">
				<ele>3165.658892</ele>
				<time>2021-11-28T17:13:09Z</time>
			</trkpt>
			<trkpt lat="40.271344" lon="-105.967949">
				<ele>3162.549755</ele>
				<time>2021-11-28T17:13:18Z</time>
			</trkpt>
			<trkpt lat="40.271208" lon="-105.968459">
				<ele>3158.743672</ele>
				<time>2021-11-28T17:13:29Z</time>
			</trkpt>
			<trkpt lat="40.270875" lon="-105.968765">
				<ele>3154.988496</ele>
				<time>2021-11-28T17:13:39Z</time>
			</trkpt>
			<trkpt lat="40.270804" lon="-105.969181">
				<ele>3151.985321</ele>
				<time>2021-11-28T17:13:48Z</time>
			</trkpt>
			<trkpt lat="40.269974" lon="-105.969787">
				<ele>3144.712673</ele>
				<time>2021-11-28T17:14:13Z</time>
			</trkpt>
			<trkpt lat="40.269241" lon="-105.969775">
				<ele>3139.105599</ele>
				<time>2021-11-28T17:14:33Z</time>
			</trkpt>
			<trkpt lat="40.268886" lon="-105.969991">
				<ele>3137.388831</ele>
				<time>2021-11-28T17:14:44Z</time>
			</trkpt>
			<trkpt lat="40.268656" lon="-105.970235">
				<ele>3136.512154</ele>
				<time>2021-11-28T17:14:53Z</time>
			</trkpt>
			<trkpt lat="40.268081" lon="-105.970594">
				<ele>3134.625191</ele>
				<time>2021-11-28T17:15:12Z</time>
			</trkpt>
			<trkpt lat="40.267594" lon="-105.970714">
				<ele>3133.157094</ele>
				<time>2021-11-28T17:15:29Z</time>
			</trkpt>
			<trkpt lat="40.267109" lon="-105.970754">
				<ele>3133.281078</ele>
				<time>2021-11-28T17:15:48Z</time>
			</trkpt>
			<trkpt lat="40.266694" lon="-105.970573">
				<ele>3133.747259</ele>
				<time>2021-11-28T17:16:08Z</time>
			</trkpt>
			<trkpt lat="40.266305" lon="-105.970333">
				<ele>3134.205523</ele>
				<time>2021-11-28T17:16:28Z</time>
			</trkpt>
			<trkpt lat="40.265548" lon="-105.970433">
				<ele>3134.440202</ele>
				<time>2021-11-28T17:17:02Z</time>
			</trkpt>
			<trkpt lat="40.265046" lon="-105.970312">
				<ele>3133.633035</ele>
				<time>2021-11-28T17:17:21Z</time>
			</trkpt>
			<trkpt lat="40.264714" lon="-105.969578">
				<ele>3132.60341</ele>
				<time>2021-11-28T17:17:43Z</time>
			</trkpt>
			<trkpt lat="40.26475" lon="-105.968839">
				<ele>3130.8935</ele>
				<time>2021-11-28T17:17:59Z</time>
			</trkpt>
			<trkpt lat="40.264712" lon="-105.968287">
				<ele>3127.853624</ele>
				<time>2021-11-28T17:18:11Z</time>
			</trkpt>
			<trkpt lat="40.264468" lon="-105.967701">
				<ele>3124.192189</ele>
				<time>2021-11-28T17:18:25Z</time>
			</trkpt>
			<trkpt lat="40.263554" lon="-105.966155">
				<ele>3112.330515</ele>
				<time>2021-11-28T17:19:04Z</time>
			</trkpt>
			<trkpt lat="40.263261" lon="-105.965227">
				<ele>3105.694869</ele>
				<time>2021-11-28T17:19:24Z</time>
			</trkpt>
			<trkpt lat="40.262535" lon="-105.964586">
				<ele>3098.64467</ele>
				<time>2021-11-28T17:19:47Z</time>
			</trkpt>
			<trkpt lat="40.261779" lon="-105.963645">
				<ele>3090.514797</ele>
				<time>2021-11-28T17:20:16Z</time>
			</trkpt>
			<trkpt lat="40.261522" lon="-105.963431">
				<ele>3088.304895</ele>
				<time>2021-11-28T17:20:24Z</time>
			</trkpt>
			<trkpt lat="40.260716" lon="-105.963266">
				<ele>3082.764951</ele>
				<time>2021-11-28T17:20:46Z</time>
			</trkpt>
			<trkpt lat="40.260394" lon="-105.963261">
				<ele>3080.578091</ele>
				<time>2021-11-28T17:20:55Z</time>
			</trkpt>
			<trkpt lat="40.259892" lon="-105.963483">
				<ele>3076.946757</ele>
				<time>2021-11-28T17:21:10Z</time>
			</trkpt>
			<trkpt lat="40.259754" lon="-105.963368">
				<ele>3075.667076</ele>
				<time>2021-11-28T17:21:14Z</time>
			</trkpt>
			<trkpt lat="40.259589" lon="-105.963128">
				<ele>3073.73815</ele>
				<time>2021-11-28T17:21:21Z</time>
			</trkpt>
			<trkpt lat="40.259416" lon="-105.962605">
				<ele>3070.334377</ele>
				<time>2021-11-28T17:21:32Z</time>
			</trkpt>
			<trkpt lat="40.259438" lon="-105.961954">
				<ele>3066.443226</ele>
				<time>2021-11-28T17:21:46Z</time>
			</trkpt>
			<trkpt lat="40.259421" lon="-105.961692">
				<ele>3064.87309</ele>
				<time>2021-11-28T17:21:51Z</time>
			</trkpt>
			<trkpt lat="40.259199" lon="-105.961535">
				<ele>3062.950614</ele>
				<time>2021-11-28T17:21:58Z</time>
			</trkpt>
			<trkpt lat="40.258961" lon="-105.961452">
				<ele>3061.462514</ele>
				<time>2021-11-28T17:22:04Z</time>
			</trkpt>
			<trkpt lat="40.25857" lon="-105.961622">
				<ele>3058.973363</ele>
				<time>2021-11-28T17:22:16Z</time>
			</trkpt>
			<trkpt lat="40.258415" lon="-105.961571">
				<ele>3058.007748</ele>
				<time>2021-11-28T17:22:20Z</time>
			</trkpt>
			<trkpt lat="40.258347" lon="-105.961399">
				<ele>3057.11454</ele>
				<time>2021-11-28T17:22:24Z</time>
			</trkpt>
			<trkpt lat="40.258409" lon="-105.961171">
				<ele>3055.998474</ele>
				<time>2021-11-28T17:22:30Z</time>
			</trkpt>
			<trkpt lat="40.258894" lon="-105.960601">
				<ele>3052.112314</ele>
				<time>2021-11-28T17:22:48Z</time>
			</trkpt>
			<trkpt lat="40.258942" lon="-105.960329">
				<ele>3051.156456</ele>
				<time>2021-11-28T17:22:54Z</time>
			</trkpt>
			<trkpt lat="40.258954" lon="-105.960261">
				<ele>3050.917492</ele>
				<time>2021-11-28T17:22:56Z</time>
			</trkpt>
			<trkpt lat="40.258886" lon="-105.959695">
				<ele>3048.955735</ele>
				<time>2021-11-28T17:23:09Z</time>
			</trkpt>
			<trkpt lat="40.258724" lon="-105.959166">
				<ele>3047.004132</ele>
				<time>2021-11-28T17:23:22Z</time>
			</trkpt>
			<trkpt lat="40.258507" lon="-105.958928">
				<ele>3045.734532</ele>
				<time>2021-11-28T17:23:30Z</time>
			</trkpt>
			<trkpt lat="40.258242" lon="-105.958723">
				<ele>3044.353872</ele>
				<time>2021-11-28T17:23:39Z</time>
			</trkpt>
			<trkpt lat="40.257688" lon="-105.958967">
				<ele>3041.957772</ele>
				<time>2021-11-28T17:23:56Z</time>
			</trkpt>
			<trkpt lat="40.257483" lon="-105.958868">
				<ele>3041.067795</ele>
				<time>2021-11-28T17:24:03Z</time>
			</trkpt>
			<trkpt lat="40.257349" lon="-105.958612">
				<ele>3040.102758</ele>
				<time>2021-11-28T17:24:09Z</time>
			</trkpt>
			<trkpt lat="40.257278" lon="-105.958092">
				<ele>3038.460563</ele>
				<time>2021-11-28T17:24:22Z</time>
			</trkpt>
			<trkpt lat="40.257198" lon="-105.957797">
				<ele>3037.487313</ele>
				<time>2021-11-28T17:24:29Z</time>
			</trkpt>
			<trkpt lat="40.256835" lon="-105.957557">
				<ele>3036.016554</ele>
				<time>2021-11-28T17:24:41Z</time>
			</trkpt>
			<trkpt lat="40.256613" lon="-105.957471">
				<ele>3035.243413</ele>
				<time>2021-11-28T17:24:49Z</time>
			</trkpt>
			<trkpt lat="40.256448" lon="-105.957491">
				<ele>3034.690005</ele>
				<time>2021-11-28T17:24:54Z</time>
			</trkpt>
			<trkpt lat="40.256317" lon="-105.957724">
				<ele>3033.952389</ele>
				<time>2021-11-28T17:25:00Z</time>
			</trkpt>
			<trkpt lat="40.256293" lon="-105.958148">
				<ele>3032.86875</ele>
				<time>2021-11-28T17:25:10Z</time>
			</trkpt>
			<trkpt lat="40.256341" lon="-105.958503">
				<ele>3031.949852</ele>
				<time>2021-11-28T17:25:19Z</time>
			</trkpt>
			<trkpt lat="40.256288" lon="-105.958761">
				<ele>3031.268868</ele>
				<time>2021-11-28T17:25:25Z</time>
			</trkpt>
			<trkpt lat="40.256111" lon="-105.958824">
				<ele>3030.557332</ele>
				<time>2021-11-28T17:25:31Z</time>
			</trkpt>
			<trkpt lat="40.255622" lon="-105.958391">
				<ele>3027.598399</ele>
				<time>2021-11-28T17:25:48Z</time>
			</trkpt>
			<trkpt lat="40.25511" lon="-105.957791">
				<ele>3024.154627</ele>
				<time>2021-11-28T17:26:08Z</time>
			</trkpt>
			<trkpt lat="40.254827" lon="-105.957691">
				<ele>3022.685102</ele>
				<time>2021-11-28T17:26:16Z</time>
			</trkpt>
			<trkpt lat="40.253876" lon="-105.957632">
				<ele>3017.58289</ele>
				<time>2021-11-28T17:26:43Z</time>
			</trkpt>
			<trkpt lat="40.253624" lon="-105.957363">
				<ele>3015.816671</ele>
				<time>2021-11-28T17:26:52Z</time>
			</trkpt>
			<trkpt lat="40.253512" lon="-105.956936">
				<ele>3013.944211</ele>
				<time>2021-11-28T17:27:02Z</time>
			</trkpt>
			<trkpt lat="40.253389" lon="-105.955896">
				<ele>3009.513735</ele>
				<time>2021-11-28T17:27:25Z</time>
			</trkpt>
			<trkpt lat="40.253425" lon="-105.955162">
				<ele>3006.382372</ele>
				<time>2021-11-28T17:27:41Z</time>
			</trkpt>
			<trkpt lat="40.253394" lon="-105.954809">
				<ele>3004.869601</ele>
				<time>2021-11-28T17:27:49Z</time>
			</trkpt>
			<trkpt lat="40.253257" lon="-105.954284">
				<ele>3002.50743</ele>
				<time>2021-11-28T17:28:01Z</time>
			</trkpt>
			<trkpt lat="40.253152" lon="-105.954075">
				<ele>3001.444506</ele>
				<time>2021-11-28T17:28:06Z</time>
			</trkpt>
			<trkpt lat="40.252876" lon="-105.953965">
				<ele>2999.841676</ele>
				<time>2021-11-28T17:28:14Z</time>
			</trkpt>
			<trkpt lat="40.252114" lon="-105.953421">
				<ele>2995.020345</ele>
				<time>2021-11-28T17:28:38Z</time>
			</trkpt>
			<trkpt lat="40.251637" lon="-105.953391">
				<ele>2992.367074</ele>
				<time>2021-11-28T17:28:52Z</time>
			</trkpt>
			<trkpt lat="40.251195" lon="-105.953788">
				<ele>2991.085157</ele>
				<time>2021-11-28T17:29:08Z</time>
			</trkpt>
			<trkpt lat="40.250956" lon="-105.953907">
				<ele>2990.57479</ele>
				<time>2021-11-28T17:29:17Z</time>
			</trkpt>
			<trkpt lat="40.250716" lon="-105.953884">
				<ele>2990.094434</ele>
				<time>2021-11-28T17:29:25Z</time>
			</trkpt>
			<trkpt lat="40.250026" lon="-105.953743">
				<ele>2988.700437</ele>
				<time>2021-11-28T17:29:49Z</time>
			</trkpt>
			<trkpt lat="40.249238" lon="-105.953482">
				<ele>2987.162367</ele>
				<time>2021-11-28T17:30:17Z</time>
			</trkpt>
			<trkpt lat="40.248419" lon="-105.952958">
				<ele>2985.455266</ele>
				<time>2021-11-28T17:30:46Z</time>
			</trkpt>
			<trkpt lat="40.24827" lon="-105.953061">
				<ele>2985.139729</ele>
				<time>2021-11-28T17:30:51Z</time>
			</trkpt>
			<trkpt lat="40.248261" lon="-105.953353">
				<ele>2984.371471</ele>
				<time>2021-11-28T17:30:58Z</time>
			</trkpt>
			<trkpt lat="40.24845" lon="-105.954003">
				<ele>2982.394615</ele>
				<time>2021-11-28T17:31:15Z</time>
			</trkpt>
			<trkpt lat="40.248437" lon="-105.95496">
				<ele>2979.674331</ele>
				<time>2021-11-28T17:31:37Z</time>
			</trkpt>
			<trkpt lat="40.248534" lon="-105.955334">
				<ele>2978.551709</ele>
				<time>2021-11-28T17:31:46Z</time>
			</trkpt>
			<trkpt lat="40.248837" lon="-105.955876">
				<ele>2975.772039</ele>
				<time>2021-11-28T17:32:00Z</time>
			</trkpt>
			<trkpt lat="40.248843" lon="-105.956209">
				<ele>2974.351038</ele>
				<time>2021-11-28T17:32:07Z</time>
			</trkpt>
			<trkpt lat="40.248434" lon="-105.956987">
				<ele>2970.320905</ele>
				<time>2021-11-28T17:32:28Z</time>
			</trkpt>
			<trkpt lat="40.248395" lon="-105.957342">
				<ele>2968.790829</ele>
				<time>2021-11-28T17:32:35Z</time>
			</trkpt>
			<trkpt lat="40.248482" lon="-105.957752">
				<ele>2967.176766</ele>
				<time>2021-11-28T17:32:44Z</time>
			</trkpt>
			<trkpt lat="40.248855" lon="-105.958313">
				<ele>2964.47605</ele>
				<time>2021-11-28T17:33:01Z</time>
			</trkpt>
			<trkpt lat="40.248888" lon="-105.958597">
				<ele>2963.43327</ele>
				<time>2021-11-28T17:33:07Z</time>
			</trkpt>
			<trkpt lat="40.248852" lon="-105.958665">
				<ele>2963.132867</ele>
				<time>2021-11-28T17:33:09Z</time>
			</trkpt>
			<trkpt lat="40.248796" lon="-105.958767">
				<ele>2962.676774</ele>
				<time>2021-11-28T17:33:12Z</time>
			</trkpt>
			<trkpt lat="40.248618" lon="-105.958715">
				<ele>2961.809431</ele>
				<time>2021-11-28T17:33:17Z</time>
			</trkpt>
			<trkpt lat="40.248513" lon="-105.958604">
				<ele>2961.167776</ele>
				<time>2021-11-28T17:33:21Z</time>
			</trkpt>
			<trkpt lat="40.248298" lon="-105.957985">
				<ele>2958.83932</ele>
				<time>2021-11-28T17:33:37Z</time>
			</trkpt>
			<trkpt lat="40.247933" lon="-105.957334">
				<ele>2956.290455</ele>
				<time>2021-11-28T17:33:55Z</time>
			</trkpt>
			<trkpt lat="40.247453" lon="-105.956378">
				<ele>2952.679658</ele>
				<time>2021-11-28T17:34:21Z</time>
			</trkpt>
			<trkpt lat="40.247018" lon="-105.955727">
				<ele>2950.802801</ele>
				<time>2021-11-28T17:34:41Z</time>
			</trkpt>
			<trkpt lat="40.246675" lon="-105.955214">
				<ele>2949.42035</ele>
				<time>2021-11-28T17:34:57Z</time>
			</trkpt>
			<trkpt lat="40.246476" lon="-105.954831">
				<ele>2948.481165</ele>
				<time>2021-11-28T17:35:09Z</time>
			</trkpt>
			<trkpt lat="40.245941" lon="-105.954238">
				<ele>2946.981182</ele>
				<time>2021-11-28T17:35:32Z</time>
			</trkpt>
			<trkpt lat="40.244574" lon="-105.953236">
				<ele>2944.578683</ele>
				<time>2021-11-28T17:36:24Z</time>
			</trkpt>
			<trkpt lat="40.243875" lon="-105.952967">
				<ele>2944.333411</ele>
				<time>2021-11-28T17:36:49Z</time>
			</trkpt>
			<trkpt lat="40.243685" lon="-105.952302">
				<ele>2944.150941</ele>
				<time>2021-11-28T17:37:09Z</time>
			</trkpt>
			<trkpt lat="40.24255" lon="-105.950991">
				<ele>2944.53987</ele>
				<time>2021-11-28T17:38:13Z</time>
			</trkpt>
			<trkpt lat="40.242124" lon="-105.950677">
				<ele>2944.772227</ele>
				<time>2021-11-28T17:38:32Z</time>
			</trkpt>
			<trkpt lat="40.241527" lon="-105.950405">
				<ele>2943.402447</ele>
				<time>2021-11-28T17:38:54Z</time>
			</trkpt>
			<trkpt lat="40.241114" lon="-105.950327">
				<ele>2941.974479</ele>
				<time>2021-11-28T17:39:08Z</time>
			</trkpt>
			<trkpt lat="40.239994" lon="-105.950506">
				<ele>2937.261941</ele>
				<time>2021-11-28T17:39:40Z</time>
			</trkpt>
			<trkpt lat="40.239012" lon="-105.950027">
				<ele>2928.592242</ele>
				<time>2021-11-28T17:40:08Z</time>
			</trkpt>
			<trkpt lat="40.238429" lon="-105.94983">
				<ele>2923.597759</ele>
				<time>2021-11-28T17:40:24Z</time>
			</trkpt>
			<trkpt lat="40.238065" lon="-105.949537">
				<ele>2919.854902</ele>
				<time>2021-11-28T17:40:35Z</time>
			</trkpt>
			<trkpt lat="40.237355" lon="-105.949327">
				<ele>2913.478136</ele>
				<time>2021-11-28T17:40:53Z</time>
			</trkpt>
			<trkpt lat="40.237184" lon="-105.949196">
				<ele>2911.742664</ele>
				<time>2021-11-28T17:40:59Z</time>
			</trkpt>
			<trkpt lat="40.236699" lon="-105.948311">
				<ele>2905.82185</ele>
				<time>2021-11-28T17:41:21Z</time>
			</trkpt>
			<trkpt lat="40.236457" lon="-105.947558">
				<ele>2902.419506</ele>
				<time>2021-11-28T17:41:39Z</time>
			</trkpt>
			<trkpt lat="40.236103" lon="-105.947098">
				<ele>2899.699415</ele>
				<time>2021-11-28T17:41:54Z</time>
			</trkpt>
			<trkpt lat="40.235684" lon="-105.946863">
				<ele>2897.080821</ele>
				<time>2021-11-28T17:42:07Z</time>
			</trkpt>
			<trkpt lat="40.235006" lon="-105.9467">
				<ele>2892.846964</ele>
				<time>2021-11-28T17:42:27Z</time>
			</trkpt>
			<trkpt lat="40.234681" lon="-105.946749">
				<ele>2890.837622</ele>
				<time>2021-11-28T17:42:36Z</time>
			</trkpt>
			<trkpt lat="40.234244" lon="-105.946548">
				<ele>2887.992892</ele>
				<time>2021-11-28T17:42:48Z</time>
			</trkpt>
			<trkpt lat="40.234144" lon="-105.946502">
				<ele>2887.341917</ele>
				<time>2021-11-28T17:42:51Z</time>
			</trkpt>
			<trkpt lat="40.232975" lon="-105.946067">
				<ele>2879.180735</ele>
				<time>2021-11-28T17:43:24Z</time>
			</trkpt>
			<trkpt lat="40.232616" lon="-105.945712">
				<ele>2876.155523</ele>
				<time>2021-11-28T17:43:37Z</time>
			</trkpt>
			<trkpt lat="40.231806" lon="-105.94553">
				<ele>2870.703007</ele>
				<time>2021-11-28T17:44:00Z</time>
			</trkpt>
			<trkpt lat="40.231077" lon="-105.94508">
				<ele>2865.373132</ele>
				<time>2021-11-28T17:44:22Z</time>
			</trkpt>
			<trkpt lat="40.230349" lon="-105.945059">
				<ele>2859.194198</ele>
				<time>2021-11-28T17:44:42Z</time>
			</trkpt>
			<trkpt lat="40.229073" lon="-105.945653">
				<ele>2845.658915</ele>
				<time>2021-11-28T17:45:16Z</time>
			</trkpt>
			<trkpt lat="40.227068" lon="-105.945819">
				<ele>2823.828014</ele>
				<time>2021-11-28T17:46:07Z</time>
			</trkpt>
			<trkpt lat="40.226738" lon="-105.945819">
				<ele>2820.609857</ele>
				<time>2021-11-28T17:46:16Z</time>
			</trkpt>
			<trkpt lat="40.226675" lon="-105.945807">
				<ele>2819.989019</ele>
				<time>2021-11-28T17:46:17Z</time>
			</trkpt>
			<trkpt lat="40.225675" lon="-105.945609">
				<ele>2810.126225</ele>
				<time>2021-11-28T17:46:43Z</time>
			</trkpt>
			<trkpt lat="40.225591" lon="-105.945592">
				<ele>2809.297336</ele>
				<time>2021-11-28T17:46:46Z</time>
			</trkpt>
			<trkpt lat="40.225368" lon="-105.945469">
				<ele>2807.119298</ele>
				<time>2021-11-28T17:46:52Z</time>
			</trkpt>
			<trkpt lat="40.224654" lon="-105.944714">
				<ele>2799.798835</ele>
				<time>2021-11-28T17:47:17Z</time>
			</trkpt>
			<trkpt lat="40.224061" lon="-105.943926">
				<ele>2792.96315</ele>
				<time>2021-11-28T17:47:39Z</time>
			</trkpt>
			<trkpt lat="40.223714" lon="-105.943556">
				<ele>2788.739616</ele>
				<time>2021-11-28T17:47:51Z</time>
			</trkpt>
			<trkpt lat="40.223068" lon="-105.94287">
				<ele>2780.889569</ele>
				<time>2021-11-28T17:48:13Z</time>
			</trkpt>
			<trkpt lat="40.222795" lon="-105.942437">
				<ele>2776.84254</ele>
				<time>2021-11-28T17:48:24Z</time>
			</trkpt>
			<trkpt lat="40.222282" lon="-105.94101">
				<ele>2763.757704</ele>
				<time>2021-11-28T17:48:54Z</time>
			</trkpt>
			<trkpt lat="40.2221" lon="-105.940315">
				<ele>2757.645611</ele>
				<time>2021-11-28T17:49:08Z</time>
			</trkpt>
			<trkpt lat="40.222085" lon="-105.939608">
				<ele>2752.583329</ele>
				<time>2021-11-28T17:49:22Z</time>
			</trkpt>
			<trkpt lat="40.221799" lon="-105.938902">
				<ele>2746.974603</ele>
				<time>2021-11-28T17:49:38Z</time>
			</trkpt>
			<trkpt lat="40.22171" lon="-105.937541">
				<ele>2738.303347</ele>
				<time>2021-11-28T17:50:06Z</time>
			</trkpt>
			<trkpt lat="40.221826" lon="-105.937304">
				<ele>2736.911951</ele>
				<time>2021-11-28T17:50:12Z</time>
			</trkpt>
			<trkpt lat="40.222351" lon="-105.936846">
				<ele>2732.828643</ele>
				<time>2021-11-28T17:50:29Z</time>
			</trkpt>
			<trkpt lat="40.222421" lon="-105.936629">
				<ele>2731.664326</ele>
				<time>2021-11-28T17:50:34Z</time>
			</trkpt>
			<trkpt lat="40.222387" lon="-105.936325">
				<ele>2730.145765</ele>
				<time>2021-11-28T17:50:41Z</time>
			</trkpt>
			<trkpt lat="40.222255" lon="-105.93613">
				<ele>2728.857746</ele>
				<time>2021-11-28T17:50:46Z</time>
			</trkpt>
			<trkpt lat="40.221716" lon="-105.936001">
				<ele>2725.794369</ele>
				<time>2021-11-28T17:51:03Z</time>
			</trkpt>
			<trkpt lat="40.221622" lon="-105.935849">
				<ele>2724.960039</ele>
				<time>2021-11-28T17:51:07Z</time>
			</trkpt>
			<trkpt lat="40.221656" lon="-105.935705">
				<ele>2724.317115</ele>
				<time>2021-11-28T17:51:10Z</time>
			</trkpt>
			<trkpt lat="40.221982" lon="-105.935349">
				<ele>2721.945947</ele>
				<time>2021-11-28T17:51:22Z</time>
			</trkpt>
			<trkpt lat="40.222293" lon="-105.935177">
				<ele>2720.060039</ele>
				<time>2021-11-28T17:51:32Z</time>
			</trkpt>
			<trkpt lat="40.223187" lon="-105.934821">
				<ele>2713.107369</ele>
				<time>2021-11-28T17:51:57Z</time>
			</trkpt>
			<trkpt lat="40.223686" lon="-105.934744">
				<ele>2709.06977</ele>
				<time>2021-11-28T17:52:11Z</time>
			</trkpt>
			<trkpt lat="40.224381" lon="-105.934422">
				<ele>2702.910847</ele>
				<time>2021-11-28T17:52:30Z</time>
			</trkpt>
			<trkpt lat="40.224935" lon="-105.934199">
				<ele>2697.336151</ele>
				<time>2021-11-28T17:52:45Z</time>
			</trkpt>
			<trkpt lat="40.226031" lon="-105.933545">
				<ele>2686.124583</ele>
				<time>2021-11-28T17:53:16Z</time>
			</trkpt>
			<trkpt lat="40.226403" lon="-105.932971">
				<ele>2682.198651</ele>
				<time>2021-11-28T17:53:31Z</time>
			</trkpt>
			<trkpt lat="40.226452" lon="-105.932708">
				<ele>2680.787036</ele>
				<time>2021-11-28T17:53:37Z</time>
			</trkpt>
			<trkpt lat="40.22645" lon="-105.932349">
				<ele>2678.915035</ele>
				<time>2021-11-28T17:53:44Z</time>
			</trkpt>
			<trkpt lat="40.226517" lon="-105.932071">
				<ele>2677.394941</ele>
				<time>2021-11-28T17:53:51Z</time>
			</trkpt>
			<trkpt lat="40.226679" lon="-105.93185">
				<ele>2675.797428</ele>
				<time>2021-11-28T17:53:57Z</time>
			</trkpt>
			<trkpt lat="40.226932" lon="-105.931505">
				<ele>2674.016472</ele>
				<time>2021-11-28T17:54:08Z</time>
			</trkpt>
			<trkpt lat="40.226998" lon="-105.931325">
				<ele>2673.487226</ele>
				<time>2021-11-28T17:54:13Z</time>
			</trkpt>
			<trkpt lat="40.227057" lon="-105.931035">
				<ele>2672.691775</ele>
				<time>2021-11-28T17:54:20Z</time>
			</trkpt>
			<trkpt lat="40.227066" lon="-105.930348">
				<ele>2670.870651</ele>
				<time>2021-11-28T17:54:36Z</time>
			</trkpt>
			<trkpt lat="40.227009" lon="-105.930154">
				<ele>2670.319704</ele>
				<time>2021-11-28T17:54:41Z</time>
			</trkpt>
			<trkpt lat="40.226851" lon="-105.92998">
				<ele>2669.603093</ele>
				<time>2021-11-28T17:54:47Z</time>
			</trkpt>
			<trkpt lat="40.226451" lon="-105.929774">
				<ele>2668.141158</ele>
				<time>2021-11-28T17:55:01Z</time>
			</trkpt>
			<trkpt lat="40.226291" lon="-105.929448">
				<ele>2667.191586</ele>
				<time>2021-11-28T17:55:10Z</time>
			</trkpt>
			<trkpt lat="40.226174" lon="-105.929106">
				<ele>2666.273334</ele>
				<time>2021-11-28T17:55:18Z</time>
			</trkpt>
			<trkpt lat="40.226127" lon="-105.928323">
				<ele>2664.348889</ele>
				<time>2021-11-28T17:55:36Z</time>
			</trkpt>
			<trkpt lat="40.226058" lon="-105.927937">
				<ele>2663.377525</ele>
				<time>2021-11-28T17:55:46Z</time>
			</trkpt>
			<trkpt lat="40.22572" lon="-105.927068">
				<ele>2661.903393</ele>
				<time>2021-11-28T17:56:10Z</time>
			</trkpt>
			<trkpt lat="40.225654" lon="-105.926899">
				<ele>2661.681611</ele>
				<time>2021-11-28T17:56:15Z</time>
			</trkpt>
			<trkpt lat="40.225066" lon="-105.9254">
				<ele>2659.633783</ele>
				<time>2021-11-28T17:56:59Z</time>
			</trkpt>
			<trkpt lat="40.224846" lon="-105.924742">
				<ele>2658.551952</ele>
				<time>2021-11-28T17:57:17Z</time>
			</trkpt>
			<trkpt lat="40.224367" lon="-105.923939">
				<ele>2657.017262</ele>
				<time>2021-11-28T17:57:43Z</time>
			</trkpt>
			<trkpt lat="40.224187" lon="-105.923065">
				<ele>2655.33167</ele>
				<time>2021-11-28T17:58:04Z</time>
			</trkpt>
			<trkpt lat="40.224178" lon="-105.922246">
				<ele>2653.590811</ele>
				<time>2021-11-28T17:58:23Z</time>
			</trkpt>
			<trkpt lat="40.224018" lon="-105.921435">
				<ele>2651.810522</ele>
				<time>2021-11-28T17:58:43Z</time>
			</trkpt>
			<trkpt lat="40.223968" lon="-105.920595">
				<ele>2650.892189</ele>
				<time>2021-11-28T17:59:04Z</time>
			</trkpt>
			<trkpt lat="40.224049" lon="-105.917562">
				<ele>2648.666198</ele>
				<time>2021-11-28T18:00:26Z</time>
			</trkpt>
			<trkpt lat="40.224134" lon="-105.91661">
				<ele>2648.057149</ele>
				<time>2021-11-28T18:00:52Z</time>
			</trkpt>
			<trkpt lat="40.224164" lon="-105.915999">
				<ele>2646.935842</ele>
				<time>2021-11-28T18:01:07Z</time>
			</trkpt>
			<trkpt lat="40.22426" lon="-105.91535">
				<ele>2645.648396</ele>
				<time>2021-11-28T18:01:24Z</time>
			</trkpt>
			<trkpt lat="40.224415" lon="-105.915007">
				<ele>2644.872165</ele>
				<time>2021-11-28T18:01:33Z</time>
			</trkpt>
			<trkpt lat="40.224644" lon="-105.91463">
				<ele>2643.933944</ele>
				<time>2021-11-28T18:01:44Z</time>
			</trkpt>
			<trkpt lat="40.224925" lon="-105.914359">
				<ele>2643.120419</ele>
				<time>2021-11-28T18:01:55Z</time>
			</trkpt>
			<trkpt lat="40.225369" lon="-105.91405">
				<ele>2642.089074</ele>
				<time>2021-11-28T18:02:10Z</time>
			</trkpt>
			<trkpt lat="40.225821" lon="-105.913665">
				<ele>2640.98309</ele>
				<time>2021-11-28T18:02:27Z</time>
			</trkpt>
			<trkpt lat="40.226309" lon="-105.913204">
				<ele>2639.748877</ele>
				<time>2021-11-28T18:02:48Z</time>
			</trkpt>
			<trkpt lat="40.226661" lon="-105.912776">
				<ele>2641.381355</ele>
				<time>2021-11-28T18:03:07Z</time>
			</trkpt>
			<trkpt lat="40.226706" lon="-105.912651">
				<ele>2641.741998</ele>
				<time>2021-11-28T18:03:12Z</time>
			</trkpt>
			<trkpt lat="40.22676" lon="-105.912505">
				<ele>2642.165351</ele>
				<time>2021-11-28T18:03:18Z</time>
			</trkpt>
			<trkpt lat="40.226889" lon="-105.91173">
				<ele>2644.23529</ele>
				<time>2021-11-28T18:03:54Z</time>
			</trkpt>
			<trkpt lat="40.226908" lon="-105.910852">
				<ele>2646.746635</ele>
				<time>2021-11-28T18:04:41Z</time>
			</trkpt>
			<trkpt lat="40.22699" lon="-105.910534">
				<ele>2647.925236</ele>
				<time>2021-11-28T18:04:58Z</time>
			</trkpt>
			<trkpt lat="40.227276" lon="-105.91008">
				<ele>2649.992021</ele>
				<time>2021-11-28T18:05:27Z</time>
			</trkpt>
			<trkpt lat="40.227283" lon="-105.909807">
				<ele>2650.951176</ele>
				<time>2021-11-28T18:05:39Z</time>
			</trkpt>
			<trkpt lat="40.227285" lon="-105.909727">
				<ele>2651.23224</ele>
				<time>2021-11-28T18:05:43Z</time>
			</trkpt>
			<trkpt lat="40.227161" lon="-105.909245">
				<ele>2653.018241</ele>
				<time>2021-11-28T18:06:04Z</time>
			</trkpt>
			<trkpt lat="40.226827" lon="-105.908715">
				<ele>2654.866537</ele>
				<time>2021-11-28T18:06:31Z</time>
			</trkpt>
			<trkpt lat="40.226317" lon="-105.908214">
				<ele>2656.490386</ele>
				<time>2021-11-28T18:07:02Z</time>
			</trkpt>
			<trkpt lat="40.226209" lon="-105.907973">
				<ele>2657.033846</ele>
				<time>2021-11-28T18:07:12Z</time>
			</trkpt>
			<trkpt lat="40.226239" lon="-105.907651">
				<ele>2657.66471</ele>
				<time>2021-11-28T18:07:23Z</time>
			</trkpt>
			<trkpt lat="40.22651" lon="-105.907093">
				<ele>2659.162387</ele>
				<time>2021-11-28T18:07:48Z</time>
			</trkpt>
			<trkpt lat="40.226671" lon="-105.906763">
				<ele>2660.713934</ele>
				<time>2021-11-28T18:08:04Z</time>
			</trkpt>
			<trkpt lat="40.226793" lon="-105.906512">
				<ele>2661.892772</ele>
				<time>2021-11-28T18:08:17Z</time>
			</trkpt>
			<trkpt lat="40.226869" lon="-105.906281">
				<ele>2662.889313</ele>
				<time>2021-11-28T18:08:30Z</time>
			</trkpt>
			<trkpt lat="40.226936" lon="-105.905956">
				<ele>2664.223024</ele>
				<time>2021-11-28T18:08:47Z</time>
			</trkpt>
			<trkpt lat="40.226933" lon="-105.905698">
				<ele>2665.245297</ele>
				<time>2021-11-28T18:09:02Z</time>
			</trkpt>
			<trkpt lat="40.226765" lon="-105.904969">
				<ele>2668.187138</ele>
				<time>2021-11-28T18:09:44Z</time>
			</trkpt>
			<trkpt lat="40.226361" lon="-105.903851">
				<ele>2671.066667</ele>
				<time>2021-11-28T18:10:40Z</time>
			</trkpt>
			<trkpt lat="40.226273" lon="-105.903704">
				<ele>2671.50154</ele>
				<time>2021-11-28T18:10:47Z</time>
			</trkpt>
			<trkpt lat="40.226177" lon="-105.903543">
				<ele>2671.977113</ele>
				<time>2021-11-28T18:10:54Z</time>
			</trkpt>
			<trkpt lat="40.226002" lon="-105.903461">
				<ele>2672.543836</ele>
				<time>2021-11-28T18:11:01Z</time>
			</trkpt>
			<trkpt lat="40.2255" lon="-105.90353">
				<ele>2673.701457</ele>
				<time>2021-11-28T18:11:20Z</time>
			</trkpt>
			<trkpt lat="40.225204" lon="-105.903283">
				<ele>2673.984079</ele>
				<time>2021-11-28T18:11:33Z</time>
			</trkpt>
			<trkpt lat="40.224994" lon="-105.902962">
				<ele>2674.243977</ele>
				<time>2021-11-28T18:11:45Z</time>
			</trkpt>
			<trkpt lat="40.224907" lon="-105.902464">
				<ele>2674.558073</ele>
				<time>2021-11-28T18:11:59Z</time>
			</trkpt>
			<trkpt lat="40.224961" lon="-105.902102">
				<ele>2674.784848</ele>
				<time>2021-11-28T18:12:11Z</time>
			</trkpt>
			<trkpt lat="40.225065" lon="-105.901834">
				<ele>2674.969683</ele>
				<time>2021-11-28T18:12:22Z</time>
			</trkpt>
			<trkpt lat="40.22527" lon="-105.901631">
				<ele>2676.06929</ele>
				<time>2021-11-28T18:12:35Z</time>
			</trkpt>
			<trkpt lat="40.225657" lon="-105.901331">
				<ele>2678.406132</ele>
				<time>2021-11-28T18:13:02Z</time>
			</trkpt>
			<trkpt lat="40.225806" lon="-105.90106">
				<ele>2679.731088</ele>
				<time>2021-11-28T18:13:19Z</time>
			</trkpt>
			<trkpt lat="40.225817" lon="-105.900849">
				<ele>2680.570174</ele>
				<time>2021-11-28T18:13:31Z</time>
			</trkpt>
			<trkpt lat="40.225494" lon="-105.899912">
				<ele>2684.611715</ele>
				<time>2021-11-28T18:14:27Z</time>
			</trkpt>
			<trkpt lat="40.225337" lon="-105.899179">
				<ele>2687.242907</ele>
				<time>2021-11-28T18:15:03Z</time>
			</trkpt>
			<trkpt lat="40.225052" lon="-105.89876">
				<ele>2689.182377</ele>
				<time>2021-11-28T18:15:27Z</time>
			</trkpt>
			<trkpt lat="40.224481" lon="-105.898378">
				<ele>2692.084811</ele>
				<time>2021-11-28T18:16:04Z</time>
			</trkpt>
			<trkpt lat="40.22438" lon="-105.89807">
				<ele>2693.132349</ele>
				<time>2021-11-28T18:16:18Z</time>
			</trkpt>
			<trkpt lat="40.224381" lon="-105.897822">
				<ele>2693.861268</ele>
				<time>2021-11-28T18:16:28Z</time>
			</trkpt>
			<trkpt lat="40.224526" lon="-105.897407">
				<ele>2695.202662</ele>
				<time>2021-11-28T18:16:47Z</time>
			</trkpt>
			<trkpt lat="40.224569" lon="-105.897104">
				<ele>2696.108474</ele>
				<time>2021-11-28T18:16:59Z</time>
			</trkpt>
			<trkpt lat="40.224391" lon="-105.896131">
				<ele>2699.049205</ele>
				<time>2021-11-28T18:17:43Z</time>
			</trkpt>
			<trkpt lat="40.2244" lon="-105.895755">
				<ele>2700.312702</ele>
				<time>2021-11-28T18:18:00Z</time>
			</trkpt>
			<trkpt lat="40.224485" lon="-105.89543">
				<ele>2701.540813</ele>
				<time>2021-11-28T18:18:17Z</time>
			</trkpt>
			<trkpt lat="40.224776" lon="-105.894932">
				<ele>2703.782647</ele>
				<time>2021-11-28T18:18:46Z</time>
			</trkpt>
			<trkpt lat="40.224885" lon="-105.89468">
				<ele>2704.81803</ele>
				<time>2021-11-28T18:19:00Z</time>
			</trkpt>
			<trkpt lat="40.225112" lon="-105.89377">
				<ele>2707.990229</ele>
				<time>2021-11-28T18:19:45Z</time>
			</trkpt>
			<trkpt lat="40.225187" lon="-105.893365">
				<ele>2708.53359</ele>
				<time>2021-11-28T18:20:03Z</time>
			</trkpt>
			<trkpt lat="40.225367" lon="-105.89239">
				<ele>2709.841455</ele>
				<time>2021-11-28T18:20:43Z</time>
			</trkpt>
			<trkpt lat="40.225366" lon="-105.891883">
				<ele>2710.502496</ele>
				<time>2021-11-28T18:20:59Z</time>
			</trkpt>
			<trkpt lat="40.225557" lon="-105.890247">
				<ele>2705.487514</ele>
				<time>2021-11-28T18:21:37Z</time>
			</trkpt>
			<trkpt lat="40.225554" lon="-105.889857">
				<ele>2703.902454</ele>
				<time>2021-11-28T18:21:45Z</time>
			</trkpt>
			<trkpt lat="40.225446" lon="-105.889408">
				<ele>2701.989283</ele>
				<time>2021-11-28T18:21:55Z</time>
			</trkpt>
			<trkpt lat="40.225296" lon="-105.889161">
				<ele>2700.281061</ele>
				<time>2021-11-28T18:22:01Z</time>
			</trkpt>
			<trkpt lat="40.224673" lon="-105.888657">
				<ele>2693.78135</ele>
				<time>2021-11-28T18:22:20Z</time>
			</trkpt>
			<trkpt lat="40.224208" lon="-105.888216">
				<ele>2688.685449</ele>
				<time>2021-11-28T18:22:35Z</time>
			</trkpt>
			<trkpt lat="40.224208" lon="-105.888216">
				<ele>2688.685449</ele>
				<time>2021-11-28T18:22:35Z</time>
			</trkpt>
			<trkpt lat="40.224071" lon="-105.88812">
				<ele>2687.306302</ele>
				<time>2021-11-28T18:22:39Z</time>
			</trkpt>
			<trkpt lat="40.223517" lon="-105.888049">
				<ele>2682.889127</ele>
				<time>2021-11-28T18:22:54Z</time>
			</trkpt>
			<trkpt lat="40.223217" lon="-105.887918">
				<ele>2680.56997</ele>
				<time>2021-11-28T18:23:02Z</time>
			</trkpt>
			<trkpt lat="40.222462" lon="-105.887831">
				<ele>2675.011672</ele>
				<time>2021-11-28T18:23:23Z</time>
			</trkpt>
			<trkpt lat="40.222118" lon="-105.887754">
				<ele>2672.452315</ele>
				<time>2021-11-28T18:23:32Z</time>
			</trkpt>
			<trkpt lat="40.221008" lon="-105.887505">
				<ele>2665.250449</ele>
				<time>2021-11-28T18:24:04Z</time>
			</trkpt>
			<trkpt lat="40.220067" lon="-105.887558">
				<ele>2659.399652</ele>
				<time>2021-11-28T18:24:30Z</time>
			</trkpt>
			<trkpt lat="40.219902" lon="-105.887537">
				<ele>2658.446426</ele>
				<time>2021-11-28T18:24:35Z</time>
			</trkpt>
			<trkpt lat="40.219651" lon="-105.887506">
				<ele>2656.996761</ele>
				<time>2021-11-28T18:24:42Z</time>
			</trkpt>
			<trkpt lat="40.21906" lon="-105.887326">
				<ele>2653.507799</ele>
				<time>2021-11-28T18:24:59Z</time>
			</trkpt>
			<trkpt lat="40.218701" lon="-105.887288">
				<ele>2651.436802</ele>
				<time>2021-11-28T18:25:09Z</time>
			</trkpt>
			<trkpt lat="40.21761" lon="-105.887349">
				<ele>2644.42225</ele>
				<time>2021-11-28T18:25:40Z</time>
			</trkpt>
			<trkpt lat="40.217486" lon="-105.887323">
				<ele>2643.598837</ele>
				<time>2021-11-28T18:25:43Z</time>
			</trkpt>
			<trkpt lat="40.217356" lon="-105.887239">
				<ele>2642.648328</ele>
				<time>2021-11-28T18:25:47Z</time>
			</trkpt>
			<trkpt lat="40.216833" lon="-105.886661">
				<ele>2638.132011</ele>
				<time>2021-11-28T18:26:06Z</time>
			</trkpt>
			<trkpt lat="40.216695" lon="-105.886586">
				<ele>2637.088207</ele>
				<time>2021-11-28T18:26:10Z</time>
			</trkpt>
			<trkpt lat="40.216495" lon="-105.886549">
				<ele>2635.677118</ele>
				<time>2021-11-28T18:26:15Z</time>
			</trkpt>
			<trkpt lat="40.216088" lon="-105.886592">
				<ele>2632.824544</ele>
				<time>2021-11-28T18:26:26Z</time>
			</trkpt>
			<trkpt lat="40.215863" lon="-105.886539">
				<ele>2631.227449</ele>
				<time>2021-11-28T18:26:32Z</time>
			</trkpt>
			<trkpt lat="40.215584" lon="-105.886429">
				<ele>2629.191911</ele>
				<time>2021-11-28T18:26:40Z</time>
			</trkpt>
			<trkpt lat="40.214888" lon="-105.885917">
				<ele>2625.100735</ele>
				<time>2021-11-28T18:27:03Z</time>
			</trkpt>
			<trkpt lat="40.214625" lon="-105.885888">
				<ele>2624.386368</ele>
				<time>2021-11-28T18:27:07Z</time>
			</trkpt>
			<trkpt lat="40.211827" lon="-105.88591">
				<ele>2618.721377</ele>
				<time>2021-11-28T18:28:01Z</time>
			</trkpt>
			<trkpt lat="40.210777" lon="-105.885882">
				<ele>2614.643641</ele>
				<time>2021-11-28T18:28:20Z</time>
			</trkpt>
			<trkpt lat="40.210714" lon="-105.885851">
				<ele>2614.347655</ele>
				<time>2021-11-28T18:28:21Z</time>
			</trkpt>
			<trkpt lat="40.2106" lon="-105.885794">
				<ele>2613.810985</ele>
				<time>2021-11-28T18:28:23Z</time>
			</trkpt>
			<trkpt lat="40.210438" lon="-105.885593">
				<ele>2612.829488</ele>
				<time>2021-11-28T18:28:26Z</time>
			</trkpt>
			<trkpt lat="40.210098" lon="-105.884978">
				<ele>2610.048598</ele>
				<time>2021-11-28T18:28:35Z</time>
			</trkpt>
			<trkpt lat="40.209934" lon="-105.884786">
				<ele>2608.170375</ele>
				<time>2021-11-28T18:28:38Z</time>
			</trkpt>
			<trkpt lat="40.209681" lon="-105.884655">
				<ele>2605.847575</ele>
				<time>2021-11-28T18:28:42Z</time>
			</trkpt>
			<trkpt lat="40.209101" lon="-105.88455">
				<ele>2600.848566</ele>
				<time>2021-11-28T18:28:51Z</time>
			</trkpt>
			<trkpt lat="40.208326" lon="-105.88437">
				<ele>2594.539222</ele>
				<time>2021-11-28T18:29:02Z</time>
			</trkpt>
			<trkpt lat="40.207553" lon="-105.884247">
				<ele>2590.516716</ele>
				<time>2021-11-28T18:29:14Z</time>
			</trkpt>
			<trkpt lat="40.207111" lon="-105.884353">
				<ele>2588.195471</ele>
				<time>2021-11-28T18:29:21Z</time>
			</trkpt>
			<trkpt lat="40.206758" lon="-105.884466">
				<ele>2586.318255</ele>
				<time>2021-11-28T18:29:27Z</time>
			</trkpt>
			<trkpt lat="40.206497" lon="-105.884591">
				<ele>2585.720217</ele>
				<time>2021-11-28T18:29:33Z</time>
			</trkpt>
			<trkpt lat="40.206279" lon="-105.884744">
				<ele>2585.518697</ele>
				<time>2021-11-28T18:29:38Z</time>
			</trkpt>
			<trkpt lat="40.205228" lon="-105.885841">
				<ele>2584.423619</ele>
				<time>2021-11-28T18:30:07Z</time>
			</trkpt>
			<trkpt lat="40.204943" lon="-105.886027">
				<ele>2583.939737</ele>
				<time>2021-11-28T18:30:13Z</time>
			</trkpt>
			<trkpt lat="40.204658" lon="-105.886056">
				<ele>2583.495595</ele>
				<time>2021-11-28T18:30:19Z</time>
			</trkpt>
			<trkpt lat="40.204358" lon="-105.886056">
				<ele>2583.029482</ele>
				<time>2021-11-28T18:30:24Z</time>
			</trkpt>
			<trkpt lat="40.203861" lon="-105.885889">
				<ele>2582.232267</ele>
				<time>2021-11-28T18:30:34Z</time>
			</trkpt>
			<trkpt lat="40.203537" lon="-105.885901">
				<ele>2581.728664</ele>
				<time>2021-11-28T18:30:40Z</time>
			</trkpt>
			<trkpt lat="40.203197" lon="-105.88598">
				<ele>2580.971596</ele>
				<time>2021-11-28T18:30:46Z</time>
			</trkpt>
			<trkpt lat="40.202639" lon="-105.886204">
				<ele>2579.594102</ele>
				<time>2021-11-28T18:30:56Z</time>
			</trkpt>
			<trkpt lat="40.199833" lon="-105.887455">
				<ele>2573.140969</ele>
				<time>2021-11-28T18:31:50Z</time>
			</trkpt>
			<trkpt lat="40.199734" lon="-105.88764">
				<ele>2572.897351</ele>
				<time>2021-11-28T18:31:53Z</time>
			</trkpt>
			<trkpt lat="40.199385" lon="-105.888869">
				<ele>2571.483233</ele>
				<time>2021-11-28T18:32:13Z</time>
			</trkpt>
			<trkpt lat="40.198917" lon="-105.889637">
				<ele>2570.37981</ele>
				<time>2021-11-28T18:32:27Z</time>
			</trkpt>
			<trkpt lat="40.198522" lon="-105.890205">
				<ele>2569.477853</ele>
				<time>2021-11-28T18:32:38Z</time>
			</trkpt>
			<trkpt lat="40.198155" lon="-105.89057">
				<ele>2568.769347</ele>
				<time>2021-11-28T18:32:46Z</time>
			</trkpt>
			<trkpt lat="40.197856" lon="-105.890687">
				<ele>2568.28961</ele>
				<time>2021-11-28T18:32:52Z</time>
			</trkpt>
			<trkpt lat="40.197592" lon="-105.890743">
				<ele>2568.299275</ele>
				<time>2021-11-28T18:32:58Z</time>
			</trkpt>
			<trkpt lat="40.197341" lon="-105.890746">
				<ele>2568.50572</ele>
				<time>2021-11-28T18:33:03Z</time>
			</trkpt>
			<trkpt lat="40.197101" lon="-105.890646">
				<ele>2568.712866</ele>
				<time>2021-11-28T18:33:09Z</time>
			</trkpt>
			<trkpt lat="40.196774" lon="-105.890407">
				<ele>2569.020882</ele>
				<time>2021-11-28T18:33:19Z</time>
			</trkpt>
			<trkpt lat="40.196438" lon="-105.890076">
				<ele>2569.366724</ele>
				<time>2021-11-28T18:33:32Z</time>
			</trkpt>
			<trkpt lat="40.19615" lon="-105.889795">
				<ele>2569.688178</ele>
				<time>2021-11-28T18:33:45Z</time>
			</trkpt>
			<trkpt lat="40.196006" lon="-105.8897">
				<ele>2569.935079</ele>
				<time>2021-11-28T18:33:51Z</time>
			</trkpt>
			<trkpt lat="40.194308" lon="-105.889832">
				<ele>2572.151677</ele>
				<time>2021-11-28T18:34:44Z</time>
			</trkpt>
			<trkpt lat="40.194127" lon="-105.889782">
				<ele>2571.719794</ele>
				<time>2021-11-28T18:34:47Z</time>
			</trkpt>
			<trkpt lat="40.194043" lon="-105.889734">
				<ele>2571.505813</ele>
				<time>2021-11-28T18:34:49Z</time>
			</trkpt>
			<trkpt lat="40.192549" lon="-105.887981">
				<ele>2565.030598</ele>
				<time>2021-11-28T18:35:23Z</time>
			</trkpt>
			<trkpt lat="40.192421" lon="-105.88768">
				<ele>2563.609926</ele>
				<time>2021-11-28T18:35:27Z</time>
			</trkpt>
			<trkpt lat="40.192356" lon="-105.885969">
				<ele>2556.108301</ele>
				<time>2021-11-28T18:35:47Z</time>
			</trkpt>
			<trkpt lat="40.192305" lon="-105.883517">
				<ele>2544.262796</ele>
				<time>2021-11-28T18:36:16Z</time>
			</trkpt>
			<trkpt lat="40.192309" lon="-105.882581">
				<ele>2540.452124</ele>
				<time>2021-11-28T18:36:27Z</time>
			</trkpt>
			<trkpt lat="40.192317" lon="-105.880877">
				<ele>2534.68265</ele>
				<time>2021-11-28T18:36:48Z</time>
			</trkpt>
			<trkpt lat="40.192291" lon="-105.880295">
				<ele>2533.108297</ele>
				<time>2021-11-28T18:36:55Z</time>
			</trkpt>
			<trkpt lat="40.192187" lon="-105.879861">
				<ele>2531.879981</ele>
				<time>2021-11-28T18:37:01Z</time>
			</trkpt>
			<trkpt lat="40.191557" lon="-105.880262">
				<ele>2529.978641</ele>
				<time>2021-11-28T18:37:14Z</time>
			</trkpt>
			<trkpt lat="40.190699" lon="-105.880878">
				<ele>2528.147964</ele>
				<time>2021-11-28T18:37:33Z</time>
			</trkpt>
			<trkpt lat="40.188329" lon="-105.88262">
				<ele>2525.990579</ele>
				<time>2021-11-28T18:38:31Z</time>
			</trkpt>
			<trkpt lat="40.188249" lon="-105.882677">
				<ele>2525.981071</ele>
				<time>2021-11-28T18:38:33Z</time>
			</trkpt>
			<trkpt lat="40.186016" lon="-105.884258">
				<ele>2526.07537</ele>
				<time>2021-11-28T18:39:33Z</time>
			</trkpt>
			<trkpt lat="40.184889" lon="-105.8851">
				<ele>2526.28867</ele>
				<time>2021-11-28T18:40:05Z</time>
			</trkpt>
			<trkpt lat="40.184382" lon="-105.885639">
				<ele>2526.390382</ele>
				<time>2021-11-28T18:40:21Z</time>
			</trkpt>
			<trkpt lat="40.184146" lon="-105.886031">
				<ele>2526.447504</ele>
				<time>2021-11-28T18:40:30Z</time>
			</trkpt>
			<trkpt lat="40.183909" lon="-105.886621">
				<ele>2526.420878</ele>
				<time>2021-11-28T18:40:42Z</time>
			</trkpt>
			<trkpt lat="40.183295" lon="-105.888632">
				<ele>2526.911287</ele>
				<time>2021-11-28T18:41:19Z</time>
			</trkpt>
			<trkpt lat="40.182989" lon="-105.889552">
				<ele>2528.047555</ele>
				<time>2021-11-28T18:41:42Z</time>
			</trkpt>
			<trkpt lat="40.182726" lon="-105.890104">
				<ele>2528.784242</ele>
				<time>2021-11-28T18:41:59Z</time>
			</trkpt>
			<trkpt lat="40.182364" lon="-105.890704">
				<ele>2530.039274</ele>
				<time>2021-11-28T18:42:22Z</time>
			</trkpt>
			<trkpt lat="40.181815" lon="-105.891414">
				<ele>2531.890088</ele>
				<time>2021-11-28T18:42:52Z</time>
			</trkpt>
			<trkpt lat="40.181115" lon="-105.892294">
				<ele>2533.008523</ele>
				<time>2021-11-28T18:43:22Z</time>
			</trkpt>
			<trkpt lat="40.17888" lon="-105.895199">
				<ele>2529.398293</ele>
				<time>2021-11-28T18:44:24Z</time>
			</trkpt>
			<trkpt lat="40.177967" lon="-105.896323">
				<ele>2529.219398</ele>
				<time>2021-11-28T18:44:57Z</time>
			</trkpt>
			<trkpt lat="40.176032" lon="-105.898801">
				<ele>2527.738684</ele>
				<time>2021-11-28T18:45:55Z</time>
			</trkpt>
			<trkpt lat="40.175615" lon="-105.899267">
				<ele>2527.25145</ele>
				<time>2021-11-28T18:46:06Z</time>
			</trkpt>
			<trkpt lat="40.175318" lon="-105.899543">
				<ele>2526.92778</ele>
				<time>2021-11-28T18:46:14Z</time>
			</trkpt>
			<trkpt lat="40.174954" lon="-105.899832">
				<ele>2526.549474</ele>
				<time>2021-11-28T18:46:23Z</time>
			</trkpt>
			<trkpt lat="40.174509" lon="-105.900123">
				<ele>2526.703537</ele>
				<time>2021-11-28T18:46:34Z</time>
			</trkpt>
			<trkpt lat="40.173985" lon="-105.900387">
				<ele>2527.244938</ele>
				<time>2021-11-28T18:46:49Z</time>
			</trkpt>
			<trkpt lat="40.173645" lon="-105.900499">
				<ele>2527.583001</ele>
				<time>2021-11-28T18:46:59Z</time>
			</trkpt>
			<trkpt lat="40.173089" lon="-105.900637">
				<ele>2528.129202</ele>
				<time>2021-11-28T18:47:18Z</time>
			</trkpt>
			<trkpt lat="40.172685" lon="-105.900694">
				<ele>2528.721513</ele>
				<time>2021-11-28T18:47:31Z</time>
			</trkpt>
			<trkpt lat="40.172158" lon="-105.900699">
				<ele>2529.489725</ele>
				<time>2021-11-28T18:47:49Z</time>
			</trkpt>
			<trkpt lat="40.171647" lon="-105.90066">
				<ele>2530.235859</ele>
				<time>2021-11-28T18:48:05Z</time>
			</trkpt>
			<trkpt lat="40.171425" lon="-105.900601">
				<ele>2530.566067</ele>
				<time>2021-11-28T18:48:11Z</time>
			</trkpt>
			<trkpt lat="40.170684" lon="-105.900363">
				<ele>2530.244261</ele>
				<time>2021-11-28T18:48:29Z</time>
			</trkpt>
			<trkpt lat="40.170499" lon="-105.90029">
				<ele>2530.091061</ele>
				<time>2021-11-28T18:48:33Z</time>
			</trkpt>
			<trkpt lat="40.169058" lon="-105.899748">
				<ele>2528.896453</ele>
				<time>2021-11-28T18:49:02Z</time>
			</trkpt>
			<trkpt lat="40.168461" lon="-105.899566">
				<ele>2528.403687</ele>
				<time>2021-11-28T18:49:15Z</time>
			</trkpt>
			<trkpt lat="40.165975" lon="-105.898633">
				<ele>2528.198506</ele>
				<time>2021-11-28T18:50:18Z</time>
			</trkpt>
			<trkpt lat="40.163948" lon="-105.897931">
				<ele>2528.340967</ele>
				<time>2021-11-28T18:51:05Z</time>
			</trkpt>
			<trkpt lat="40.163725" lon="-105.897833">
				<ele>2528.483293</ele>
				<time>2021-11-28T18:51:11Z</time>
			</trkpt>
			<trkpt lat="40.163294" lon="-105.897591">
				<ele>2528.76705</ele>
				<time>2021-11-28T18:51:23Z</time>
			</trkpt>
			<trkpt lat="40.162694" lon="-105.897185">
				<ele>2529.180524</ele>
				<time>2021-11-28T18:51:43Z</time>
			</trkpt>
			<trkpt lat="40.162394" lon="-105.896918">
				<ele>2529.542156</ele>
				<time>2021-11-28T18:51:54Z</time>
			</trkpt>
			<trkpt lat="40.162098" lon="-105.896613">
				<ele>2529.917685</ele>
				<time>2021-11-28T18:52:05Z</time>
			</trkpt>
			<trkpt lat="40.161438" lon="-105.895787">
				<ele>2530.827986</ele>
				<time>2021-11-28T18:52:30Z</time>
			</trkpt>
			<trkpt lat="40.160557" lon="-105.89458">
				<ele>2531.523587</ele>
				<time>2021-11-28T18:53:03Z</time>
			</trkpt>
			<trkpt lat="40.160215" lon="-105.894116">
				<ele>2531.766241</ele>
				<time>2021-11-28T18:53:16Z</time>
			</trkpt>
			<trkpt lat="40.159742" lon="-105.893374">
				<ele>2531.826547</ele>
				<time>2021-11-28T18:53:34Z</time>
			</trkpt>
			<trkpt lat="40.159248" lon="-105.892533">
				<ele>2531.79767</ele>
				<time>2021-11-28T18:53:54Z</time>
			</trkpt>
			<trkpt lat="40.158643" lon="-105.891666">
				<ele>2531.480703</ele>
				<time>2021-11-28T18:54:13Z</time>
			</trkpt>
			<trkpt lat="40.158059" lon="-105.891064">
				<ele>2531.01618</ele>
				<time>2021-11-28T18:54:28Z</time>
			</trkpt>
			<trkpt lat="40.157544" lon="-105.890656">
				<ele>2530.716893</ele>
				<time>2021-11-28T18:54:41Z</time>
			</trkpt>
			<trkpt lat="40.157235" lon="-105.890454">
				<ele>2531.369227</ele>
				<time>2021-11-28T18:54:51Z</time>
			</trkpt>
			<trkpt lat="40.156897" lon="-105.890277">
				<ele>2532.056772</ele>
				<time>2021-11-28T18:55:02Z</time>
			</trkpt>
			<trkpt lat="40.155001" lon="-105.889604">
				<ele>2534.919932</ele>
				<time>2021-11-28T18:56:14Z</time>
			</trkpt>
			<trkpt lat="40.153827" lon="-105.889212">
				<ele>2534.868784</ele>
				<time>2021-11-28T18:56:40Z</time>
			</trkpt>
			<trkpt lat="40.152207" lon="-105.888745">
				<ele>2530.260389</ele>
				<time>2021-11-28T18:57:10Z</time>
			</trkpt>
			<trkpt lat="40.151637" lon="-105.888616">
				<ele>2528.899809</ele>
				<time>2021-11-28T18:57:20Z</time>
			</trkpt>
			<trkpt lat="40.15121" lon="-105.88858">
				<ele>2527.8934</ele>
				<time>2021-11-28T18:57:28Z</time>
			</trkpt>
			<trkpt lat="40.150749" lon="-105.88862">
				<ele>2526.806722</ele>
				<time>2021-11-28T18:57:37Z</time>
			</trkpt>
			<trkpt lat="40.150241" lon="-105.888736">
				<ele>2526.291059</ele>
				<time>2021-11-28T18:57:48Z</time>
			</trkpt>
			<trkpt lat="40.149968" lon="-105.888854">
				<ele>2526.164696</ele>
				<time>2021-11-28T18:57:55Z</time>
			</trkpt>
			<trkpt lat="40.149368" lon="-105.88917">
				<ele>2525.880428</ele>
				<time>2021-11-28T18:58:09Z</time>
			</trkpt>
			<trkpt lat="40.148364" lon="-105.889786">
				<ele>2525.555968</ele>
				<time>2021-11-28T18:58:34Z</time>
			</trkpt>
			<trkpt lat="40.147632" lon="-105.890121">
				<ele>2525.422541</ele>
				<time>2021-11-28T18:58:52Z</time>
			</trkpt>
			<trkpt lat="40.146945" lon="-105.890316">
				<ele>2525.322434</ele>
				<time>2021-11-28T18:59:08Z</time>
			</trkpt>
			<trkpt lat="40.146097" lon="-105.890429">
				<ele>2525.237257</ele>
				<time>2021-11-28T18:59:27Z</time>
			</trkpt>
			<trkpt lat="40.143881" lon="-105.890514">
				<ele>2524.565522</ele>
				<time>2021-11-28T19:00:18Z</time>
			</trkpt>
			<trkpt lat="40.143357" lon="-105.890651">
				<ele>2523.47036</ele>
				<time>2021-11-28T19:00:29Z</time>
			</trkpt>
			<trkpt lat="40.143166" lon="-105.890735">
				<ele>2522.786656</ele>
				<time>2021-11-28T19:00:33Z</time>
			</trkpt>
			<trkpt lat="40.142829" lon="-105.89094">
				<ele>2521.525638</ele>
				<time>2021-11-28T19:00:39Z</time>
			</trkpt>
			<trkpt lat="40.142454" lon="-105.891271">
				<ele>2519.990712</ele>
				<time>2021-11-28T19:00:47Z</time>
			</trkpt>
			<trkpt lat="40.142129" lon="-105.891661">
				<ele>2518.494298</ele>
				<time>2021-11-28T19:00:55Z</time>
			</trkpt>
			<trkpt lat="40.141346" lon="-105.892829">
				<ele>2511.948178</ele>
				<time>2021-11-28T19:01:14Z</time>
			</trkpt>
			<trkpt lat="40.140245" lon="-105.894466">
				<ele>2504.471897</ele>
				<time>2021-11-28T19:01:41Z</time>
			</trkpt>
			<trkpt lat="40.139708" lon="-105.895101">
				<ele>2501.728485</ele>
				<time>2021-11-28T19:01:55Z</time>
			</trkpt>
			<trkpt lat="40.139128" lon="-105.895603">
				<ele>2500.507729</ele>
				<time>2021-11-28T19:02:09Z</time>
			</trkpt>
			<trkpt lat="40.138301" lon="-105.896139">
				<ele>2499.051078</ele>
				<time>2021-11-28T19:02:28Z</time>
			</trkpt>
			<trkpt lat="40.137833" lon="-105.896373">
				<ele>2497.517016</ele>
				<time>2021-11-28T19:02:38Z</time>
			</trkpt>
			<trkpt lat="40.13742" lon="-105.896519">
				<ele>2495.642371</ele>
				<time>2021-11-28T19:02:45Z</time>
			</trkpt>
			<trkpt lat="40.137186" lon="-105.896577">
				<ele>2494.598764</ele>
				<time>2021-11-28T19:02:49Z</time>
			</trkpt>
			<trkpt lat="40.136678" lon="-105.896644">
				<ele>2492.361479</ele>
				<time>2021-11-28T19:02:58Z</time>
			</trkpt>
			<trkpt lat="40.134845" lon="-105.896713">
				<ele>2480.712663</ele>
				<time>2021-11-28T19:03:27Z</time>
			</trkpt>
			<trkpt lat="40.133232" lon="-105.896885">
				<ele>2468.669</ele>
				<time>2021-11-28T19:03:52Z</time>
			</trkpt>
			<trkpt lat="40.131017" lon="-105.897075">
				<ele>2452.663959</ele>
				<time>2021-11-28T19:04:27Z</time>
			</trkpt>
			<trkpt lat="40.127952" lon="-105.8974">
				<ele>2438.111412</ele>
				<time>2021-11-28T19:05:18Z</time>
			</trkpt>
			<trkpt lat="40.127282" lon="-105.897509">
				<ele>2435.655065</ele>
				<time>2021-11-28T19:05:31Z</time>
			</trkpt>
			<trkpt lat="40.126815" lon="-105.897638">
				<ele>2435.160191</ele>
				<time>2021-11-28T19:05:40Z</time>
			</trkpt>
			<trkpt lat="40.12619" lon="-105.897858">
				<ele>2434.489121</ele>
				<time>2021-11-28T19:05:54Z</time>
			</trkpt>
			<trkpt lat="40.125665" lon="-105.898096">
				<ele>2433.91302</ele>
				<time>2021-11-28T19:06:06Z</time>
			</trkpt>
			<trkpt lat="40.125116" lon="-105.898399">
				<ele>2433.41514</ele>
				<time>2021-11-28T19:06:19Z</time>
			</trkpt>
			<trkpt lat="40.124891" lon="-105.898574">
				<ele>2433.200876</ele>
				<time>2021-11-28T19:06:25Z</time>
			</trkpt>
			<trkpt lat="40.12436" lon="-105.899074">
				<ele>2432.665332</ele>
				<time>2021-11-28T19:06:39Z</time>
			</trkpt>
			<trkpt lat="40.123812" lon="-105.899673">
				<ele>2431.688929</ele>
				<time>2021-11-28T19:06:53Z</time>
			</trkpt>
			<trkpt lat="40.12325" lon="-105.900375">
				<ele>2430.253579</ele>
				<time>2021-11-28T19:07:08Z</time>
			</trkpt>
			<trkpt lat="40.122585" lon="-105.901268">
				<ele>2428.684969</ele>
				<time>2021-11-28T19:07:26Z</time>
			</trkpt>
			<trkpt lat="40.122301" lon="-105.901582">
				<ele>2428.226199</ele>
				<time>2021-11-28T19:07:34Z</time>
			</trkpt>
			<trkpt lat="40.120829" lon="-105.903568">
				<ele>2426.486351</ele>
				<time>2021-11-28T19:08:18Z</time>
			</trkpt>
			<trkpt lat="40.120258" lon="-105.904299">
				<ele>2426.196554</ele>
				<time>2021-11-28T19:08:37Z</time>
			</trkpt>
			<trkpt lat="40.119999" lon="-105.904641">
				<ele>2426.624472</ele>
				<time>2021-11-28T19:08:46Z</time>
			</trkpt>
			<trkpt lat="40.118532" lon="-105.906551">
				<ele>2429.479449</ele>
				<time>2021-11-28T19:09:49Z</time>
			</trkpt>
			<trkpt lat="40.118183" lon="-105.907">
				<ele>2430.391081</ele>
				<time>2021-11-28T19:10:06Z</time>
			</trkpt>
			<trkpt lat="40.117769" lon="-105.907568">
				<ele>2431.508409</ele>
				<time>2021-11-28T19:10:26Z</time>
			</trkpt>
			<trkpt lat="40.117208" lon="-105.908412">
				<ele>2432.312314</ele>
				<time>2021-11-28T19:10:54Z</time>
			</trkpt>
			<trkpt lat="40.116836" lon="-105.909059">
				<ele>2432.844838</ele>
				<time>2021-11-28T19:11:10Z</time>
			</trkpt>
			<trkpt lat="40.11656" lon="-105.909527">
				<ele>2433.121599</ele>
				<time>2021-11-28T19:11:20Z</time>
			</trkpt>
			<trkpt lat="40.116471" lon="-105.90971">
				<ele>2432.951326</ele>
				<time>2021-11-28T19:11:24Z</time>
			</trkpt>
			<trkpt lat="40.116109" lon="-105.91048">
				<ele>2432.241666</ele>
				<time>2021-11-28T19:11:38Z</time>
			</trkpt>
			<trkpt lat="40.115736" lon="-105.911327">
				<ele>2431.47427</ele>
				<time>2021-11-28T19:11:53Z</time>
			</trkpt>
			<trkpt lat="40.115714" lon="-105.911376">
				<ele>2431.429657</ele>
				<time>2021-11-28T19:11:54Z</time>
			</trkpt>
			<trkpt lat="40.115674" lon="-105.911473">
				<ele>2431.343132</ele>
				<time>2021-11-28T19:11:55Z</time>
			</trkpt>
			<trkpt lat="40.111836" lon="-105.920993">
				<ele>2424.576845</ele>
				<time>2021-11-28T19:14:49Z</time>
			</trkpt>
			<trkpt lat="40.109694" lon="-105.926329">
				<ele>2423.875262</ele>
				<time>2021-11-28T19:16:36Z</time>
			</trkpt>
			<trkpt lat="40.107941" lon="-105.930681">
				<ele>2420.279027</ele>
				<time>2021-11-28T19:17:54Z</time>
			</trkpt>
			<trkpt lat="40.105151" lon="-105.937615">
				<ele>2415.975131</ele>
				<time>2021-11-28T19:19:57Z</time>
			</trkpt>
			<trkpt lat="40.104362" lon="-105.9371">
				<ele>2417.277038</ele>
				<time>2021-11-28T19:20:31Z</time>
			</trkpt>
			<trkpt lat="40.104101" lon="-105.936959">
				<ele>2418.716945</ele>
				<time>2021-11-28T19:20:45Z</time>
			</trkpt>
			<trkpt lat="40.103911" lon="-105.936915">
				<ele>2419.700788</ele>
				<time>2021-11-28T19:20:55Z</time>
			</trkpt>
			<trkpt lat="40.103718" lon="-105.936909">
				<ele>2420.685125</ele>
				<time>2021-11-28T19:21:05Z</time>
			</trkpt>
			<trkpt lat="40.103539" lon="-105.936941">
				<ele>2421.606294</ele>
				<time>2021-11-28T19:21:15Z</time>
			</trkpt>
			<trkpt lat="40.103343" lon="-105.937008">
				<ele>2422.639244</ele>
				<time>2021-11-28T19:21:26Z</time>
			</trkpt>
			<trkpt lat="40.103254" lon="-105.937067">
				<ele>2423.148036</ele>
				<time>2021-11-28T19:21:32Z</time>
			</trkpt>
			<trkpt lat="40.10317" lon="-105.937124">
				<ele>2423.630584</ele>
				<time>2021-11-28T19:21:37Z</time>
			</trkpt>
			<trkpt lat="40.102289" lon="-105.937987">
				<ele>2428.168517</ele>
				<time>2021-11-28T19:22:24Z</time>
			</trkpt>
			<trkpt lat="40.102081" lon="-105.938126">
				<ele>2428.963768</ele>
				<time>2021-11-28T19:22:33Z</time>
			</trkpt>
			<trkpt lat="40.101717" lon="-105.938281">
				<ele>2430.267027</ele>
				<time>2021-11-28T19:22:46Z</time>
			</trkpt>
			<trkpt lat="40.101449" lon="-105.938337">
				<ele>2431.190974</ele>
				<time>2021-11-28T19:22:54Z</time>
			</trkpt>
			<trkpt lat="40.098241" lon="-105.938516">
				<ele>2443.497889</ele>
				<time>2021-11-28T19:25:06Z</time>
			</trkpt>
			<trkpt lat="40.096805" lon="-105.938558">
				<ele>2449.256403</ele>
				<time>2021-11-28T19:26:14Z</time>
			</trkpt>
			<trkpt lat="40.094751" lon="-105.938648">
				<ele>2455.374708</ele>
				<time>2021-11-28T19:27:30Z</time>
			</trkpt>
			<trkpt lat="40.09404" lon="-105.938667">
				<ele>2456.881324</ele>
				<time>2021-11-28T19:27:51Z</time>
			</trkpt>
			<trkpt lat="40.093215" lon="-105.938709">
				<ele>2456.754231</ele>
				<time>2021-11-28T19:28:10Z</time>
			</trkpt>
			<trkpt lat="40.093033" lon="-105.938712">
				<ele>2456.695352</ele>
				<time>2021-11-28T19:28:14Z</time>
			</trkpt>
			<trkpt lat="40.092744" lon="-105.938723">
				<ele>2456.601826</ele>
				<time>2021-11-28T19:28:20Z</time>
			</trkpt>
			<trkpt lat="40.092445" lon="-105.938735">
				<ele>2456.505058</ele>
				<time>2021-11-28T19:28:26Z</time>
			</trkpt>
			<trkpt lat="40.091955" lon="-105.938763">
				<ele>2455.98332</ele>
				<time>2021-11-28T19:28:36Z</time>
			</trkpt>
			<trkpt lat="40.09184" lon="-105.93877">
				<ele>2455.764662</ele>
				<time>2021-11-28T19:28:38Z</time>
			</trkpt>
			<trkpt lat="40.091773" lon="-105.938773">
				<ele>2455.637334</ele>
				<time>2021-11-28T19:28:39Z</time>
			</trkpt>
			<trkpt lat="40.091517" lon="-105.938784">
				<ele>2455.150847</ele>
				<time>2021-11-28T19:28:44Z</time>
			</trkpt>
			<trkpt lat="40.090978" lon="-105.938809">
				<ele>2454.126474</ele>
				<time>2021-11-28T19:28:54Z</time>
			</trkpt>
			<trkpt lat="40.090177" lon="-105.938843">
				<ele>2452.295743</ele>
				<time>2021-11-28T19:29:08Z</time>
			</trkpt>
			<trkpt lat="40.089677" lon="-105.938872">
				<ele>2450.612595</ele>
				<time>2021-11-28T19:29:17Z</time>
			</trkpt>
			<trkpt lat="40.089141" lon="-105.938896">
				<ele>2448.808977</ele>
				<time>2021-11-28T19:29:26Z</time>
			</trkpt>
			<trkpt lat="40.089271" lon="-105.94007">
				<ele>2444.669855</ele>
				<time>2021-11-28T19:29:41Z</time>
			</trkpt>
			<trkpt lat="40.088837" lon="-105.940149">
				<ele>2441.860013</ele>
				<time>2021-11-28T19:29:48Z</time>
			</trkpt>
			<trkpt lat="40.088343" lon="-105.940238">
				<ele>2438.662335</ele>
				<time>2021-11-28T19:29:55Z</time>
			</trkpt>
			<trkpt lat="40.087899" lon="-105.940319">
				<ele>2435.787628</ele>
				<time>2021-11-28T19:30:02Z</time>
			</trkpt>
			<trkpt lat="40.087433" lon="-105.940403">
				<ele>2433.645293</ele>
				<time>2021-11-28T19:30:09Z</time>
			</trkpt>
			<trkpt lat="40.086994" lon="-105.940482">
				<ele>2431.74062</ele>
				<time>2021-11-28T19:30:16Z</time>
			</trkpt>
			<trkpt lat="40.086527" lon="-105.940568">
				<ele>2429.713575</ele>
				<time>2021-11-28T19:30:23Z</time>
			</trkpt>
			<trkpt lat="40.086162" lon="-105.940633">
				<ele>2428.130267</ele>
				<time>2021-11-28T19:30:30Z</time>
			</trkpt>
			<trkpt lat="40.086064" lon="-105.94065">
				<ele>2427.705358</ele>
				<time>2021-11-28T19:30:32Z</time>
			</trkpt>
			<trkpt lat="40.08557" lon="-105.94074">
				<ele>2427.625302</ele>
				<time>2021-11-28T19:30:42Z</time>
			</trkpt>
			<trkpt lat="40.085524" lon="-105.940324">
				<ele>2427.582331</ele>
				<time>2021-11-28T19:30:50Z</time>
			</trkpt>
			<trkpt lat="40.085388" lon="-105.939075">
				<ele>2427.453356</ele>
				<time>2021-11-28T19:31:15Z</time>
			</trkpt>
			<trkpt lat="40.085339" lon="-105.938605">
				<ele>2427.592514</ele>
				<time>2021-11-28T19:31:24Z</time>
			</trkpt>
			<trkpt lat="40.085214" lon="-105.937412">
				<ele>2427.968151</ele>
				<time>2021-11-28T19:31:47Z</time>
			</trkpt>
			<trkpt lat="40.085159" lon="-105.936918">
				<ele>2428.12388</ele>
				<time>2021-11-28T19:31:57Z</time>
			</trkpt>
			<trkpt lat="40.085128" lon="-105.936624">
				<ele>2428.200319</ele>
				<time>2021-11-28T19:32:03Z</time>
			</trkpt>
			<trkpt lat="40.085037" lon="-105.935731">
				<ele>2428.339164</ele>
				<time>2021-11-28T19:32:20Z</time>
			</trkpt>
			<trkpt lat="40.085034" lon="-105.935703">
				<ele>2428.343521</ele>
				<time>2021-11-28T19:32:21Z</time>
			</trkpt>
			<trkpt lat="40.084954" lon="-105.934956">
				<ele>2428.459771</ele>
				<time>2021-11-28T19:32:35Z</time>
			</trkpt>
			<trkpt lat="40.084856" lon="-105.934042">
				<ele>2428.44592</ele>
				<time>2021-11-28T19:32:51Z</time>
			</trkpt>
			<trkpt lat="40.084708" lon="-105.932387">
				<ele>2427.975713</ele>
				<time>2021-11-28T19:33:19Z</time>
			</trkpt>
			<trkpt lat="40.08465" lon="-105.931857">
				<ele>2427.790794</ele>
				<time>2021-11-28T19:33:28Z</time>
			</trkpt>
			<trkpt lat="40.084491" lon="-105.931318">
				<ele>2427.53405</ele>
				<time>2021-11-28T19:33:37Z</time>
			</trkpt>
			<trkpt lat="40.084354" lon="-105.93102">
				<ele>2427.379535</ele>
				<time>2021-11-28T19:33:43Z</time>
			</trkpt>
			<trkpt lat="40.084216" lon="-105.930791">
				<ele>2427.249978</ele>
				<time>2021-11-28T19:33:48Z</time>
			</trkpt>
			<trkpt lat="40.084048" lon="-105.930569">
				<ele>2427.1112</ele>
				<time>2021-11-28T19:33:53Z</time>
			</trkpt>
			<trkpt lat="40.083801" lon="-105.930322">
				<ele>2426.930539</ele>
				<time>2021-11-28T19:34:00Z</time>
			</trkpt>
			<trkpt lat="40.083481" lon="-105.930103">
				<ele>2426.76414</ele>
				<time>2021-11-28T19:34:07Z</time>
			</trkpt>
			<trkpt lat="40.082981" lon="-105.929905">
				<ele>2426.57241</ele>
				<time>2021-11-28T19:34:19Z</time>
			</trkpt>
			<trkpt lat="40.081989" lon="-105.929585">
				<ele>2426.197437</ele>
				<time>2021-11-28T19:34:42Z</time>
			</trkpt>
			<trkpt lat="40.081972" lon="-105.929828">
				<ele>2426.145608</ele>
				<time>2021-11-28T19:34:46Z</time>
			</trkpt>
			<trkpt lat="40.08227" lon="-105.930308">
				<ele>2426.030376</ele>
				<time>2021-11-28T19:34:57Z</time>
			</trkpt>
			<trkpt lat="40.082315" lon="-105.930438">
				<ele>2426.003777</ele>
				<time>2021-11-28T19:34:59Z</time>
			</trkpt>
			<trkpt lat="40.082386" lon="-105.930807">
				<ele>2425.932848</ele>
				<time>2021-11-28T19:35:06Z</time>
			</trkpt>
			<trkpt lat="40.082406" lon="-105.931447">
				<ele>2425.813442</ele>
				<time>2021-11-28T19:35:17Z</time>
			</trkpt>
			<trkpt lat="40.082182" lon="-105.931533">
				<ele>2425.756559</ele>
				<time>2021-11-28T19:35:25Z</time>
			</trkpt>
			<trkpt lat="40.082102" lon="-105.931613">
				<ele>2425.728094</ele>
				<time>2021-11-28T19:35:29Z</time>
			</trkpt>
			<trkpt lat="40.082033" lon="-105.931666">
				<ele>2425.699408</ele>
				<time>2021-11-28T19:35:32Z</time>
			</trkpt>
			<trkpt lat="40.081967" lon="-105.931566">
				<ele>2425.66319</ele>
				<time>2021-11-28T19:35:35Z</time>
			</trkpt>
			<trkpt lat="40.081862" lon="-105.931407">
				<ele>2425.605589</ele>
				<time>2021-11-28T19:35:41Z</time>
			</trkpt>
			<trkpt lat="40.08146" lon="-105.931234">
				<ele>2425.453888</ele>
				<time>2021-11-28T19:35:57Z</time>
			</trkpt>
			<trkpt lat="40.081333" lon="-105.931239">
				<ele>2425.408347</ele>
				<time>2021-11-28T19:36:01Z</time>
			</trkpt>
			<trkpt lat="40.081313" lon="-105.931001">
				<ele>2425.342683</ele>
				<time>2021-11-28T19:36:08Z</time>
			</trkpt>
			<trkpt lat="40.081248" lon="-105.930945">
				<ele>2425.314778</ele>
				<time>2021-11-28T19:36:11Z</time>
			</trkpt>
			<trkpt lat="40.081078" lon="-105.930878">
				<ele>2425.251134</ele>
				<time>2021-11-28T19:36:17Z</time>
			</trkpt>
			<trkpt lat="40.080895" lon="-105.930819">
				<ele>2425.183575</ele>
				<time>2021-11-28T19:36:24Z</time>
			</trkpt>
			<trkpt lat="40.080912" lon="-105.930958">
				<ele>2425.14497</ele>
				<time>2021-11-28T19:36:26Z</time>
			</trkpt>
			<trkpt lat="40.080869" lon="-105.93108">
				<ele>2425.108132</ele>
				<time>2021-11-28T19:36:28Z</time>
			</trkpt>
			<trkpt lat="40.080444" lon="-105.931169">
				<ele>2424.93669</ele>
				<time>2021-11-28T19:36:38Z</time>
			</trkpt>
			<trkpt lat="40.080376" lon="-105.931241">
				<ele>2424.901525</ele>
				<time>2021-11-28T19:36:40Z</time>
			</trkpt>
			<trkpt lat="40.080301" lon="-105.93144">
				<ele>2424.833322</ele>
				<time>2021-11-28T19:36:43Z</time>
			</trkpt>
			<trkpt lat="40.080241" lon="-105.931489">
				<ele>2424.804893</ele>
				<time>2021-11-28T19:36:45Z</time>
			</trkpt>
			<trkpt lat="40.079835" lon="-105.931649">
				<ele>2424.634498</ele>
				<time>2021-11-28T19:36:54Z</time>
			</trkpt>
			<trkpt lat="40.079861" lon="-105.932122">
				<ele>2424.488697</ele>
				<time>2021-11-28T19:37:02Z</time>
			</trkpt>
			<trkpt lat="40.079894" lon="-105.93341">
				<ele>2424.123251</ele>
				<time>2021-11-28T19:37:23Z</time>
			</trkpt>
			<trkpt lat="40.079942" lon="-105.934353">
				<ele>2423.86457</ele>
				<time>2021-11-28T19:37:38Z</time>
			</trkpt>
			<trkpt lat="40.079956" lon="-105.934622">
				<ele>2423.790771</ele>
				<time>2021-11-28T19:37:43Z</time>
			</trkpt>
			<trkpt lat="40.07986" lon="-105.934851">
				<ele>2423.719349</ele>
				<time>2021-11-28T19:37:47Z</time>
			</trkpt>
			<trkpt lat="40.079726" lon="-105.934961">
				<ele>2423.663016</ele>
				<time>2021-11-28T19:37:50Z</time>
			</trkpt>
			<trkpt lat="40.078857" lon="-105.935163">
				<ele>2423.348799</ele>
				<time>2021-11-28T19:38:09Z</time>
			</trkpt>
			<trkpt lat="40.078184" lon="-105.93534">
				<ele>2423.104411</ele>
				<time>2021-11-28T19:38:24Z</time>
			</trkpt>
			<trkpt lat="40.077798" lon="-105.935372">
				<ele>2422.953757</ele>
				<time>2021-11-28T19:38:32Z</time>
			</trkpt>
			<trkpt lat="40.077793" lon="-105.935423">
				<ele>2422.938268</ele>
				<time>2021-11-28T19:38:33Z</time>
			</trkpt>
			<trkpt lat="40.077714" lon="-105.936111">
				<ele>2422.728699</ele>
				<time>2021-11-28T19:38:44Z</time>
			</trkpt>
			<trkpt lat="40.077634" lon="-105.936842">
				<ele>2422.506257</ele>
				<time>2021-11-28T19:38:56Z</time>
			</trkpt>
			<trkpt lat="40.077414" lon="-105.937427">
				<ele>2422.347286</ele>
				<time>2021-11-28T19:39:06Z</time>
			</trkpt>
			<trkpt lat="40.07728" lon="-105.937657">
				<ele>2422.305934</ele>
				<time>2021-11-28T19:39:11Z</time>
			</trkpt>
			<trkpt lat="40.077193" lon="-105.937592">
				<ele>2422.2872</ele>
				<time>2021-11-28T19:39:15Z</time>
			</trkpt>
			<trkpt lat="40.076909" lon="-105.937971">
				<ele>2422.211318</ele>
				<time>2021-11-28T19:39:30Z</time>
			</trkpt>
			<trkpt lat="40.076657" lon="-105.938172">
				<ele>2422.156127</ele>
				<time>2021-11-28T19:39:40Z</time>
			</trkpt>
			<trkpt lat="40.076148" lon="-105.938397">
				<ele>2422.055677</ele>
				<time>2021-11-28T19:40:00Z</time>
			</trkpt>
			<trkpt lat="40.075955" lon="-105.938445">
				<ele>2422.090025</ele>
				<time>2021-11-28T19:40:07Z</time>
			</trkpt>
			<trkpt lat="40.075491" lon="-105.938398">
				<ele>2422.241816</ele>
				<time>2021-11-28T19:40:25Z</time>
			</trkpt>
			<trkpt lat="40.075137" lon="-105.93831">
				<ele>2422.359345</ele>
				<time>2021-11-28T19:40:39Z</time>
			</trkpt>
			<trkpt lat="40.07502" lon="-105.93827">
				<ele>2422.39879</ele>
				<time>2021-11-28T19:40:44Z</time>
			</trkpt>
			<trkpt lat="40.074785" lon="-105.938159">
				<ele>2422.48029</ele>
				<time>2021-11-28T19:40:54Z</time>
			</trkpt>
			<trkpt lat="40.074134" lon="-105.937604">
				<ele>2423.158103</ele>
				<time>2021-11-28T19:41:25Z</time>
			</trkpt>
			<trkpt lat="40.073624" lon="-105.937168">
				<ele>2424.181138</ele>
				<time>2021-11-28T19:41:50Z</time>
			</trkpt>
			<trkpt lat="40.073104" lon="-105.936603">
				<ele>2425.316347</ele>
				<time>2021-11-28T19:42:22Z</time>
			</trkpt>
			<trkpt lat="40.072928" lon="-105.936286">
				<ele>2426.035061</ele>
				<time>2021-11-28T19:42:37Z</time>
			</trkpt>
			<trkpt lat="40.072857" lon="-105.936094">
				<ele>2426.659212</ele>
				<time>2021-11-28T19:42:47Z</time>
			</trkpt>
			<trkpt lat="40.072763" lon="-105.936084">
				<ele>2427.019946</ele>
				<time>2021-11-28T19:42:52Z</time>
			</trkpt>
			<trkpt lat="40.072687" lon="-105.936076">
				<ele>2427.311583</ele>
				<time>2021-11-28T19:42:57Z</time>
			</trkpt>
			<trkpt lat="40.072613" lon="-105.935704">
				<ele>2428.436598</ele>
				<time>2021-11-28T19:43:14Z</time>
			</trkpt>
			<trkpt lat="40.072573" lon="-105.935269">
				<ele>2429.718984</ele>
				<time>2021-11-28T19:43:35Z</time>
			</trkpt>
			<trkpt lat="40.072558" lon="-105.934662">
				<ele>2431.496574</ele>
				<time>2021-11-28T19:44:02Z</time>
			</trkpt>
			<trkpt lat="40.072478" lon="-105.934418">
				<ele>2432.273545</ele>
				<time>2021-11-28T19:44:13Z</time>
			</trkpt>
			<trkpt lat="40.072349" lon="-105.934203">
				<ele>2432.712501</ele>
				<time>2021-11-28T19:44:24Z</time>
			</trkpt>
			<trkpt lat="40.072263" lon="-105.934145">
				<ele>2432.836638</ele>
				<time>2021-11-28T19:44:29Z</time>
			</trkpt>
			<trkpt lat="40.071974" lon="-105.933949">
				<ele>2433.254288</ele>
				<time>2021-11-28T19:44:45Z</time>
			</trkpt>
			<trkpt lat="40.071857" lon="-105.933939">
				<ele>2433.404685</ele>
				<time>2021-11-28T19:44:50Z</time>
			</trkpt>
			<trkpt lat="40.071809" lon="-105.933893">
				<ele>2433.481037</ele>
				<time>2021-11-28T19:44:53Z</time>
			</trkpt>
			<trkpt lat="40.071756" lon="-105.933883">
				<ele>2433.549725</ele>
				<time>2021-11-28T19:44:55Z</time>
			</trkpt>
			<trkpt lat="40.071688" lon="-105.933936">
				<ele>2433.651285</ele>
				<time>2021-11-28T19:44:59Z</time>
			</trkpt>
			<trkpt lat="40.071298" lon="-105.933864">
				<ele>2434.156506</ele>
				<time>2021-11-28T19:45:16Z</time>
			</trkpt>
			<trkpt lat="40.071054" lon="-105.933877">
				<ele>2434.469745</ele>
				<time>2021-11-28T19:45:25Z</time>
			</trkpt>
			<trkpt lat="40.07081" lon="-105.933942">
				<ele>2434.789161</ele>
				<time>2021-11-28T19:45:33Z</time>
			</trkpt>
			<trkpt lat="40.07074" lon="-105.933998">
				<ele>2434.822378</ele>
				<time>2021-11-28T19:45:36Z</time>
			</trkpt>
			<trkpt lat="40.070619" lon="-105.933987">
				<ele>2434.780635</ele>
				<time>2021-11-28T19:45:40Z</time>
			</trkpt>
			<trkpt lat="40.069716" lon="-105.934145">
				<ele>2434.467093</ele>
				<time>2021-11-28T19:46:11Z</time>
			</trkpt>
			<trkpt lat="40.069452" lon="-105.934152">
				<ele>2434.376218</ele>
				<time>2021-11-28T19:46:21Z</time>
			</trkpt>
			<trkpt lat="40.069073" lon="-105.934245">
				<ele>2434.243505</ele>
				<time>2021-11-28T19:46:37Z</time>
			</trkpt>
			<trkpt lat="40.068501" lon="-105.934347">
				<ele>2434.822941</ele>
				<time>2021-11-28T19:47:01Z</time>
			</trkpt>
			<trkpt lat="40.068248" lon="-105.934352">
				<ele>2435.125746</ele>
				<time>2021-11-28T19:47:12Z</time>
			</trkpt>
			<trkpt lat="40.067983" lon="-105.93425">
				<ele>2435.456349</ele>
				<time>2021-11-28T19:47:24Z</time>
			</trkpt>
			<trkpt lat="40.067957" lon="-105.934246">
				<ele>2435.487678</ele>
				<time>2021-11-28T19:47:25Z</time>
			</trkpt>
			<trkpt lat="40.067774" lon="-105.934219">
				<ele>2435.708069</ele>
				<time>2021-11-28T19:47:33Z</time>
			</trkpt>
			<trkpt lat="40.067553" lon="-105.934227">
				<ele>2435.972646</ele>
				<time>2021-11-28T19:47:43Z</time>
			</trkpt>
			<trkpt lat="40.066701" lon="-105.934258">
				<ele>2437.374753</ele>
				<time>2021-11-28T19:48:21Z</time>
			</trkpt>
			<trkpt lat="40.066647" lon="-105.934239">
				<ele>2437.48282</ele>
				<time>2021-11-28T19:48:24Z</time>
			</trkpt>
			<trkpt lat="40.06663" lon="-105.934149">
				<ele>2437.619912</ele>
				<time>2021-11-28T19:48:27Z</time>
			</trkpt>
			<trkpt lat="40.066637" lon="-105.9337">
				<ele>2438.284061</ele>
				<time>2021-11-28T19:48:42Z</time>
			</trkpt>
			<trkpt lat="40.066553" lon="-105.932329">
				<ele>2440.50052</ele>
				<time>2021-11-28T19:49:33Z</time>
			</trkpt>
			<trkpt lat="40.066518" lon="-105.931753">
				<ele>2441.68584</ele>
				<time>2021-11-28T19:49:56Z</time>
			</trkpt>
			<trkpt lat="40.066483" lon="-105.93138">
				<ele>2442.456739</ele>
				<time>2021-11-28T19:50:11Z</time>
			</trkpt>
			<trkpt lat="40.066451" lon="-105.931265">
				<ele>2442.70776</ele>
				<time>2021-11-28T19:50:16Z</time>
			</trkpt>
			<trkpt lat="40.066368" lon="-105.930967">
				<ele>2443.358302</ele>
				<time>2021-11-28T19:50:29Z</time>
			</trkpt>
			<trkpt lat="40.066218" lon="-105.930659">
				<ele>2444.107218</ele>
				<time>2021-11-28T19:50:43Z</time>
			</trkpt>
			<trkpt lat="40.065922" lon="-105.930296">
				<ele>2445.023992</ele>
				<time>2021-11-28T19:51:03Z</time>
			</trkpt>
			<trkpt lat="40.065631" lon="-105.930074">
				<ele>2445.63367</ele>
				<time>2021-11-28T19:51:19Z</time>
			</trkpt>
			<trkpt lat="40.065376" lon="-105.929962">
				<ele>2446.120412</ele>
				<time>2021-11-28T19:51:31Z</time>
			</trkpt>
			<trkpt lat="40.065054" lon="-105.929926">
				<ele>2446.70514</ele>
				<time>2021-11-28T19:51:46Z</time>
			</trkpt>
			<trkpt lat="40.064723" lon="-105.929982">
				<ele>2447.309022</ele>
				<time>2021-11-28T19:52:01Z</time>
			</trkpt>
			<trkpt lat="40.064519" lon="-105.930078">
				<ele>2447.70133</ele>
				<time>2021-11-28T19:52:10Z</time>
			</trkpt>
			<trkpt lat="40.064328" lon="-105.930168">
				<ele>2448.130366</ele>
				<time>2021-11-28T19:52:19Z</time>
			</trkpt>
			<trkpt lat="40.06432" lon="-105.930254">
				<ele>2448.300901</ele>
				<time>2021-11-28T19:52:22Z</time>
			</trkpt>
			<trkpt lat="40.06435" lon="-105.93035">
				<ele>2448.505022</ele>
				<time>2021-11-28T19:52:25Z</time>
			</trkpt>
			<trkpt lat="40.064317" lon="-105.930406">
				<ele>2448.644148</ele>
				<time>2021-11-28T19:52:28Z</time>
			</trkpt>
			<trkpt lat="40.064229" lon="-105.930414">
				<ele>2448.871039</ele>
				<time>2021-11-28T19:52:32Z</time>
			</trkpt>
			<trkpt lat="40.063937" lon="-105.930442">
				<ele>2449.624109</ele>
				<time>2021-11-28T19:52:45Z</time>
			</trkpt>
			<trkpt lat="40.06376" lon="-105.930338">
				<ele>2450.123281</ele>
				<time>2021-11-28T19:52:55Z</time>
			</trkpt>
			<trkpt lat="40.063652" lon="-105.930275">
				<ele>2450.427492</ele>
				<time>2021-11-28T19:53:00Z</time>
			</trkpt>
			<trkpt lat="40.063508" lon="-105.930134">
				<ele>2450.890332</ele>
				<time>2021-11-28T19:53:10Z</time>
			</trkpt>
			<trkpt lat="40.06338" lon="-105.929934">
				<ele>2451.403548</ele>
				<time>2021-11-28T19:53:20Z</time>
			</trkpt>
			<trkpt lat="40.06337" lon="-105.929919">
				<ele>2451.442707</ele>
				<time>2021-11-28T19:53:21Z</time>
			</trkpt>
			<trkpt lat="40.063353" lon="-105.929809">
				<ele>2451.663613</ele>
				<time>2021-11-28T19:53:26Z</time>
			</trkpt>
			<trkpt lat="40.063313" lon="-105.929562">
				<ele>2452.1606</ele>
				<time>2021-11-28T19:53:36Z</time>
			</trkpt>
			<trkpt lat="40.063292" lon="-105.92928">
				<ele>2452.719677</ele>
				<time>2021-11-28T19:53:48Z</time>
			</trkpt>
			<trkpt lat="40.063259" lon="-105.928836">
				<ele>2453.604726</ele>
				<time>2021-11-28T19:54:08Z</time>
			</trkpt>
			<trkpt lat="40.063248" lon="-105.92865">
				<ele>2453.974854</ele>
				<time>2021-11-28T19:54:16Z</time>
			</trkpt>
			<trkpt lat="40.063217" lon="-105.928542">
				<ele>2454.203702</ele>
				<time>2021-11-28T19:54:21Z</time>
			</trkpt>
			<trkpt lat="40.063211" lon="-105.928333">
				<ele>2454.618655</ele>
				<time>2021-11-28T19:54:31Z</time>
			</trkpt>
			<trkpt lat="40.063242" lon="-105.928234">
				<ele>2454.830877</ele>
				<time>2021-11-28T19:54:35Z</time>
			</trkpt>
			<trkpt lat="40.063235" lon="-105.9281">
				<ele>2455.097354</ele>
				<time>2021-11-28T19:54:41Z</time>
			</trkpt>
			<trkpt lat="40.063221" lon="-105.927818">
				<ele>2455.658024</ele>
				<time>2021-11-28T19:54:51Z</time>
			</trkpt>
			<trkpt lat="40.063197" lon="-105.926617">
				<ele>2456.627969</ele>
				<time>2021-11-28T19:55:30Z</time>
			</trkpt>
			<trkpt lat="40.063195" lon="-105.926527">
				<ele>2456.502437</ele>
				<time>2021-11-28T19:55:33Z</time>
			</trkpt>
			<trkpt lat="40.063064" lon="-105.926222">
				<ele>2456.014816</ele>
				<time>2021-11-28T19:55:42Z</time>
			</trkpt>
			<trkpt lat="40.063006" lon="-105.925974">
				<ele>2455.653269</ele>
				<time>2021-11-28T19:55:48Z</time>
			</trkpt>
			<trkpt lat="40.06301" lon="-105.925918">
				<ele>2455.574853</ele>
				<time>2021-11-28T19:55:50Z</time>
			</trkpt>
			<trkpt lat="40.063223" lon="-105.925648">
				<ele>2455.034238</ele>
				<time>2021-11-28T19:55:59Z</time>
			</trkpt>
			<trkpt lat="40.063265" lon="-105.925564">
				<ele>2454.894347</ele>
				<time>2021-11-28T19:56:02Z</time>
			</trkpt>
			<trkpt lat="40.063318" lon="-105.925277">
				<ele>2454.482726</ele>
				<time>2021-11-28T19:56:09Z</time>
			</trkpt>
			<trkpt lat="40.063378" lon="-105.925263">
				<ele>2454.371695</ele>
				<time>2021-11-28T19:56:10Z</time>
			</trkpt>
			<trkpt lat="40.063427" lon="-105.925196">
				<ele>2454.242491</ele>
				<time>2021-11-28T19:56:12Z</time>
			</trkpt>
			<trkpt lat="40.063603" lon="-105.924834">
				<ele>2453.232322</ele>
				<time>2021-11-28T19:56:22Z</time>
			</trkpt>
			<trkpt lat="40.063653" lon="-105.924692">
				<ele>2452.704885</ele>
				<time>2021-11-28T19:56:26Z</time>
			</trkpt>
			<trkpt lat="40.063684" lon="-105.924469">
				<ele>2451.940095</ele>
				<time>2021-11-28T19:56:31Z</time>
			</trkpt>
			<trkpt lat="40.06397" lon="-105.923259">
				<ele>2447.666867</ele>
				<time>2021-11-28T19:56:59Z</time>
			</trkpt>
			<trkpt lat="40.06412" lon="-105.922867">
				<ele>2446.188012</ele>
				<time>2021-11-28T19:57:09Z</time>
			</trkpt>
			<trkpt lat="40.064199" lon="-105.92234">
				<ele>2444.888491</ele>
				<time>2021-11-28T19:57:21Z</time>
			</trkpt>
			<trkpt lat="40.064191" lon="-105.922087">
				<ele>2444.302952</ele>
				<time>2021-11-28T19:57:27Z</time>
			</trkpt>
			<trkpt lat="40.064211" lon="-105.921908">
				<ele>2443.884642</ele>
				<time>2021-11-28T19:57:31Z</time>
			</trkpt>
			<trkpt lat="40.064386" lon="-105.921028">
				<ele>2441.782148</ele>
				<time>2021-11-28T19:57:52Z</time>
			</trkpt>
			<trkpt lat="40.064402" lon="-105.920623">
				<ele>2440.844377</ele>
				<time>2021-11-28T19:58:03Z</time>
			</trkpt>
			<trkpt lat="40.06448" lon="-105.920449">
				<ele>2440.728295</ele>
				<time>2021-11-28T19:58:08Z</time>
			</trkpt>
			<trkpt lat="40.064839" lon="-105.920078">
				<ele>2441.868606</ele>
				<time>2021-11-28T19:58:25Z</time>
			</trkpt>
			<trkpt lat="40.064831" lon="-105.919907">
				<ele>2442.195254</ele>
				<time>2021-11-28T19:58:30Z</time>
			</trkpt>
			<trkpt lat="40.064695" lon="-105.919584">
				<ele>2442.898158</ele>
				<time>2021-11-28T19:58:44Z</time>
			</trkpt>
			<trkpt lat="40.064691" lon="-105.919472">
				<ele>2443.111937</ele>
				<time>2021-11-28T19:58:48Z</time>
			</trkpt>
			<trkpt lat="40.064728" lon="-105.919275">
				<ele>2443.498696</ele>
				<time>2021-11-28T19:58:56Z</time>
			</trkpt>
			<trkpt lat="40.0647" lon="-105.919153">
				<ele>2443.741543</ele>
				<time>2021-11-28T19:59:02Z</time>
			</trkpt>
			<trkpt lat="40.064661" lon="-105.919073">
				<ele>2443.922394</ele>
				<time>2021-11-28T19:59:06Z</time>
			</trkpt>
			<trkpt lat="40.064622" lon="-105.919049">
				<ele>2444.029792</ele>
				<time>2021-11-28T19:59:09Z</time>
			</trkpt>
			<trkpt lat="40.064546" lon="-105.919046">
				<ele>2444.21922</ele>
				<time>2021-11-28T19:59:13Z</time>
			</trkpt>
			<trkpt lat="40.064474" lon="-105.919089">
				<ele>2444.416445</ele>
				<time>2021-11-28T19:59:18Z</time>
			</trkpt>
			<trkpt lat="40.064295" lon="-105.918998">
				<ele>2444.894959</ele>
				<time>2021-11-28T19:59:31Z</time>
			</trkpt>
			<trkpt lat="40.064001" lon="-105.918958">
				<ele>2446.934075</ele>
				<time>2021-11-28T19:59:51Z</time>
			</trkpt>
			<trkpt lat="40.063887" lon="-105.918909">
				<ele>2447.904221</ele>
				<time>2021-11-28T20:00:00Z</time>
			</trkpt>
			<trkpt lat="40.063833" lon="-105.918661">
				<ele>2449.499443</ele>
				<time>2021-11-28T20:00:13Z</time>
			</trkpt>
			<trkpt lat="40.063877" lon="-105.918655">
				<ele>2449.857066</ele>
				<time>2021-11-28T20:00:16Z</time>
			</trkpt>
			<trkpt lat="40.063925" lon="-105.918547">
				<ele>2450.62974</ele>
				<time>2021-11-28T20:00:24Z</time>
			</trkpt>
			<trkpt lat="40.064122" lon="-105.918358">
				<ele>2452.605448</ele>
				<time>2021-11-28T20:00:43Z</time>
			</trkpt>
			<trkpt lat="40.064381" lon="-105.918181">
				<ele>2454.968255</ele>
				<time>2021-11-28T20:01:06Z</time>
			</trkpt>
			<trkpt lat="40.064408" lon="-105.918132">
				<ele>2455.341806</ele>
				<time>2021-11-28T20:01:10Z</time>
			</trkpt>
			<trkpt lat="40.064395" lon="-105.91805">
				<ele>2455.859893</ele>
				<time>2021-11-28T20:01:15Z</time>
			</trkpt>
			<trkpt lat="40.064248" lon="-105.917993">
				<ele>2457.099446</ele>
				<time>2021-11-28T20:01:28Z</time>
			</trkpt>
			<trkpt lat="40.064059" lon="-105.917862">
				<ele>2458.828956</ele>
				<time>2021-11-28T20:01:46Z</time>
			</trkpt>
			<trkpt lat="40.063918" lon="-105.91772">
				<ele>2460.29583</ele>
				<time>2021-11-28T20:02:02Z</time>
			</trkpt>
			<trkpt lat="40.063699" lon="-105.91758">
				<ele>2462.347577</ele>
				<time>2021-11-28T20:02:23Z</time>
			</trkpt>
			<trkpt lat="40.063445" lon="-105.917584">
				<ele>2464.485269</ele>
				<time>2021-11-28T20:02:45Z</time>
			</trkpt>
			<trkpt lat="40.063412" lon="-105.917471">
				<ele>2465.264247</ele>
				<time>2021-11-28T20:02:53Z</time>
			</trkpt>
			<trkpt lat="40.063466" lon="-105.9173">
				<ele>2466.45567</ele>
				<time>2021-11-28T20:03:05Z</time>
			</trkpt>
			<trkpt lat="40.063567" lon="-105.917181">
				<ele>2467.600164</ele>
				<time>2021-11-28T20:03:16Z</time>
			</trkpt>
			<trkpt lat="40.063579" lon="-105.91711">
				<ele>2468.068468</ele>
				<time>2021-11-28T20:03:21Z</time>
			</trkpt>
			<trkpt lat="40.063508" lon="-105.917023">
				<ele>2468.887603</ele>
				<time>2021-11-28T20:03:29Z</time>
			</trkpt>
			<trkpt lat="40.063038" lon="-105.917059">
				<ele>2472.849678</ele>
				<time>2021-11-28T20:04:04Z</time>
			</trkpt>
			<trkpt lat="40.062957" lon="-105.916957">
				<ele>2473.796376</ele>
				<time>2021-11-28T20:04:12Z</time>
			</trkpt>
			<trkpt lat="40.062661" lon="-105.91677">
				<ele>2476.015841</ele>
				<time>2021-11-28T20:04:34Z</time>
			</trkpt>
			<trkpt lat="40.062469" lon="-105.916583">
				<ele>2477.43015</ele>
				<time>2021-11-28T20:04:49Z</time>
			</trkpt>
			<trkpt lat="40.062227" lon="-105.916487">
				<ele>2478.923806</ele>
				<time>2021-11-28T20:05:06Z</time>
			</trkpt>
			<trkpt lat="40.06203" lon="-105.916513">
				<ele>2480.093196</ele>
				<time>2021-11-28T20:05:19Z</time>
			</trkpt>
			<trkpt lat="40.061766" lon="-105.916427">
				<ele>2481.700091</ele>
				<time>2021-11-28T20:05:37Z</time>
			</trkpt>
			<trkpt lat="40.061648" lon="-105.916415">
				<ele>2482.399099</ele>
				<time>2021-11-28T20:05:45Z</time>
			</trkpt>
			<trkpt lat="40.061355" lon="-105.916183">
				<ele>2484.422494</ele>
				<time>2021-11-28T20:06:07Z</time>
			</trkpt>
			<trkpt lat="40.061285" lon="-105.916073">
				<ele>2485.069128</ele>
				<time>2021-11-28T20:06:15Z</time>
			</trkpt>
			<trkpt lat="40.061152" lon="-105.915964">
				<ele>2486.085548</ele>
				<time>2021-11-28T20:06:25Z</time>
			</trkpt>
			<trkpt lat="40.060971" lon="-105.915473">
				<ele>2488.889044</ele>
				<time>2021-11-28T20:06:52Z</time>
			</trkpt>
			<trkpt lat="40.060978" lon="-105.915399">
				<ele>2489.272609</ele>
				<time>2021-11-28T20:06:56Z</time>
			</trkpt>
			<trkpt lat="40.060898" lon="-105.915046">
				<ele>2491.16644</ele>
				<time>2021-11-28T20:07:15Z</time>
			</trkpt>
			<trkpt lat="40.060926" lon="-105.914727">
				<ele>2492.818191</ele>
				<time>2021-11-28T20:07:33Z</time>
			</trkpt>
			<trkpt lat="40.060909" lon="-105.914599">
				<ele>2493.486486</ele>
				<time>2021-11-28T20:07:41Z</time>
			</trkpt>
			<trkpt lat="40.060989" lon="-105.914399">
				<ele>2494.647358</ele>
				<time>2021-11-28T20:07:54Z</time>
			</trkpt>
			<trkpt lat="40.06102" lon="-105.914198">
				<ele>2495.702122</ele>
				<time>2021-11-28T20:08:07Z</time>
			</trkpt>
			<trkpt lat="40.061084" lon="-105.914211">
				<ele>2496.137449</ele>
				<time>2021-11-28T20:08:12Z</time>
			</trkpt>
			<trkpt lat="40.061203" lon="-105.914442">
				<ele>2497.534419</ele>
				<time>2021-11-28T20:08:29Z</time>
			</trkpt>
			<trkpt lat="40.061256" lon="-105.914667">
				<ele>2498.416552</ele>
				<time>2021-11-28T20:08:42Z</time>
			</trkpt>
			<trkpt lat="40.061302" lon="-105.914678">
				<ele>2498.645505</ele>
				<time>2021-11-28T20:08:45Z</time>
			</trkpt>
			<trkpt lat="40.061335" lon="-105.914624">
				<ele>2498.90444</ele>
				<time>2021-11-28T20:08:49Z</time>
			</trkpt>
			<trkpt lat="40.061376" lon="-105.914365">
				<ele>2499.895487</ele>
				<time>2021-11-28T20:09:02Z</time>
			</trkpt>
			<trkpt lat="40.06134" lon="-105.914113">
				<ele>2500.856071</ele>
				<time>2021-11-28T20:09:14Z</time>
			</trkpt>
			<trkpt lat="40.061459" lon="-105.913599">
				<ele>2502.868284</ele>
				<time>2021-11-28T20:09:36Z</time>
			</trkpt>
			<trkpt lat="40.061383" lon="-105.913387">
				<ele>2503.7455</ele>
				<time>2021-11-28T20:09:46Z</time>
			</trkpt>
			<trkpt lat="40.061396" lon="-105.913326">
				<ele>2503.98277</ele>
				<time>2021-11-28T20:09:48Z</time>
			</trkpt>
			<trkpt lat="40.061445" lon="-105.913299">
				<ele>2504.243132</ele>
				<time>2021-11-28T20:09:51Z</time>
			</trkpt>
			<trkpt lat="40.061503" lon="-105.913385">
				<ele>2504.672645</ele>
				<time>2021-11-28T20:09:56Z</time>
			</trkpt>
			<trkpt lat="40.061643" lon="-105.913879">
				<ele>2506.734671</ele>
				<time>2021-11-28T20:10:19Z</time>
			</trkpt>
			<trkpt lat="40.06161" lon="-105.914139">
				<ele>2507.939168</ele>
				<time>2021-11-28T20:10:31Z</time>
			</trkpt>
			<trkpt lat="40.061681" lon="-105.91453">
				<ele>2509.775748</ele>
				<time>2021-11-28T20:10:50Z</time>
			</trkpt>
			<trkpt lat="40.061715" lon="-105.914548">
				<ele>2509.99481</ele>
				<time>2021-11-28T20:10:53Z</time>
			</trkpt>
			<trkpt lat="40.06176" lon="-105.9145">
				<ele>2510.341699</ele>
				<time>2021-11-28T20:10:56Z</time>
			</trkpt>
			<trkpt lat="40.062115" lon="-105.913752">
				<ele>2514.364168</ele>
				<time>2021-11-28T20:11:40Z</time>
			</trkpt>
			<trkpt lat="40.062297" lon="-105.913196">
				<ele>2517.204489</ele>
				<time>2021-11-28T20:12:15Z</time>
			</trkpt>
			<trkpt lat="40.062855" lon="-105.912061">
				<ele>2526.697057</ele>
				<time>2021-11-28T20:13:44Z</time>
			</trkpt>
			<trkpt lat="40.063055" lon="-105.911852">
				<ele>2529.051685</ele>
				<time>2021-11-28T20:14:06Z</time>
			</trkpt>
			<trkpt lat="40.063141" lon="-105.911551">
				<ele>2531.312515</ele>
				<time>2021-11-28T20:14:27Z</time>
			</trkpt>
			<trkpt lat="40.063314" lon="-105.911321">
				<ele>2533.571207</ele>
				<time>2021-11-28T20:14:47Z</time>
			</trkpt>
			<trkpt lat="40.063333" lon="-105.911193">
				<ele>2534.323811</ele>
				<time>2021-11-28T20:14:56Z</time>
			</trkpt>
			<trkpt lat="40.063422" lon="-105.910988">
				<ele>2535.68423</ele>
				<time>2021-11-28T20:15:10Z</time>
			</trkpt>
			<trkpt lat="40.063469" lon="-105.91044">
				<ele>2538.867167</ele>
				<time>2021-11-28T20:15:43Z</time>
			</trkpt>
			<trkpt lat="40.063408" lon="-105.910365">
				<ele>2539.498887</ele>
				<time>2021-11-28T20:15:49Z</time>
			</trkpt>
			<trkpt lat="40.063138" lon="-105.910344">
				<ele>2541.538836</ele>
				<time>2021-11-28T20:16:09Z</time>
			</trkpt>
			<trkpt lat="40.063015" lon="-105.91028">
				<ele>2542.537354</ele>
				<time>2021-11-28T20:16:19Z</time>
			</trkpt>
			<trkpt lat="40.062884" lon="-105.910307">
				<ele>2543.537574</ele>
				<time>2021-11-28T20:16:28Z</time>
			</trkpt>
			<trkpt lat="40.062773" lon="-105.910248">
				<ele>2544.441357</ele>
				<time>2021-11-28T20:16:36Z</time>
			</trkpt>
			<trkpt lat="40.06251" lon="-105.9103">
				<ele>2546.447489</ele>
				<time>2021-11-28T20:16:55Z</time>
			</trkpt>
			<trkpt lat="40.062371" lon="-105.910253">
				<ele>2547.417137</ele>
				<time>2021-11-28T20:17:05Z</time>
			</trkpt>
			<trkpt lat="40.061897" lon="-105.910091">
				<ele>2550.165409</ele>
				<time>2021-11-28T20:17:38Z</time>
			</trkpt>
			<trkpt lat="40.061168" lon="-105.910119">
				<ele>2554.256369</ele>
				<time>2021-11-28T20:18:26Z</time>
			</trkpt>
			<trkpt lat="40.060998" lon="-105.910199">
				<ele>2555.269918</ele>
				<time>2021-11-28T20:18:37Z</time>
			</trkpt>
			<trkpt lat="40.060899" lon="-105.910187">
				<ele>2555.827625</ele>
				<time>2021-11-28T20:18:44Z</time>
			</trkpt>
			<trkpt lat="40.060731" lon="-105.910263">
				<ele>2556.824877</ele>
				<time>2021-11-28T20:18:55Z</time>
			</trkpt>
			<trkpt lat="40.06008" lon="-105.910677">
				<ele>2559.247159</ele>
				<time>2021-11-28T20:19:37Z</time>
			</trkpt>
			<trkpt lat="40.059619" lon="-105.910788">
				<ele>2560.714505</ele>
				<time>2021-11-28T20:20:02Z</time>
			</trkpt>
			<trkpt lat="40.059408" lon="-105.910965">
				<ele>2561.499403</ele>
				<time>2021-11-28T20:20:15Z</time>
			</trkpt>
			<trkpt lat="40.059271" lon="-105.910986">
				<ele>2561.931189</ele>
				<time>2021-11-28T20:20:21Z</time>
			</trkpt>
			<trkpt lat="40.059061" lon="-105.911068">
				<ele>2562.617271</ele>
				<time>2021-11-28T20:20:31Z</time>
			</trkpt>
			<trkpt lat="40.058884" lon="-105.911201">
				<ele>2562.829902</ele>
				<time>2021-11-28T20:20:40Z</time>
			</trkpt>
			<trkpt lat="40.058677" lon="-105.911241">
				<ele>2562.862053</ele>
				<time>2021-11-28T20:20:49Z</time>
			</trkpt>
			<trkpt lat="40.058593" lon="-105.9113">
				<ele>2562.876707</ele>
				<time>2021-11-28T20:20:52Z</time>
			</trkpt>
			<trkpt lat="40.058508" lon="-105.911301">
				<ele>2562.889767</ele>
				<time>2021-11-28T20:20:56Z</time>
			</trkpt>
			<trkpt lat="40.05832" lon="-105.911395">
				<ele>2562.920696</ele>
				<time>2021-11-28T20:21:03Z</time>
			</trkpt>
			<trkpt lat="40.058183" lon="-105.91139">
				<ele>2562.941754</ele>
				<time>2021-11-28T20:21:08Z</time>
			</trkpt>
			<trkpt lat="40.057301" lon="-105.911588">
				<ele>2563.079258</ele>
				<time>2021-11-28T20:21:40Z</time>
			</trkpt>
			<trkpt lat="40.056949" lon="-105.911635">
				<ele>2562.918571</ele>
				<time>2021-11-28T20:21:53Z</time>
			</trkpt>
			<trkpt lat="40.056791" lon="-105.91161">
				<ele>2562.836526</ele>
				<time>2021-11-28T20:21:58Z</time>
			</trkpt>
			<trkpt lat="40.056609" lon="-105.911647">
				<ele>2562.741575</ele>
				<time>2021-11-28T20:22:05Z</time>
			</trkpt>
			<trkpt lat="40.056186" lon="-105.911529">
				<ele>2562.5186</ele>
				<time>2021-11-28T20:22:21Z</time>
			</trkpt>
			<trkpt lat="40.05581" lon="-105.911299">
				<ele>2562.304576</ele>
				<time>2021-11-28T20:22:35Z</time>
			</trkpt>
			<trkpt lat="40.055568" lon="-105.911315">
				<ele>2562.179664</ele>
				<time>2021-11-28T20:22:44Z</time>
			</trkpt>
			<trkpt lat="40.055389" lon="-105.911288">
				<ele>2561.973716</ele>
				<time>2021-11-28T20:22:51Z</time>
			</trkpt>
			<trkpt lat="40.05527" lon="-105.911199">
				<ele>2561.78928</ele>
				<time>2021-11-28T20:22:55Z</time>
			</trkpt>
			<trkpt lat="40.055121" lon="-105.911177">
				<ele>2561.587588</ele>
				<time>2021-11-28T20:23:01Z</time>
			</trkpt>
			<trkpt lat="40.054875" lon="-105.911024">
				<ele>2561.221118</ele>
				<time>2021-11-28T20:23:10Z</time>
			</trkpt>
			<trkpt lat="40.054809" lon="-105.911012">
				<ele>2561.131487</ele>
				<time>2021-11-28T20:23:12Z</time>
			</trkpt>
			<trkpt lat="40.054689" lon="-105.910915">
				<ele>2560.941681</ele>
				<time>2021-11-28T20:23:16Z</time>
			</trkpt>
			<trkpt lat="40.054387" lon="-105.910816">
				<ele>2560.522876</ele>
				<time>2021-11-28T20:23:26Z</time>
			</trkpt>
			<trkpt lat="40.054155" lon="-105.910645">
				<ele>2560.16458</ele>
				<time>2021-11-28T20:23:35Z</time>
			</trkpt>
			<trkpt lat="40.05401" lon="-105.910445">
				<ele>2559.880961</ele>
				<time>2021-11-28T20:23:42Z</time>
			</trkpt>
			<trkpt lat="40.053765" lon="-105.910366">
				<ele>2559.735418</ele>
				<time>2021-11-28T20:23:51Z</time>
			</trkpt>
			<trkpt lat="40.053529" lon="-105.909972">
				<ele>2559.729369</ele>
				<time>2021-11-28T20:24:04Z</time>
			</trkpt>
			<trkpt lat="40.053477" lon="-105.909798">
				<ele>2559.72711</ele>
				<time>2021-11-28T20:24:10Z</time>
			</trkpt>
			<trkpt lat="40.053294" lon="-105.909854">
				<ele>2559.724141</ele>
				<time>2021-11-28T20:24:16Z</time>
			</trkpt>
			<trkpt lat="40.053112" lon="-105.909983">
				<ele>2559.720871</ele>
				<time>2021-11-28T20:24:22Z</time>
			</trkpt>
			<trkpt lat="40.053071" lon="-105.909992">
				<ele>2559.720214</ele>
				<time>2021-11-28T20:24:23Z</time>
			</trkpt>
			<trkpt lat="40.052606" lon="-105.909868">
				<ele>2559.712717</ele>
				<time>2021-11-28T20:24:38Z</time>
			</trkpt>
			<trkpt lat="40.05248" lon="-105.909885">
				<ele>2559.710716</ele>
				<time>2021-11-28T20:24:43Z</time>
			</trkpt>
			<trkpt lat="40.052037" lon="-105.909668">
				<ele>2560.777146</ele>
				<time>2021-11-28T20:25:04Z</time>
			</trkpt>
			<trkpt lat="40.051004" lon="-105.909413">
				<ele>2563.699752</ele>
				<time>2021-11-28T20:25:59Z</time>
			</trkpt>
			<trkpt lat="40.050846" lon="-105.909421">
				<ele>2564.139328</ele>
				<time>2021-11-28T20:26:07Z</time>
			</trkpt>
			<trkpt lat="40.050376" lon="-105.909568">
				<ele>2566.280477</ele>
				<time>2021-11-28T20:26:35Z</time>
			</trkpt>
			<trkpt lat="40.050242" lon="-105.909568">
				<ele>2567.037258</ele>
				<time>2021-11-28T20:26:43Z</time>
			</trkpt>
			<trkpt lat="40.05006" lon="-105.909709">
				<ele>2568.23228</ele>
				<time>2021-11-28T20:26:56Z</time>
			</trkpt>
			<trkpt lat="40.049844" lon="-105.909799">
				<ele>2569.512712</ele>
				<time>2021-11-28T20:27:11Z</time>
			</trkpt>
			<trkpt lat="40.049509" lon="-105.909748">
				<ele>2571.417468</ele>
				<time>2021-11-28T20:27:35Z</time>
			</trkpt>
			<trkpt lat="40.049339" lon="-105.909668">
				<ele>2572.437958</ele>
				<time>2021-11-28T20:27:48Z</time>
			</trkpt>
			<trkpt lat="40.049234" lon="-105.909676">
				<ele>2573.031965</ele>
				<time>2021-11-28T20:27:55Z</time>
			</trkpt>
			<trkpt lat="40.048891" lon="-105.910008">
				<ele>2575.407927</ele>
				<time>2021-11-28T20:28:25Z</time>
			</trkpt>
			<trkpt lat="40.048749" lon="-105.910032">
				<ele>2576.167412</ele>
				<time>2021-11-28T20:28:35Z</time>
			</trkpt>
			<trkpt lat="40.048593" lon="-105.909995">
				<ele>2577.008407</ele>
				<time>2021-11-28T20:28:46Z</time>
			</trkpt>
			<trkpt lat="40.048193" lon="-105.909796">
				<ele>2579.278774</ele>
				<time>2021-11-28T20:29:15Z</time>
			</trkpt>
			<trkpt lat="40.047863" lon="-105.90977">
				<ele>2581.032366</ele>
				<time>2021-11-28T20:29:37Z</time>
			</trkpt>
			<trkpt lat="40.04775" lon="-105.909727">
				<ele>2581.656662</ele>
				<time>2021-11-28T20:29:44Z</time>
			</trkpt>
			<trkpt lat="40.047585" lon="-105.909594">
				<ele>2582.685074</ele>
				<time>2021-11-28T20:29:56Z</time>
			</trkpt>
			<trkpt lat="40.047446" lon="-105.909483">
				<ele>2583.549219</ele>
				<time>2021-11-28T20:30:06Z</time>
			</trkpt>
			<trkpt lat="40.04721" lon="-105.909389">
				<ele>2584.487163</ele>
				<time>2021-11-28T20:30:19Z</time>
			</trkpt>
			<trkpt lat="40.046967" lon="-105.909405">
				<ele>2584.713829</ele>
				<time>2021-11-28T20:30:31Z</time>
			</trkpt>
			<trkpt lat="40.046723" lon="-105.909332">
				<ele>2584.947024</ele>
				<time>2021-11-28T20:30:42Z</time>
			</trkpt>
			<trkpt lat="40.046577" lon="-105.909375">
				<ele>2585.086451</ele>
				<time>2021-11-28T20:30:48Z</time>
			</trkpt>
			<trkpt lat="40.046388" lon="-105.909574">
				<ele>2585.312597</ele>
				<time>2021-11-28T20:30:57Z</time>
			</trkpt>
			<trkpt lat="40.046279" lon="-105.909614">
				<ele>2585.418072</ele>
				<time>2021-11-28T20:31:01Z</time>
			</trkpt>
			<trkpt lat="40.045684" lon="-105.909584">
				<ele>2585.972785</ele>
				<time>2021-11-28T20:31:22Z</time>
			</trkpt>
			<trkpt lat="40.045427" lon="-105.90948">
				<ele>2586.299521</ele>
				<time>2021-11-28T20:31:32Z</time>
			</trkpt>
			<trkpt lat="40.045308" lon="-105.909461">
				<ele>2586.472061</ele>
				<time>2021-11-28T20:31:37Z</time>
			</trkpt>
			<trkpt lat="40.044967" lon="-105.909593">
				<ele>2586.983923</ele>
				<time>2021-11-28T20:31:52Z</time>
			</trkpt>
			<trkpt lat="40.044727" lon="-105.909635">
				<ele>2587.332416</ele>
				<time>2021-11-28T20:32:04Z</time>
			</trkpt>
			<trkpt lat="40.044557" lon="-105.909716">
				<ele>2587.592848</ele>
				<time>2021-11-28T20:32:12Z</time>
			</trkpt>
			<trkpt lat="40.043842" lon="-105.910486">
				<ele>2589.308303</ele>
				<time>2021-11-28T20:32:55Z</time>
			</trkpt>
			<trkpt lat="40.04362" lon="-105.910574">
				<ele>2590.143865</ele>
				<time>2021-11-28T20:33:06Z</time>
			</trkpt>
			<trkpt lat="40.043415" lon="-105.91059">
				<ele>2590.883512</ele>
				<time>2021-11-28T20:33:17Z</time>
			</trkpt>
			<trkpt lat="40.043329" lon="-105.910483">
				<ele>2591.311271</ele>
				<time>2021-11-28T20:33:23Z</time>
			</trkpt>
			<trkpt lat="40.043078" lon="-105.910472">
				<ele>2592.215783</ele>
				<time>2021-11-28T20:33:37Z</time>
			</trkpt>
			<trkpt lat="40.0422" lon="-105.910106">
				<ele>2595.970935</ele>
				<time>2021-11-28T20:34:31Z</time>
			</trkpt>
			<trkpt lat="40.041696" lon="-105.910228">
				<ele>2599.908353</ele>
				<time>2021-11-28T20:35:06Z</time>
			</trkpt>
			<trkpt lat="40.041468" lon="-105.91037">
				<ele>2601.848645</ele>
				<time>2021-11-28T20:35:24Z</time>
			</trkpt>
			<trkpt lat="40.041286" lon="-105.910521">
				<ele>2603.504869</ele>
				<time>2021-11-28T20:35:40Z</time>
			</trkpt>
			<trkpt lat="40.04082" lon="-105.911034">
				<ele>2608.186232</ele>
				<time>2021-11-28T20:36:33Z</time>
			</trkpt>
			<trkpt lat="40.040668" lon="-105.911128">
				<ele>2609.543397</ele>
				<time>2021-11-28T20:36:48Z</time>
			</trkpt>
			<trkpt lat="40.040417" lon="-105.911232">
				<ele>2611.824544</ele>
				<time>2021-11-28T20:37:12Z</time>
			</trkpt>
			<trkpt lat="40.040245" lon="-105.911235">
				<ele>2613.314684</ele>
				<time>2021-11-28T20:37:27Z</time>
			</trkpt>
			<trkpt lat="40.040036" lon="-105.911187">
				<ele>2615.152989</ele>
				<time>2021-11-28T20:37:46Z</time>
			</trkpt>
			<trkpt lat="40.039635" lon="-105.911021">
				<ele>2618.797071</ele>
				<time>2021-11-28T20:38:21Z</time>
			</trkpt>
			<trkpt lat="40.039372" lon="-105.910947">
				<ele>2621.127657</ele>
				<time>2021-11-28T20:38:42Z</time>
			</trkpt>
			<trkpt lat="40.039234" lon="-105.910928">
				<ele>2622.329751</ele>
				<time>2021-11-28T20:38:52Z</time>
			</trkpt>
			<trkpt lat="40.039023" lon="-105.910961">
				<ele>2624.170664</ele>
				<time>2021-11-28T20:39:07Z</time>
			</trkpt>
			<trkpt lat="40.038647" lon="-105.910964">
				<ele>2625.76739</ele>
				<time>2021-11-28T20:39:31Z</time>
			</trkpt>
			<trkpt lat="40.038567" lon="-105.911034">
				<ele>2626.120563</ele>
				<time>2021-11-28T20:39:37Z</time>
			</trkpt>
			<trkpt lat="40.038467" lon="-105.911206">
				<ele>2626.727025</ele>
				<time>2021-11-28T20:39:46Z</time>
			</trkpt>
			<trkpt lat="40.038392" lon="-105.911261">
				<ele>2627.042495</ele>
				<time>2021-11-28T20:39:51Z</time>
			</trkpt>
			<trkpt lat="40.038152" lon="-105.911329">
				<ele>2627.943221</ele>
				<time>2021-11-28T20:40:04Z</time>
			</trkpt>
			<trkpt lat="40.037972" lon="-105.911442">
				<ele>2628.675708</ele>
				<time>2021-11-28T20:40:14Z</time>
			</trkpt>
			<trkpt lat="40.037786" lon="-105.911502">
				<ele>2629.378402</ele>
				<time>2021-11-28T20:40:23Z</time>
			</trkpt>
			<trkpt lat="40.037721" lon="-105.911495">
				<ele>2629.617613</ele>
				<time>2021-11-28T20:40:27Z</time>
			</trkpt>
			<trkpt lat="40.037645" lon="-105.911446">
				<ele>2629.928471</ele>
				<time>2021-11-28T20:40:31Z</time>
			</trkpt>
			<trkpt lat="40.037503" lon="-105.911434">
				<ele>2630.450376</ele>
				<time>2021-11-28T20:40:38Z</time>
			</trkpt>
			<trkpt lat="40.037306" lon="-105.911466">
				<ele>2631.16833</ele>
				<time>2021-11-28T20:40:47Z</time>
			</trkpt>
			<trkpt lat="40.036665" lon="-105.911682">
				<ele>2632.859441</ele>
				<time>2021-11-28T20:41:20Z</time>
			</trkpt>
			<trkpt lat="40.036468" lon="-105.911913">
				<ele>2633.535752</ele>
				<time>2021-11-28T20:41:33Z</time>
			</trkpt>
			<trkpt lat="40.036085" lon="-105.912182">
				<ele>2634.646652</ele>
				<time>2021-11-28T20:41:54Z</time>
			</trkpt>
			<trkpt lat="40.035821" lon="-105.912288">
				<ele>2635.352212</ele>
				<time>2021-11-28T20:42:08Z</time>
			</trkpt>
			<trkpt lat="40.035591" lon="-105.912479">
				<ele>2636.18011</ele>
				<time>2021-11-28T20:42:22Z</time>
			</trkpt>
			<trkpt lat="40.035327" lon="-105.912794">
				<ele>2637.483158</ele>
				<time>2021-11-28T20:42:42Z</time>
			</trkpt>
			<trkpt lat="40.034976" lon="-105.912981">
				<ele>2638.864549</ele>
				<time>2021-11-28T20:43:03Z</time>
			</trkpt>
			<trkpt lat="40.034837" lon="-105.912978">
				<ele>2639.371146</ele>
				<time>2021-11-28T20:43:11Z</time>
			</trkpt>
			<trkpt lat="40.034751" lon="-105.91301">
				<ele>2639.697006</ele>
				<time>2021-11-28T20:43:16Z</time>
			</trkpt>
			<trkpt lat="40.034372" lon="-105.913271">
				<ele>2641.258338</ele>
				<time>2021-11-28T20:43:41Z</time>
			</trkpt>
			<trkpt lat="40.034212" lon="-105.913448">
				<ele>2642.022432</ele>
				<time>2021-11-28T20:43:52Z</time>
			</trkpt>
			<trkpt lat="40.034002" lon="-105.913585">
				<ele>2642.605451</ele>
				<time>2021-11-28T20:44:06Z</time>
			</trkpt>
			<trkpt lat="40.033706" lon="-105.913879">
				<ele>2643.328105</ele>
				<time>2021-11-28T20:44:26Z</time>
			</trkpt>
			<trkpt lat="40.033632" lon="-105.913924">
				<ele>2643.486732</ele>
				<time>2021-11-28T20:44:30Z</time>
			</trkpt>
			<trkpt lat="40.033557" lon="-105.913915">
				<ele>2643.633093</ele>
				<time>2021-11-28T20:44:34Z</time>
			</trkpt>
			<trkpt lat="40.033515" lon="-105.913947">
				<ele>2643.727584</ele>
				<time>2021-11-28T20:44:36Z</time>
			</trkpt>
			<trkpt lat="40.033374" lon="-105.914116">
				<ele>2644.099483</ele>
				<time>2021-11-28T20:44:46Z</time>
			</trkpt>
			<trkpt lat="40.033285" lon="-105.914127">
				<ele>2644.273208</ele>
				<time>2021-11-28T20:44:50Z</time>
			</trkpt>
			<trkpt lat="40.033177" lon="-105.914092">
				<ele>2644.489448</ele>
				<time>2021-11-28T20:44:55Z</time>
			</trkpt>
			<trkpt lat="40.033047" lon="-105.914123">
				<ele>2644.746252</ele>
				<time>2021-11-28T20:45:01Z</time>
			</trkpt>
			<trkpt lat="40.032685" lon="-105.914705">
				<ele>2645.734198</ele>
				<time>2021-11-28T20:45:23Z</time>
			</trkpt>
			<trkpt lat="40.032449" lon="-105.914988">
				<ele>2645.258913</ele>
				<time>2021-11-28T20:45:35Z</time>
			</trkpt>
			<trkpt lat="40.032201" lon="-105.915134">
				<ele>2644.855366</ele>
				<time>2021-11-28T20:45:44Z</time>
			</trkpt>
			<trkpt lat="40.032102" lon="-105.91515">
				<ele>2644.707383</ele>
				<time>2021-11-28T20:45:47Z</time>
			</trkpt>
			<trkpt lat="40.032067" lon="-105.915103">
				<ele>2644.632913</ele>
				<time>2021-11-28T20:45:49Z</time>
			</trkpt>
			<trkpt lat="40.032043" lon="-105.914939">
				<ele>2644.44326</ele>
				<time>2021-11-28T20:45:53Z</time>
			</trkpt>
			<trkpt lat="40.031999" lon="-105.914297">
				<ele>2643.71112</ele>
				<time>2021-11-28T20:46:09Z</time>
			</trkpt>
			<trkpt lat="40.031997" lon="-105.913844">
				<ele>2643.196566</ele>
				<time>2021-11-28T20:46:19Z</time>
			</trkpt>
			<trkpt lat="40.032013" lon="-105.913753">
				<ele>2643.100591</ele>
				<time>2021-11-28T20:46:22Z</time>
			</trkpt>
			<trkpt lat="40.02994" lon="-105.914727">
				<ele>2641.930118</ele>
				<time>2021-11-28T20:47:08Z</time>
			</trkpt>
			<trkpt lat="40.029477" lon="-105.914837">
				<ele>2642.59781</ele>
				<time>2021-11-28T20:47:23Z</time>
			</trkpt>
			<trkpt lat="40.028973" lon="-105.914954">
				<ele>2643.324102</ele>
				<time>2021-11-28T20:47:41Z</time>
			</trkpt>
			<trkpt lat="40.02867" lon="-105.915024">
				<ele>2643.760677</ele>
				<time>2021-11-28T20:47:52Z</time>
			</trkpt>
			<trkpt lat="40.028238" lon="-105.915199">
				<ele>2644.930931</ele>
				<time>2021-11-28T20:48:10Z</time>
			</trkpt>
			<trkpt lat="40.027995" lon="-105.91535">
				<ele>2645.698138</ele>
				<time>2021-11-28T20:48:19Z</time>
			</trkpt>
			<trkpt lat="40.027656" lon="-105.915722">
				<ele>2646.960504</ele>
				<time>2021-11-28T20:48:35Z</time>
			</trkpt>
			<trkpt lat="40.027396" lon="-105.915957">
				<ele>2647.861967</ele>
				<time>2021-11-28T20:48:46Z</time>
			</trkpt>
			<trkpt lat="40.027173" lon="-105.915961">
				<ele>2648.497787</ele>
				<time>2021-11-28T20:48:54Z</time>
			</trkpt>
			<trkpt lat="40.026965" lon="-105.915879">
				<ele>2649.204883</ele>
				<time>2021-11-28T20:49:03Z</time>
			</trkpt>
			<trkpt lat="40.026817" lon="-105.916">
				<ele>2650.097379</ele>
				<time>2021-11-28T20:49:10Z</time>
			</trkpt>
			<trkpt lat="40.02657" lon="-105.916288">
				<ele>2651.78988</ele>
				<time>2021-11-28T20:49:25Z</time>
			</trkpt>
			<trkpt lat="40.026216" lon="-105.915691">
				<ele>2654.745211</ele>
				<time>2021-11-28T20:49:54Z</time>
			</trkpt>
			<trkpt lat="40.025574" lon="-105.914831">
				<ele>2659.434848</ele>
				<time>2021-11-28T20:50:43Z</time>
			</trkpt>
			<trkpt lat="40.025144" lon="-105.914581">
				<ele>2661.818939</ele>
				<time>2021-11-28T20:51:17Z</time>
			</trkpt>
			<trkpt lat="40.024762" lon="-105.914506">
				<ele>2663.775551</ele>
				<time>2021-11-28T20:51:42Z</time>
			</trkpt>
			<trkpt lat="40.024628" lon="-105.914434">
				<ele>2664.509482</ele>
				<time>2021-11-28T20:51:51Z</time>
			</trkpt>
			<trkpt lat="40.024273" lon="-105.914517">
				<ele>2666.336182</ele>
				<time>2021-11-28T20:52:11Z</time>
			</trkpt>
			<trkpt lat="40.024166" lon="-105.914571">
				<ele>2666.917212</ele>
				<time>2021-11-28T20:52:17Z</time>
			</trkpt>
			<trkpt lat="40.023872" lon="-105.914584">
				<ele>2667.702847</ele>
				<time>2021-11-28T20:52:32Z</time>
			</trkpt>
			<trkpt lat="40.023613" lon="-105.914533">
				<ele>2668.177522</ele>
				<time>2021-11-28T20:52:44Z</time>
			</trkpt>
			<trkpt lat="40.02344" lon="-105.914628">
				<ele>2668.51763</ele>
				<time>2021-11-28T20:52:53Z</time>
			</trkpt>
			<trkpt lat="40.02325" lon="-105.914592">
				<ele>2668.86556</ele>
				<time>2021-11-28T20:53:01Z</time>
			</trkpt>
			<trkpt lat="40.023065" lon="-105.914619">
				<ele>2669.202911</ele>
				<time>2021-11-28T20:53:09Z</time>
			</trkpt>
			<trkpt lat="40.022938" lon="-105.914549">
				<ele>2669.452726</ele>
				<time>2021-11-28T20:53:15Z</time>
			</trkpt>
			<trkpt lat="40.022841" lon="-105.914549">
				<ele>2669.628513</ele>
				<time>2021-11-28T20:53:20Z</time>
			</trkpt>
			<trkpt lat="40.022637" lon="-105.914468">
				<ele>2670.014921</ele>
				<time>2021-11-28T20:53:29Z</time>
			</trkpt>
			<trkpt lat="40.022332" lon="-105.914284">
				<ele>2670.593475</ele>
				<time>2021-11-28T20:53:43Z</time>
			</trkpt>
			<trkpt lat="40.022253" lon="-105.914177">
				<ele>2670.683508</ele>
				<time>2021-11-28T20:53:48Z</time>
			</trkpt>
			<trkpt lat="40.022054" lon="-105.914182">
				<ele>2670.840948</ele>
				<time>2021-11-28T20:53:57Z</time>
			</trkpt>
			<trkpt lat="40.021929" lon="-105.914139">
				<ele>2670.943198</ele>
				<time>2021-11-28T20:54:03Z</time>
			</trkpt>
			<trkpt lat="40.021774" lon="-105.914158">
				<ele>2671.066344</ele>
				<time>2021-11-28T20:54:10Z</time>
			</trkpt>
			<trkpt lat="40.021276" lon="-105.914146">
				<ele>2671.460334</ele>
				<time>2021-11-28T20:54:32Z</time>
			</trkpt>
			<trkpt lat="40.021236" lon="-105.914145">
				<ele>2671.49198</ele>
				<time>2021-11-28T20:54:34Z</time>
			</trkpt>
			<trkpt lat="40.020678" lon="-105.914193">
				<ele>2671.93432</ele>
				<time>2021-11-28T20:54:56Z</time>
			</trkpt>
			<trkpt lat="40.020349" lon="-105.914301">
				<ele>2671.320019</ele>
				<time>2021-11-28T20:55:07Z</time>
			</trkpt>
			<trkpt lat="40.019965" lon="-105.914528">
				<ele>2670.251498</ele>
				<time>2021-11-28T20:55:21Z</time>
			</trkpt>
			<trkpt lat="40.019844" lon="-105.914705">
				<ele>2669.790899</ele>
				<time>2021-11-28T20:55:27Z</time>
			</trkpt>
			<trkpt lat="40.01924" lon="-105.915261">
				<ele>2667.917577</ele>
				<time>2021-11-28T20:55:50Z</time>
			</trkpt>
			<trkpt lat="40.018854" lon="-105.915375">
				<ele>2666.232693</ele>
				<time>2021-11-28T20:56:01Z</time>
			</trkpt>
			<trkpt lat="40.018552" lon="-105.915351">
				<ele>2664.458178</ele>
				<time>2021-11-28T20:56:10Z</time>
			</trkpt>
			<trkpt lat="40.018225" lon="-105.915441">
				<ele>2662.498173</ele>
				<time>2021-11-28T20:56:19Z</time>
			</trkpt>
			<trkpt lat="40.018141" lon="-105.91543">
				<ele>2662.00304</ele>
				<time>2021-11-28T20:56:22Z</time>
			</trkpt>
			<trkpt lat="40.017843" lon="-105.915567">
				<ele>2660.150097</ele>
				<time>2021-11-28T20:56:31Z</time>
			</trkpt>
			<trkpt lat="40.017463" lon="-105.91587">
				<ele>2657.538692</ele>
				<time>2021-11-28T20:56:43Z</time>
			</trkpt>
			<trkpt lat="40.01711" lon="-105.916224">
				<ele>2654.069982</ele>
				<time>2021-11-28T20:56:55Z</time>
			</trkpt>
			<trkpt lat="40.016555" lon="-105.916935">
				<ele>2647.509028</ele>
				<time>2021-11-28T20:57:15Z</time>
			</trkpt>
			<trkpt lat="40.016549" lon="-105.91699">
				<ele>2647.149998</ele>
				<time>2021-11-28T20:57:17Z</time>
			</trkpt>
			<trkpt lat="40.01659" lon="-105.917006">
				<ele>2646.788904</ele>
				<time>2021-11-28T20:57:18Z</time>
			</trkpt>
			<trkpt lat="40.016685" lon="-105.916944">
				<ele>2645.892702</ele>
				<time>2021-11-28T20:57:20Z</time>
			</trkpt>
			<trkpt lat="40.016901" lon="-105.916928">
				<ele>2644.067087</ele>
				<time>2021-11-28T20:57:26Z</time>
			</trkpt>
			<trkpt lat="40.016939" lon="-105.916959">
				<ele>2643.68899</ele>
				<time>2021-11-28T20:57:27Z</time>
			</trkpt>
			<trkpt lat="40.016927" lon="-105.916993">
				<ele>2643.447053</ele>
				<time>2021-11-28T20:57:28Z</time>
			</trkpt>
			<trkpt lat="40.016804" lon="-105.917054">
				<ele>2642.336792</ele>
				<time>2021-11-28T20:57:31Z</time>
			</trkpt>
			<trkpt lat="40.016253" lon="-105.917648">
				<ele>2635.655616</ele>
				<time>2021-11-28T20:57:50Z</time>
			</trkpt>
			<trkpt lat="40.015454" lon="-105.918351">
				<ele>2626.544146</ele>
				<time>2021-11-28T20:58:15Z</time>
			</trkpt>
			<trkpt lat="40.015457" lon="-105.918417">
				<ele>2626.065282</ele>
				<time>2021-11-28T20:58:16Z</time>
			</trkpt>
			<trkpt lat="40.015545" lon="-105.918452">
				<ele>2625.195322</ele>
				<time>2021-11-28T20:58:19Z</time>
			</trkpt>
			<trkpt lat="40.015796" lon="-105.918379">
				<ele>2622.534486</ele>
				<time>2021-11-28T20:58:25Z</time>
			</trkpt>
			<trkpt lat="40.015855" lon="-105.918406">
				<ele>2621.873234</ele>
				<time>2021-11-28T20:58:27Z</time>
			</trkpt>
			<trkpt lat="40.015839" lon="-105.918479">
				<ele>2621.258162</ele>
				<time>2021-11-28T20:58:29Z</time>
			</trkpt>
			<trkpt lat="40.015733" lon="-105.918536">
				<ele>2620.04566</ele>
				<time>2021-11-28T20:58:31Z</time>
			</trkpt>
			<trkpt lat="40.015594" lon="-105.918658">
				<ele>2618.274194</ele>
				<time>2021-11-28T20:58:36Z</time>
			</trkpt>
			<trkpt lat="40.015497" lon="-105.918807">
				<ele>2616.690096</ele>
				<time>2021-11-28T20:58:40Z</time>
			</trkpt>
			<trkpt lat="40.014908" lon="-105.919415">
				<ele>2608.748633</ele>
				<time>2021-11-28T20:58:58Z</time>
			</trkpt>
			<trkpt lat="40.014335" lon="-105.919787">
				<ele>2603.394324</ele>
				<time>2021-11-28T20:59:15Z</time>
			</trkpt>
			<trkpt lat="40.014319" lon="-105.919849">
				<ele>2603.067285</ele>
				<time>2021-11-28T20:59:16Z</time>
			</trkpt>
			<trkpt lat="40.01445" lon="-105.919887">
				<ele>2602.191442</ele>
				<time>2021-11-28T20:59:20Z</time>
			</trkpt>
			<trkpt lat="40.014616" lon="-105.919978">
				<ele>2601.016395</ele>
				<time>2021-11-28T20:59:24Z</time>
			</trkpt>
			<trkpt lat="40.014725" lon="-105.920117">
				<ele>2600.021976</ele>
				<time>2021-11-28T20:59:28Z</time>
			</trkpt>
			<trkpt lat="40.014708" lon="-105.920177">
				<ele>2599.702191</ele>
				<time>2021-11-28T20:59:30Z</time>
			</trkpt>
			<trkpt lat="40.014363" lon="-105.920408">
				<ele>2597.171677</ele>
				<time>2021-11-28T20:59:41Z</time>
			</trkpt>
			<trkpt lat="40.013944" lon="-105.920572">
				<ele>2594.316762</ele>
				<time>2021-11-28T20:59:54Z</time>
			</trkpt>
			<trkpt lat="40.013769" lon="-105.920593">
				<ele>2594.201512</ele>
				<time>2021-11-28T21:00:00Z</time>
			</trkpt>
			<trkpt lat="40.013166" lon="-105.920758">
				<ele>2595.61019</ele>
				<time>2021-11-28T21:00:25Z</time>
			</trkpt>
			<trkpt lat="40.012961" lon="-105.920657">
				<ele>2596.111171</ele>
				<time>2021-11-28T21:00:36Z</time>
			</trkpt>
			<trkpt lat="40.012722" lon="-105.920445">
				<ele>2596.771812</ele>
				<time>2021-11-28T21:00:52Z</time>
			</trkpt>
			<trkpt lat="40.012248" lon="-105.920276">
				<ele>2597.895269</ele>
				<time>2021-11-28T21:01:23Z</time>
			</trkpt>
			<trkpt lat="40.012137" lon="-105.920176">
				<ele>2598.394919</ele>
				<time>2021-11-28T21:01:32Z</time>
			</trkpt>
			<trkpt lat="40.012005" lon="-105.920129">
				<ele>2599.088256</ele>
				<time>2021-11-28T21:01:41Z</time>
			</trkpt>
			<trkpt lat="40.011597" lon="-105.919889">
				<ele>2601.355945</ele>
				<time>2021-11-28T21:02:10Z</time>
			</trkpt>
			<trkpt lat="40.011486" lon="-105.91971">
				<ele>2602.249853</ele>
				<time>2021-11-28T21:02:21Z</time>
			</trkpt>
			<trkpt lat="40.011325" lon="-105.919554">
				<ele>2603.265847</ele>
				<time>2021-11-28T21:02:34Z</time>
			</trkpt>
			<trkpt lat="40.011148" lon="-105.919295">
				<ele>2604.613085</ele>
				<time>2021-11-28T21:02:51Z</time>
			</trkpt>
			<trkpt lat="40.01111" lon="-105.919315">
				<ele>2604.820707</ele>
				<time>2021-11-28T21:02:53Z</time>
			</trkpt>
			<trkpt lat="40.011147" lon="-105.919769">
				<ele>2606.592763</ele>
				<time>2021-11-28T21:03:14Z</time>
			</trkpt>
			<trkpt lat="40.011136" lon="-105.919927">
				<ele>2607.194349</ele>
				<time>2021-11-28T21:03:21Z</time>
			</trkpt>
			<trkpt lat="40.011178" lon="-105.920023">
				<ele>2607.495502</ele>
				<time>2021-11-28T21:03:26Z</time>
			</trkpt>
			<trkpt lat="40.011169" lon="-105.920086">
				<ele>2607.67007</ele>
				<time>2021-11-28T21:03:29Z</time>
			</trkpt>
			<trkpt lat="40.011116" lon="-105.920096">
				<ele>2607.86052</ele>
				<time>2021-11-28T21:03:32Z</time>
			</trkpt>
			<trkpt lat="40.010674" lon="-105.919538">
				<ele>2610.047143</ele>
				<time>2021-11-28T21:04:08Z</time>
			</trkpt>
			<trkpt lat="40.010263" lon="-105.919252">
				<ele>2611.703491</ele>
				<time>2021-11-28T21:04:35Z</time>
			</trkpt>
			<trkpt lat="40.009664" lon="-105.919102">
				<ele>2613.707834</ele>
				<time>2021-11-28T21:05:04Z</time>
			</trkpt>
			<trkpt lat="40.009337" lon="-105.91913">
				<ele>2614.263377</ele>
				<time>2021-11-28T21:05:19Z</time>
			</trkpt>
			<trkpt lat="40.009142" lon="-105.919093">
				<ele>2614.597427</ele>
				<time>2021-11-28T21:05:28Z</time>
			</trkpt>
			<trkpt lat="40.00892" lon="-105.918953">
				<ele>2615.015381</ele>
				<time>2021-11-28T21:05:39Z</time>
			</trkpt>
			<trkpt lat="40.008761" lon="-105.918857">
				<ele>2615.312357</ele>
				<time>2021-11-28T21:05:47Z</time>
			</trkpt>
			<trkpt lat="40.008503" lon="-105.91846">
				<ele>2615.988404</ele>
				<time>2021-11-28T21:06:05Z</time>
			</trkpt>
			<trkpt lat="40.007968" lon="-105.918181">
				<ele>2616.934879</ele>
				<time>2021-11-28T21:06:31Z</time>
			</trkpt>
			<trkpt lat="40.007534" lon="-105.918267">
				<ele>2617.616361</ele>
				<time>2021-11-28T21:06:50Z</time>
			</trkpt>
			<trkpt lat="40.006839" lon="-105.917918">
				<ele>2618.772377</ele>
				<time>2021-11-28T21:07:23Z</time>
			</trkpt>
			<trkpt lat="40.0063" lon="-105.917918">
				<ele>2619.597028</ele>
				<time>2021-11-28T21:07:48Z</time>
			</trkpt>
			<trkpt lat="40.006026" lon="-105.917726">
				<ele>2620.051923</ele>
				<time>2021-11-28T21:08:02Z</time>
			</trkpt>
			<trkpt lat="40.00585" lon="-105.917409">
				<ele>2620.490607</ele>
				<time>2021-11-28T21:08:16Z</time>
			</trkpt>
			<trkpt lat="40.005579" lon="-105.917089">
				<ele>2621.025126</ele>
				<time>2021-11-28T21:08:33Z</time>
			</trkpt>
			<trkpt lat="40.005505" lon="-105.917002">
				<ele>2621.170799</ele>
				<time>2021-11-28T21:08:38Z</time>
			</trkpt>
			<trkpt lat="40.005285" lon="-105.916888">
				<ele>2621.51704</ele>
				<time>2021-11-28T21:08:48Z</time>
			</trkpt>
			<trkpt lat="40.005018" lon="-105.917038">
				<ele>2621.942238</ele>
				<time>2021-11-28T21:09:00Z</time>
			</trkpt>
			<trkpt lat="40.004827" lon="-105.917404">
				<ele>2622.006837</ele>
				<time>2021-11-28T21:09:13Z</time>
			</trkpt>
			<trkpt lat="40.004599" lon="-105.917601">
				<ele>2621.983856</ele>
				<time>2021-11-28T21:09:24Z</time>
			</trkpt>
			<trkpt lat="40.004385" lon="-105.917676">
				<ele>2621.965232</ele>
				<time>2021-11-28T21:09:32Z</time>
			</trkpt>
			<trkpt lat="40.004133" lon="-105.917575">
				<ele>2621.943076</ele>
				<time>2021-11-28T21:09:42Z</time>
			</trkpt>
			<trkpt lat="40.003693" lon="-105.916931">
				<ele>2621.887516</ele>
				<time>2021-11-28T21:10:05Z</time>
			</trkpt>
			<trkpt lat="40.003592" lon="-105.916657">
				<ele>2621.911151</ele>
				<time>2021-11-28T21:10:13Z</time>
			</trkpt>
			<trkpt lat="40.003539" lon="-105.91644">
				<ele>2621.953199</ele>
				<time>2021-11-28T21:10:19Z</time>
			</trkpt>
			<trkpt lat="40.003459" lon="-105.91599">
				<ele>2622.038482</ele>
				<time>2021-11-28T21:10:32Z</time>
			</trkpt>
			<trkpt lat="40.003393" lon="-105.915421">
				<ele>2622.144723</ele>
				<time>2021-11-28T21:10:48Z</time>
			</trkpt>
			<trkpt lat="40.003383" lon="-105.914942">
				<ele>2622.233185</ele>
				<time>2021-11-28T21:11:02Z</time>
			</trkpt>
			<trkpt lat="40.003381" lon="-105.914847">
				<ele>2622.25073</ele>
				<time>2021-11-28T21:11:06Z</time>
			</trkpt>
			<trkpt lat="40.003409" lon="-105.914536">
				<ele>2622.308539</ele>
				<time>2021-11-28T21:11:16Z</time>
			</trkpt>
			<trkpt lat="40.003455" lon="-105.914211">
				<ele>2623.18286</ele>
				<time>2021-11-28T21:11:25Z</time>
			</trkpt>
			<trkpt lat="40.003442" lon="-105.914104">
				<ele>2623.488443</ele>
				<time>2021-11-28T21:11:29Z</time>
			</trkpt>
			<trkpt lat="40.003081" lon="-105.913348">
				<ele>2626.00127</ele>
				<time>2021-11-28T21:12:07Z</time>
			</trkpt>
			<trkpt lat="40.002789" lon="-105.912672">
				<ele>2628.190318</ele>
				<time>2021-11-28T21:12:43Z</time>
			</trkpt>
			<trkpt lat="40.002583" lon="-105.912037">
				<ele>2630.280885</ele>
				<time>2021-11-28T21:13:16Z</time>
			</trkpt>
			<trkpt lat="40.001803" lon="-105.90907">
				<ele>2638.731217</ele>
				<time>2021-11-28T21:15:32Z</time>
			</trkpt>
			<trkpt lat="40.001764" lon="-105.908723">
				<ele>2639.415674</ele>
				<time>2021-11-28T21:15:45Z</time>
			</trkpt>
			<trkpt lat="40.001591" lon="-105.907905">
				<ele>2640.84097</ele>
				<time>2021-11-28T21:16:13Z</time>
			</trkpt>
			<trkpt lat="40.001464" lon="-105.907798">
				<ele>2640.53006</ele>
				<time>2021-11-28T21:16:19Z</time>
			</trkpt>
			<trkpt lat="40.001179" lon="-105.906794">
				<ele>2638.842972</ele>
				<time>2021-11-28T21:16:47Z</time>
			</trkpt>
			<trkpt lat="39.999771" lon="-105.902139">
				<ele>2624.609984</ele>
				<time>2021-11-28T21:18:41Z</time>
			</trkpt>
			<trkpt lat="39.999584" lon="-105.901735">
				<ele>2623.13252</ele>
				<time>2021-11-28T21:18:51Z</time>
			</trkpt>
			<trkpt lat="39.99943" lon="-105.901288">
				<ele>2621.526636</ele>
				<time>2021-11-28T21:19:03Z</time>
			</trkpt>
			<trkpt lat="39.999161" lon="-105.90098">
				<ele>2619.933903</ele>
				<time>2021-11-28T21:19:13Z</time>
			</trkpt>
			<trkpt lat="39.999023" lon="-105.90076">
				<ele>2618.964308</ele>
				<time>2021-11-28T21:19:20Z</time>
			</trkpt>
			<trkpt lat="39.998893" lon="-105.900382">
				<ele>2617.551415</ele>
				<time>2021-11-28T21:19:29Z</time>
			</trkpt>
			<trkpt lat="39.99883" lon="-105.900004">
				<ele>2616.232303</ele>
				<time>2021-11-28T21:19:38Z</time>
			</trkpt>
			<trkpt lat="39.998295" lon="-105.898759">
				<ele>2611.076287</ele>
				<time>2021-11-28T21:20:09Z</time>
			</trkpt>
			<trkpt lat="39.998082" lon="-105.898137">
				<ele>2608.531967</ele>
				<time>2021-11-28T21:20:24Z</time>
			</trkpt>
			<trkpt lat="39.998004" lon="-105.897834">
				<ele>2607.338259</ele>
				<time>2021-11-28T21:20:31Z</time>
			</trkpt>
			<trkpt lat="39.997977" lon="-105.8976">
				<ele>2606.454547</ele>
				<time>2021-11-28T21:20:36Z</time>
			</trkpt>
			<trkpt lat="39.997819" lon="-105.897429">
				<ele>2605.517481</ele>
				<time>2021-11-28T21:20:42Z</time>
			</trkpt>
			<trkpt lat="39.997751" lon="-105.897303">
				<ele>2605.153411</ele>
				<time>2021-11-28T21:20:46Z</time>
			</trkpt>
			<trkpt lat="39.997591" lon="-105.897107">
				<ele>2604.47684</ele>
				<time>2021-11-28T21:20:52Z</time>
			</trkpt>
			<trkpt lat="39.99748" lon="-105.897097">
				<ele>2604.133762</ele>
				<time>2021-11-28T21:20:56Z</time>
			</trkpt>
			<trkpt lat="39.997493" lon="-105.896095">
				<ele>2601.766547</ele>
				<time>2021-11-28T21:21:20Z</time>
			</trkpt>
			<trkpt lat="39.997465" lon="-105.895738">
				<ele>2600.918851</ele>
				<time>2021-11-28T21:21:28Z</time>
			</trkpt>
			<trkpt lat="39.997484" lon="-105.895416">
				<ele>2600.155985</ele>
				<time>2021-11-28T21:21:36Z</time>
			</trkpt>
			<trkpt lat="39.997389" lon="-105.895155">
				<ele>2599.730119</ele>
				<time>2021-11-28T21:21:44Z</time>
			</trkpt>
			<trkpt lat="39.997248" lon="-105.894059">
				<ele>2598.214704</ele>
				<time>2021-11-28T21:22:12Z</time>
			</trkpt>
			<trkpt lat="39.996797" lon="-105.890013">
				<ele>2592.664352</ele>
				<time>2021-11-28T21:23:56Z</time>
			</trkpt>
			<trkpt lat="39.99675" lon="-105.889594">
				<ele>2591.962344</ele>
				<time>2021-11-28T21:24:06Z</time>
			</trkpt>
			<trkpt lat="39.996639" lon="-105.888617">
				<ele>2590.324998</ele>
				<time>2021-11-28T21:24:30Z</time>
			</trkpt>
			<trkpt lat="39.9966" lon="-105.888234">
				<ele>2589.614703</ele>
				<time>2021-11-28T21:24:40Z</time>
			</trkpt>
			<trkpt lat="39.99652" lon="-105.888014">
				<ele>2589.130437</ele>
				<time>2021-11-28T21:24:45Z</time>
			</trkpt>
			<trkpt lat="39.996347" lon="-105.887078">
				<ele>2587.215741</ele>
				<time>2021-11-28T21:25:09Z</time>
			</trkpt>
			<trkpt lat="39.99636" lon="-105.886426">
				<ele>2585.91876</ele>
				<time>2021-11-28T21:25:24Z</time>
			</trkpt>
			<trkpt lat="39.996238" lon="-105.885848">
				<ele>2584.591291</ele>
				<time>2021-11-28T21:25:39Z</time>
			</trkpt>
			<trkpt lat="39.996074" lon="-105.884858">
				<ele>2582.1507</ele>
				<time>2021-11-28T21:26:03Z</time>
			</trkpt>
			<trkpt lat="39.995739" lon="-105.883787">
				<ele>2579.349179</ele>
				<time>2021-11-28T21:26:30Z</time>
			</trkpt>
			<trkpt lat="39.995741" lon="-105.883571">
				<ele>2578.807455</ele>
				<time>2021-11-28T21:26:35Z</time>
			</trkpt>
			<trkpt lat="39.995813" lon="-105.883093">
				<ele>2577.585776</ele>
				<time>2021-11-28T21:26:46Z</time>
			</trkpt>
			<trkpt lat="39.995804" lon="-105.88264">
				<ele>2576.449362</ele>
				<time>2021-11-28T21:26:57Z</time>
			</trkpt>
			<trkpt lat="39.995896" lon="-105.882272">
				<ele>2575.478597</ele>
				<time>2021-11-28T21:27:06Z</time>
			</trkpt>
			<trkpt lat="39.995885" lon="-105.882089">
				<ele>2575.01826</ele>
				<time>2021-11-28T21:27:10Z</time>
			</trkpt>
			<trkpt lat="39.995791" lon="-105.88163">
				<ele>2573.826763</ele>
				<time>2021-11-28T21:27:21Z</time>
			</trkpt>
			<trkpt lat="39.995868" lon="-105.881462">
				<ele>2573.607309</ele>
				<time>2021-11-28T21:27:26Z</time>
			</trkpt>
			<trkpt lat="39.99569" lon="-105.87979">
				<ele>2571.746053</ele>
				<time>2021-11-28T21:28:10Z</time>
			</trkpt>
			<trkpt lat="39.995612" lon="-105.879689">
				<ele>2571.587926</ele>
				<time>2021-11-28T21:28:14Z</time>
			</trkpt>
			<trkpt lat="39.995517" lon="-105.879163">
				<ele>2571.01945</ele>
				<time>2021-11-28T21:28:28Z</time>
			</trkpt>
			<trkpt lat="39.995447" lon="-105.879074">
				<ele>2570.894887</ele>
				<time>2021-11-28T21:28:32Z</time>
			</trkpt>
			<trkpt lat="39.995384" lon="-105.879037">
				<ele>2570.806826</ele>
				<time>2021-11-28T21:28:33Z</time>
			</trkpt>
			<trkpt lat="39.995341" lon="-105.878929">
				<ele>2570.687966</ele>
				<time>2021-11-28T21:28:36Z</time>
			</trkpt>
			<trkpt lat="39.995308" lon="-105.878495">
				<ele>2570.262059</ele>
				<time>2021-11-28T21:28:48Z</time>
			</trkpt>
			<trkpt lat="39.995337" lon="-105.878061">
				<ele>2569.836626</ele>
				<time>2021-11-28T21:28:59Z</time>
			</trkpt>
			<trkpt lat="39.9953" lon="-105.877516">
				<ele>2569.302319</ele>
				<time>2021-11-28T21:29:13Z</time>
			</trkpt>
			<trkpt lat="39.995349" lon="-105.877189">
				<ele>2568.976935</ele>
				<time>2021-11-28T21:29:22Z</time>
			</trkpt>
			<trkpt lat="39.995189" lon="-105.875416">
				<ele>2566.52496</ele>
				<time>2021-11-28T21:30:06Z</time>
			</trkpt>
			<trkpt lat="39.995094" lon="-105.874979">
				<ele>2565.89704</ele>
				<time>2021-11-28T21:30:18Z</time>
			</trkpt>
			<trkpt lat="39.995139" lon="-105.874711">
				<ele>2565.548335</ele>
				<time>2021-11-28T21:30:25Z</time>
			</trkpt>
			<trkpt lat="39.994985" lon="-105.872785">
				<ele>2563.336871</ele>
				<time>2021-11-28T21:31:15Z</time>
			</trkpt>
			<trkpt lat="39.994852" lon="-105.872441">
				<ele>2562.911828</ele>
				<time>2021-11-28T21:31:25Z</time>
			</trkpt>
			<trkpt lat="39.99482" lon="-105.872258">
				<ele>2562.725314</ele>
				<time>2021-11-28T21:31:29Z</time>
			</trkpt>
			<trkpt lat="39.994794" lon="-105.871918">
				<ele>2562.385797</ele>
				<time>2021-11-28T21:31:38Z</time>
			</trkpt>
			<trkpt lat="39.994862" lon="-105.8715">
				<ele>2561.961193</ele>
				<time>2021-11-28T21:31:49Z</time>
			</trkpt>
			<trkpt lat="39.994845" lon="-105.871144">
				<ele>2561.60677</ele>
				<time>2021-11-28T21:31:59Z</time>
			</trkpt>
			<trkpt lat="39.994857" lon="-105.870833">
				<ele>2561.297355</ele>
				<time>2021-11-28T21:32:07Z</time>
			</trkpt>
			<trkpt lat="39.99471" lon="-105.870427">
				<ele>2560.85115</ele>
				<time>2021-11-28T21:32:19Z</time>
			</trkpt>
			<trkpt lat="39.994658" lon="-105.870062">
				<ele>2560.367721</ele>
				<time>2021-11-28T21:32:28Z</time>
			</trkpt>
			<trkpt lat="39.994566" lon="-105.869789">
				<ele>2559.899247</ele>
				<time>2021-11-28T21:32:36Z</time>
			</trkpt>
			<trkpt lat="39.994486" lon="-105.86941">
				<ele>2559.281742</ele>
				<time>2021-11-28T21:32:46Z</time>
			</trkpt>
			<trkpt lat="39.994498" lon="-105.868987">
				<ele>2558.616851</ele>
				<time>2021-11-28T21:32:56Z</time>
			</trkpt>
			<trkpt lat="39.994402" lon="-105.868466">
				<ele>2557.775141</ele>
				<time>2021-11-28T21:33:10Z</time>
			</trkpt>
			<trkpt lat="39.994434" lon="-105.867729">
				<ele>2556.468838</ele>
				<time>2021-11-28T21:33:27Z</time>
			</trkpt>
			<trkpt lat="39.994379" lon="-105.867407">
				<ele>2555.748332</ele>
				<time>2021-11-28T21:33:35Z</time>
			</trkpt>
			<trkpt lat="39.994356" lon="-105.866924">
				<ele>2554.691436</ele>
				<time>2021-11-28T21:33:47Z</time>
			</trkpt>
			<trkpt lat="39.994266" lon="-105.866602">
				<ele>2553.942855</ele>
				<time>2021-11-28T21:33:55Z</time>
			</trkpt>
			<trkpt lat="39.994252" lon="-105.866275">
				<ele>2553.227579</ele>
				<time>2021-11-28T21:34:02Z</time>
			</trkpt>
			<trkpt lat="39.994213" lon="-105.866017">
				<ele>2552.653249</ele>
				<time>2021-11-28T21:34:09Z</time>
			</trkpt>
			<trkpt lat="39.994212" lon="-105.864452">
				<ele>2550.042938</ele>
				<time>2021-11-28T21:34:47Z</time>
			</trkpt>
			<trkpt lat="39.994108" lon="-105.864148">
				<ele>2549.5392</ele>
				<time>2021-11-28T21:34:56Z</time>
			</trkpt>
			<trkpt lat="39.994117" lon="-105.86394">
				<ele>2549.223988</ele>
				<time>2021-11-28T21:35:01Z</time>
			</trkpt>
			<trkpt lat="39.994204" lon="-105.863524">
				<ele>2548.571536</ele>
				<time>2021-11-28T21:35:12Z</time>
			</trkpt>
			<trkpt lat="39.994266" lon="-105.863437">
				<ele>2548.391756</ele>
				<time>2021-11-28T21:35:15Z</time>
			</trkpt>
			<trkpt lat="39.994385" lon="-105.863526">
				<ele>2548.169735</ele>
				<time>2021-11-28T21:35:20Z</time>
			</trkpt>
			<trkpt lat="39.994443" lon="-105.863552">
				<ele>2548.079586</ele>
				<time>2021-11-28T21:35:21Z</time>
			</trkpt>
			<trkpt lat="39.994548" lon="-105.863563">
				<ele>2547.924737</ele>
				<time>2021-11-28T21:35:24Z</time>
			</trkpt>
			<trkpt lat="39.994621" lon="-105.863368">
				<ele>2547.680314</ele>
				<time>2021-11-28T21:35:30Z</time>
			</trkpt>
			<trkpt lat="39.994563" lon="-105.862285">
				<ele>2546.457675</ele>
				<time>2021-11-28T21:35:58Z</time>
			</trkpt>
			<trkpt lat="39.994654" lon="-105.86199">
				<ele>2546.099529</ele>
				<time>2021-11-28T21:36:06Z</time>
			</trkpt>
			<trkpt lat="39.994641" lon="-105.861161">
				<ele>2545.251248</ele>
				<time>2021-11-28T21:36:27Z</time>
			</trkpt>
			<trkpt lat="39.994681" lon="-105.860929">
				<ele>2545.029049</ele>
				<time>2021-11-28T21:36:33Z</time>
			</trkpt>
			<trkpt lat="39.994636" lon="-105.860653">
				<ele>2544.765383</ele>
				<time>2021-11-28T21:36:41Z</time>
			</trkpt>
			<trkpt lat="39.99462" lon="-105.85955">
				<ele>2543.73457</ele>
				<time>2021-11-28T21:37:09Z</time>
			</trkpt>
			<trkpt lat="39.994576" lon="-105.856571">
				<ele>2542.724469</ele>
				<time>2021-11-28T21:38:30Z</time>
			</trkpt>
			<trkpt lat="39.9944" lon="-105.856461">
				<ele>2542.864744</ele>
				<time>2021-11-28T21:38:38Z</time>
			</trkpt>
			<trkpt lat="39.994297" lon="-105.856235">
				<ele>2543.009566</ele>
				<time>2021-11-28T21:38:47Z</time>
			</trkpt>
			<trkpt lat="39.994241" lon="-105.8562">
				<ele>2543.054199</ele>
				<time>2021-11-28T21:38:49Z</time>
			</trkpt>
			<trkpt lat="39.994118" lon="-105.85627">
				<ele>2543.150657</ele>
				<time>2021-11-28T21:38:55Z</time>
			</trkpt>
			<trkpt lat="39.994009" lon="-105.856214">
				<ele>2543.234864</ele>
				<time>2021-11-28T21:39:00Z</time>
			</trkpt>
			<trkpt lat="39.993808" lon="-105.856214">
				<ele>2543.379355</ele>
				<time>2021-11-28T21:39:09Z</time>
			</trkpt>
			<trkpt lat="39.99375" lon="-105.856174">
				<ele>2543.42651</ele>
				<time>2021-11-28T21:39:12Z</time>
			</trkpt>
			<trkpt lat="39.993663" lon="-105.856016">
				<ele>2543.533669</ele>
				<time>2021-11-28T21:39:18Z</time>
			</trkpt>
			<trkpt lat="39.993594" lon="-105.855723">
				<ele>2543.702484</ele>
				<time>2021-11-28T21:39:28Z</time>
			</trkpt>
			<trkpt lat="39.993493" lon="-105.855509">
				<ele>2543.807795</ele>
				<time>2021-11-28T21:39:37Z</time>
			</trkpt>
			<trkpt lat="39.992807" lon="-105.854682">
				<ele>2543.238466</ele>
				<time>2021-11-28T21:40:14Z</time>
			</trkpt>
			<trkpt lat="39.992493" lon="-105.854216">
				<ele>2542.948593</ele>
				<time>2021-11-28T21:40:29Z</time>
			</trkpt>
			<trkpt lat="39.992361" lon="-105.854108">
				<ele>2542.853612</ele>
				<time>2021-11-28T21:40:35Z</time>
			</trkpt>
			<trkpt lat="39.992132" lon="-105.854028">
				<ele>2542.66911</ele>
				<time>2021-11-28T21:40:42Z</time>
			</trkpt>
			<trkpt lat="39.992021" lon="-105.853956">
				<ele>2542.419123</ele>
				<time>2021-11-28T21:40:46Z</time>
			</trkpt>
			<trkpt lat="39.991976" lon="-105.853871">
				<ele>2542.259477</ele>
				<time>2021-11-28T21:40:49Z</time>
			</trkpt>
			<trkpt lat="39.99198" lon="-105.853761">
				<ele>2542.089318</ele>
				<time>2021-11-28T21:40:51Z</time>
			</trkpt>
			<trkpt lat="39.991804" lon="-105.85371">
				<ele>2541.725714</ele>
				<time>2021-11-28T21:40:55Z</time>
			</trkpt>
			<trkpt lat="39.991838" lon="-105.853445">
				<ele>2541.310543</ele>
				<time>2021-11-28T21:40:58Z</time>
			</trkpt>
			<trkpt lat="39.991846" lon="-105.853061">
				<ele>2540.716981</ele>
				<time>2021-11-28T21:41:03Z</time>
			</trkpt>
			<trkpt lat="39.991827" lon="-105.852918">
				<ele>2540.492724</ele>
				<time>2021-11-28T21:41:05Z</time>
			</trkpt>
			<trkpt lat="39.991752" lon="-105.852699">
				<ele>2540.122064</ele>
				<time>2021-11-28T21:41:09Z</time>
			</trkpt>
			<trkpt lat="39.991519" lon="-105.85231">
				<ele>2539.359101</ele>
				<time>2021-11-28T21:41:16Z</time>
			</trkpt>
			<trkpt lat="39.991016" lon="-105.851586">
				<ele>2539.420077</ele>
				<time>2021-11-28T21:41:30Z</time>
			</trkpt>
			<trkpt lat="39.990694" lon="-105.851163">
				<ele>2539.656873</ele>
				<time>2021-11-28T21:41:43Z</time>
			</trkpt>
			<trkpt lat="39.990607" lon="-105.851019">
				<ele>2539.729698</ele>
				<time>2021-11-28T21:41:49Z</time>
			</trkpt>
			<trkpt lat="39.990622" lon="-105.850159">
				<ele>2540.242824</ele>
				<time>2021-11-28T21:42:20Z</time>
			</trkpt>
			<trkpt lat="39.990662" lon="-105.849831">
				<ele>2540.937755</ele>
				<time>2021-11-28T21:42:32Z</time>
			</trkpt>
			<trkpt lat="39.990749" lon="-105.849575">
				<ele>2541.523728</ele>
				<time>2021-11-28T21:42:43Z</time>
			</trkpt>
			<trkpt lat="39.990854" lon="-105.849295">
				<ele>2542.175998</ele>
				<time>2021-11-28T21:42:54Z</time>
			</trkpt>
			<trkpt lat="39.991109" lon="-105.848873">
				<ele>2543.300547</ele>
				<time>2021-11-28T21:43:15Z</time>
			</trkpt>
			<trkpt lat="39.991343" lon="-105.848592">
				<ele>2544.168919</ele>
				<time>2021-11-28T21:43:32Z</time>
			</trkpt>
			<trkpt lat="39.99158" lon="-105.84836">
				<ele>2544.969763</ele>
				<time>2021-11-28T21:43:48Z</time>
			</trkpt>
			<trkpt lat="39.991848" lon="-105.848176">
				<ele>2545.60151</ele>
				<time>2021-11-28T21:44:05Z</time>
			</trkpt>
			<trkpt lat="39.991926" lon="-105.84806">
				<ele>2545.848202</ele>
				<time>2021-11-28T21:44:12Z</time>
			</trkpt>
			<trkpt lat="39.991963" lon="-105.847912">
				<ele>2546.097034</ele>
				<time>2021-11-28T21:44:19Z</time>
			</trkpt>
			<trkpt lat="39.991959" lon="-105.847053">
				<ele>2547.470043</ele>
				<time>2021-11-28T21:44:52Z</time>
			</trkpt>
			<trkpt lat="39.991927" lon="-105.845866">
				<ele>2548.426107</ele>
				<time>2021-11-28T21:45:26Z</time>
			</trkpt>
			<trkpt lat="39.992966" lon="-105.845875">
				<ele>2547.557733</ele>
				<time>2021-11-28T21:46:03Z</time>
			</trkpt>
			<trkpt lat="39.992893" lon="-105.845822">
				<ele>2547.48792</ele>
				<time>2021-11-28T21:46:06Z</time>
			</trkpt>
			<trkpt lat="39.992724" lon="-105.844746">
				<ele>2546.483556</ele>
				<time>2021-11-28T21:46:32Z</time>
			</trkpt>
			<trkpt lat="39.992338" lon="-105.842685">
				<ele>2544.51685</ele>
				<time>2021-11-28T21:47:28Z</time>
			</trkpt>
			<trkpt lat="39.992356" lon="-105.842641">
				<ele>2544.50927</ele>
				<time>2021-11-28T21:47:29Z</time>
			</trkpt>
			<trkpt lat="39.991666" lon="-105.842193">
				<ele>2544.356418</ele>
				<time>2021-11-28T21:47:57Z</time>
			</trkpt>
			<trkpt lat="39.990503" lon="-105.841588">
				<ele>2544.853474</ele>
				<time>2021-11-28T21:48:48Z</time>
			</trkpt>
			<trkpt lat="39.990013" lon="-105.841479">
				<ele>2545.397063</ele>
				<time>2021-11-28T21:49:10Z</time>
			</trkpt>
			<trkpt lat="39.988945" lon="-105.84142">
				<ele>2546.705733</ele>
				<time>2021-11-28T21:49:56Z</time>
			</trkpt>
			<trkpt lat="39.988419" lon="-105.841435">
				<ele>2547.49451</ele>
				<time>2021-11-28T21:50:19Z</time>
			</trkpt>
			<trkpt lat="39.988391" lon="-105.841272">
				<ele>2547.68639</ele>
				<time>2021-11-28T21:50:25Z</time>
			</trkpt>
			<trkpt lat="39.988282" lon="-105.84113">
				<ele>2547.917278</ele>
				<time>2021-11-28T21:50:31Z</time>
			</trkpt>
			<trkpt lat="39.98782" lon="-105.840858">
				<ele>2548.677124</ele>
				<time>2021-11-28T21:50:54Z</time>
			</trkpt>
			<trkpt lat="39.98604" lon="-105.840563">
				<ele>2552.505386</ele>
				<time>2021-11-28T21:52:20Z</time>
			</trkpt>
			<trkpt lat="39.985929" lon="-105.840623">
				<ele>2552.768139</ele>
				<time>2021-11-28T21:52:26Z</time>
			</trkpt>
			<trkpt lat="39.985757" lon="-105.840795">
				<ele>2553.514704</ele>
				<time>2021-11-28T21:52:37Z</time>
			</trkpt>
			<trkpt lat="39.985633" lon="-105.840854">
				<ele>2553.989726</ele>
				<time>2021-11-28T21:52:43Z</time>
			</trkpt>
			<trkpt lat="39.985325" lon="-105.840799">
				<ele>2555.108577</ele>
				<time>2021-11-28T21:53:00Z</time>
			</trkpt>
			<trkpt lat="39.98514" lon="-105.840628">
				<ele>2555.924485</ele>
				<time>2021-11-28T21:53:12Z</time>
			</trkpt>
			<trkpt lat="39.98484" lon="-105.840118">
				<ele>2557.697568</ele>
				<time>2021-11-28T21:53:40Z</time>
			</trkpt>
			<trkpt lat="39.984672" lon="-105.840113">
				<ele>2558.302375</ele>
				<time>2021-11-28T21:53:50Z</time>
			</trkpt>
			<trkpt lat="39.984709" lon="-105.840322">
				<ele>2558.893916</ele>
				<time>2021-11-28T21:53:59Z</time>
			</trkpt>
			<trkpt lat="39.984937" lon="-105.840841">
				<ele>2561.048282</ele>
				<time>2021-11-28T21:54:28Z</time>
			</trkpt>
			<trkpt lat="39.985103" lon="-105.841094">
				<ele>2562.337456</ele>
				<time>2021-11-28T21:54:43Z</time>
			</trkpt>
			<trkpt lat="39.985629" lon="-105.841649">
				<ele>2565.754152</ele>
				<time>2021-11-28T21:55:25Z</time>
			</trkpt>
			<trkpt lat="39.985635" lon="-105.841735">
				<ele>2566.08838</ele>
				<time>2021-11-28T21:55:29Z</time>
			</trkpt>
			<trkpt lat="39.98559" lon="-105.84181">
				<ele>2566.457068</ele>
				<time>2021-11-28T21:55:34Z</time>
			</trkpt>
			<trkpt lat="39.985245" lon="-105.841885">
				<ele>2568.223788</ele>
				<time>2021-11-28T21:55:57Z</time>
			</trkpt>
			<trkpt lat="39.985153" lon="-105.841712">
				<ele>2569.069674</ele>
				<time>2021-11-28T21:56:05Z</time>
			</trkpt>
			<trkpt lat="39.985033" lon="-105.841615">
				<ele>2569.815992</ele>
				<time>2021-11-28T21:56:12Z</time>
			</trkpt>
			<trkpt lat="39.984343" lon="-105.841294">
				<ele>2573.689108</ele>
				<time>2021-11-28T21:56:50Z</time>
			</trkpt>
			<trkpt lat="39.983997" lon="-105.841212">
				<ele>2575.548447</ele>
				<time>2021-11-28T21:57:07Z</time>
			</trkpt>
			<trkpt lat="39.980955" lon="-105.841132">
				<ele>2588.888046</ele>
				<time>2021-11-28T21:59:31Z</time>
			</trkpt>
			<trkpt lat="39.980918" lon="-105.840955">
				<ele>2589.298293</ele>
				<time>2021-11-28T21:59:36Z</time>
			</trkpt>
			<trkpt lat="39.977716" lon="-105.838804">
				<ele>2594.595422</ele>
				<time>2021-11-28T22:01:20Z</time>
			</trkpt>
			<trkpt lat="39.977502" lon="-105.838573">
				<ele>2594.80052</ele>
				<time>2021-11-28T22:01:28Z</time>
			</trkpt>
			<trkpt lat="39.977371" lon="-105.838526">
				<ele>2594.900853</ele>
				<time>2021-11-28T22:01:31Z</time>
			</trkpt>
			<trkpt lat="39.977096" lon="-105.838519">
				<ele>2595.103978</ele>
				<time>2021-11-28T22:01:38Z</time>
			</trkpt>
			<trkpt lat="39.97689" lon="-105.838268">
				<ele>2595.091004</ele>
				<time>2021-11-28T22:01:49Z</time>
			</trkpt>
			<trkpt lat="39.976628" lon="-105.837809">
				<ele>2594.591631</ele>
				<time>2021-11-28T22:02:05Z</time>
			</trkpt>
			<trkpt lat="39.975526" lon="-105.835201">
				<ele>2590.856563</ele>
				<time>2021-11-28T22:03:20Z</time>
			</trkpt>
			<trkpt lat="39.975281" lon="-105.834869">
				<ele>2590.068403</ele>
				<time>2021-11-28T22:03:31Z</time>
			</trkpt>
			<trkpt lat="39.9749" lon="-105.834563">
				<ele>2589.066127</ele>
				<time>2021-11-28T22:03:45Z</time>
			</trkpt>
			<trkpt lat="39.974562" lon="-105.834374">
				<ele>2588.210741</ele>
				<time>2021-11-28T22:03:56Z</time>
			</trkpt>
			<trkpt lat="39.974125" lon="-105.834038">
				<ele>2587.030875</ele>
				<time>2021-11-28T22:04:12Z</time>
			</trkpt>
			<trkpt lat="39.973936" lon="-105.833935">
				<ele>2586.55443</ele>
				<time>2021-11-28T22:04:19Z</time>
			</trkpt>
			<trkpt lat="39.973061" lon="-105.833663">
				<ele>2584.785369</ele>
				<time>2021-11-28T22:04:48Z</time>
			</trkpt>
			<trkpt lat="39.972124" lon="-105.833415">
				<ele>2583.950414</ele>
				<time>2021-11-28T22:05:21Z</time>
			</trkpt>
			<trkpt lat="39.97118" lon="-105.832869">
				<ele>2583.426922</ele>
				<time>2021-11-28T22:05:59Z</time>
			</trkpt>
			<trkpt lat="39.970551" lon="-105.832462">
				<ele>2583.457555</ele>
				<time>2021-11-28T22:06:25Z</time>
			</trkpt>
			<trkpt lat="39.970022" lon="-105.832173">
				<ele>2583.482578</ele>
				<time>2021-11-28T22:06:47Z</time>
			</trkpt>
			<trkpt lat="39.968853" lon="-105.831675">
				<ele>2583.937983</ele>
				<time>2021-11-28T22:07:35Z</time>
			</trkpt>
			<trkpt lat="39.968094" lon="-105.831384">
				<ele>2584.273661</ele>
				<time>2021-11-28T22:08:06Z</time>
			</trkpt>
			<trkpt lat="39.967873" lon="-105.831332">
				<ele>2584.398651</ele>
				<time>2021-11-28T22:08:15Z</time>
			</trkpt>
			<trkpt lat="39.966536" lon="-105.83085">
				<ele>2585.17069</ele>
				<time>2021-11-28T22:09:10Z</time>
			</trkpt>
			<trkpt lat="39.964621" lon="-105.829959">
				<ele>2587.120998</ele>
				<time>2021-11-28T22:10:33Z</time>
			</trkpt>
			<trkpt lat="39.964472" lon="-105.829872">
				<ele>2587.478055</ele>
				<time>2021-11-28T22:10:41Z</time>
			</trkpt>
			<trkpt lat="39.964114" lon="-105.829522">
				<ele>2588.456558</ele>
				<time>2021-11-28T22:11:03Z</time>
			</trkpt>
			<trkpt lat="39.963811" lon="-105.829271">
				<ele>2589.241614</ele>
				<time>2021-11-28T22:11:21Z</time>
			</trkpt>
			<trkpt lat="39.962599" lon="-105.828684">
				<ele>2591.955756</ele>
				<time>2021-11-28T22:12:26Z</time>
			</trkpt>
			<trkpt lat="39.962221" lon="-105.828513">
				<ele>2592.75785</ele>
				<time>2021-11-28T22:12:45Z</time>
			</trkpt>
			<trkpt lat="39.961716" lon="-105.828196">
				<ele>2593.881387</ele>
				<time>2021-11-28T22:13:11Z</time>
			</trkpt>
			<trkpt lat="39.958156" lon="-105.825305">
				<ele>2597.547081</ele>
				<time>2021-11-28T22:16:01Z</time>
			</trkpt>
			<trkpt lat="39.957044" lon="-105.824365">
				<ele>2599.16786</ele>
				<time>2021-11-28T22:17:00Z</time>
			</trkpt>
			<trkpt lat="39.956372" lon="-105.823817">
				<ele>2599.888504</ele>
				<time>2021-11-28T22:17:34Z</time>
			</trkpt>
			<trkpt lat="39.955764" lon="-105.823329">
				<ele>2600.507889</ele>
				<time>2021-11-28T22:18:04Z</time>
			</trkpt>
			<trkpt lat="39.955836" lon="-105.823076">
				<ele>2600.687381</ele>
				<time>2021-11-28T22:18:09Z</time>
			</trkpt>
			<trkpt lat="39.955659" lon="-105.822883">
				<ele>2600.838348</ele>
				<time>2021-11-28T22:18:15Z</time>
			</trkpt>
			<trkpt lat="39.955618" lon="-105.82269">
				<ele>2600.827264</ele>
				<time>2021-11-28T22:18:18Z</time>
			</trkpt>
			<trkpt lat="39.95563" lon="-105.821553">
				<ele>2600.764328</ele>
				<time>2021-11-28T22:18:38Z</time>
			</trkpt>
			<trkpt lat="39.955556" lon="-105.821376">
				<ele>2600.75317</ele>
				<time>2021-11-28T22:18:42Z</time>
			</trkpt>
			<trkpt lat="39.955531" lon="-105.820023">
				<ele>2600.730464</ele>
				<time>2021-11-28T22:19:05Z</time>
			</trkpt>
			<trkpt lat="39.955481" lon="-105.819992">
				<ele>2600.732605</ele>
				<time>2021-11-28T22:19:06Z</time>
			</trkpt>
			<trkpt lat="39.955479" lon="-105.819802">
				<ele>2600.738237</ele>
				<time>2021-11-28T22:19:10Z</time>
			</trkpt>
			<trkpt lat="39.951882" lon="-105.818566">
				<ele>2600.880565</ele>
				<time>2021-11-28T22:20:36Z</time>
			</trkpt>
			<trkpt lat="39.951903" lon="-105.818169">
				<ele>2600.80764</ele>
				<time>2021-11-28T22:20:42Z</time>
			</trkpt>
			<trkpt lat="39.951894" lon="-105.815168">
				<ele>2599.798451</ele>
				<time>2021-11-28T22:21:30Z</time>
			</trkpt>
			<trkpt lat="39.951895" lon="-105.815071">
				<ele>2599.759345</ele>
				<time>2021-11-28T22:21:31Z</time>
			</trkpt>
			<trkpt lat="39.951899" lon="-105.814542">
				<ele>2599.799323</ele>
				<time>2021-11-28T22:21:40Z</time>
			</trkpt>
			<trkpt lat="39.951897" lon="-105.814362">
				<ele>2599.850472</ele>
				<time>2021-11-28T22:21:43Z</time>
			</trkpt>
			<trkpt lat="39.951895" lon="-105.814228">
				<ele>2599.888553</ele>
				<time>2021-11-28T22:21:46Z</time>
			</trkpt>
			<trkpt lat="39.951717" lon="-105.814312">
				<ele>2599.958713</ele>
				<time>2021-11-28T22:21:53Z</time>
			</trkpt>
			<trkpt lat="39.95139" lon="-105.81453">
				<ele>2600.094826</ele>
				<time>2021-11-28T22:22:07Z</time>
			</trkpt>
			<trkpt lat="39.951096" lon="-105.814554">
				<ele>2600.204009</ele>
				<time>2021-11-28T22:22:19Z</time>
			</trkpt>
			<trkpt lat="39.950934" lon="-105.814643">
				<ele>2600.269162</ele>
				<time>2021-11-28T22:22:26Z</time>
			</trkpt>
			<trkpt lat="39.950776" lon="-105.814716">
				<ele>2600.331289</ele>
				<time>2021-11-28T22:22:33Z</time>
			</trkpt>
			<trkpt lat="39.950466" lon="-105.814921">
				<ele>2600.57245</ele>
				<time>2021-11-28T22:22:48Z</time>
			</trkpt>
			<trkpt lat="39.950006" lon="-105.814945">
				<ele>2600.937058</ele>
				<time>2021-11-28T22:23:06Z</time>
			</trkpt>
			<trkpt lat="39.949901" lon="-105.814741">
				<ele>2601.086243</ele>
				<time>2021-11-28T22:23:14Z</time>
			</trkpt>
			<trkpt lat="39.949697" lon="-105.814637">
				<ele>2601.259711</ele>
				<time>2021-11-28T22:23:23Z</time>
			</trkpt>
			<trkpt lat="39.949634" lon="-105.814331">
				<ele>2601.452082</ele>
				<time>2021-11-28T22:23:33Z</time>
			</trkpt>
			<trkpt lat="39.949566" lon="-105.814218">
				<ele>2601.539303</ele>
				<time>2021-11-28T22:23:37Z</time>
			</trkpt>
			<trkpt lat="39.949494" lon="-105.81416">
				<ele>2601.606323</ele>
				<time>2021-11-28T22:23:41Z</time>
			</trkpt>
			<trkpt lat="39.949323" lon="-105.814187">
				<ele>2601.742743</ele>
				<time>2021-11-28T22:23:48Z</time>
			</trkpt>
			<trkpt lat="39.949149" lon="-105.814126">
				<ele>2601.933422</ele>
				<time>2021-11-28T22:23:56Z</time>
			</trkpt>
			<trkpt lat="39.948954" lon="-105.814392">
				<ele>2602.264495</ele>
				<time>2021-11-28T22:24:08Z</time>
			</trkpt>
			<trkpt lat="39.948866" lon="-105.814577">
				<ele>2602.460343</ele>
				<time>2021-11-28T22:24:15Z</time>
			</trkpt>
			<trkpt lat="39.948827" lon="-105.814598">
				<ele>2602.509851</ele>
				<time>2021-11-28T22:24:16Z</time>
			</trkpt>
			<trkpt lat="39.948509" lon="-105.814527">
				<ele>2602.888418</ele>
				<time>2021-11-28T22:24:30Z</time>
			</trkpt>
			<trkpt lat="39.948375" lon="-105.814438">
				<ele>2603.064862</ele>
				<time>2021-11-28T22:24:37Z</time>
			</trkpt>
			<trkpt lat="39.948301" lon="-105.81435">
				<ele>2603.182361</ele>
				<time>2021-11-28T22:24:41Z</time>
			</trkpt>
			<trkpt lat="39.948205" lon="-105.814299">
				<ele>2603.303991</ele>
				<time>2021-11-28T22:24:45Z</time>
			</trkpt>
			<trkpt lat="39.947916" lon="-105.814336">
				<ele>2603.644732</ele>
				<time>2021-11-28T22:24:58Z</time>
			</trkpt>
			<trkpt lat="39.947839" lon="-105.814374">
				<ele>2603.741334</ele>
				<time>2021-11-28T22:25:01Z</time>
			</trkpt>
			<trkpt lat="39.947325" lon="-105.814141">
				<ele>2604.594179</ele>
				<time>2021-11-28T22:25:26Z</time>
			</trkpt>
			<trkpt lat="39.947004" lon="-105.813996">
				<ele>2605.169483</ele>
				<time>2021-11-28T22:25:41Z</time>
			</trkpt>
			<trkpt lat="39.946792" lon="-105.81378">
				<ele>2605.625062</ele>
				<time>2021-11-28T22:25:54Z</time>
			</trkpt>
			<trkpt lat="39.946782" lon="-105.813698">
				<ele>2605.732865</ele>
				<time>2021-11-28T22:25:57Z</time>
			</trkpt>
			<trkpt lat="39.946722" lon="-105.813631">
				<ele>2605.866627</ele>
				<time>2021-11-28T22:26:01Z</time>
			</trkpt>
			<trkpt lat="39.946691" lon="-105.813494">
				<ele>2606.052087</ele>
				<time>2021-11-28T22:26:06Z</time>
			</trkpt>
			<trkpt lat="39.94658" lon="-105.81343">
				<ele>2606.257617</ele>
				<time>2021-11-28T22:26:12Z</time>
			</trkpt>
			<trkpt lat="39.946543" lon="-105.813347">
				<ele>2606.382274</ele>
				<time>2021-11-28T22:26:15Z</time>
			</trkpt>
			<trkpt lat="39.946543" lon="-105.813239">
				<ele>2606.522496</ele>
				<time>2021-11-28T22:26:19Z</time>
			</trkpt>
			<trkpt lat="39.94652" lon="-105.813186">
				<ele>2606.601568</ele>
				<time>2021-11-28T22:26:21Z</time>
			</trkpt>
			<trkpt lat="39.946318" lon="-105.813142">
				<ele>2606.945683</ele>
				<time>2021-11-28T22:26:30Z</time>
			</trkpt>
			<trkpt lat="39.946185" lon="-105.813092">
				<ele>2607.073588</ele>
				<time>2021-11-28T22:26:36Z</time>
			</trkpt>
			<trkpt lat="39.946128" lon="-105.813014">
				<ele>2607.149929</ele>
				<time>2021-11-28T22:26:40Z</time>
			</trkpt>
			<trkpt lat="39.946062" lon="-105.812806">
				<ele>2607.309408</ele>
				<time>2021-11-28T22:26:47Z</time>
			</trkpt>
			<trkpt lat="39.945582" lon="-105.812811">
				<ele>2607.752979</ele>
				<time>2021-11-28T22:27:00Z</time>
			</trkpt>
			<trkpt lat="39.945529" lon="-105.812622">
				<ele>2607.895552</ele>
				<time>2021-11-28T22:27:04Z</time>
			</trkpt>
			<trkpt lat="39.945525" lon="-105.812506">
				<ele>2607.977815</ele>
				<time>2021-11-28T22:27:07Z</time>
			</trkpt>
			<trkpt lat="39.945624" lon="-105.812491">
				<ele>2608.069914</ele>
				<time>2021-11-28T22:27:09Z</time>
			</trkpt>
			<trkpt lat="39.94561" lon="-105.812413">
				<ele>2608.126667</ele>
				<time>2021-11-28T22:27:11Z</time>
			</trkpt>
			<trkpt lat="39.945898" lon="-105.812285">
				<ele>2608.407827</ele>
				<time>2021-11-28T22:27:23Z</time>
			</trkpt>
			<trkpt lat="39.946048" lon="-105.812158">
				<ele>2608.573079</ele>
				<time>2021-11-28T22:27:31Z</time>
			</trkpt>
			<trkpt lat="39.946023" lon="-105.811957">
				<ele>2608.760741</ele>
				<time>2021-11-28T22:27:37Z</time>
			</trkpt>
			<trkpt lat="39.946351" lon="-105.811114">
				<ele>2609.688092</ele>
				<time>2021-11-28T22:28:07Z</time>
			</trkpt>
			<trkpt lat="39.946353" lon="-105.810868">
				<ele>2609.929421</ele>
				<time>2021-11-28T22:28:15Z</time>
			</trkpt>
			<trkpt lat="39.946221" lon="-105.810722">
				<ele>2610.150868</ele>
				<time>2021-11-28T22:28:23Z</time>
			</trkpt>
			<trkpt lat="39.946209" lon="-105.810589">
				<ele>2610.282235</ele>
				<time>2021-11-28T22:28:27Z</time>
			</trkpt>
			<trkpt lat="39.946275" lon="-105.810428">
				<ele>2610.46133</ele>
				<time>2021-11-28T22:28:34Z</time>
			</trkpt>
			<trkpt lat="39.946217" lon="-105.810305">
				<ele>2610.602984</ele>
				<time>2021-11-28T22:28:39Z</time>
			</trkpt>
			<trkpt lat="39.946061" lon="-105.810144">
				<ele>2610.857516</ele>
				<time>2021-11-28T22:28:48Z</time>
			</trkpt>
			<trkpt lat="39.945858" lon="-105.809676">
				<ele>2611.888251</ele>
				<time>2021-11-28T22:29:08Z</time>
			</trkpt>
			<trkpt lat="39.945538" lon="-105.809319">
				<ele>2612.993056</ele>
				<time>2021-11-28T22:29:29Z</time>
			</trkpt>
			<trkpt lat="39.944953" lon="-105.808262">
				<ele>2615.615354</ele>
				<time>2021-11-28T22:30:21Z</time>
			</trkpt>
			<trkpt lat="39.944587" lon="-105.807898">
				<ele>2616.972048</ele>
				<time>2021-11-28T22:30:44Z</time>
			</trkpt>
			<trkpt lat="39.944468" lon="-105.807442">
				<ele>2618.061604</ele>
				<time>2021-11-28T22:31:03Z</time>
			</trkpt>
			<trkpt lat="39.944222" lon="-105.806963">
				<ele>2619.365699</ele>
				<time>2021-11-28T22:31:26Z</time>
			</trkpt>
			<trkpt lat="39.944128" lon="-105.80684">
				<ele>2619.758533</ele>
				<time>2021-11-28T22:31:34Z</time>
			</trkpt>
			<trkpt lat="39.944136" lon="-105.806678">
				<ele>2620.125727</ele>
				<time>2021-11-28T22:31:40Z</time>
			</trkpt>
			<trkpt lat="39.944177" lon="-105.806582">
				<ele>2620.374293</ele>
				<time>2021-11-28T22:31:45Z</time>
			</trkpt>
			<trkpt lat="39.943984" lon="-105.806212">
				<ele>2621.207191</ele>
				<time>2021-11-28T22:32:02Z</time>
			</trkpt>
			<trkpt lat="39.943836" lon="-105.806025">
				<ele>2621.575388</ele>
				<time>2021-11-28T22:32:13Z</time>
			</trkpt>
			<trkpt lat="39.94377" lon="-105.805798">
				<ele>2621.907981</ele>
				<time>2021-11-28T22:32:22Z</time>
			</trkpt>
			<trkpt lat="39.943749" lon="-105.805611">
				<ele>2622.166898</ele>
				<time>2021-11-28T22:32:29Z</time>
			</trkpt>
			<trkpt lat="39.943428" lon="-105.804769">
				<ele>2623.455153</ele>
				<time>2021-11-28T22:33:00Z</time>
			</trkpt>
			<trkpt lat="39.943137" lon="-105.804361">
				<ele>2624.199926</ele>
				<time>2021-11-28T22:33:19Z</time>
			</trkpt>
			<trkpt lat="39.943042" lon="-105.804168">
				<ele>2624.433737</ele>
				<time>2021-11-28T22:33:26Z</time>
			</trkpt>
			<trkpt lat="39.942865" lon="-105.803969">
				<ele>2624.744457</ele>
				<time>2021-11-28T22:33:36Z</time>
			</trkpt>
			<trkpt lat="39.942724" lon="-105.803648">
				<ele>2625.1216</ele>
				<time>2021-11-28T22:33:48Z</time>
			</trkpt>
			<trkpt lat="39.942613" lon="-105.803283">
				<ele>2625.521901</ele>
				<time>2021-11-28T22:34:01Z</time>
			</trkpt>
			<trkpt lat="39.942413" lon="-105.802914">
				<ele>2625.982585</ele>
				<time>2021-11-28T22:34:16Z</time>
			</trkpt>
			<trkpt lat="39.942287" lon="-105.802313">
				<ele>2626.628428</ele>
				<time>2021-11-28T22:34:38Z</time>
			</trkpt>
			<trkpt lat="39.942255" lon="-105.802162">
				<ele>2626.809296</ele>
				<time>2021-11-28T22:34:43Z</time>
			</trkpt>
			<trkpt lat="39.942068" lon="-105.801567">
				<ele>2627.551707</ele>
				<time>2021-11-28T22:35:07Z</time>
			</trkpt>
			<trkpt lat="39.941613" lon="-105.800595">
				<ele>2628.866529</ele>
				<time>2021-11-28T22:35:46Z</time>
			</trkpt>
			<trkpt lat="39.941384" lon="-105.800226">
				<ele>2629.279983</ele>
				<time>2021-11-28T22:36:01Z</time>
			</trkpt>
			<trkpt lat="39.941257" lon="-105.800134">
				<ele>2629.324305</ele>
				<time>2021-11-28T22:36:07Z</time>
			</trkpt>
			<trkpt lat="39.941165" lon="-105.799964">
				<ele>2629.37298</ele>
				<time>2021-11-28T22:36:13Z</time>
			</trkpt>
			<trkpt lat="39.940935" lon="-105.799985">
				<ele>2629.443323</ele>
				<time>2021-11-28T22:36:22Z</time>
			</trkpt>
			<trkpt lat="39.94085" lon="-105.79971">
				<ele>2629.512682</ele>
				<time>2021-11-28T22:36:30Z</time>
			</trkpt>
			<trkpt lat="39.940705" lon="-105.799356">
				<ele>2629.606565</ele>
				<time>2021-11-28T22:36:41Z</time>
			</trkpt>
			<trkpt lat="39.940742" lon="-105.799168">
				<ele>2629.651968</ele>
				<time>2021-11-28T22:36:47Z</time>
			</trkpt>
			<trkpt lat="39.940474" lon="-105.798697">
				<ele>2629.78917</ele>
				<time>2021-11-28T22:37:03Z</time>
			</trkpt>
			<trkpt lat="39.940302" lon="-105.798085">
				<ele>2630.670633</ele>
				<time>2021-11-28T22:37:24Z</time>
			</trkpt>
			<trkpt lat="39.940311" lon="-105.797763">
				<ele>2631.119498</ele>
				<time>2021-11-28T22:37:36Z</time>
			</trkpt>
			<trkpt lat="39.940393" lon="-105.79727">
				<ele>2631.822254</ele>
				<time>2021-11-28T22:37:54Z</time>
			</trkpt>
			<trkpt lat="39.940343" lon="-105.796551">
				<ele>2632.827978</ele>
				<time>2021-11-28T22:38:21Z</time>
			</trkpt>
			<trkpt lat="39.940352" lon="-105.796186">
				<ele>2633.532898</ele>
				<time>2021-11-28T22:38:35Z</time>
			</trkpt>
			<trkpt lat="39.940311" lon="-105.795998">
				<ele>2634.000022</ele>
				<time>2021-11-28T22:38:43Z</time>
			</trkpt>
			<trkpt lat="39.94008" lon="-105.795827">
				<ele>2634.827959</ele>
				<time>2021-11-28T22:38:58Z</time>
			</trkpt>
			<trkpt lat="39.939961" lon="-105.795617">
				<ele>2635.452039</ele>
				<time>2021-11-28T22:39:08Z</time>
			</trkpt>
			<trkpt lat="39.939878" lon="-105.795376">
				<ele>2636.083448</ele>
				<time>2021-11-28T22:39:19Z</time>
			</trkpt>
			<trkpt lat="39.939665" lon="-105.795178">
				<ele>2636.898761</ele>
				<time>2021-11-28T22:39:33Z</time>
			</trkpt>
			<trkpt lat="39.939555" lon="-105.794964">
				<ele>2637.514506</ele>
				<time>2021-11-28T22:39:44Z</time>
			</trkpt>
			<trkpt lat="39.9392" lon="-105.79498">
				<ele>2638.621728</ele>
				<time>2021-11-28T22:40:02Z</time>
			</trkpt>
			<trkpt lat="39.939155" lon="-105.794844">
				<ele>2638.988189</ele>
				<time>2021-11-28T22:40:08Z</time>
			</trkpt>
			<trkpt lat="39.939176" lon="-105.794613">
				<ele>2639.566709</ele>
				<time>2021-11-28T22:40:18Z</time>
			</trkpt>
			<trkpt lat="39.939138" lon="-105.794364">
				<ele>2640.198118</ele>
				<time>2021-11-28T22:40:28Z</time>
			</trkpt>
			<trkpt lat="39.939056" lon="-105.794186">
				<ele>2640.714563</ele>
				<time>2021-11-28T22:40:36Z</time>
			</trkpt>
			<trkpt lat="39.938295" lon="-105.793536">
				<ele>2643.665215</ele>
				<time>2021-11-28T22:41:26Z</time>
			</trkpt>
			<trkpt lat="39.938259" lon="-105.793075">
				<ele>2644.750945</ele>
				<time>2021-11-28T22:41:45Z</time>
			</trkpt>
			<trkpt lat="39.938164" lon="-105.792698">
				<ele>2645.528481</ele>
				<time>2021-11-28T22:42:00Z</time>
			</trkpt>
			<trkpt lat="39.937749" lon="-105.79234">
				<ele>2646.799963</ele>
				<time>2021-11-28T22:42:25Z</time>
			</trkpt>
			<trkpt lat="39.936798" lon="-105.791669">
				<ele>2649.17829</ele>
				<time>2021-11-28T22:43:19Z</time>
			</trkpt>
			<trkpt lat="39.936469" lon="-105.791278">
				<ele>2649.371677</ele>
				<time>2021-11-28T22:43:37Z</time>
			</trkpt>
			<trkpt lat="39.936205" lon="-105.790866">
				<ele>2649.550545</ele>
				<time>2021-11-28T22:43:53Z</time>
			</trkpt>
			<trkpt lat="39.935831" lon="-105.790542">
				<ele>2649.745619</ele>
				<time>2021-11-28T22:44:09Z</time>
			</trkpt>
			<trkpt lat="39.935306" lon="-105.790236">
				<ele>2649.618538</ele>
				<time>2021-11-28T22:44:30Z</time>
			</trkpt>
			<trkpt lat="39.934894" lon="-105.790031">
				<ele>2649.179537</ele>
				<time>2021-11-28T22:44:45Z</time>
			</trkpt>
			<trkpt lat="39.934741" lon="-105.789869">
				<ele>2648.98334</ele>
				<time>2021-11-28T22:44:52Z</time>
			</trkpt>
			<trkpt lat="39.934584" lon="-105.789762">
				<ele>2648.806985</ele>
				<time>2021-11-28T22:44:58Z</time>
			</trkpt>
			<trkpt lat="39.934418" lon="-105.789696">
				<ele>2648.634216</ele>
				<time>2021-11-28T22:45:04Z</time>
			</trkpt>
			<trkpt lat="39.934261" lon="-105.78955">
				<ele>2648.442251</ele>
				<time>2021-11-28T22:45:10Z</time>
			</trkpt>
			<trkpt lat="39.934041" lon="-105.789517">
				<ele>2648.221788</ele>
				<time>2021-11-28T22:45:17Z</time>
			</trkpt>
			<trkpt lat="39.934019" lon="-105.789437">
				<ele>2648.15691</ele>
				<time>2021-11-28T22:45:20Z</time>
			</trkpt>
			<trkpt lat="39.933849" lon="-105.789216">
				<ele>2647.96852</ele>
				<time>2021-11-28T22:45:28Z</time>
			</trkpt>
			<trkpt lat="39.933619" lon="-105.788914">
				<ele>2647.738926</ele>
				<time>2021-11-28T22:45:39Z</time>
			</trkpt>
			<trkpt lat="39.933524" lon="-105.788788">
				<ele>2647.64361</ele>
				<time>2021-11-28T22:45:44Z</time>
			</trkpt>
			<trkpt lat="39.933372" lon="-105.78851">
				<ele>2647.459439</ele>
				<time>2021-11-28T22:45:53Z</time>
			</trkpt>
			<trkpt lat="39.933183" lon="-105.788434">
				<ele>2647.32031</ele>
				<time>2021-11-28T22:46:00Z</time>
			</trkpt>
			<trkpt lat="39.933067" lon="-105.788542">
				<ele>2647.220048</ele>
				<time>2021-11-28T22:46:05Z</time>
			</trkpt>
			<trkpt lat="39.93301" lon="-105.788665">
				<ele>2647.142527</ele>
				<time>2021-11-28T22:46:09Z</time>
			</trkpt>
			<trkpt lat="39.932948" lon="-105.788799">
				<ele>2647.058107</ele>
				<time>2021-11-28T22:46:13Z</time>
			</trkpt>
			<trkpt lat="39.932903" lon="-105.789347">
				<ele>2646.852035</ele>
				<time>2021-11-28T22:46:29Z</time>
			</trkpt>
			<trkpt lat="39.932696" lon="-105.789213">
				<ele>2646.920304</ele>
				<time>2021-11-28T22:46:37Z</time>
			</trkpt>
			<trkpt lat="39.932313" lon="-105.789105">
				<ele>2647.036061</ele>
				<time>2021-11-28T22:46:51Z</time>
			</trkpt>
			<trkpt lat="39.931892" lon="-105.788895">
				<ele>2647.169216</ele>
				<time>2021-11-28T22:47:08Z</time>
			</trkpt>
			<trkpt lat="39.931796" lon="-105.78883">
				<ele>2647.201169</ele>
				<time>2021-11-28T22:47:13Z</time>
			</trkpt>
			<trkpt lat="39.931584" lon="-105.788613">
				<ele>2647.280783</ele>
				<time>2021-11-28T22:47:24Z</time>
			</trkpt>
			<trkpt lat="39.931411" lon="-105.788553">
				<ele>2647.333666</ele>
				<time>2021-11-28T22:47:32Z</time>
			</trkpt>
			<trkpt lat="39.931369" lon="-105.788592">
				<ele>2647.348897</ele>
				<time>2021-11-28T22:47:34Z</time>
			</trkpt>
			<trkpt lat="39.931313" lon="-105.788958">
				<ele>2647.568364</ele>
				<time>2021-11-28T22:47:46Z</time>
			</trkpt>
			<trkpt lat="39.931167" lon="-105.78933">
				<ele>2647.828811</ele>
				<time>2021-11-28T22:48:00Z</time>
			</trkpt>
			<trkpt lat="39.931038" lon="-105.789398">
				<ele>2647.941899</ele>
				<time>2021-11-28T22:48:06Z</time>
			</trkpt>
			<trkpt lat="39.930747" lon="-105.789282">
				<ele>2648.189215</ele>
				<time>2021-11-28T22:48:18Z</time>
			</trkpt>
			<trkpt lat="39.930685" lon="-105.78922">
				<ele>2648.252717</ele>
				<time>2021-11-28T22:48:22Z</time>
			</trkpt>
			<trkpt lat="39.930278" lon="-105.78881">
				<ele>2648.670712</ele>
				<time>2021-11-28T22:48:42Z</time>
			</trkpt>
			<trkpt lat="39.929993" lon="-105.788675">
				<ele>2648.885649</ele>
				<time>2021-11-28T22:48:54Z</time>
			</trkpt>
			<trkpt lat="39.929828" lon="-105.7884">
				<ele>2649.033936</ele>
				<time>2021-11-28T22:49:04Z</time>
			</trkpt>
			<trkpt lat="39.929817" lon="-105.788331">
				<ele>2649.063865</ele>
				<time>2021-11-28T22:49:06Z</time>
			</trkpt>
			<trkpt lat="39.929841" lon="-105.788271">
				<ele>2649.092604</ele>
				<time>2021-11-28T22:49:08Z</time>
			</trkpt>
			<trkpt lat="39.93011" lon="-105.788266">
				<ele>2649.241593</ele>
				<time>2021-11-28T22:49:19Z</time>
			</trkpt>
			<trkpt lat="39.930153" lon="-105.788228">
				<ele>2649.27036</ele>
				<time>2021-11-28T22:49:21Z</time>
			</trkpt>
			<trkpt lat="39.930198" lon="-105.788128">
				<ele>2649.319599</ele>
				<time>2021-11-28T22:49:25Z</time>
			</trkpt>
			<trkpt lat="39.930231" lon="-105.787756">
				<ele>2649.478632</ele>
				<time>2021-11-28T22:49:36Z</time>
			</trkpt>
			<trkpt lat="39.930216" lon="-105.787523">
				<ele>2649.577929</ele>
				<time>2021-11-28T22:49:43Z</time>
			</trkpt>
			<trkpt lat="39.930134" lon="-105.787344">
				<ele>2649.666477</ele>
				<time>2021-11-28T22:49:49Z</time>
			</trkpt>
			<trkpt lat="39.930019" lon="-105.787196">
				<ele>2649.755956</ele>
				<time>2021-11-28T22:49:56Z</time>
			</trkpt>
			<trkpt lat="39.929891" lon="-105.787112">
				<ele>2649.898232</ele>
				<time>2021-11-28T22:50:02Z</time>
			</trkpt>
			<trkpt lat="39.929587" lon="-105.787086">
				<ele>2650.573724</ele>
				<time>2021-11-28T22:50:14Z</time>
			</trkpt>
			<trkpt lat="39.92952" lon="-105.786852">
				<ele>2650.998415</ele>
				<time>2021-11-28T22:50:23Z</time>
			</trkpt>
			<trkpt lat="39.929459" lon="-105.786765">
				<ele>2651.19885</ele>
				<time>2021-11-28T22:50:27Z</time>
			</trkpt>
			<trkpt lat="39.929409" lon="-105.786741">
				<ele>2651.316985</ele>
				<time>2021-11-28T22:50:30Z</time>
			</trkpt>
			<trkpt lat="39.929141" lon="-105.786719">
				<ele>2651.912384</ele>
				<time>2021-11-28T22:50:43Z</time>
			</trkpt>
			<trkpt lat="39.928871" lon="-105.786847">
				<ele>2652.549374</ele>
				<time>2021-11-28T22:50:57Z</time>
			</trkpt>
			<trkpt lat="39.928745" lon="-105.786847">
				<ele>2652.828747</ele>
				<time>2021-11-28T22:51:04Z</time>
			</trkpt>
			<trkpt lat="39.928621" lon="-105.786762">
				<ele>2653.139357</ele>
				<time>2021-11-28T22:51:11Z</time>
			</trkpt>
			<trkpt lat="39.928478" lon="-105.786884">
				<ele>2653.518251</ele>
				<time>2021-11-28T22:51:20Z</time>
			</trkpt>
			<trkpt lat="39.928294" lon="-105.787188">
				<ele>2654.362805</ele>
				<time>2021-11-28T22:51:36Z</time>
			</trkpt>
			<trkpt lat="39.928131" lon="-105.787357">
				<ele>2655.054018</ele>
				<time>2021-11-28T22:51:47Z</time>
			</trkpt>
			<trkpt lat="39.928015" lon="-105.787608">
				<ele>2655.799967</ele>
				<time>2021-11-28T22:52:00Z</time>
			</trkpt>
			<trkpt lat="39.927478" lon="-105.787372">
				<ele>2657.680929</ele>
				<time>2021-11-28T22:52:23Z</time>
			</trkpt>
			<trkpt lat="39.927409" lon="-105.787339">
				<ele>2657.924877</ele>
				<time>2021-11-28T22:52:26Z</time>
			</trkpt>
			<trkpt lat="39.927394" lon="-105.7874">
				<ele>2658.087936</ele>
				<time>2021-11-28T22:52:28Z</time>
			</trkpt>
			<trkpt lat="39.927377" lon="-105.787468">
				<ele>2658.26999</ele>
				<time>2021-11-28T22:52:30Z</time>
			</trkpt>
			<trkpt lat="39.927398" lon="-105.78754">
				<ele>2658.466069</ele>
				<time>2021-11-28T22:52:32Z</time>
			</trkpt>
			<trkpt lat="39.927278" lon="-105.787907">
				<ele>2659.481613</ele>
				<time>2021-11-28T22:52:45Z</time>
			</trkpt>
			<trkpt lat="39.927176" lon="-105.788102">
				<ele>2660.019412</ele>
				<time>2021-11-28T22:52:51Z</time>
			</trkpt>
			<trkpt lat="39.927116" lon="-105.78811">
				<ele>2660.178877</ele>
				<time>2021-11-28T22:52:54Z</time>
			</trkpt>
			<trkpt lat="39.92594" lon="-105.787598">
				<ele>2663.456912</ele>
				<time>2021-11-28T22:53:39Z</time>
			</trkpt>
			<trkpt lat="39.925122" lon="-105.787256">
				<ele>2665.593934</ele>
				<time>2021-11-28T22:54:09Z</time>
			</trkpt>
			<trkpt lat="39.924639" lon="-105.787052">
				<ele>2666.786166</ele>
				<time>2021-11-28T22:54:26Z</time>
			</trkpt>
			<trkpt lat="39.923397" lon="-105.786528">
				<ele>2669.681961</ele>
				<time>2021-11-28T22:55:12Z</time>
			</trkpt>
			<trkpt lat="39.923322" lon="-105.786496">
				<ele>2669.838686</ele>
				<time>2021-11-28T22:55:15Z</time>
			</trkpt>
			<trkpt lat="39.92165" lon="-105.785801">
				<ele>2673.151254</ele>
				<time>2021-11-28T22:56:11Z</time>
			</trkpt>
			<trkpt lat="39.921332" lon="-105.785671">
				<ele>2673.698783</ele>
				<time>2021-11-28T22:56:22Z</time>
			</trkpt>
			<trkpt lat="39.920429" lon="-105.785294">
				<ele>2675.256547</ele>
				<time>2021-11-28T22:56:51Z</time>
			</trkpt>
			<trkpt lat="39.920247" lon="-105.785217">
				<ele>2675.631688</ele>
				<time>2021-11-28T22:56:57Z</time>
			</trkpt>
			<trkpt lat="39.920106" lon="-105.785158">
				<ele>2675.92566</ele>
				<time>2021-11-28T22:57:02Z</time>
			</trkpt>
			<trkpt lat="39.919962" lon="-105.785098">
				<ele>2676.225768</ele>
				<time>2021-11-28T22:57:06Z</time>
			</trkpt>
			<trkpt lat="39.919428" lon="-105.784856">
				<ele>2677.348063</ele>
				<time>2021-11-28T22:57:25Z</time>
			</trkpt>
			<trkpt lat="39.919408" lon="-105.784845">
				<ele>2677.391155</ele>
				<time>2021-11-28T22:57:26Z</time>
			</trkpt>
			<trkpt lat="39.919334" lon="-105.78479">
				<ele>2677.560249</ele>
				<time>2021-11-28T22:57:29Z</time>
			</trkpt>
			<trkpt lat="39.919265" lon="-105.784764">
				<ele>2677.702833</ele>
				<time>2021-11-28T22:57:31Z</time>
			</trkpt>
			<trkpt lat="39.918754" lon="-105.784576">
				<ele>2678.756873</ele>
				<time>2021-11-28T22:57:49Z</time>
			</trkpt>
			<trkpt lat="39.918115" lon="-105.784268">
				<ele>2680.483738</ele>
				<time>2021-11-28T22:58:13Z</time>
			</trkpt>
			<trkpt lat="39.917154" lon="-105.783647">
				<ele>2683.245919</ele>
				<time>2021-11-28T22:58:52Z</time>
			</trkpt>
			<trkpt lat="39.916599" lon="-105.783234">
				<ele>2684.959594</ele>
				<time>2021-11-28T22:59:16Z</time>
			</trkpt>
			<trkpt lat="39.915847" lon="-105.782794">
				<ele>2687.184637</ele>
				<time>2021-11-28T22:59:47Z</time>
			</trkpt>
			<trkpt lat="39.914814" lon="-105.782354">
				<ele>2689.649452</ele>
				<time>2021-11-28T23:00:25Z</time>
			</trkpt>
			<trkpt lat="39.914176" lon="-105.782209">
				<ele>2690.937522</ele>
				<time>2021-11-28T23:00:46Z</time>
			</trkpt>
			<trkpt lat="39.913592" lon="-105.782134">
				<ele>2692.150163</ele>
				<time>2021-11-28T23:01:04Z</time>
			</trkpt>
			<trkpt lat="39.913328" lon="-105.782038">
				<ele>2692.82576</ele>
				<time>2021-11-28T23:01:13Z</time>
			</trkpt>
			<trkpt lat="39.913073" lon="-105.782059">
				<ele>2693.455586</ele>
				<time>2021-11-28T23:01:21Z</time>
			</trkpt>
			<trkpt lat="39.912536" lon="-105.781996">
				<ele>2694.784637</ele>
				<time>2021-11-28T23:01:41Z</time>
			</trkpt>
			<trkpt lat="39.912501" lon="-105.78192">
				<ele>2694.952241</ele>
				<time>2021-11-28T23:01:43Z</time>
			</trkpt>
			<trkpt lat="39.912436" lon="-105.781908">
				<ele>2695.114064</ele>
				<time>2021-11-28T23:01:46Z</time>
			</trkpt>
			<trkpt lat="39.91233" lon="-105.781889">
				<ele>2695.377812</ele>
				<time>2021-11-28T23:01:50Z</time>
			</trkpt>
			<trkpt lat="39.912161" lon="-105.781903">
				<ele>2695.795236</ele>
				<time>2021-11-28T23:01:56Z</time>
			</trkpt>
			<trkpt lat="39.911538" lon="-105.781802">
				<ele>2697.560958</ele>
				<time>2021-11-28T23:02:21Z</time>
			</trkpt>
			<trkpt lat="39.909983" lon="-105.781432">
				<ele>2702.084365</ele>
				<time>2021-11-28T23:03:22Z</time>
			</trkpt>
			<trkpt lat="39.909489" lon="-105.781255">
				<ele>2702.994812</ele>
				<time>2021-11-28T23:03:39Z</time>
			</trkpt>
			<trkpt lat="39.908296" lon="-105.780723">
				<ele>2705.235297</ele>
				<time>2021-11-28T23:04:16Z</time>
			</trkpt>
			<trkpt lat="39.907909" lon="-105.780316">
				<ele>2706.118269</ele>
				<time>2021-11-28T23:04:31Z</time>
			</trkpt>
			<trkpt lat="39.907362" lon="-105.779924">
				<ele>2707.226715</ele>
				<time>2021-11-28T23:04:51Z</time>
			</trkpt>
			<trkpt lat="39.907226" lon="-105.779897">
				<ele>2707.471007</ele>
				<time>2021-11-28T23:04:56Z</time>
			</trkpt>
			<trkpt lat="39.907206" lon="-105.779645">
				<ele>2707.816107</ele>
				<time>2021-11-28T23:05:02Z</time>
			</trkpt>
			<trkpt lat="39.906938" lon="-105.779077">
				<ele>2708.892249</ele>
				<time>2021-11-28T23:05:20Z</time>
			</trkpt>
			<trkpt lat="39.906053" lon="-105.778835">
				<ele>2710.963052</ele>
				<time>2021-11-28T23:05:52Z</time>
			</trkpt>
			<trkpt lat="39.905375" lon="-105.778686">
				<ele>2712.658533</ele>
				<time>2021-11-28T23:06:16Z</time>
			</trkpt>
			<trkpt lat="39.905093" lon="-105.778589">
				<ele>2713.621727</ele>
				<time>2021-11-28T23:06:25Z</time>
			</trkpt>
			<trkpt lat="39.904363" lon="-105.778484">
				<ele>2716.047219</ele>
				<time>2021-11-28T23:06:51Z</time>
			</trkpt>
			<trkpt lat="39.903432" lon="-105.778057">
				<ele>2719.952005</ele>
				<time>2021-11-28T23:07:38Z</time>
			</trkpt>
			<trkpt lat="39.903045" lon="-105.777821">
				<ele>2722.189051</ele>
				<time>2021-11-28T23:08:01Z</time>
			</trkpt>
			<trkpt lat="39.903033" lon="-105.777112">
				<ele>2725.037517</ele>
				<time>2021-11-28T23:08:29Z</time>
			</trkpt>
			<trkpt lat="39.902837" lon="-105.776893">
				<ele>2726.389151</ele>
				<time>2021-11-28T23:08:42Z</time>
			</trkpt>
			<trkpt lat="39.902245" lon="-105.776779">
				<ele>2728.518595</ele>
				<time>2021-11-28T23:09:11Z</time>
			</trkpt>
			<trkpt lat="39.90054" lon="-105.776123">
				<ele>2731.967122</ele>
				<time>2021-11-28T23:10:07Z</time>
			</trkpt>
			<trkpt lat="39.90035" lon="-105.775834">
				<ele>2731.883161</ele>
				<time>2021-11-28T23:10:14Z</time>
			</trkpt>
			<trkpt lat="39.900195" lon="-105.775697">
				<ele>2731.82931</ele>
				<time>2021-11-28T23:10:18Z</time>
			</trkpt>
			<trkpt lat="39.89967" lon="-105.775386">
				<ele>2731.663488</ele>
				<time>2021-11-28T23:10:30Z</time>
			</trkpt>
			<trkpt lat="39.899462" lon="-105.775092">
				<ele>2731.575262</ele>
				<time>2021-11-28T23:10:36Z</time>
			</trkpt>
			<trkpt lat="39.899334" lon="-105.774943">
				<ele>2731.497662</ele>
				<time>2021-11-28T23:10:40Z</time>
			</trkpt>
			<trkpt lat="39.899203" lon="-105.774841">
				<ele>2731.398375</ele>
				<time>2021-11-28T23:10:43Z</time>
			</trkpt>
			<trkpt lat="39.89896" lon="-105.774647">
				<ele>2731.212962</ele>
				<time>2021-11-28T23:10:49Z</time>
			</trkpt>
			<trkpt lat="39.898497" lon="-105.774283">
				<ele>2730.861148</ele>
				<time>2021-11-28T23:11:00Z</time>
			</trkpt>
			<trkpt lat="39.898185" lon="-105.773943">
				<ele>2730.596538</ele>
				<time>2021-11-28T23:11:09Z</time>
			</trkpt>
			<trkpt lat="39.898045" lon="-105.77376">
				<ele>2730.46753</ele>
				<time>2021-11-28T23:11:14Z</time>
			</trkpt>
			<trkpt lat="39.89798" lon="-105.773587">
				<ele>2730.391363</ele>
				<time>2021-11-28T23:11:17Z</time>
			</trkpt>
			<trkpt lat="39.897938" lon="-105.773326">
				<ele>2730.661857</ele>
				<time>2021-11-28T23:11:21Z</time>
			</trkpt>
			<trkpt lat="39.897823" lon="-105.77317">
				<ele>2730.881297</ele>
				<time>2021-11-28T23:11:26Z</time>
			</trkpt>
			<trkpt lat="39.897728" lon="-105.772945">
				<ele>2731.141795</ele>
				<time>2021-11-28T23:11:31Z</time>
			</trkpt>
			<trkpt lat="39.897608" lon="-105.772824">
				<ele>2731.342379</ele>
				<time>2021-11-28T23:11:35Z</time>
			</trkpt>
			<trkpt lat="39.897436" lon="-105.772704">
				<ele>2731.600306</ele>
				<time>2021-11-28T23:11:41Z</time>
			</trkpt>
			<trkpt lat="39.897399" lon="-105.772641">
				<ele>2731.680782</ele>
				<time>2021-11-28T23:11:43Z</time>
			</trkpt>
			<trkpt lat="39.897449" lon="-105.77187">
				<ele>2732.465606</ele>
				<time>2021-11-28T23:12:03Z</time>
			</trkpt>
			<trkpt lat="39.89732" lon="-105.771622">
				<ele>2732.782923</ele>
				<time>2021-11-28T23:12:11Z</time>
			</trkpt>
			<trkpt lat="39.897266" lon="-105.771415">
				<ele>2733.223851</ele>
				<time>2021-11-28T23:12:17Z</time>
			</trkpt>
			<trkpt lat="39.897201" lon="-105.771137">
				<ele>2733.809949</ele>
				<time>2021-11-28T23:12:25Z</time>
			</trkpt>
			<trkpt lat="39.897182" lon="-105.770745">
				<ele>2734.602068</ele>
				<time>2021-11-28T23:12:36Z</time>
			</trkpt>
			<trkpt lat="39.897053" lon="-105.770298">
				<ele>2735.565198</ele>
				<time>2021-11-28T23:12:49Z</time>
			</trkpt>
			<trkpt lat="39.89688" lon="-105.770053">
				<ele>2736.236711</ele>
				<time>2021-11-28T23:12:59Z</time>
			</trkpt>
			<trkpt lat="39.896837" lon="-105.769931">
				<ele>2736.50747</ele>
				<time>2021-11-28T23:13:03Z</time>
			</trkpt>
			<trkpt lat="39.89688" lon="-105.769512">
				<ele>2737.359994</ele>
				<time>2021-11-28T23:13:15Z</time>
			</trkpt>
			<trkpt lat="39.896682" lon="-105.769223">
				<ele>2738.2188</ele>
				<time>2021-11-28T23:13:26Z</time>
			</trkpt>
			<trkpt lat="39.896674" lon="-105.769163">
				<ele>2738.356078</ele>
				<time>2021-11-28T23:13:27Z</time>
			</trkpt>
			<trkpt lat="39.89676" lon="-105.769114">
				<ele>2738.631846</ele>
				<time>2021-11-28T23:13:31Z</time>
			</trkpt>
			<trkpt lat="39.897115" lon="-105.769082">
				<ele>2739.677387</ele>
				<time>2021-11-28T23:13:44Z</time>
			</trkpt>
			<trkpt lat="39.897172" lon="-105.769038">
				<ele>2739.872028</ele>
				<time>2021-11-28T23:13:46Z</time>
			</trkpt>
			<trkpt lat="39.897162" lon="-105.768908">
				<ele>2740.166537</ele>
				<time>2021-11-28T23:13:50Z</time>
			</trkpt>
			<trkpt lat="39.89683" lon="-105.768531">
				<ele>2741.460266</ele>
				<time>2021-11-28T23:14:07Z</time>
			</trkpt>
			<trkpt lat="39.896555" lon="-105.768289">
				<ele>2742.435169</ele>
				<time>2021-11-28T23:14:20Z</time>
			</trkpt>
			<trkpt lat="39.896349" lon="-105.76799">
				<ele>2743.40585</ele>
				<time>2021-11-28T23:14:32Z</time>
			</trkpt>
			<trkpt lat="39.896298" lon="-105.767909">
				<ele>2743.668796</ele>
				<time>2021-11-28T23:14:36Z</time>
			</trkpt>
			<trkpt lat="39.896146" lon="-105.767409">
				<ele>2745.018402</ele>
				<time>2021-11-28T23:14:52Z</time>
			</trkpt>
			<trkpt lat="39.895988" lon="-105.766987">
				<ele>2746.19674</ele>
				<time>2021-11-28T23:15:06Z</time>
			</trkpt>
			<trkpt lat="39.895748" lon="-105.766533">
				<ele>2747.58027</ele>
				<time>2021-11-28T23:15:23Z</time>
			</trkpt>
			<trkpt lat="39.895554" lon="-105.766352">
				<ele>2748.360616</ele>
				<time>2021-11-28T23:15:32Z</time>
			</trkpt>
			<trkpt lat="39.895493" lon="-105.766143">
				<ele>2748.785493</ele>
				<time>2021-11-28T23:15:39Z</time>
			</trkpt>
			<trkpt lat="39.895094" lon="-105.765585">
				<ele>2749.733792</ele>
				<time>2021-11-28T23:16:02Z</time>
			</trkpt>
			<trkpt lat="39.894884" lon="-105.765467">
				<ele>2750.104357</ele>
				<time>2021-11-28T23:16:10Z</time>
			</trkpt>
			<trkpt lat="39.894768" lon="-105.765304">
				<ele>2750.380759</ele>
				<time>2021-11-28T23:16:15Z</time>
			</trkpt>
			<trkpt lat="39.894692" lon="-105.765109">
				<ele>2750.652676</ele>
				<time>2021-11-28T23:16:20Z</time>
			</trkpt>
			<trkpt lat="39.894533" lon="-105.764821">
				<ele>2751.093792</ele>
				<time>2021-11-28T23:16:26Z</time>
			</trkpt>
			<trkpt lat="39.894117" lon="-105.764594">
				<ele>2751.528518</ele>
				<time>2021-11-28T23:16:36Z</time>
			</trkpt>
			<trkpt lat="39.893628" lon="-105.764599">
				<ele>2751.412681</ele>
				<time>2021-11-28T23:16:47Z</time>
			</trkpt>
			<trkpt lat="39.893561" lon="-105.764658">
				<ele>2751.393528</ele>
				<time>2021-11-28T23:16:49Z</time>
			</trkpt>
			<trkpt lat="39.893177" lon="-105.764745">
				<ele>2751.301203</ele>
				<time>2021-11-28T23:16:57Z</time>
			</trkpt>
			<trkpt lat="39.892997" lon="-105.764907">
				<ele>2751.249388</ele>
				<time>2021-11-28T23:17:02Z</time>
			</trkpt>
			<trkpt lat="39.892941" lon="-105.765006">
				<ele>2751.227034</ele>
				<time>2021-11-28T23:17:04Z</time>
			</trkpt>
			<trkpt lat="39.892929" lon="-105.765391">
				<ele>2751.157006</ele>
				<time>2021-11-28T23:17:11Z</time>
			</trkpt>
			<trkpt lat="39.892886" lon="-105.76552">
				<ele>2751.214651</ele>
				<time>2021-11-28T23:17:13Z</time>
			</trkpt>
			<trkpt lat="39.892567" lon="-105.765848">
				<ele>2752.030877</ele>
				<time>2021-11-28T23:17:23Z</time>
			</trkpt>
			<trkpt lat="39.892513" lon="-105.76583">
				<ele>2752.142846</ele>
				<time>2021-11-28T23:17:24Z</time>
			</trkpt>
			<trkpt lat="39.892482" lon="-105.76582">
				<ele>2752.207</ele>
				<time>2021-11-28T23:17:25Z</time>
			</trkpt>
			<trkpt lat="39.89239" lon="-105.765789">
				<ele>2752.39789</ele>
				<time>2021-11-28T23:17:28Z</time>
			</trkpt>
			<trkpt lat="39.891682" lon="-105.764636">
				<ele>2754.674068</ele>
				<time>2021-11-28T23:18:09Z</time>
			</trkpt>
			<trkpt lat="39.891146" lon="-105.763693">
				<ele>2758.293424</ele>
				<time>2021-11-28T23:18:51Z</time>
			</trkpt>
			<trkpt lat="39.890983" lon="-105.763423">
				<ele>2759.377297</ele>
				<time>2021-11-28T23:19:03Z</time>
			</trkpt>
			<trkpt lat="39.89074" lon="-105.763112">
				<ele>2760.777661</ele>
				<time>2021-11-28T23:19:17Z</time>
			</trkpt>
			<trkpt lat="39.890472" lon="-105.762983">
				<ele>2761.952378</ele>
				<time>2021-11-28T23:19:30Z</time>
			</trkpt>
			<trkpt lat="39.890143" lon="-105.762994">
				<ele>2763.161527</ele>
				<time>2021-11-28T23:19:44Z</time>
			</trkpt>
			<trkpt lat="39.890135" lon="-105.762937">
				<ele>2763.321564</ele>
				<time>2021-11-28T23:19:46Z</time>
			</trkpt>
			<trkpt lat="39.890492" lon="-105.762881">
				<ele>2764.615875</ele>
				<time>2021-11-28T23:20:01Z</time>
			</trkpt>
			<trkpt lat="39.890693" lon="-105.76284">
				<ele>2765.34819</ele>
				<time>2021-11-28T23:20:10Z</time>
			</trkpt>
			<trkpt lat="39.890966" lon="-105.762709">
				<ele>2766.395352</ele>
				<time>2021-11-28T23:20:22Z</time>
			</trkpt>
			<trkpt lat="39.891774" lon="-105.762501">
				<ele>2769.300574</ele>
				<time>2021-11-28T23:20:52Z</time>
			</trkpt>
			<trkpt lat="39.891896" lon="-105.762308">
				<ele>2769.935505</ele>
				<time>2021-11-28T23:20:59Z</time>
			</trkpt>
			<trkpt lat="39.891905" lon="-105.761996">
				<ele>2770.728252</ele>
				<time>2021-11-28T23:21:10Z</time>
			</trkpt>
			<trkpt lat="39.891852" lon="-105.761836">
				<ele>2771.170746</ele>
				<time>2021-11-28T23:21:15Z</time>
			</trkpt>
			<trkpt lat="39.891582" lon="-105.761624">
				<ele>2772.213866</ele>
				<time>2021-11-28T23:21:28Z</time>
			</trkpt>
			<trkpt lat="39.89125" lon="-105.761412">
				<ele>2773.437323</ele>
				<time>2021-11-28T23:21:43Z</time>
			</trkpt>
			<trkpt lat="39.891106" lon="-105.761239">
				<ele>2774.085426</ele>
				<time>2021-11-28T23:21:51Z</time>
			</trkpt>
			<trkpt lat="39.891043" lon="-105.761015">
				<ele>2774.598216</ele>
				<time>2021-11-28T23:21:57Z</time>
			</trkpt>
			<trkpt lat="39.89102" lon="-105.760739">
				<ele>2774.736098</ele>
				<time>2021-11-28T23:22:05Z</time>
			</trkpt>
			<trkpt lat="39.891876" lon="-105.7614">
				<ele>2775.380138</ele>
				<time>2021-11-28T23:22:33Z</time>
			</trkpt>
			<trkpt lat="39.892613" lon="-105.762087">
				<ele>2774.589635</ele>
				<time>2021-11-28T23:22:52Z</time>
			</trkpt>
			<trkpt lat="39.893132" lon="-105.7626">
				<ele>2772.451114</ele>
				<time>2021-11-28T23:23:04Z</time>
			</trkpt>
			<trkpt lat="39.893542" lon="-105.763005">
				<ele>2770.762124</ele>
				<time>2021-11-28T23:23:12Z</time>
			</trkpt>
			<trkpt lat="39.894813" lon="-105.764319">
				<ele>2763.558442</ele>
				<time>2021-11-28T23:23:39Z</time>
			</trkpt>
			<trkpt lat="39.895794" lon="-105.765915">
				<ele>2756.793539</ele>
				<time>2021-11-28T23:24:06Z</time>
			</trkpt>
			<trkpt lat="39.896723" lon="-105.767597">
				<ele>2750.781445</ele>
				<time>2021-11-28T23:24:34Z</time>
			</trkpt>
			<trkpt lat="39.897256" lon="-105.768636">
				<ele>2747.610491</ele>
				<time>2021-11-28T23:24:51Z</time>
			</trkpt>
			<trkpt lat="39.89758" lon="-105.769489">
				<ele>2747.174152</ele>
				<time>2021-11-28T23:25:06Z</time>
			</trkpt>
			<trkpt lat="39.897756" lon="-105.76946">
				<ele>2747.068148</ele>
				<time>2021-11-28T23:25:10Z</time>
			</trkpt>
			<trkpt lat="39.898141" lon="-105.770161">
				<ele>2746.672936</ele>
				<time>2021-11-28T23:25:35Z</time>
			</trkpt>
			<trkpt lat="39.898505" lon="-105.770928">
				<ele>2747.228024</ele>
				<time>2021-11-28T23:26:04Z</time>
			</trkpt>
			<trkpt lat="39.898753" lon="-105.771547">
				<ele>2747.897919</ele>
				<time>2021-11-28T23:26:27Z</time>
			</trkpt>
			<trkpt lat="39.898858" lon="-105.771853">
				<ele>2748.219485</ele>
				<time>2021-11-28T23:26:37Z</time>
			</trkpt>
			<trkpt lat="39.898941" lon="-105.772213">
				<ele>2748.580085</ele>
				<time>2021-11-28T23:26:50Z</time>
			</trkpt>
			<trkpt lat="39.899116" lon="-105.773384">
				<ele>2752.056195</ele>
				<time>2021-11-28T23:27:36Z</time>
			</trkpt>
			<trkpt lat="39.899268" lon="-105.773751">
				<ele>2753.489565</ele>
				<time>2021-11-28T23:27:55Z</time>
			</trkpt>
			<trkpt lat="39.899472" lon="-105.774096">
				<ele>2754.986573</ele>
				<time>2021-11-28T23:28:16Z</time>
			</trkpt>
			<trkpt lat="39.899645" lon="-105.774302">
				<ele>2756.03627</ele>
				<time>2021-11-28T23:28:33Z</time>
			</trkpt>
			<trkpt lat="39.89988" lon="-105.774493">
				<ele>2757.566888</ele>
				<time>2021-11-28T23:28:53Z</time>
			</trkpt>
			<trkpt lat="39.901055" lon="-105.775116">
				<ele>2767.393551</ele>
				<time>2021-11-28T23:30:30Z</time>
			</trkpt>
			<trkpt lat="39.901826" lon="-105.775382">
				<ele>2773.549569</ele>
				<time>2021-11-28T23:31:32Z</time>
			</trkpt>
			<trkpt lat="39.902054" lon="-105.775375">
				<ele>2775.301977</ele>
				<time>2021-11-28T23:31:50Z</time>
			</trkpt>
			<trkpt lat="39.90255" lon="-105.775288">
				<ele>2779.147525</ele>
				<time>2021-11-28T23:32:28Z</time>
			</trkpt>
			<trkpt lat="39.90275" lon="-105.775172">
				<ele>2780.829552</ele>
				<time>2021-11-28T23:32:45Z</time>
			</trkpt>
			<trkpt lat="39.903208" lon="-105.774713">
				<ele>2785.003602</ele>
				<time>2021-11-28T23:33:28Z</time>
			</trkpt>
			<trkpt lat="39.903388" lon="-105.774252">
				<ele>2786.780477</ele>
				<time>2021-11-28T23:33:56Z</time>
			</trkpt>
			<trkpt lat="39.903689" lon="-105.773133">
				<ele>2790.85373</ele>
				<time>2021-11-28T23:34:50Z</time>
			</trkpt>
			<trkpt lat="39.903973" lon="-105.772648">
				<ele>2792.783423</ele>
				<time>2021-11-28T23:35:11Z</time>
			</trkpt>
			<trkpt lat="39.904347" lon="-105.772455">
				<ele>2793.442802</ele>
				<time>2021-11-28T23:35:29Z</time>
			</trkpt>
			<trkpt lat="39.905236" lon="-105.77267">
				<ele>2794.924985</ele>
				<time>2021-11-28T23:36:08Z</time>
			</trkpt>
			<trkpt lat="39.905455" lon="-105.772671">
				<ele>2795.283988</ele>
				<time>2021-11-28T23:36:17Z</time>
			</trkpt>
			<trkpt lat="39.905637" lon="-105.772626">
				<ele>2795.587655</ele>
				<time>2021-11-28T23:36:26Z</time>
			</trkpt>
			<trkpt lat="39.90585" lon="-105.772519">
				<ele>2796.387761</ele>
				<time>2021-11-28T23:36:37Z</time>
			</trkpt>
			<trkpt lat="39.905994" lon="-105.772373">
				<ele>2797.077591</ele>
				<time>2021-11-28T23:36:46Z</time>
			</trkpt>
			<trkpt lat="39.906154" lon="-105.772179">
				<ele>2797.903869</ele>
				<time>2021-11-28T23:36:58Z</time>
			</trkpt>
			<trkpt lat="39.906291" lon="-105.771843">
				<ele>2799.007637</ele>
				<time>2021-11-28T23:37:15Z</time>
			</trkpt>
			<trkpt lat="39.906344" lon="-105.771571">
				<ele>2799.821687</ele>
				<time>2021-11-28T23:37:27Z</time>
			</trkpt>
			<trkpt lat="39.906347" lon="-105.771228">
				<ele>2800.816695</ele>
				<time>2021-11-28T23:37:44Z</time>
			</trkpt>
			<trkpt lat="39.906302" lon="-105.770956">
				<ele>2801.623829</ele>
				<time>2021-11-28T23:37:57Z</time>
			</trkpt>
			<trkpt lat="39.905981" lon="-105.769966">
				<ele>2805.313334</ele>
				<time>2021-11-28T23:38:46Z</time>
			</trkpt>
			<trkpt lat="39.905967" lon="-105.769408">
				<ele>2807.334682</ele>
				<time>2021-11-28T23:39:12Z</time>
			</trkpt>
			<trkpt lat="39.906217" lon="-105.768842">
				<ele>2809.699343</ele>
				<time>2021-11-28T23:39:43Z</time>
			</trkpt>
			<trkpt lat="39.906588" lon="-105.768516">
				<ele>2811.924512</ele>
				<time>2021-11-28T23:40:10Z</time>
			</trkpt>
			<trkpt lat="39.907554" lon="-105.768341">
				<ele>2817.118237</ele>
				<time>2021-11-28T23:41:10Z</time>
			</trkpt>
			<trkpt lat="39.907589" lon="-105.768327">
				<ele>2817.313201</ele>
				<time>2021-11-28T23:41:12Z</time>
			</trkpt>
			<trkpt lat="39.907861" lon="-105.768221">
				<ele>2818.825033</ele>
				<time>2021-11-28T23:41:30Z</time>
			</trkpt>
			<trkpt lat="39.908921" lon="-105.767432">
				<ele>2825.335851</ele>
				<time>2021-11-28T23:42:56Z</time>
			</trkpt>
			<trkpt lat="39.9093" lon="-105.767045">
				<ele>2827.905226</ele>
				<time>2021-11-28T23:43:28Z</time>
			</trkpt>
			<trkpt lat="39.909621" lon="-105.766566">
				<ele>2830.140161</ele>
				<time>2021-11-28T23:43:54Z</time>
			</trkpt>
			<trkpt lat="39.909774" lon="-105.766278">
				<ele>2830.266389</ele>
				<time>2021-11-28T23:44:07Z</time>
			</trkpt>
			<trkpt lat="39.909986" lon="-105.76603">
				<ele>2830.400186</ele>
				<time>2021-11-28T23:44:20Z</time>
			</trkpt>
			<trkpt lat="39.910304" lon="-105.765844">
				<ele>2830.563907</ele>
				<time>2021-11-28T23:44:34Z</time>
			</trkpt>
			<trkpt lat="39.91051" lon="-105.765769">
				<ele>2830.664375</ele>
				<time>2021-11-28T23:44:41Z</time>
			</trkpt>
			<trkpt lat="39.910813" lon="-105.765821">
				<ele>2830.807932</ele>
				<time>2021-11-28T23:44:52Z</time>
			</trkpt>
			<trkpt lat="39.911227" lon="-105.765999">
				<ele>2831.191192</ele>
				<time>2021-11-28T23:45:06Z</time>
			</trkpt>
			<trkpt lat="39.911413" lon="-105.766195">
				<ele>2831.620459</ele>
				<time>2021-11-28T23:45:14Z</time>
			</trkpt>
			<trkpt lat="39.911576" lon="-105.766414">
				<ele>2832.040581</ele>
				<time>2021-11-28T23:45:22Z</time>
			</trkpt>
			<trkpt lat="39.912082" lon="-105.767538">
				<ele>2833.834867</ele>
				<time>2021-11-28T23:46:11Z</time>
			</trkpt>
			<trkpt lat="39.912176" lon="-105.767672">
				<ele>2834.084867</ele>
				<time>2021-11-28T23:46:20Z</time>
			</trkpt>
			<trkpt lat="39.912328" lon="-105.767787">
				<ele>2835.016321</ele>
				<time>2021-11-28T23:46:32Z</time>
			</trkpt>
			<trkpt lat="39.912505" lon="-105.767871">
				<ele>2836.29044</ele>
				<time>2021-11-28T23:46:46Z</time>
			</trkpt>
			<trkpt lat="39.912794" lon="-105.767914">
				<ele>2838.257983</ele>
				<time>2021-11-28T23:47:08Z</time>
			</trkpt>
			<trkpt lat="39.913065" lon="-105.767872">
				<ele>2840.103988</ele>
				<time>2021-11-28T23:47:29Z</time>
			</trkpt>
			<trkpt lat="39.913408" lon="-105.767739">
				<ele>2842.524549</ele>
				<time>2021-11-28T23:47:56Z</time>
			</trkpt>
			<trkpt lat="39.914118" lon="-105.767383">
				<ele>2847.274943</ele>
				<time>2021-11-28T23:48:51Z</time>
			</trkpt>
			<trkpt lat="39.914539" lon="-105.767263">
				<ele>2849.321258</ele>
				<time>2021-11-28T23:49:18Z</time>
			</trkpt>
			<trkpt lat="39.914746" lon="-105.767226">
				<ele>2850.313381</ele>
				<time>2021-11-28T23:49:30Z</time>
			</trkpt>
			<trkpt lat="39.914919" lon="-105.767252">
				<ele>2851.140303</ele>
				<time>2021-11-28T23:49:41Z</time>
			</trkpt>
			<trkpt lat="39.915439" lon="-105.767425">
				<ele>2853.688618</ele>
				<time>2021-11-28T23:50:11Z</time>
			</trkpt>
			<trkpt lat="39.915646" lon="-105.76744">
				<ele>2854.673065</ele>
				<time>2021-11-28T23:50:23Z</time>
			</trkpt>
			<trkpt lat="39.915904" lon="-105.7674">
				<ele>2855.545003</ele>
				<time>2021-11-28T23:50:37Z</time>
			</trkpt>
			<trkpt lat="39.916118" lon="-105.767324">
				<ele>2856.225301</ele>
				<time>2021-11-28T23:50:49Z</time>
			</trkpt>
			<trkpt lat="39.916323" lon="-105.767194">
				<ele>2856.924509</ele>
				<time>2021-11-28T23:51:01Z</time>
			</trkpt>
			<trkpt lat="39.91706" lon="-105.766198">
				<ele>2860.180279</ele>
				<time>2021-11-28T23:51:56Z</time>
			</trkpt>
			<trkpt lat="39.917365" lon="-105.765897">
				<ele>2861.197224</ele>
				<time>2021-11-28T23:52:15Z</time>
			</trkpt>
			<trkpt lat="39.917631" lon="-105.765781">
				<ele>2861.916229</ele>
				<time>2021-11-28T23:52:28Z</time>
			</trkpt>
			<trkpt lat="39.917936" lon="-105.765737">
				<ele>2862.702851</ele>
				<time>2021-11-28T23:52:43Z</time>
			</trkpt>
			<trkpt lat="39.918227" lon="-105.765749">
				<ele>2863.449186</ele>
				<time>2021-11-28T23:52:57Z</time>
			</trkpt>
			<trkpt lat="39.918544" lon="-105.765878">
				<ele>2864.300456</ele>
				<time>2021-11-28T23:53:13Z</time>
			</trkpt>
			<trkpt lat="39.919373" lon="-105.766146">
				<ele>2867.80474</ele>
				<time>2021-11-28T23:53:59Z</time>
			</trkpt>
			<trkpt lat="39.919689" lon="-105.766209">
				<ele>2869.353502</ele>
				<time>2021-11-28T23:54:18Z</time>
			</trkpt>
			<trkpt lat="39.921716" lon="-105.766083">
				<ele>2880.778306</ele>
				<time>2021-11-28T23:56:35Z</time>
			</trkpt>
			<trkpt lat="39.922022" lon="-105.766015">
				<ele>2882.721142</ele>
				<time>2021-11-28T23:56:56Z</time>
			</trkpt>
			<trkpt lat="39.92219" lon="-105.765922">
				<ele>2883.863472</ele>
				<time>2021-11-28T23:57:09Z</time>
			</trkpt>
			<trkpt lat="39.922426" lon="-105.765683">
				<ele>2885.634589</ele>
				<time>2021-11-28T23:57:30Z</time>
			</trkpt>
			<trkpt lat="39.922583" lon="-105.765337">
				<ele>2887.309068</ele>
				<time>2021-11-28T23:57:53Z</time>
			</trkpt>
			<trkpt lat="39.92267" lon="-105.764808">
				<ele>2889.562496</ele>
				<time>2021-11-28T23:58:21Z</time>
			</trkpt>
			<trkpt lat="39.922565" lon="-105.763728">
				<ele>2894.096801</ele>
				<time>2021-11-28T23:59:15Z</time>
			</trkpt>
			<trkpt lat="39.922554" lon="-105.763439">
				<ele>2894.872178</ele>
				<time>2021-11-28T23:59:27Z</time>
			</trkpt>
			<trkpt lat="39.922743" lon="-105.762284">
				<ele>2895.943042</ele>
				<time>2021-11-29T00:00:05Z</time>
			</trkpt>
			<trkpt lat="39.922755" lon="-105.761985">
				<ele>2896.214529</ele>
				<time>2021-11-29T00:00:13Z</time>
			</trkpt>
			<trkpt lat="39.92273" lon="-105.761791">
				<ele>2896.392903</ele>
				<time>2021-11-29T00:00:18Z</time>
			</trkpt>
			<trkpt lat="39.922676" lon="-105.761564">
				<ele>2896.608409</ele>
				<time>2021-11-29T00:00:25Z</time>
			</trkpt>
			<trkpt lat="39.922577" lon="-105.76134">
				<ele>2896.842833</ele>
				<time>2021-11-29T00:00:32Z</time>
			</trkpt>
			<trkpt lat="39.922536" lon="-105.761261">
				<ele>2897.029903</ele>
				<time>2021-11-29T00:00:35Z</time>
			</trkpt>
			<trkpt lat="39.922489" lon="-105.761168">
				<ele>2897.333363</ele>
				<time>2021-11-29T00:00:39Z</time>
			</trkpt>
			<trkpt lat="39.922353" lon="-105.761021">
				<ele>2897.960954</ele>
				<time>2021-11-29T00:00:47Z</time>
			</trkpt>
			<trkpt lat="39.92219" lon="-105.760892">
				<ele>2898.638364</ele>
				<time>2021-11-29T00:00:55Z</time>
			</trkpt>
			<trkpt lat="39.92152" lon="-105.760644">
				<ele>2901.112736</ele>
				<time>2021-11-29T00:01:32Z</time>
			</trkpt>
			<trkpt lat="39.921152" lon="-105.760578">
				<ele>2902.432445</ele>
				<time>2021-11-29T00:01:55Z</time>
			</trkpt>
			<trkpt lat="39.920637" lon="-105.76059">
				<ele>2905.309347</ele>
				<time>2021-11-29T00:02:33Z</time>
			</trkpt>
			<trkpt lat="39.920286" lon="-105.760657">
				<ele>2907.898215</ele>
				<time>2021-11-29T00:03:00Z</time>
			</trkpt>
			<trkpt lat="39.919506" lon="-105.7609">
				<ele>2913.750809</ele>
				<time>2021-11-29T00:04:02Z</time>
			</trkpt>
			<trkpt lat="39.918438" lon="-105.761266">
				<ele>2920.175781</ele>
				<time>2021-11-29T00:05:19Z</time>
			</trkpt>
			<trkpt lat="39.917752" lon="-105.761658">
				<ele>2923.99226</ele>
				<time>2021-11-29T00:06:05Z</time>
			</trkpt>
			<trkpt lat="39.91708" lon="-105.762336">
				<ele>2925.92251</ele>
				<time>2021-11-29T00:06:48Z</time>
			</trkpt>
			<trkpt lat="39.916112" lon="-105.763443">
				<ele>2926.642652</ele>
				<time>2021-11-29T00:07:36Z</time>
			</trkpt>
			<trkpt lat="39.915729" lon="-105.763826">
				<ele>2924.778153</ele>
				<time>2021-11-29T00:07:51Z</time>
			</trkpt>
			<trkpt lat="39.915481" lon="-105.763977">
				<ele>2923.720868</ele>
				<time>2021-11-29T00:08:00Z</time>
			</trkpt>
			<trkpt lat="39.915032" lon="-105.76419">
				<ele>2921.875234</ele>
				<time>2021-11-29T00:08:14Z</time>
			</trkpt>
			<trkpt lat="39.914535" lon="-105.764371">
				<ele>2919.881936</ele>
				<time>2021-11-29T00:08:28Z</time>
			</trkpt>
			<trkpt lat="39.913987" lon="-105.764441">
				<ele>2915.904599</ele>
				<time>2021-11-29T00:08:43Z</time>
			</trkpt>
			<trkpt lat="39.91376" lon="-105.764428">
				<ele>2914.238177</ele>
				<time>2021-11-29T00:08:49Z</time>
			</trkpt>
			<trkpt lat="39.913493" lon="-105.764379">
				<ele>2912.260697</ele>
				<time>2021-11-29T00:08:56Z</time>
			</trkpt>
			<trkpt lat="39.913292" lon="-105.764266">
				<ele>2910.655354</ele>
				<time>2021-11-29T00:09:02Z</time>
			</trkpt>
			<trkpt lat="39.912995" lon="-105.763929">
				<ele>2907.76774</ele>
				<time>2021-11-29T00:09:13Z</time>
			</trkpt>
			<trkpt lat="39.912772" lon="-105.763453">
				<ele>2906.444778</ele>
				<time>2021-11-29T00:09:24Z</time>
			</trkpt>
			<trkpt lat="39.912714" lon="-105.763138">
				<ele>2906.281898</ele>
				<time>2021-11-29T00:09:32Z</time>
			</trkpt>
			<trkpt lat="39.912723" lon="-105.762847">
				<ele>2906.135465</ele>
				<time>2021-11-29T00:09:39Z</time>
			</trkpt>
			<trkpt lat="39.912808" lon="-105.76243">
				<ele>2905.918522</ele>
				<time>2021-11-29T00:09:50Z</time>
			</trkpt>
			<trkpt lat="39.913123" lon="-105.761929">
				<ele>2905.592806</ele>
				<time>2021-11-29T00:10:14Z</time>
			</trkpt>
			<trkpt lat="39.913981" lon="-105.761302">
				<ele>2912.325707</ele>
				<time>2021-11-29T00:11:25Z</time>
			</trkpt>
			<trkpt lat="39.915362" lon="-105.760104">
				<ele>2928.35296</ele>
				<time>2021-11-29T00:14:00Z</time>
			</trkpt>
			<trkpt lat="39.915862" lon="-105.759469">
				<ele>2935.76222</ele>
				<time>2021-11-29T00:15:02Z</time>
			</trkpt>
			<trkpt lat="39.91604" lon="-105.758988">
				<ele>2940.11029</ele>
				<time>2021-11-29T00:15:39Z</time>
			</trkpt>
			<trkpt lat="39.916076" lon="-105.758555">
				<ele>2942.981902</ele>
				<time>2021-11-29T00:16:08Z</time>
			</trkpt>
			<trkpt lat="39.915935" lon="-105.75791">
				<ele>2947.105608</ele>
				<time>2021-11-29T00:16:52Z</time>
			</trkpt>
			<trkpt lat="39.915759" lon="-105.757666">
				<ele>2949.165052</ele>
				<time>2021-11-29T00:17:13Z</time>
			</trkpt>
			<trkpt lat="39.915198" lon="-105.757229">
				<ele>2954.403791</ele>
				<time>2021-11-29T00:18:00Z</time>
			</trkpt>
			<trkpt lat="39.914829" lon="-105.75698">
				<ele>2955.796788</ele>
				<time>2021-11-29T00:18:25Z</time>
			</trkpt>
			<trkpt lat="39.91442" lon="-105.756834">
				<ele>2956.46766</ele>
				<time>2021-11-29T00:18:46Z</time>
			</trkpt>
			<trkpt lat="39.913156" lon="-105.756482">
				<ele>2958.568686</ele>
				<time>2021-11-29T00:19:33Z</time>
			</trkpt>
			<trkpt lat="39.912814" lon="-105.756053">
				<ele>2959.441276</ele>
				<time>2021-11-29T00:19:50Z</time>
			</trkpt>
			<trkpt lat="39.91263" lon="-105.755366">
				<ele>2960.467485</ele>
				<time>2021-11-29T00:20:13Z</time>
			</trkpt>
			<trkpt lat="39.912399" lon="-105.753306">
				<ele>2968.240419</ele>
				<time>2021-11-29T00:21:56Z</time>
			</trkpt>
			<trkpt lat="39.912116" lon="-105.752362">
				<ele>2973.259922</ele>
				<time>2021-11-29T00:22:56Z</time>
			</trkpt>
			<trkpt lat="39.911708" lon="-105.75189">
				<ele>2976.947187</ele>
				<time>2021-11-29T00:23:38Z</time>
			</trkpt>
			<trkpt lat="39.910576" lon="-105.751264">
				<ele>2985.242699</ele>
				<time>2021-11-29T00:25:04Z</time>
			</trkpt>
			<trkpt lat="39.909489" lon="-105.751246">
				<ele>2989.180304</ele>
				<time>2021-11-29T00:26:09Z</time>
			</trkpt>
			<trkpt lat="39.908864" lon="-105.751641">
				<ele>2991.696147</ele>
				<time>2021-11-29T00:26:41Z</time>
			</trkpt>
			<trkpt lat="39.90864" lon="-105.752208">
				<ele>2992.715366</ele>
				<time>2021-11-29T00:27:02Z</time>
			</trkpt>
			<trkpt lat="39.908713" lon="-105.753435">
				<ele>2994.646451</ele>
				<time>2021-11-29T00:27:46Z</time>
			</trkpt>
			<trkpt lat="39.908588" lon="-105.753985">
				<ele>2995.718348</ele>
				<time>2021-11-29T00:28:07Z</time>
			</trkpt>
			<trkpt lat="39.908271" lon="-105.754405">
				<ele>2997.877422</ele>
				<time>2021-11-29T00:28:32Z</time>
			</trkpt>
			<trkpt lat="39.907883" lon="-105.754602">
				<ele>2999.866496</ele>
				<time>2021-11-29T00:28:58Z</time>
			</trkpt>
			<trkpt lat="39.907481" lon="-105.754542">
				<ele>3001.799381</ele>
				<time>2021-11-29T00:29:25Z</time>
			</trkpt>
			<trkpt lat="39.906546" lon="-105.754242">
				<ele>3005.976901</ele>
				<time>2021-11-29T00:30:29Z</time>
			</trkpt>
			<trkpt lat="39.905124" lon="-105.754139">
				<ele>3011.364085</ele>
				<time>2021-11-29T00:31:46Z</time>
			</trkpt>
			<trkpt lat="39.904486" lon="-105.75365">
				<ele>3013.015857</ele>
				<time>2021-11-29T00:32:19Z</time>
			</trkpt>
			<trkpt lat="39.904044" lon="-105.752997">
				<ele>3014.506816</ele>
				<time>2021-11-29T00:32:50Z</time>
			</trkpt>
			<trkpt lat="39.903827" lon="-105.752276">
				<ele>3016.541214</ele>
				<time>2021-11-29T00:33:20Z</time>
			</trkpt>
			<trkpt lat="39.903781" lon="-105.751409">
				<ele>3019.463066</ele>
				<time>2021-11-29T00:33:59Z</time>
			</trkpt>
			<trkpt lat="39.903821" lon="-105.750543">
				<ele>3022.379866</ele>
				<time>2021-11-29T00:34:41Z</time>
			</trkpt>
			<trkpt lat="39.903715" lon="-105.750036">
				<ele>3024.448975</ele>
				<time>2021-11-29T00:35:07Z</time>
			</trkpt>
			<trkpt lat="39.903478" lon="-105.74965">
				<ele>3026.542294</ele>
				<time>2021-11-29T00:35:33Z</time>
			</trkpt>
			<trkpt lat="39.900163" lon="-105.747057">
				<ele>3046.518084</ele>
				<time>2021-11-29T00:39:42Z</time>
			</trkpt>
			<trkpt lat="39.899833" lon="-105.746933">
				<ele>3047.901944</ele>
				<time>2021-11-29T00:40:01Z</time>
			</trkpt>
			<trkpt lat="39.899364" lon="-105.746896">
				<ele>3049.795209</ele>
				<time>2021-11-29T00:40:26Z</time>
			</trkpt>
			<trkpt lat="39.898619" lon="-105.746371">
				<ele>3049.496223</ele>
				<time>2021-11-29T00:40:59Z</time>
			</trkpt>
			<trkpt lat="39.898323" lon="-105.746019">
				<ele>3049.193382</ele>
				<time>2021-11-29T00:41:12Z</time>
			</trkpt>
			<trkpt lat="39.898112" lon="-105.745599">
				<ele>3048.902271</ele>
				<time>2021-11-29T00:41:25Z</time>
			</trkpt>
			<trkpt lat="39.898053" lon="-105.745213">
				<ele>3048.729478</ele>
				<time>2021-11-29T00:41:34Z</time>
			</trkpt>
			<trkpt lat="39.898119" lon="-105.744844">
				<ele>3048.758579</ele>
				<time>2021-11-29T00:41:44Z</time>
			</trkpt>
			<trkpt lat="39.898309" lon="-105.74432">
				<ele>3048.803093</ele>
				<time>2021-11-29T00:41:59Z</time>
			</trkpt>
			<trkpt lat="39.898705" lon="-105.743865">
				<ele>3048.85594</ele>
				<time>2021-11-29T00:42:18Z</time>
			</trkpt>
			<trkpt lat="39.899465" lon="-105.743322">
				<ele>3051.018441</ele>
				<time>2021-11-29T00:43:02Z</time>
			</trkpt>
			<trkpt lat="39.899937" lon="-105.742873">
				<ele>3054.139727</ele>
				<time>2021-11-29T00:43:42Z</time>
			</trkpt>
			<trkpt lat="39.900424" lon="-105.742329">
				<ele>3057.56566</ele>
				<time>2021-11-29T00:44:29Z</time>
			</trkpt>
			<trkpt lat="39.900662" lon="-105.7418">
				<ele>3059.575722</ele>
				<time>2021-11-29T00:45:00Z</time>
			</trkpt>
			<trkpt lat="39.900783" lon="-105.741327">
				<ele>3060.963424</ele>
				<time>2021-11-29T00:45:22Z</time>
			</trkpt>
			<trkpt lat="39.900787" lon="-105.740925">
				<ele>3062.082352</ele>
				<time>2021-11-29T00:45:38Z</time>
			</trkpt>
			<trkpt lat="39.900788" lon="-105.740814">
				<ele>3062.391305</ele>
				<time>2021-11-29T00:45:43Z</time>
			</trkpt>
			<trkpt lat="39.900689" lon="-105.740432">
				<ele>3063.513504</ele>
				<time>2021-11-29T00:45:57Z</time>
			</trkpt>
			<trkpt lat="39.900173" lon="-105.739745">
				<ele>3066.161267</ele>
				<time>2021-11-29T00:46:33Z</time>
			</trkpt>
			<trkpt lat="39.899923" lon="-105.73929">
				<ele>3067.680943</ele>
				<time>2021-11-29T00:46:56Z</time>
			</trkpt>
			<trkpt lat="39.899831" lon="-105.738921">
				<ele>3068.734497</ele>
				<time>2021-11-29T00:47:11Z</time>
			</trkpt>
			<trkpt lat="39.899857" lon="-105.738458">
				<ele>3069.995073</ele>
				<time>2021-11-29T00:47:31Z</time>
			</trkpt>
			<trkpt lat="39.899956" lon="-105.737522">
				<ele>3073.636873</ele>
				<time>2021-11-29T00:48:16Z</time>
			</trkpt>
			<trkpt lat="39.899824" lon="-105.736947">
				<ele>3076.780823</ele>
				<time>2021-11-29T00:48:48Z</time>
			</trkpt>
			<trkpt lat="39.899363" lon="-105.73572">
				<ele>3083.933273</ele>
				<time>2021-11-29T00:50:09Z</time>
			</trkpt>
			<trkpt lat="39.899284" lon="-105.735067">
				<ele>3087.337575</ele>
				<time>2021-11-29T00:50:45Z</time>
			</trkpt>
			<trkpt lat="39.899277" lon="-105.734432">
				<ele>3090.607966</ele>
				<time>2021-11-29T00:51:19Z</time>
			</trkpt>
			<trkpt lat="39.899133" lon="-105.734012">
				<ele>3092.977006</ele>
				<time>2021-11-29T00:51:44Z</time>
			</trkpt>
			<trkpt lat="39.898816" lon="-105.733394">
				<ele>3096.706144</ele>
				<time>2021-11-29T00:52:23Z</time>
			</trkpt>
			<trkpt lat="39.898178" lon="-105.732261">
				<ele>3103.25877</ele>
				<time>2021-11-29T00:53:36Z</time>
			</trkpt>
			<trkpt lat="39.897763" lon="-105.731763">
				<ele>3106.686841</ele>
				<time>2021-11-29T00:54:13Z</time>
			</trkpt>
			<trkpt lat="39.89717" lon="-105.731154">
				<ele>3111.96428</ele>
				<time>2021-11-29T00:55:05Z</time>
			</trkpt>
			<trkpt lat="39.895977" lon="-105.729995">
				<ele>3122.560708</ele>
				<time>2021-11-29T00:56:56Z</time>
			</trkpt>
			<trkpt lat="39.895705" lon="-105.729607">
				<ele>3125.556523</ele>
				<time>2021-11-29T00:57:28Z</time>
			</trkpt>
			<trkpt lat="39.895614" lon="-105.729327">
				<ele>3127.289821</ele>
				<time>2021-11-29T00:57:46Z</time>
			</trkpt>
			<trkpt lat="39.895545" lon="-105.728997">
				<ele>3129.239432</ele>
				<time>2021-11-29T00:58:06Z</time>
			</trkpt>
			<trkpt lat="39.895554" lon="-105.72875">
				<ele>3130.648925</ele>
				<time>2021-11-29T00:58:20Z</time>
			</trkpt>
			<trkpt lat="39.895596" lon="-105.72851">
				<ele>3132.052067</ele>
				<time>2021-11-29T00:58:33Z</time>
			</trkpt>
			<trkpt lat="39.895768" lon="-105.72812">
				<ele>3133.760215</ele>
				<time>2021-11-29T00:58:57Z</time>
			</trkpt>
			<trkpt lat="39.896057" lon="-105.727652">
				<ele>3135.712834</ele>
				<time>2021-11-29T00:59:26Z</time>
			</trkpt>
			<trkpt lat="39.896321" lon="-105.727051">
				<ele>3137.963728</ele>
				<time>2021-11-29T00:59:55Z</time>
			</trkpt>
			<trkpt lat="39.896479" lon="-105.726416">
				<ele>3140.133432</ele>
				<time>2021-11-29T01:00:21Z</time>
			</trkpt>
			<trkpt lat="39.896481" lon="-105.726011">
				<ele>3140.952654</ele>
				<time>2021-11-29T01:00:36Z</time>
			</trkpt>
			<trkpt lat="39.896443" lon="-105.725814">
				<ele>3141.34059</ele>
				<time>2021-11-29T01:00:44Z</time>
			</trkpt>
			<trkpt lat="39.896364" lon="-105.725617">
				<ele>3141.765113</ele>
				<time>2021-11-29T01:00:52Z</time>
			</trkpt>
			<trkpt lat="39.896179" lon="-105.72529">
				<ele>3142.541048</ele>
				<time>2021-11-29T01:01:07Z</time>
			</trkpt>
			<trkpt lat="39.896062" lon="-105.725151">
				<ele>3142.935121</ele>
				<time>2021-11-29T01:01:15Z</time>
			</trkpt>
			<trkpt lat="39.895432" lon="-105.724665">
				<ele>3144.755496</ele>
				<time>2021-11-29T01:01:51Z</time>
			</trkpt>
			<trkpt lat="39.89519" lon="-105.724267">
				<ele>3145.672467</ele>
				<time>2021-11-29T01:02:11Z</time>
			</trkpt>
			<trkpt lat="39.895109" lon="-105.723992">
				<ele>3146.204356</ele>
				<time>2021-11-29T01:02:23Z</time>
			</trkpt>
			<trkpt lat="39.895005" lon="-105.723213">
				<ele>3147.632096</ele>
				<time>2021-11-29T01:02:51Z</time>
			</trkpt>
			<trkpt lat="39.894871" lon="-105.722373">
				<ele>3149.161814</ele>
				<time>2021-11-29T01:03:23Z</time>
			</trkpt>
			<trkpt lat="39.894888" lon="-105.722254">
				<ele>3149.361592</ele>
				<time>2021-11-29T01:03:27Z</time>
			</trkpt>
			<trkpt lat="39.894948" lon="-105.722234">
				<ele>3149.494817</ele>
				<time>2021-11-29T01:03:31Z</time>
			</trkpt>
			<trkpt lat="39.895596" lon="-105.722467">
				<ele>3150.940856</ele>
				<time>2021-11-29T01:04:03Z</time>
			</trkpt>
			<trkpt lat="39.895839" lon="-105.722456">
				<ele>3151.46391</ele>
				<time>2021-11-29T01:04:15Z</time>
			</trkpt>
			<trkpt lat="39.896156" lon="-105.722442">
				<ele>3152.146228</ele>
				<time>2021-11-29T01:04:31Z</time>
			</trkpt>
			<trkpt lat="39.896525" lon="-105.722545">
				<ele>3152.890726</ele>
				<time>2021-11-29T01:04:48Z</time>
			</trkpt>
			<trkpt lat="39.897598" lon="-105.72336">
				<ele>3154.221008</ele>
				<time>2021-11-29T01:05:44Z</time>
			</trkpt>
			<trkpt lat="39.898184" lon="-105.724133">
				<ele>3155.280388</ele>
				<time>2021-11-29T01:06:13Z</time>
			</trkpt>
			<trkpt lat="39.898876" lon="-105.72524">
				<ele>3156.990906</ele>
				<time>2021-11-29T01:06:59Z</time>
			</trkpt>
			<trkpt lat="39.899514" lon="-105.725935">
				<ele>3160.193298</ele>
				<time>2021-11-29T01:07:48Z</time>
			</trkpt>
			<trkpt lat="39.899975" lon="-105.726218">
				<ele>3163.064014</ele>
				<time>2021-11-29T01:08:23Z</time>
			</trkpt>
			<trkpt lat="39.901207" lon="-105.725995">
				<ele>3169.477788</ele>
				<time>2021-11-29T01:09:50Z</time>
			</trkpt>
			<trkpt lat="39.901668" lon="-105.726253">
				<ele>3171.599147</ele>
				<time>2021-11-29T01:10:20Z</time>
			</trkpt>
			<trkpt lat="39.902879" lon="-105.727626">
				<ele>3178.232514</ele>
				<time>2021-11-29T01:11:41Z</time>
			</trkpt>
			<trkpt lat="39.903518" lon="-105.727978">
				<ele>3181.020396</ele>
				<time>2021-11-29T01:12:20Z</time>
			</trkpt>
			<trkpt lat="39.904203" lon="-105.728132">
				<ele>3184.906265</ele>
				<time>2021-11-29T01:13:07Z</time>
			</trkpt>
			<trkpt lat="39.904716" lon="-105.728106">
				<ele>3188.71906</ele>
				<time>2021-11-29T01:13:48Z</time>
			</trkpt>
			<trkpt lat="39.905249" lon="-105.727737">
				<ele>3193.201105</ele>
				<time>2021-11-29T01:14:36Z</time>
			</trkpt>
			<trkpt lat="39.905888" lon="-105.727085">
				<ele>3197.757854</ele>
				<time>2021-11-29T01:15:35Z</time>
			</trkpt>
			<trkpt lat="39.90629" lon="-105.726853">
				<ele>3199.587747</ele>
				<time>2021-11-29T01:16:01Z</time>
			</trkpt>
			<trkpt lat="39.906718" lon="-105.726802">
				<ele>3201.376652</ele>
				<time>2021-11-29T01:16:24Z</time>
			</trkpt>
			<trkpt lat="39.907139" lon="-105.726845">
				<ele>3203.134364</ele>
				<time>2021-11-29T01:16:44Z</time>
			</trkpt>
			<trkpt lat="39.907692" lon="-105.727059">
				<ele>3204.245767</ele>
				<time>2021-11-29T01:17:07Z</time>
			</trkpt>
			<trkpt lat="39.909575" lon="-105.727918">
				<ele>3208.987548</ele>
				<time>2021-11-29T01:18:40Z</time>
			</trkpt>
			<trkpt lat="39.910727" lon="-105.728227">
				<ele>3213.444186</ele>
				<time>2021-11-29T01:19:51Z</time>
			</trkpt>
			<trkpt lat="39.911247" lon="-105.728261">
				<ele>3216.461485</ele>
				<time>2021-11-29T01:20:25Z</time>
			</trkpt>
			<trkpt lat="39.911985" lon="-105.728355">
				<ele>3220.758717</ele>
				<time>2021-11-29T01:21:14Z</time>
			</trkpt>
			<trkpt lat="39.912301" lon="-105.72827">
				<ele>3222.628577</ele>
				<time>2021-11-29T01:21:36Z</time>
			</trkpt>
			<trkpt lat="39.912564" lon="-105.728046">
				<ele>3224.642284</ele>
				<time>2021-11-29T01:21:58Z</time>
			</trkpt>
			<trkpt lat="39.912794" lon="-105.727617">
				<ele>3227.368001</ele>
				<time>2021-11-29T01:22:27Z</time>
			</trkpt>
			<trkpt lat="39.912867" lon="-105.727145">
				<ele>3229.875463</ele>
				<time>2021-11-29T01:22:53Z</time>
			</trkpt>
			<trkpt lat="39.912867" lon="-105.726968">
				<ele>3230.79721</ele>
				<time>2021-11-29T01:23:03Z</time>
			</trkpt>
			<trkpt lat="39.912867" lon="-105.726038">
				<ele>3235.637672</ele>
				<time>2021-11-29T01:23:54Z</time>
			</trkpt>
			<trkpt lat="39.913012" lon="-105.725137">
				<ele>3240.313077</ele>
				<time>2021-11-29T01:24:45Z</time>
			</trkpt>
			<trkpt lat="39.913349" lon="-105.724183">
				<ele>3245.647121</ele>
				<time>2021-11-29T01:25:41Z</time>
			</trkpt>
			<trkpt lat="39.913354" lon="-105.72409">
				<ele>3246.120582</ele>
				<time>2021-11-29T01:25:47Z</time>
			</trkpt>
			<trkpt lat="39.913282" lon="-105.724085">
				<ele>3246.59798</ele>
				<time>2021-11-29T01:25:52Z</time>
			</trkpt>
			<trkpt lat="39.913127" lon="-105.724249">
				<ele>3247.848142</ele>
				<time>2021-11-29T01:26:05Z</time>
			</trkpt>
			<trkpt lat="39.911814" lon="-105.726192">
				<ele>3258.713167</ele>
				<time>2021-11-29T01:28:14Z</time>
			</trkpt>
			<trkpt lat="39.911458" lon="-105.726459">
				<ele>3260.535962</ele>
				<time>2021-11-29T01:28:38Z</time>
			</trkpt>
			<trkpt lat="39.911096" lon="-105.726536">
				<ele>3262.163838</ele>
				<time>2021-11-29T01:28:59Z</time>
			</trkpt>
			<trkpt lat="39.91049" lon="-105.726476">
				<ele>3264.86114</ele>
				<time>2021-11-29T01:29:34Z</time>
			</trkpt>
			<trkpt lat="39.909931" lon="-105.726287">
				<ele>3267.787258</ele>
				<time>2021-11-29T01:30:07Z</time>
			</trkpt>
			<trkpt lat="39.908336" lon="-105.725076">
				<ele>3277.999723</ele>
				<time>2021-11-29T01:32:08Z</time>
			</trkpt>
			<trkpt lat="39.90677" lon="-105.724081">
				<ele>3287.996929</ele>
				<time>2021-11-29T01:34:11Z</time>
			</trkpt>
			<trkpt lat="39.905381" lon="-105.723652">
				<ele>3293.889136</ele>
				<time>2021-11-29T01:35:29Z</time>
			</trkpt>
			<trkpt lat="39.904953" lon="-105.723618">
				<ele>3295.012666</ele>
				<time>2021-11-29T01:35:48Z</time>
			</trkpt>
			<trkpt lat="39.904367" lon="-105.723403">
				<ele>3296.607765</ele>
				<time>2021-11-29T01:36:17Z</time>
			</trkpt>
			<trkpt lat="39.903952" lon="-105.722948">
				<ele>3298.028618</ele>
				<time>2021-11-29T01:36:44Z</time>
			</trkpt>
			<trkpt lat="39.903709" lon="-105.722459">
				<ele>3300.002995</ele>
				<time>2021-11-29T01:37:08Z</time>
			</trkpt>
			<trkpt lat="39.903577" lon="-105.721892">
				<ele>3302.541117</ele>
				<time>2021-11-29T01:37:35Z</time>
			</trkpt>
			<trkpt lat="39.902543" lon="-105.719368">
				<ele>3316.44288</ele>
				<time>2021-11-29T01:40:12Z</time>
			</trkpt>
			<trkpt lat="39.902208" lon="-105.718783">
				<ele>3320.391057</ele>
				<time>2021-11-29T01:40:54Z</time>
			</trkpt>
			<trkpt lat="39.902041" lon="-105.718283">
				<ele>3323.193432</ele>
				<time>2021-11-29T01:41:25Z</time>
			</trkpt>
			<trkpt lat="39.901668" lon="-105.717738">
				<ele>3326.870553</ele>
				<time>2021-11-29T01:42:05Z</time>
			</trkpt>
			<trkpt lat="39.901075" lon="-105.717695">
				<ele>3330.768322</ele>
				<time>2021-11-29T01:42:45Z</time>
			</trkpt>
			<trkpt lat="39.900416" lon="-105.717833">
				<ele>3334.487583</ele>
				<time>2021-11-29T01:43:30Z</time>
			</trkpt>
			<trkpt lat="39.900101" lon="-105.717781">
				<ele>3335.924974</ele>
				<time>2021-11-29T01:43:50Z</time>
			</trkpt>
			<trkpt lat="39.899798" lon="-105.717524">
				<ele>3337.561477</ele>
				<time>2021-11-29T01:44:13Z</time>
			</trkpt>
			<trkpt lat="39.899734" lon="-105.717333">
				<ele>3338.285325</ele>
				<time>2021-11-29T01:44:23Z</time>
			</trkpt>
			<trkpt lat="39.899106" lon="-105.715455">
				<ele>3341.95781</ele>
				<time>2021-11-29T01:45:44Z</time>
			</trkpt>
			<trkpt lat="39.898851" lon="-105.715127">
				<ele>3342.262961</ele>
				<time>2021-11-29T01:45:57Z</time>
			</trkpt>
			<trkpt lat="39.898072" lon="-105.714099">
				<ele>3341.596436</ele>
				<time>2021-11-29T01:46:33Z</time>
			</trkpt>
			<trkpt lat="39.897947" lon="-105.713532">
				<ele>3340.776557</ele>
				<time>2021-11-29T01:46:47Z</time>
			</trkpt>
			<trkpt lat="39.897888" lon="-105.713018">
				<ele>3340.054272</ele>
				<time>2021-11-29T01:46:59Z</time>
			</trkpt>
			<trkpt lat="39.898046" lon="-105.712202">
				<ele>3341.148989</ele>
				<time>2021-11-29T01:47:23Z</time>
			</trkpt>
			<trkpt lat="39.898132" lon="-105.711464">
				<ele>3344.389294</ele>
				<time>2021-11-29T01:47:55Z</time>
			</trkpt>
			<trkpt lat="39.898079" lon="-105.710537">
				<ele>3348.424435</ele>
				<time>2021-11-29T01:48:52Z</time>
			</trkpt>
			<trkpt lat="39.898125" lon="-105.710056">
				<ele>3351.33273</ele>
				<time>2021-11-29T01:49:25Z</time>
			</trkpt>
			<trkpt lat="39.89829" lon="-105.709644">
				<ele>3355.117999</ele>
				<time>2021-11-29T01:49:58Z</time>
			</trkpt>
			<trkpt lat="39.898322" lon="-105.709473">
				<ele>3356.551559</ele>
				<time>2021-11-29T01:50:11Z</time>
			</trkpt>
			<trkpt lat="39.898257" lon="-105.70937">
				<ele>3357.637798</ele>
				<time>2021-11-29T01:50:22Z</time>
			</trkpt>
			<trkpt lat="39.89769" lon="-105.709456">
				<ele>3363.697808</ele>
				<time>2021-11-29T01:51:14Z</time>
			</trkpt>
			<trkpt lat="39.897401" lon="-105.709352">
				<ele>3366.880675</ele>
				<time>2021-11-29T01:51:42Z</time>
			</trkpt>
			<trkpt lat="39.897032" lon="-105.709344">
				<ele>3370.381041</ele>
				<time>2021-11-29T01:52:15Z</time>
			</trkpt>
			<trkpt lat="39.896262" lon="-105.709473">
				<ele>3376.978528</ele>
				<time>2021-11-29T01:53:15Z</time>
			</trkpt>
			<trkpt lat="39.896215" lon="-105.70937">
				<ele>3377.759883</ele>
				<time>2021-11-29T01:53:22Z</time>
			</trkpt>
			<trkpt lat="39.897421" lon="-105.708872">
				<ele>3389.552605</ele>
				<time>2021-11-29T01:54:59Z</time>
			</trkpt>
			<trkpt lat="39.898059" lon="-105.70852">
				<ele>3396.797253</ele>
				<time>2021-11-29T01:56:00Z</time>
			</trkpt>
			<trkpt lat="39.898322" lon="-105.708431">
				<ele>3399.638632</ele>
				<time>2021-11-29T01:56:27Z</time>
			</trkpt>
			<trkpt lat="39.89879" lon="-105.708065">
				<ele>3405.962776</ele>
				<time>2021-11-29T01:57:23Z</time>
			</trkpt>
			<trkpt lat="39.898849" lon="-105.707919">
				<ele>3407.607375</ele>
				<time>2021-11-29T01:57:37Z</time>
			</trkpt>
			<trkpt lat="39.898816" lon="-105.707773">
				<ele>3409.124288</ele>
				<time>2021-11-29T01:57:50Z</time>
			</trkpt>
			<trkpt lat="39.89879" lon="-105.7075">
				<ele>3411.865966</ele>
				<time>2021-11-29T01:58:12Z</time>
			</trkpt>
			<trkpt lat="39.898678" lon="-105.706314">
				<ele>3423.775195</ele>
				<time>2021-11-29T01:59:48Z</time>
			</trkpt>
			<trkpt lat="39.898725" lon="-105.705776">
				<ele>3427.856245</ele>
				<time>2021-11-29T02:00:29Z</time>
			</trkpt>
			<trkpt lat="39.898902" lon="-105.704855">
				<ele>3433.178444</ele>
				<time>2021-11-29T02:01:29Z</time>
			</trkpt>
			<trkpt lat="39.899251" lon="-105.704005">
				<ele>3438.582579</ele>
				<time>2021-11-29T02:02:15Z</time>
			</trkpt>
			<trkpt lat="39.899475" lon="-105.70355">
				<ele>3439.707661</ele>
				<time>2021-11-29T02:02:34Z</time>
			</trkpt>
			<trkpt lat="39.899831" lon="-105.702967">
				<ele>3440.432809</ele>
				<time>2021-11-29T02:02:57Z</time>
			</trkpt>
			<trkpt lat="39.90093" lon="-105.701902">
				<ele>3442.025447</ele>
				<time>2021-11-29T02:03:53Z</time>
			</trkpt>
			<trkpt lat="39.902109" lon="-105.700117">
				<ele>3442.428869</ele>
				<time>2021-11-29T02:05:10Z</time>
			</trkpt>
			<trkpt lat="39.90253" lon="-105.699774">
				<ele>3441.49819</ele>
				<time>2021-11-29T02:05:27Z</time>
			</trkpt>
			<trkpt lat="39.903103" lon="-105.699482">
				<ele>3440.344875</ele>
				<time>2021-11-29T02:05:45Z</time>
			</trkpt>
			<trkpt lat="39.903432" lon="-105.699422">
				<ele>3439.756558</ele>
				<time>2021-11-29T02:05:55Z</time>
			</trkpt>
			<trkpt lat="39.904229" lon="-105.699594">
				<ele>3438.491469</ele>
				<time>2021-11-29T02:06:20Z</time>
			</trkpt>
			<trkpt lat="39.904532" lon="-105.699465">
				<ele>3437.992306</ele>
				<time>2021-11-29T02:06:30Z</time>
			</trkpt>
			<trkpt lat="39.905045" lon="-105.699001">
				<ele>3437.298411</ele>
				<time>2021-11-29T02:06:55Z</time>
			</trkpt>
			<trkpt lat="39.905506" lon="-105.698418">
				<ele>3439.14496</ele>
				<time>2021-11-29T02:07:28Z</time>
			</trkpt>
			<trkpt lat="39.906309" lon="-105.698006">
				<ele>3441.625933</ele>
				<time>2021-11-29T02:08:17Z</time>
			</trkpt>
			<trkpt lat="39.907218" lon="-105.698006">
				<ele>3443.772862</ele>
				<time>2021-11-29T02:09:03Z</time>
			</trkpt>
			<trkpt lat="39.907852" lon="-105.697954">
				<ele>3445.163165</ele>
				<time>2021-11-29T02:09:33Z</time>
			</trkpt>
			<trkpt lat="39.909073" lon="-105.697717">
				<ele>3446.768493</ele>
				<time>2021-11-29T02:10:28Z</time>
			</trkpt>
			<trkpt lat="39.909924" lon="-105.697688">
				<ele>3447.388139</ele>
				<time>2021-11-29T02:11:02Z</time>
			</trkpt>
			<trkpt lat="39.910227" lon="-105.697783">
				<ele>3447.730251</ele>
				<time>2021-11-29T02:11:13Z</time>
			</trkpt>
			<trkpt lat="39.910385" lon="-105.69786">
				<ele>3448.022283</ele>
				<time>2021-11-29T02:11:19Z</time>
			</trkpt>
			<trkpt lat="39.910582" lon="-105.698057">
				<ele>3448.452129</ele>
				<time>2021-11-29T02:11:27Z</time>
			</trkpt>
			<trkpt lat="39.910747" lon="-105.698332">
				<ele>3448.915779</ele>
				<time>2021-11-29T02:11:36Z</time>
			</trkpt>
			<trkpt lat="39.910918" lon="-105.698752">
				<ele>3449.547232</ele>
				<time>2021-11-29T02:11:51Z</time>
			</trkpt>
			<trkpt lat="39.911221" lon="-105.699662">
				<ele>3451.875446</ele>
				<time>2021-11-29T02:12:35Z</time>
			</trkpt>
			<trkpt lat="39.911432" lon="-105.700031">
				<ele>3455.303877</ele>
				<time>2021-11-29T02:13:02Z</time>
			</trkpt>
			<trkpt lat="39.9118" lon="-105.700263">
				<ele>3459.273588</ele>
				<time>2021-11-29T02:13:37Z</time>
			</trkpt>
			<trkpt lat="39.912156" lon="-105.700332">
				<ele>3462.768848</ele>
				<time>2021-11-29T02:14:10Z</time>
			</trkpt>
			<trkpt lat="39.912706" lon="-105.700018">
				<ele>3468.61412</ele>
				<time>2021-11-29T02:15:11Z</time>
			</trkpt>
			<trkpt lat="39.912985" lon="-105.699602">
				<ele>3472.851409</ele>
				<time>2021-11-29T02:15:54Z</time>
			</trkpt>
			<trkpt lat="39.91324" lon="-105.699095">
				<ele>3477.500302</ele>
				<time>2021-11-29T02:16:39Z</time>
			</trkpt>
			<trkpt lat="39.913689" lon="-105.697905">
				<ele>3486.926884</ele>
				<time>2021-11-29T02:17:58Z</time>
			</trkpt>
			<trkpt lat="39.914269" lon="-105.695534">
				<ele>3496.558382</ele>
				<time>2021-11-29T02:19:54Z</time>
			</trkpt>
			<trkpt lat="39.914822" lon="-105.694521">
				<ele>3499.965219</ele>
				<time>2021-11-29T02:20:47Z</time>
			</trkpt>
			<trkpt lat="39.916742" lon="-105.692168">
				<ele>3508.097782</ele>
				<time>2021-11-29T02:23:00Z</time>
			</trkpt>
			<trkpt lat="39.91758" lon="-105.691734">
				<ele>3511.744428</ele>
				<time>2021-11-29T02:23:52Z</time>
			</trkpt>
			<trkpt lat="39.917771" lon="-105.6915">
				<ele>3512.804378</ele>
				<time>2021-11-29T02:24:08Z</time>
			</trkpt>
			<trkpt lat="39.91791" lon="-105.691242">
				<ele>3513.782351</ele>
				<time>2021-11-29T02:24:22Z</time>
			</trkpt>
			<trkpt lat="39.91812" lon="-105.690556">
				<ele>3516.447319</ele>
				<time>2021-11-29T02:24:57Z</time>
			</trkpt>
			<trkpt lat="39.918364" lon="-105.690221">
				<ele>3518.18653</ele>
				<time>2021-11-29T02:25:20Z</time>
			</trkpt>
			<trkpt lat="39.919203" lon="-105.689387">
				<ele>3523.28472</ele>
				<time>2021-11-29T02:26:26Z</time>
			</trkpt>
			<trkpt lat="39.919891" lon="-105.688788">
				<ele>3525.813598</ele>
				<time>2021-11-29T02:27:10Z</time>
			</trkpt>
			<trkpt lat="39.920502" lon="-105.688419">
				<ele>3527.871956</ele>
				<time>2021-11-29T02:27:43Z</time>
			</trkpt>
			<trkpt lat="39.921393" lon="-105.688004">
				<ele>3531.005343</ele>
				<time>2021-11-29T02:28:29Z</time>
			</trkpt>
			<trkpt lat="39.922519" lon="-105.687705">
				<ele>3534.970977</ele>
				<time>2021-11-29T02:29:34Z</time>
			</trkpt>
			<trkpt lat="39.922668" lon="-105.687636">
				<ele>3535.70607</ele>
				<time>2021-11-29T02:29:44Z</time>
			</trkpt>
			<trkpt lat="39.923522" lon="-105.68666">
				<ele>3540.985469</ele>
				<time>2021-11-29T02:30:55Z</time>
			</trkpt>
			<trkpt lat="39.925261" lon="-105.684648">
				<ele>3550.522642</ele>
				<time>2021-11-29T02:33:09Z</time>
			</trkpt>
			<trkpt lat="39.925964" lon="-105.684034">
				<ele>3552.903536</ele>
				<time>2021-11-29T02:33:53Z</time>
			</trkpt>
			<trkpt lat="39.926654" lon="-105.683577">
				<ele>3555.081208</ele>
				<time>2021-11-29T02:34:32Z</time>
			</trkpt>
			<trkpt lat="39.927199" lon="-105.68325">
				<ele>3555.994475</ele>
				<time>2021-11-29T02:35:00Z</time>
			</trkpt>
			<trkpt lat="39.928237" lon="-105.682831">
				<ele>3557.314443</ele>
				<time>2021-11-29T02:35:46Z</time>
			</trkpt>
			<trkpt lat="39.928955" lon="-105.682659">
				<ele>3557.602142</ele>
				<time>2021-11-29T02:36:14Z</time>
			</trkpt>
			<trkpt lat="39.930368" lon="-105.682651">
				<ele>3557.648565</ele>
				<time>2021-11-29T02:37:06Z</time>
			</trkpt>
			<trkpt lat="39.930867" lon="-105.682685">
				<ele>3557.722005</ele>
				<time>2021-11-29T02:37:24Z</time>
			</trkpt>
			<trkpt lat="39.93141" lon="-105.6828">
				<ele>3557.802857</ele>
				<time>2021-11-29T02:37:44Z</time>
			</trkpt>
			<trkpt lat="39.932716" lon="-105.683208">
				<ele>3558.751136</ele>
				<time>2021-11-29T02:38:38Z</time>
			</trkpt>
			<trkpt lat="39.933232" lon="-105.683296">
				<ele>3559.377229</ele>
				<time>2021-11-29T02:39:01Z</time>
			</trkpt>
			<trkpt lat="39.9335" lon="-105.683284">
				<ele>3559.699854</ele>
				<time>2021-11-29T02:39:13Z</time>
			</trkpt>
			<trkpt lat="39.933727" lon="-105.683233">
				<ele>3559.976984</ele>
				<time>2021-11-29T02:39:23Z</time>
			</trkpt>
			<trkpt lat="39.933827" lon="-105.683174">
				<ele>3560.224446</ele>
				<time>2021-11-29T02:39:28Z</time>
			</trkpt>
			<trkpt lat="39.934076" lon="-105.682945">
				<ele>3561.448769</ele>
				<time>2021-11-29T02:39:38Z</time>
			</trkpt>
			<trkpt lat="39.934234" lon="-105.68274">
				<ele>3562.344344</ele>
				<time>2021-11-29T02:39:47Z</time>
			</trkpt>
			<trkpt lat="39.934417" lon="-105.682442">
				<ele>3563.520694</ele>
				<time>2021-11-29T02:39:59Z</time>
			</trkpt>
			<trkpt lat="39.934537" lon="-105.682194">
				<ele>3564.424242</ele>
				<time>2021-11-29T02:40:10Z</time>
			</trkpt>
			<trkpt lat="39.934629" lon="-105.681926">
				<ele>3565.328964</ele>
				<time>2021-11-29T02:40:21Z</time>
			</trkpt>
			<trkpt lat="39.934685" lon="-105.681609">
				<ele>3566.331271</ele>
				<time>2021-11-29T02:40:34Z</time>
			</trkpt>
			<trkpt lat="39.934687" lon="-105.681204">
				<ele>3567.513717</ele>
				<time>2021-11-29T02:40:50Z</time>
			</trkpt>
			<trkpt lat="39.934617" lon="-105.680579">
				<ele>3569.02365</ele>
				<time>2021-11-29T02:41:20Z</time>
			</trkpt>
			<trkpt lat="39.934631" lon="-105.680315">
				<ele>3569.656257</ele>
				<time>2021-11-29T02:41:32Z</time>
			</trkpt>
			<trkpt lat="39.934677" lon="-105.679987">
				<ele>3570.453357</ele>
				<time>2021-11-29T02:41:46Z</time>
			</trkpt>
			<trkpt lat="39.934744" lon="-105.679727">
				<ele>3571.109054</ele>
				<time>2021-11-29T02:41:57Z</time>
			</trkpt>
			<trkpt lat="39.934832" lon="-105.679516">
				<ele>3571.683239</ele>
				<time>2021-11-29T02:42:06Z</time>
			</trkpt>
			<trkpt lat="39.934894" lon="-105.679416">
				<ele>3571.990661</ele>
				<time>2021-11-29T02:42:10Z</time>
			</trkpt>
			<trkpt lat="39.935021" lon="-105.679316">
				<ele>3572.453168</ele>
				<time>2021-11-29T02:42:17Z</time>
			</trkpt>
			<trkpt lat="39.935309" lon="-105.679135">
				<ele>3572.398296</ele>
				<time>2021-11-29T02:42:30Z</time>
			</trkpt>
			<trkpt lat="39.935878" lon="-105.678715">
				<ele>3570.575691</ele>
				<time>2021-11-29T02:42:50Z</time>
			</trkpt>
			<trkpt lat="39.936261" lon="-105.678391">
				<ele>3569.303084</ele>
				<time>2021-11-29T02:43:04Z</time>
			</trkpt>
			<trkpt lat="39.936508" lon="-105.678235">
				<ele>3568.538044</ele>
				<time>2021-11-29T02:43:12Z</time>
			</trkpt>
			<trkpt lat="39.936687" lon="-105.678074">
				<ele>3567.931896</ele>
				<time>2021-11-29T02:43:18Z</time>
			</trkpt>
			<trkpt lat="39.936937" lon="-105.677745">
				<ele>3566.747947</ele>
				<time>2021-11-29T02:43:29Z</time>
			</trkpt>
			<trkpt lat="39.937113" lon="-105.677433">
				<ele>3565.749048</ele>
				<time>2021-11-29T02:43:38Z</time>
			</trkpt>
			<trkpt lat="39.938392" lon="-105.6747">
				<ele>3557.655983</ele>
				<time>2021-11-29T02:44:54Z</time>
			</trkpt>
			<trkpt lat="39.938813" lon="-105.673755">
				<ele>3554.179536</ele>
				<time>2021-11-29T02:45:19Z</time>
			</trkpt>
			<trkpt lat="39.93895" lon="-105.673391">
				<ele>3552.452013</ele>
				<time>2021-11-29T02:45:28Z</time>
			</trkpt>
			<trkpt lat="39.939001" lon="-105.673127">
				<ele>3551.292139</ele>
				<time>2021-11-29T02:45:34Z</time>
			</trkpt>
			<trkpt lat="39.939017" lon="-105.672668">
				<ele>3549.334634</ele>
				<time>2021-11-29T02:45:44Z</time>
			</trkpt>
			<trkpt lat="39.939114" lon="-105.672237">
				<ele>3547.42097</ele>
				<time>2021-11-29T02:45:53Z</time>
			</trkpt>
			<trkpt lat="39.939311" lon="-105.671567">
				<ele>3544.416874</ele>
				<time>2021-11-29T02:46:09Z</time>
			</trkpt>
			<trkpt lat="39.939409" lon="-105.671348">
				<ele>3543.371239</ele>
				<time>2021-11-29T02:46:14Z</time>
			</trkpt>
			<trkpt lat="39.939676" lon="-105.670896">
				<ele>3541.018339</ele>
				<time>2021-11-29T02:46:26Z</time>
			</trkpt>
			<trkpt lat="39.939995" lon="-105.670181">
				<ele>3537.60711</ele>
				<time>2021-11-29T02:46:45Z</time>
			</trkpt>
			<trkpt lat="39.940057" lon="-105.669965">
				<ele>3536.65604</ele>
				<time>2021-11-29T02:46:50Z</time>
			</trkpt>
			<trkpt lat="39.940235" lon="-105.668815">
				<ele>3533.16987</ele>
				<time>2021-11-29T02:47:17Z</time>
			</trkpt>
			<trkpt lat="39.940326" lon="-105.668424">
				<ele>3531.988277</ele>
				<time>2021-11-29T02:47:26Z</time>
			</trkpt>
			<trkpt lat="39.940438" lon="-105.668131">
				<ele>3531.041553</ele>
				<time>2021-11-29T02:47:34Z</time>
			</trkpt>
			<trkpt lat="39.940594" lon="-105.667815">
				<ele>3529.954749</ele>
				<time>2021-11-29T02:47:42Z</time>
			</trkpt>
			<trkpt lat="39.940793" lon="-105.667555">
				<ele>3528.852484</ele>
				<time>2021-11-29T02:47:51Z</time>
			</trkpt>
			<trkpt lat="39.941031" lon="-105.667319">
				<ele>3527.657354</ele>
				<time>2021-11-29T02:48:01Z</time>
			</trkpt>
			<trkpt lat="39.941378" lon="-105.667049">
				<ele>3526.042151</ele>
				<time>2021-11-29T02:48:13Z</time>
			</trkpt>
			<trkpt lat="39.941449" lon="-105.666943">
				<ele>3525.61076</ele>
				<time>2021-11-29T02:48:16Z</time>
			</trkpt>
			<trkpt lat="39.941542" lon="-105.666696">
				<ele>3524.767382</ele>
				<time>2021-11-29T02:48:22Z</time>
			</trkpt>
			<trkpt lat="39.941587" lon="-105.666368">
				<ele>3523.746142</ele>
				<time>2021-11-29T02:48:30Z</time>
			</trkpt>
			<trkpt lat="39.941626" lon="-105.665479">
				<ele>3520.318701</ele>
				<time>2021-11-29T02:48:49Z</time>
			</trkpt>
			<trkpt lat="39.941659" lon="-105.664446">
				<ele>3515.513164</ele>
				<time>2021-11-29T02:49:13Z</time>
			</trkpt>
			<trkpt lat="39.94165" lon="-105.664211">
				<ele>3514.419526</ele>
				<time>2021-11-29T02:49:18Z</time>
			</trkpt>
			<trkpt lat="39.941619" lon="-105.663967">
				<ele>3513.269951</ele>
				<time>2021-11-29T02:49:23Z</time>
			</trkpt>
			<trkpt lat="39.941562" lon="-105.663768">
				<ele>3512.28256</ele>
				<time>2021-11-29T02:49:27Z</time>
			</trkpt>
			<trkpt lat="39.941485" lon="-105.663483">
				<ele>3510.53783</ele>
				<time>2021-11-29T02:49:33Z</time>
			</trkpt>
			<trkpt lat="39.941466" lon="-105.663328">
				<ele>3509.385339</ele>
				<time>2021-11-29T02:49:36Z</time>
			</trkpt>
			<trkpt lat="39.941376" lon="-105.663151">
				<ele>3507.82595</ele>
				<time>2021-11-29T02:49:40Z</time>
			</trkpt>
			<trkpt lat="39.941303" lon="-105.662734">
				<ele>3504.68546</ele>
				<time>2021-11-29T02:49:49Z</time>
			</trkpt>
			<trkpt lat="39.941336" lon="-105.662373">
				<ele>3502.016154</ele>
				<time>2021-11-29T02:49:56Z</time>
			</trkpt>
			<trkpt lat="39.941643" lon="-105.660878">
				<ele>3490.70139</ele>
				<time>2021-11-29T02:50:27Z</time>
			</trkpt>
			<trkpt lat="39.941627" lon="-105.660491">
				<ele>3487.894458</ele>
				<time>2021-11-29T02:50:34Z</time>
			</trkpt>
			<trkpt lat="39.94154" lon="-105.660163">
				<ele>3485.380763</ele>
				<time>2021-11-29T02:50:41Z</time>
			</trkpt>
			<trkpt lat="39.941475" lon="-105.660017">
				<ele>3484.158006</ele>
				<time>2021-11-29T02:50:44Z</time>
			</trkpt>
			<trkpt lat="39.941392" lon="-105.659846">
				<ele>3482.69221</ele>
				<time>2021-11-29T02:50:48Z</time>
			</trkpt>
			<trkpt lat="39.941196" lon="-105.65956">
				<ele>3479.913971</ele>
				<time>2021-11-29T02:50:56Z</time>
			</trkpt>
			<trkpt lat="39.941067" lon="-105.65944">
				<ele>3478.417208</ele>
				<time>2021-11-29T02:51:00Z</time>
			</trkpt>
			<trkpt lat="39.940822" lon="-105.659349">
				<ele>3476.649369</ele>
				<time>2021-11-29T02:51:07Z</time>
			</trkpt>
			<trkpt lat="39.940708" lon="-105.659233">
				<ele>3475.987402</ele>
				<time>2021-11-29T02:51:11Z</time>
			</trkpt>
			<trkpt lat="39.940072" lon="-105.659041">
				<ele>3472.998644</ele>
				<time>2021-11-29T02:51:29Z</time>
			</trkpt>
			<trkpt lat="39.939655" lon="-105.658975">
				<ele>3471.075502</ele>
				<time>2021-11-29T02:51:42Z</time>
			</trkpt>
			<trkpt lat="39.939486" lon="-105.659129">
				<ele>3470.131637</ele>
				<time>2021-11-29T02:51:58Z</time>
			</trkpt>
			<trkpt lat="39.939404" lon="-105.659172">
				<ele>3469.727012</ele>
				<time>2021-11-29T02:52:04Z</time>
			</trkpt>
			<trkpt lat="39.939128" lon="-105.659161">
				<ele>3468.860238</ele>
				<time>2021-11-29T02:52:25Z</time>
			</trkpt>
			<trkpt lat="39.938531" lon="-105.659292">
				<ele>3468.082612</ele>
				<time>2021-11-29T02:53:12Z</time>
			</trkpt>
			<trkpt lat="39.938187" lon="-105.659517">
				<ele>3467.588291</ele>
				<time>2021-11-29T02:53:43Z</time>
			</trkpt>
			<trkpt lat="39.938072" lon="-105.659501">
				<ele>3467.439735</ele>
				<time>2021-11-29T02:53:52Z</time>
			</trkpt>
			<trkpt lat="39.93778" lon="-105.659549">
				<ele>3467.061693</ele>
				<time>2021-11-29T02:54:15Z</time>
			</trkpt>
			<trkpt lat="39.937574" lon="-105.65949">
				<ele>3466.79078</ele>
				<time>2021-11-29T02:54:31Z</time>
			</trkpt>
			<trkpt lat="39.936797" lon="-105.65963">
				<ele>3459.344534</ele>
				<time>2021-11-29T02:55:26Z</time>
			</trkpt>
			<trkpt lat="39.936517" lon="-105.660273">
				<ele>3453.52816</ele>
				<time>2021-11-29T02:56:00Z</time>
			</trkpt>
			<trkpt lat="39.936534" lon="-105.660423">
				<ele>3452.335484</ele>
				<time>2021-11-29T02:56:06Z</time>
			</trkpt>
			<trkpt lat="39.936517" lon="-105.660584">
				<ele>3451.057153</ele>
				<time>2021-11-29T02:56:14Z</time>
			</trkpt>
			<trkpt lat="39.936583" lon="-105.66104">
				<ele>3447.343483</ele>
				<time>2021-11-29T02:56:34Z</time>
			</trkpt>
			<trkpt lat="39.936563" lon="-105.661142">
				<ele>3446.453184</ele>
				<time>2021-11-29T02:56:39Z</time>
			</trkpt>
			<trkpt lat="39.936037" lon="-105.661106">
				<ele>3440.644118</ele>
				<time>2021-11-29T02:57:10Z</time>
			</trkpt>
			<trkpt lat="39.935912" lon="-105.660921">
				<ele>3438.558948</ele>
				<time>2021-11-29T02:57:15Z</time>
			</trkpt>
			<trkpt lat="39.935832" lon="-105.660729">
				<ele>3436.711083</ele>
				<time>2021-11-29T02:57:19Z</time>
			</trkpt>
			<trkpt lat="39.935773" lon="-105.66051">
				<ele>3434.748147</ele>
				<time>2021-11-29T02:57:23Z</time>
			</trkpt>
			<trkpt lat="39.93574" lon="-105.660279">
				<ele>3432.761104</ele>
				<time>2021-11-29T02:57:28Z</time>
			</trkpt>
			<trkpt lat="39.935742" lon="-105.660115">
				<ele>3431.374078</ele>
				<time>2021-11-29T02:57:32Z</time>
			</trkpt>
			<trkpt lat="39.935794" lon="-105.659873">
				<ele>3429.248792</ele>
				<time>2021-11-29T02:57:37Z</time>
			</trkpt>
			<trkpt lat="39.935742" lon="-105.660115">
				<ele>3428.454071</ele>
				<time>2021-11-29T02:57:42Z</time>
			</trkpt>
			<trkpt lat="39.93574" lon="-105.660279">
				<ele>3428.493874</ele>
				<time>2021-11-29T02:57:47Z</time>
			</trkpt>
			<trkpt lat="39.935773" lon="-105.66051">
				<ele>3428.550895</ele>
				<time>2021-11-29T02:57:52Z</time>
			</trkpt>
			<trkpt lat="39.935832" lon="-105.660729">
				<ele>3428.607224</ele>
				<time>2021-11-29T02:58:01Z</time>
			</trkpt>
			<trkpt lat="39.935912" lon="-105.660921">
				<ele>3428.660252</ele>
				<time>2021-11-29T02:58:08Z</time>
			</trkpt>
			<trkpt lat="39.936037" lon="-105.661106">
				<ele>3428.720089</ele>
				<time>2021-11-29T02:58:19Z</time>
			</trkpt>
			<trkpt lat="39.936463" lon="-105.661753">
				<ele>3428.927037</ele>
				<time>2021-11-29T02:58:54Z</time>
			</trkpt>
			<trkpt lat="39.9368" lon="-105.662589">
				<ele>3426.987657</ele>
				<time>2021-11-29T02:59:26Z</time>
			</trkpt>
			<trkpt lat="39.937049" lon="-105.663344">
				<ele>3424.643529</ele>
				<time>2021-11-29T02:59:44Z</time>
			</trkpt>
			<trkpt lat="39.937065" lon="-105.663538">
				<ele>3424.08702</ele>
				<time>2021-11-29T02:59:49Z</time>
			</trkpt>
			<trkpt lat="39.937035" lon="-105.663923">
				<ele>3422.983286</ele>
				<time>2021-11-29T02:59:57Z</time>
			</trkpt>
			<trkpt lat="39.936913" lon="-105.664277">
				<ele>3421.412249</ele>
				<time>2021-11-29T03:00:04Z</time>
			</trkpt>
			<trkpt lat="39.936812" lon="-105.664451">
				<ele>3420.10088</ele>
				<time>2021-11-29T03:00:09Z</time>
			</trkpt>
			<trkpt lat="39.936574" lon="-105.664714">
				<ele>3417.656217</ele>
				<time>2021-11-29T03:00:17Z</time>
			</trkpt>
			<trkpt lat="39.935034" lon="-105.666018">
				<ele>3406.639782</ele>
				<time>2021-11-29T03:01:06Z</time>
			</trkpt>
			<trkpt lat="39.934964" lon="-105.666111">
				<ele>3406.392119</ele>
				<time>2021-11-29T03:01:09Z</time>
			</trkpt>
			<trkpt lat="39.933993" lon="-105.668289">
				<ele>3405.609462</ele>
				<time>2021-11-29T03:02:29Z</time>
			</trkpt>
			<trkpt lat="39.933569" lon="-105.669396">
				<ele>3407.655125</ele>
				<time>2021-11-29T03:03:21Z</time>
			</trkpt>
			<trkpt lat="39.933392" lon="-105.669652">
				<ele>3408.049627</ele>
				<time>2021-11-29T03:03:35Z</time>
			</trkpt>
			<trkpt lat="39.933106" lon="-105.669851">
				<ele>3408.533453</ele>
				<time>2021-11-29T03:03:51Z</time>
			</trkpt>
			<trkpt lat="39.932388" lon="-105.66999">
				<ele>3409.616847</ele>
				<time>2021-11-29T03:04:24Z</time>
			</trkpt>
			<trkpt lat="39.931489" lon="-105.670254">
				<ele>3409.254525</ele>
				<time>2021-11-29T03:04:57Z</time>
			</trkpt>
			<trkpt lat="39.931238" lon="-105.670237">
				<ele>3408.659022</ele>
				<time>2021-11-29T03:05:06Z</time>
			</trkpt>
			<trkpt lat="39.930985" lon="-105.670156">
				<ele>3408.041782</ele>
				<time>2021-11-29T03:05:14Z</time>
			</trkpt>
			<trkpt lat="39.930821" lon="-105.670036">
				<ele>3407.596226</ele>
				<time>2021-11-29T03:05:20Z</time>
			</trkpt>
			<trkpt lat="39.930621" lon="-105.669816">
				<ele>3406.976294</ele>
				<time>2021-11-29T03:05:29Z</time>
			</trkpt>
			<trkpt lat="39.928815" lon="-105.665216">
				<ele>3386.670893</ele>
				<time>2021-11-29T03:07:22Z</time>
			</trkpt>
			<trkpt lat="39.928545" lon="-105.664888">
				<ele>3384.011965</ele>
				<time>2021-11-29T03:07:31Z</time>
			</trkpt>
			<trkpt lat="39.928376" lon="-105.664778">
				<ele>3382.633134</ele>
				<time>2021-11-29T03:07:36Z</time>
			</trkpt>
			<trkpt lat="39.92826" lon="-105.664702">
				<ele>3381.685472</ele>
				<time>2021-11-29T03:07:40Z</time>
			</trkpt>
			<trkpt lat="39.927842" lon="-105.664694">
				<ele>3378.633761</ele>
				<time>2021-11-29T03:07:51Z</time>
			</trkpt>
			<trkpt lat="39.927481" lon="-105.664834">
				<ele>3375.884408</ele>
				<time>2021-11-29T03:08:01Z</time>
			</trkpt>
			<trkpt lat="39.927256" lon="-105.665044">
				<ele>3373.864562</ele>
				<time>2021-11-29T03:08:09Z</time>
			</trkpt>
			<trkpt lat="39.927076" lon="-105.665556">
				<ele>3372.150278</ele>
				<time>2021-11-29T03:08:21Z</time>
			</trkpt>
			<trkpt lat="39.926926" lon="-105.666313">
				<ele>3370.099717</ele>
				<time>2021-11-29T03:08:38Z</time>
			</trkpt>
			<trkpt lat="39.926879" lon="-105.666556">
				<ele>3369.442451</ele>
				<time>2021-11-29T03:08:45Z</time>
			</trkpt>
			<trkpt lat="39.926787" lon="-105.666759">
				<ele>3368.824026</ele>
				<time>2021-11-29T03:08:51Z</time>
			</trkpt>
			<trkpt lat="39.926589" lon="-105.667067">
				<ele>3367.76996</ele>
				<time>2021-11-29T03:09:01Z</time>
			</trkpt>
			<trkpt lat="39.925335" lon="-105.668001">
				<ele>3364.806664</ele>
				<time>2021-11-29T03:09:52Z</time>
			</trkpt>
			<trkpt lat="39.924763" lon="-105.668427">
				<ele>3362.962473</ele>
				<time>2021-11-29T03:10:12Z</time>
			</trkpt>
			<trkpt lat="39.924351" lon="-105.668683">
				<ele>3360.370205</ele>
				<time>2021-11-29T03:10:25Z</time>
			</trkpt>
			<trkpt lat="39.923725" lon="-105.668586">
				<ele>3356.789504</ele>
				<time>2021-11-29T03:10:42Z</time>
			</trkpt>
			<trkpt lat="39.923332" lon="-105.668075">
				<ele>3353.637923</ele>
				<time>2021-11-29T03:10:57Z</time>
			</trkpt>
			<trkpt lat="39.923307" lon="-105.667965">
				<ele>3353.35121</ele>
				<time>2021-11-29T03:11:00Z</time>
			</trkpt>
			<trkpt lat="39.923225" lon="-105.667607">
				<ele>3352.417497</ele>
				<time>2021-11-29T03:11:08Z</time>
			</trkpt>
			<trkpt lat="39.923213" lon="-105.667177">
				<ele>3351.342191</ele>
				<time>2021-11-29T03:11:18Z</time>
			</trkpt>
			<trkpt lat="39.923329" lon="-105.666804">
				<ele>3350.336317</ele>
				<time>2021-11-29T03:11:28Z</time>
			</trkpt>
			<trkpt lat="39.923533" lon="-105.666395">
				<ele>3349.117048</ele>
				<time>2021-11-29T03:11:40Z</time>
			</trkpt>
			<trkpt lat="39.923848" lon="-105.666103">
				<ele>3347.857633</ele>
				<time>2021-11-29T03:11:53Z</time>
			</trkpt>
			<trkpt lat="39.924118" lon="-105.666018">
				<ele>3346.826077</ele>
				<time>2021-11-29T03:12:02Z</time>
			</trkpt>
			<trkpt lat="39.924526" lon="-105.666084">
				<ele>3345.281127</ele>
				<time>2021-11-29T03:12:15Z</time>
			</trkpt>
			<trkpt lat="39.92509" lon="-105.666122">
				<ele>3343.158879</ele>
				<time>2021-11-29T03:12:32Z</time>
			</trkpt>
			<trkpt lat="39.925342" lon="-105.66602">
				<ele>3342.167332</ele>
				<time>2021-11-29T03:12:40Z</time>
			</trkpt>
			<trkpt lat="39.925548" lon="-105.665844">
				<ele>3341.241857</ele>
				<time>2021-11-29T03:12:47Z</time>
			</trkpt>
			<trkpt lat="39.925716" lon="-105.665615">
				<ele>3339.679161</ele>
				<time>2021-11-29T03:12:54Z</time>
			</trkpt>
			<trkpt lat="39.925768" lon="-105.665555">
				<ele>3339.172775</ele>
				<time>2021-11-29T03:12:56Z</time>
			</trkpt>
			<trkpt lat="39.925865" lon="-105.665205">
				<ele>3337.091382</ele>
				<time>2021-11-29T03:13:03Z</time>
			</trkpt>
			<trkpt lat="39.926093" lon="-105.663466">
				<ele>3327.33782</ele>
				<time>2021-11-29T03:13:39Z</time>
			</trkpt>
			<trkpt lat="39.926236" lon="-105.661796">
				<ele>3319.514574</ele>
				<time>2021-11-29T03:14:15Z</time>
			</trkpt>
			<trkpt lat="39.926283" lon="-105.661571">
				<ele>3318.42889</ele>
				<time>2021-11-29T03:14:20Z</time>
			</trkpt>
			<trkpt lat="39.926542" lon="-105.660974">
				<ele>3317.028142</ele>
				<time>2021-11-29T03:14:36Z</time>
			</trkpt>
			<trkpt lat="39.926703" lon="-105.660676">
				<ele>3317.073041</ele>
				<time>2021-11-29T03:14:46Z</time>
			</trkpt>
			<trkpt lat="39.926995" lon="-105.660349">
				<ele>3317.134861</ele>
				<time>2021-11-29T03:15:00Z</time>
			</trkpt>
			<trkpt lat="39.927725" lon="-105.660004">
				<ele>3317.259571</ele>
				<time>2021-11-29T03:15:37Z</time>
			</trkpt>
			<trkpt lat="39.928132" lon="-105.659966">
				<ele>3317.726921</ele>
				<time>2021-11-29T03:15:59Z</time>
			</trkpt>
			<trkpt lat="39.928704" lon="-105.660151">
				<ele>3318.522228</ele>
				<time>2021-11-29T03:16:30Z</time>
			</trkpt>
			<trkpt lat="39.929773" lon="-105.661201">
				<ele>3318.033463</ele>
				<time>2021-11-29T03:17:19Z</time>
			</trkpt>
			<trkpt lat="39.930181" lon="-105.661492">
				<ele>3316.375697</ele>
				<time>2021-11-29T03:17:33Z</time>
			</trkpt>
			<trkpt lat="39.930691" lon="-105.661694">
				<ele>3314.475639</ele>
				<time>2021-11-29T03:17:49Z</time>
			</trkpt>
			<trkpt lat="39.93105" lon="-105.661773">
				<ele>3313.039667</ele>
				<time>2021-11-29T03:17:59Z</time>
			</trkpt>
			<trkpt lat="39.931426" lon="-105.661706">
				<ele>3309.965037</ele>
				<time>2021-11-29T03:18:09Z</time>
			</trkpt>
			<trkpt lat="39.931591" lon="-105.661644">
				<ele>3308.573832</ele>
				<time>2021-11-29T03:18:14Z</time>
			</trkpt>
			<trkpt lat="39.931838" lon="-105.661513">
				<ele>3306.413493</ele>
				<time>2021-11-29T03:18:21Z</time>
			</trkpt>
			<trkpt lat="39.932172" lon="-105.661243">
				<ele>3303.229729</ele>
				<time>2021-11-29T03:18:31Z</time>
			</trkpt>
			<trkpt lat="39.932669" lon="-105.660744">
				<ele>3298.089551</ele>
				<time>2021-11-29T03:18:48Z</time>
			</trkpt>
			<trkpt lat="39.932705" lon="-105.660544">
				<ele>3296.681541</ele>
				<time>2021-11-29T03:18:52Z</time>
			</trkpt>
			<trkpt lat="39.932838" lon="-105.66007">
				<ele>3293.222197</ele>
				<time>2021-11-29T03:19:02Z</time>
			</trkpt>
			<trkpt lat="39.93307" lon="-105.658559">
				<ele>3282.660652</ele>
				<time>2021-11-29T03:19:32Z</time>
			</trkpt>
			<trkpt lat="39.933116" lon="-105.658332">
				<ele>3281.862361</ele>
				<time>2021-11-29T03:19:37Z</time>
			</trkpt>
			<trkpt lat="39.933235" lon="-105.657951">
				<ele>3280.484539</ele>
				<time>2021-11-29T03:19:46Z</time>
			</trkpt>
			<trkpt lat="39.933431" lon="-105.657523">
				<ele>3278.814931</ele>
				<time>2021-11-29T03:19:57Z</time>
			</trkpt>
			<trkpt lat="39.93362" lon="-105.657281">
				<ele>3277.658062</ele>
				<time>2021-11-29T03:20:05Z</time>
			</trkpt>
			<trkpt lat="39.934016" lon="-105.656869">
				<ele>3275.445476</ele>
				<time>2021-11-29T03:20:22Z</time>
			</trkpt>
			<trkpt lat="39.934595" lon="-105.656586">
				<ele>3274.184198</ele>
				<time>2021-11-29T03:20:42Z</time>
			</trkpt>
			<trkpt lat="39.935114" lon="-105.65637">
				<ele>3273.48652</ele>
				<time>2021-11-29T03:21:00Z</time>
			</trkpt>
			<trkpt lat="39.935478" lon="-105.656084">
				<ele>3272.942302</ele>
				<time>2021-11-29T03:21:15Z</time>
			</trkpt>
			<trkpt lat="39.935897" lon="-105.655587">
				<ele>3272.398823</ele>
				<time>2021-11-29T03:21:35Z</time>
			</trkpt>
			<trkpt lat="39.936043" lon="-105.655471">
				<ele>3272.332473</ele>
				<time>2021-11-29T03:21:41Z</time>
			</trkpt>
			<trkpt lat="39.936341" lon="-105.655315">
				<ele>3272.207848</ele>
				<time>2021-11-29T03:21:53Z</time>
			</trkpt>
			<trkpt lat="39.936468" lon="-105.655281">
				<ele>3272.157531</ele>
				<time>2021-11-29T03:21:57Z</time>
			</trkpt>
			<trkpt lat="39.936687" lon="-105.655277">
				<ele>3272.072528</ele>
				<time>2021-11-29T03:22:05Z</time>
			</trkpt>
			<trkpt lat="39.937366" lon="-105.655463">
				<ele>3271.803254</ele>
				<time>2021-11-29T03:22:30Z</time>
			</trkpt>
			<trkpt lat="39.937654" lon="-105.655455">
				<ele>3271.746351</ele>
				<time>2021-11-29T03:22:41Z</time>
			</trkpt>
			<trkpt lat="39.937771" lon="-105.655431">
				<ele>3271.728937</ele>
				<time>2021-11-29T03:22:46Z</time>
			</trkpt>
			<trkpt lat="39.937999" lon="-105.655285">
				<ele>3271.69159</ele>
				<time>2021-11-29T03:22:57Z</time>
			</trkpt>
			<trkpt lat="39.93816" lon="-105.655114">
				<ele>3271.66106</ele>
				<time>2021-11-29T03:23:05Z</time>
			</trkpt>
			<trkpt lat="39.938291" lon="-105.654924">
				<ele>3271.632253</ele>
				<time>2021-11-29T03:23:13Z</time>
			</trkpt>
			<trkpt lat="39.938364" lon="-105.654759">
				<ele>3271.610777</ele>
				<time>2021-11-29T03:23:19Z</time>
			</trkpt>
			<trkpt lat="39.938466" lon="-105.654252">
				<ele>3271.551684</ele>
				<time>2021-11-29T03:23:33Z</time>
			</trkpt>
			<trkpt lat="39.938452" lon="-105.653887">
				<ele>3271.384601</ele>
				<time>2021-11-29T03:23:43Z</time>
			</trkpt>
			<trkpt lat="39.938408" lon="-105.653726">
				<ele>3270.868902</ele>
				<time>2021-11-29T03:23:47Z</time>
			</trkpt>
			<trkpt lat="39.938174" lon="-105.653278">
				<ele>3269.233369</ele>
				<time>2021-11-29T03:24:00Z</time>
			</trkpt>
			<trkpt lat="39.937878" lon="-105.65301">
				<ele>3267.815423</ele>
				<time>2021-11-29T03:24:11Z</time>
			</trkpt>
			<trkpt lat="39.937748" lon="-105.652941">
				<ele>3267.263122</ele>
				<time>2021-11-29T03:24:15Z</time>
			</trkpt>
			<trkpt lat="39.937618" lon="-105.652896">
				<ele>3266.733849</ele>
				<time>2021-11-29T03:24:19Z</time>
			</trkpt>
			<trkpt lat="39.937266" lon="-105.652919">
				<ele>3265.346961</ele>
				<time>2021-11-29T03:24:29Z</time>
			</trkpt>
			<trkpt lat="39.936955" lon="-105.653038">
				<ele>3263.876566</ele>
				<time>2021-11-29T03:24:38Z</time>
			</trkpt>
			<trkpt lat="39.936603" lon="-105.653282">
				<ele>3261.472137</ele>
				<time>2021-11-29T03:24:49Z</time>
			</trkpt>
			<trkpt lat="39.936241" lon="-105.653686">
				<ele>3258.598338</ele>
				<time>2021-11-29T03:25:02Z</time>
			</trkpt>
			<trkpt lat="39.936099" lon="-105.653898">
				<ele>3257.29644</ele>
				<time>2021-11-29T03:25:08Z</time>
			</trkpt>
			<trkpt lat="39.935574" lon="-105.654947">
				<ele>3252.608585</ele>
				<time>2021-11-29T03:25:36Z</time>
			</trkpt>
			<trkpt lat="39.935405" lon="-105.655175">
				<ele>3251.919443</ele>
				<time>2021-11-29T03:25:43Z</time>
			</trkpt>
			<trkpt lat="39.935224" lon="-105.655336">
				<ele>3251.298501</ele>
				<time>2021-11-29T03:25:50Z</time>
			</trkpt>
			<trkpt lat="39.934993" lon="-105.655413">
				<ele>3250.62276</ele>
				<time>2021-11-29T03:25:58Z</time>
			</trkpt>
			<trkpt lat="39.933706" lon="-105.655581">
				<ele>3247.534211</ele>
				<time>2021-11-29T03:26:40Z</time>
			</trkpt>
			<trkpt lat="39.93317" lon="-105.65571">
				<ele>3246.570756</ele>
				<time>2021-11-29T03:26:58Z</time>
			</trkpt>
			<trkpt lat="39.932974" lon="-105.655852">
				<ele>3246.174425</ele>
				<time>2021-11-29T03:27:05Z</time>
			</trkpt>
			<trkpt lat="39.932246" lon="-105.656632">
				<ele>3244.68273</ele>
				<time>2021-11-29T03:27:37Z</time>
			</trkpt>
			<trkpt lat="39.931745" lon="-105.656747">
				<ele>3243.978189</ele>
				<time>2021-11-29T03:27:55Z</time>
			</trkpt>
			<trkpt lat="39.931305" lon="-105.656558">
				<ele>3243.336593</ele>
				<time>2021-11-29T03:28:11Z</time>
			</trkpt>
			<trkpt lat="39.929781" lon="-105.654415">
				<ele>3239.019483</ele>
				<time>2021-11-29T03:29:24Z</time>
			</trkpt>
			<trkpt lat="39.929277" lon="-105.653511">
				<ele>3236.549646</ele>
				<time>2021-11-29T03:29:50Z</time>
			</trkpt>
			<trkpt lat="39.92921" lon="-105.653329">
				<ele>3236.103516</ele>
				<time>2021-11-29T03:29:55Z</time>
			</trkpt>
			<trkpt lat="39.928218" lon="-105.650644">
				<ele>3229.183699</ele>
				<time>2021-11-29T03:31:06Z</time>
			</trkpt>
			<trkpt lat="39.92777" lon="-105.649348">
				<ele>3224.6583</ele>
				<time>2021-11-29T03:31:39Z</time>
			</trkpt>
			<trkpt lat="39.927966" lon="-105.647618">
				<ele>3216.602766</ele>
				<time>2021-11-29T03:32:18Z</time>
			</trkpt>
			<trkpt lat="39.92777" lon="-105.646816">
				<ele>3210.358186</ele>
				<time>2021-11-29T03:32:35Z</time>
			</trkpt>
			<trkpt lat="39.927526" lon="-105.646138">
				<ele>3204.801992</ele>
				<time>2021-11-29T03:32:49Z</time>
			</trkpt>
			<trkpt lat="39.927099" lon="-105.64558">
				<ele>3197.776507</ele>
				<time>2021-11-29T03:33:04Z</time>
			</trkpt>
			<trkpt lat="39.926558" lon="-105.645188">
				<ele>3190.087659</ele>
				<time>2021-11-29T03:33:19Z</time>
			</trkpt>
			<trkpt lat="39.926004" lon="-105.645027">
				<ele>3183.036338</ele>
				<time>2021-11-29T03:33:33Z</time>
			</trkpt>
			<trkpt lat="39.925637" lon="-105.645074">
				<ele>3180.1708</ele>
				<time>2021-11-29T03:33:42Z</time>
			</trkpt>
			<trkpt lat="39.925453" lon="-105.645194">
				<ele>3179.524038</ele>
				<time>2021-11-29T03:33:48Z</time>
			</trkpt>
			<trkpt lat="39.925177" lon="-105.645452">
				<ele>3178.456445</ele>
				<time>2021-11-29T03:33:58Z</time>
			</trkpt>
			<trkpt lat="39.9244" lon="-105.64752">
				<ele>3176.709866</ele>
				<time>2021-11-29T03:35:06Z</time>
			</trkpt>
			<trkpt lat="39.924202" lon="-105.647992">
				<ele>3177.663424</ele>
				<time>2021-11-29T03:35:29Z</time>
			</trkpt>
			<trkpt lat="39.923788" lon="-105.648293">
				<ele>3178.758929</ele>
				<time>2021-11-29T03:35:56Z</time>
			</trkpt>
			<trkpt lat="39.923459" lon="-105.648396">
				<ele>3179.500405</ele>
				<time>2021-11-29T03:36:15Z</time>
			</trkpt>
			<trkpt lat="39.923209" lon="-105.648318">
				<ele>3180.010474</ele>
				<time>2021-11-29T03:36:28Z</time>
			</trkpt>
			<trkpt lat="39.922952" lon="-105.648164">
				<ele>3180.5717</ele>
				<time>2021-11-29T03:36:43Z</time>
			</trkpt>
			<trkpt lat="39.922664" lon="-105.647817">
				<ele>3181.349781</ele>
				<time>2021-11-29T03:37:01Z</time>
			</trkpt>
			<trkpt lat="39.922547" lon="-105.647598">
				<ele>3181.755938</ele>
				<time>2021-11-29T03:37:11Z</time>
			</trkpt>
			<trkpt lat="39.922496" lon="-105.647311">
				<ele>3182.204254</ele>
				<time>2021-11-29T03:37:20Z</time>
			</trkpt>
			<trkpt lat="39.922503" lon="-105.646902">
				<ele>3182.822615</ele>
				<time>2021-11-29T03:37:33Z</time>
			</trkpt>
			<trkpt lat="39.92261" lon="-105.645228">
				<ele>3182.116575</ele>
				<time>2021-11-29T03:38:19Z</time>
			</trkpt>
			<trkpt lat="39.922517" lon="-105.644842">
				<ele>3181.946517</ele>
				<time>2021-11-29T03:38:30Z</time>
			</trkpt>
			<trkpt lat="39.922155" lon="-105.643829">
				<ele>3180.113561</ele>
				<time>2021-11-29T03:38:58Z</time>
			</trkpt>
			<trkpt lat="39.922144" lon="-105.643617">
				<ele>3179.686974</ele>
				<time>2021-11-29T03:39:03Z</time>
			</trkpt>
			<trkpt lat="39.92213" lon="-105.643354">
				<ele>3179.1577</ele>
				<time>2021-11-29T03:39:10Z</time>
			</trkpt>
			<trkpt lat="39.922228" lon="-105.642645">
				<ele>3177.711368</ele>
				<time>2021-11-29T03:39:27Z</time>
			</trkpt>
			<trkpt lat="39.922965" lon="-105.638551">
				<ele>3162.879506</ele>
				<time>2021-11-29T03:41:00Z</time>
			</trkpt>
			<trkpt lat="39.922998" lon="-105.637744">
				<ele>3159.936396</ele>
				<time>2021-11-29T03:41:19Z</time>
			</trkpt>
			<trkpt lat="39.92273" lon="-105.635627">
				<ele>3152.175943</ele>
				<time>2021-11-29T03:42:07Z</time>
			</trkpt>
			<trkpt lat="39.922796" lon="-105.634203">
				<ele>3146.736088</ele>
				<time>2021-11-29T03:42:38Z</time>
			</trkpt>
			<trkpt lat="39.923086" lon="-105.632838">
				<ele>3141.513967</ele>
				<time>2021-11-29T03:43:09Z</time>
			</trkpt>
			<trkpt lat="39.923559" lon="-105.631297">
				<ele>3136.223455</ele>
				<time>2021-11-29T03:43:47Z</time>
			</trkpt>
			<trkpt lat="39.924093" lon="-105.629826">
				<ele>3129.934411</ele>
				<time>2021-11-29T03:44:24Z</time>
			</trkpt>
			<trkpt lat="39.925442" lon="-105.627354">
				<ele>3115.569969</ele>
				<time>2021-11-29T03:45:28Z</time>
			</trkpt>
			<trkpt lat="39.925791" lon="-105.62641">
				<ele>3110.73159</ele>
				<time>2021-11-29T03:45:50Z</time>
			</trkpt>
			<trkpt lat="39.925942" lon="-105.625895">
				<ele>3108.342274</ele>
				<time>2021-11-29T03:46:02Z</time>
			</trkpt>
			<trkpt lat="39.926054" lon="-105.625371">
				<ele>3105.984969</ele>
				<time>2021-11-29T03:46:14Z</time>
			</trkpt>
			<trkpt lat="39.9261" lon="-105.624899">
				<ele>3103.923108</ele>
				<time>2021-11-29T03:46:25Z</time>
			</trkpt>
			<trkpt lat="39.926032" lon="-105.623848">
				<ele>3100.623557</ele>
				<time>2021-11-29T03:46:49Z</time>
			</trkpt>
			<trkpt lat="39.925892" lon="-105.622862">
				<ele>3097.627556</ele>
				<time>2021-11-29T03:47:12Z</time>
			</trkpt>
			<trkpt lat="39.9261" lon="-105.620502">
				<ele>3089.50755</ele>
				<time>2021-11-29T03:48:06Z</time>
			</trkpt>
			<trkpt lat="39.926068" lon="-105.619805">
				<ele>3086.786158</ele>
				<time>2021-11-29T03:48:21Z</time>
			</trkpt>
			<trkpt lat="39.925855" lon="-105.618479">
				<ele>3080.91326</ele>
				<time>2021-11-29T03:48:50Z</time>
			</trkpt>
			<trkpt lat="39.925816" lon="-105.617823">
				<ele>3078.060993</ele>
				<time>2021-11-29T03:49:05Z</time>
			</trkpt>
			<trkpt lat="39.925724" lon="-105.617075">
				<ele>3074.76133</ele>
				<time>2021-11-29T03:49:21Z</time>
			</trkpt>
			<trkpt lat="39.92548" lon="-105.616209">
				<ele>3070.742739</ele>
				<time>2021-11-29T03:49:41Z</time>
			</trkpt>
			<trkpt lat="39.925214" lon="-105.615513">
				<ele>3067.183398</ele>
				<time>2021-11-29T03:49:58Z</time>
			</trkpt>
			<trkpt lat="39.925177" lon="-105.614956">
				<ele>3063.873093</ele>
				<time>2021-11-29T03:50:10Z</time>
			</trkpt>
			<trkpt lat="39.925657" lon="-105.613711">
				<ele>3055.622417</ele>
				<time>2021-11-29T03:50:39Z</time>
			</trkpt>
			<trkpt lat="39.92571" lon="-105.613282">
				<ele>3052.648629</ele>
				<time>2021-11-29T03:50:47Z</time>
			</trkpt>
			<trkpt lat="39.925664" lon="-105.612827">
				<ele>3048.718027</ele>
				<time>2021-11-29T03:50:56Z</time>
			</trkpt>
			<trkpt lat="39.925575" lon="-105.61268">
				<ele>3047.11396</ele>
				<time>2021-11-29T03:51:00Z</time>
			</trkpt>
			<trkpt lat="39.925589" lon="-105.612523">
				<ele>3045.760259</ele>
				<time>2021-11-29T03:51:03Z</time>
			</trkpt>
			<trkpt lat="39.925561" lon="-105.612385">
				<ele>3044.537677</ele>
				<time>2021-11-29T03:51:05Z</time>
			</trkpt>
			<trkpt lat="39.925477" lon="-105.612162">
				<ele>3042.40981</ele>
				<time>2021-11-29T03:51:10Z</time>
			</trkpt>
			<trkpt lat="39.925358" lon="-105.612055">
				<ele>3040.795477</ele>
				<time>2021-11-29T03:51:14Z</time>
			</trkpt>
			<trkpt lat="39.925222" lon="-105.612015">
				<ele>3039.238456</ele>
				<time>2021-11-29T03:51:17Z</time>
			</trkpt>
			<trkpt lat="39.925054" lon="-105.611971">
				<ele>3037.324741</ele>
				<time>2021-11-29T03:51:21Z</time>
			</trkpt>
			<trkpt lat="39.924812" lon="-105.611985">
				<ele>3034.619397</ele>
				<time>2021-11-29T03:51:28Z</time>
			</trkpt>
			<trkpt lat="39.924488" lon="-105.612028">
				<ele>3032.566801</ele>
				<time>2021-11-29T03:51:36Z</time>
			</trkpt>
			<trkpt lat="39.92421" lon="-105.612143">
				<ele>3031.102972</ele>
				<time>2021-11-29T03:51:44Z</time>
			</trkpt>
			<trkpt lat="39.923928" lon="-105.612419">
				<ele>3029.333259</ele>
				<time>2021-11-29T03:51:53Z</time>
			</trkpt>
			<trkpt lat="39.922685" lon="-105.614893">
				<ele>3025.284894</ele>
				<time>2021-11-29T03:53:11Z</time>
			</trkpt>
			<trkpt lat="39.922422" lon="-105.615374">
				<ele>3025.572639</ele>
				<time>2021-11-29T03:53:35Z</time>
			</trkpt>
			<trkpt lat="39.922248" lon="-105.615583">
				<ele>3026.913041</ele>
				<time>2021-11-29T03:53:50Z</time>
			</trkpt>
			<trkpt lat="39.922102" lon="-105.615716">
				<ele>3027.922142</ele>
				<time>2021-11-29T03:54:02Z</time>
			</trkpt>
			<trkpt lat="39.921883" lon="-105.615812">
				<ele>3029.231213</ele>
				<time>2021-11-29T03:54:18Z</time>
			</trkpt>
			<trkpt lat="39.921751" lon="-105.615813">
				<ele>3029.979123</ele>
				<time>2021-11-29T03:54:27Z</time>
			</trkpt>
			<trkpt lat="39.921488" lon="-105.615757">
				<ele>3031.488989</ele>
				<time>2021-11-29T03:54:46Z</time>
			</trkpt>
			<trkpt lat="39.921296" lon="-105.615667">
				<ele>3032.644999</ele>
				<time>2021-11-29T03:55:00Z</time>
			</trkpt>
			<trkpt lat="39.921078" lon="-105.615474">
				<ele>3034.137969</ele>
				<time>2021-11-29T03:55:18Z</time>
			</trkpt>
			<trkpt lat="39.920933" lon="-105.615279">
				<ele>3035.318196</ele>
				<time>2021-11-29T03:55:33Z</time>
			</trkpt>
			<trkpt lat="39.920825" lon="-105.61499">
				<ele>3036.146964</ele>
				<time>2021-11-29T03:55:49Z</time>
			</trkpt>
			<trkpt lat="39.920794" lon="-105.614749">
				<ele>3036.659598</ele>
				<time>2021-11-29T03:56:02Z</time>
			</trkpt>
			<trkpt lat="39.920813" lon="-105.614314">
				<ele>3037.573623</ele>
				<time>2021-11-29T03:56:23Z</time>
			</trkpt>
			<trkpt lat="39.921313" lon="-105.612063">
				<ele>3039.778864</ele>
				<time>2021-11-29T03:57:35Z</time>
			</trkpt>
			<trkpt lat="39.921866" lon="-105.609892">
				<ele>3036.35637</ele>
				<time>2021-11-29T03:58:32Z</time>
			</trkpt>
			<trkpt lat="39.922011" lon="-105.608433">
				<ele>3032.529912</ele>
				<time>2021-11-29T03:59:06Z</time>
			</trkpt>
			<trkpt lat="39.922208" lon="-105.6076">
				<ele>3027.762894</ele>
				<time>2021-11-29T03:59:25Z</time>
			</trkpt>
			<trkpt lat="39.922215" lon="-105.606931">
				<ele>3024.102755</ele>
				<time>2021-11-29T03:59:39Z</time>
			</trkpt>
			<trkpt lat="39.922037" lon="-105.605798">
				<ele>3018.005213</ele>
				<time>2021-11-29T04:00:02Z</time>
			</trkpt>
			<trkpt lat="39.921899" lon="-105.605403">
				<ele>3015.913926</ele>
				<time>2021-11-29T04:00:11Z</time>
			</trkpt>
			<trkpt lat="39.921583" lon="-105.604862">
				<ele>3012.637463</ele>
				<time>2021-11-29T04:00:25Z</time>
			</trkpt>
			<trkpt lat="39.92128" lon="-105.60463">
				<ele>3010.429995</ele>
				<time>2021-11-29T04:00:35Z</time>
			</trkpt>
			<trkpt lat="39.921063" lon="-105.604605">
				<ele>3009.061423</ele>
				<time>2021-11-29T04:00:42Z</time>
			</trkpt>
			<trkpt lat="39.920609" lon="-105.604617">
				<ele>3007.407616</ele>
				<time>2021-11-29T04:00:56Z</time>
			</trkpt>
			<trkpt lat="39.920273" lon="-105.604561">
				<ele>3006.444592</ele>
				<time>2021-11-29T04:01:06Z</time>
			</trkpt>
			<trkpt lat="39.920016" lon="-105.604356">
				<ele>3005.588058</ele>
				<time>2021-11-29T04:01:16Z</time>
			</trkpt>
			<trkpt lat="39.919786" lon="-105.604055">
				<ele>3004.661605</ele>
				<time>2021-11-29T04:01:27Z</time>
			</trkpt>
			<trkpt lat="39.919259" lon="-105.60306">
				<ele>3000.593176</ele>
				<time>2021-11-29T04:01:56Z</time>
			</trkpt>
			<trkpt lat="39.91891" lon="-105.602485">
				<ele>2997.177588</ele>
				<time>2021-11-29T04:02:11Z</time>
			</trkpt>
			<trkpt lat="39.918522" lon="-105.602159">
				<ele>2994.374229</ele>
				<time>2021-11-29T04:02:24Z</time>
			</trkpt>
			<trkpt lat="39.917587" lon="-105.600983">
				<ele>2983.715095</ele>
				<time>2021-11-29T04:02:58Z</time>
			</trkpt>
			<trkpt lat="39.9171" lon="-105.600734">
				<ele>2979.041212</ele>
				<time>2021-11-29T04:03:12Z</time>
			</trkpt>
			<trkpt lat="39.916362" lon="-105.600545">
				<ele>2972.541529</ele>
				<time>2021-11-29T04:03:31Z</time>
			</trkpt>
			<trkpt lat="39.915744" lon="-105.600305">
				<ele>2967.099719</ele>
				<time>2021-11-29T04:03:48Z</time>
			</trkpt>
			<trkpt lat="39.915122" lon="-105.60039">
				<ele>2961.821836</ele>
				<time>2021-11-29T04:04:05Z</time>
			</trkpt>
			<trkpt lat="39.914835" lon="-105.60048">
				<ele>2960.513656</ele>
				<time>2021-11-29T04:04:13Z</time>
			</trkpt>
			<trkpt lat="39.914631" lon="-105.600772">
				<ele>2959.65513</ele>
				<time>2021-11-29T04:04:22Z</time>
			</trkpt>
			<trkpt lat="39.914269" lon="-105.601467">
				<ele>2957.829046</ele>
				<time>2021-11-29T04:04:42Z</time>
			</trkpt>
			<trkpt lat="39.914016" lon="-105.601873">
				<ele>2956.692001</ele>
				<time>2021-11-29T04:04:56Z</time>
			</trkpt>
			<trkpt lat="39.913618" lon="-105.602374">
				<ele>2955.784233</ele>
				<time>2021-11-29T04:05:17Z</time>
			</trkpt>
			<trkpt lat="39.912906" lon="-105.603171">
				<ele>2955.096425</ele>
				<time>2021-11-29T04:05:52Z</time>
			</trkpt>
			<trkpt lat="39.912672" lon="-105.603762">
				<ele>2954.722523</ele>
				<time>2021-11-29T04:06:09Z</time>
			</trkpt>
			<trkpt lat="39.912064" lon="-105.606064">
				<ele>2950.961924</ele>
				<time>2021-11-29T04:07:08Z</time>
			</trkpt>
			<trkpt lat="39.911965" lon="-105.607006">
				<ele>2951.360823</ele>
				<time>2021-11-29T04:07:36Z</time>
			</trkpt>
			<trkpt lat="39.911996" lon="-105.607517">
				<ele>2951.575877</ele>
				<time>2021-11-29T04:07:53Z</time>
			</trkpt>
			<trkpt lat="39.912114" lon="-105.607934">
				<ele>2951.762351</ele>
				<time>2021-11-29T04:08:08Z</time>
			</trkpt>
			<trkpt lat="39.912564" lon="-105.608888">
				<ele>2952.554406</ele>
				<time>2021-11-29T04:08:46Z</time>
			</trkpt>
			<trkpt lat="39.912722" lon="-105.609428">
				<ele>2953.053447</ele>
				<time>2021-11-29T04:09:07Z</time>
			</trkpt>
			<trkpt lat="39.912722" lon="-105.609806">
				<ele>2953.379835</ele>
				<time>2021-11-29T04:09:20Z</time>
			</trkpt>
			<trkpt lat="39.91263" lon="-105.610192">
				<ele>2953.728851</ele>
				<time>2021-11-29T04:09:34Z</time>
			</trkpt>
			<trkpt lat="39.912419" lon="-105.610518">
				<ele>2953.39029</ele>
				<time>2021-11-29T04:09:46Z</time>
			</trkpt>
			<trkpt lat="39.912093" lon="-105.610701">
				<ele>2951.837308</ele>
				<time>2021-11-29T04:09:58Z</time>
			</trkpt>
			<trkpt lat="39.91186" lon="-105.610784">
				<ele>2950.780469</ele>
				<time>2021-11-29T04:10:06Z</time>
			</trkpt>
			<trkpt lat="39.91145" lon="-105.61078">
				<ele>2948.986504</ele>
				<time>2021-11-29T04:10:17Z</time>
			</trkpt>
			<trkpt lat="39.911275" lon="-105.610705">
				<ele>2948.180498</ele>
				<time>2021-11-29T04:10:22Z</time>
			</trkpt>
			<trkpt lat="39.91101" lon="-105.610407">
				<ele>2946.649276</ele>
				<time>2021-11-29T04:10:32Z</time>
			</trkpt>
			<trkpt lat="39.910805" lon="-105.609854">
				<ele>2943.369897</ele>
				<time>2021-11-29T04:10:44Z</time>
			</trkpt>
			<trkpt lat="39.910767" lon="-105.609428">
				<ele>2940.757651</ele>
				<time>2021-11-29T04:10:53Z</time>
			</trkpt>
			<trkpt lat="39.910977" lon="-105.608811">
				<ele>2936.646159</ele>
				<time>2021-11-29T04:11:07Z</time>
			</trkpt>
			<trkpt lat="39.911392" lon="-105.608141">
				<ele>2931.533133</ele>
				<time>2021-11-29T04:11:24Z</time>
			</trkpt>
			<trkpt lat="39.91153" lon="-105.607798">
				<ele>2929.956181</ele>
				<time>2021-11-29T04:11:33Z</time>
			</trkpt>
			<trkpt lat="39.911563" lon="-105.607626">
				<ele>2929.23432</ele>
				<time>2021-11-29T04:11:36Z</time>
			</trkpt>
			<trkpt lat="39.911563" lon="-105.607334">
				<ele>2928.045463</ele>
				<time>2021-11-29T04:11:43Z</time>
			</trkpt>
			<trkpt lat="39.911333" lon="-105.606012">
				<ele>2922.526308</ele>
				<time>2021-11-29T04:12:14Z</time>
			</trkpt>
			<trkpt lat="39.911293" lon="-105.605583">
				<ele>2920.883688</ele>
				<time>2021-11-29T04:12:23Z</time>
			</trkpt>
			<trkpt lat="39.911514" lon="-105.602592">
				<ele>2909.099728</ele>
				<time>2021-11-29T04:13:30Z</time>
			</trkpt>
			<trkpt lat="39.9116" lon="-105.602061">
				<ele>2906.792688</ele>
				<time>2021-11-29T04:13:42Z</time>
			</trkpt>
			<trkpt lat="39.911687" lon="-105.60172">
				<ele>2905.265022</ele>
				<time>2021-11-29T04:13:49Z</time>
			</trkpt>
			<trkpt lat="39.91176" lon="-105.60153">
				<ele>2904.361677</ele>
				<time>2021-11-29T04:13:54Z</time>
			</trkpt>
			<trkpt lat="39.911964" lon="-105.601283">
				<ele>2902.544038</ele>
				<time>2021-11-29T04:14:02Z</time>
			</trkpt>
			<trkpt lat="39.913115" lon="-105.600387">
				<ele>2892.066662</ele>
				<time>2021-11-29T04:14:37Z</time>
			</trkpt>
			<trkpt lat="39.913203" lon="-105.600235">
				<ele>2890.925032</ele>
				<time>2021-11-29T04:14:41Z</time>
			</trkpt>
			<trkpt lat="39.913579" lon="-105.599058">
				<ele>2884.394091</ele>
				<time>2021-11-29T04:15:07Z</time>
			</trkpt>
			<trkpt lat="39.913812" lon="-105.598564">
				<ele>2881.546494</ele>
				<time>2021-11-29T04:15:19Z</time>
			</trkpt>
			<trkpt lat="39.914203" lon="-105.598219">
				<ele>2878.524029</ele>
				<time>2021-11-29T04:15:33Z</time>
			</trkpt>
			<trkpt lat="39.914598" lon="-105.597867">
				<ele>2876.967908</ele>
				<time>2021-11-29T04:15:48Z</time>
			</trkpt>
			<trkpt lat="39.915053" lon="-105.597541">
				<ele>2875.684132</ele>
				<time>2021-11-29T04:16:05Z</time>
			</trkpt>
			<trkpt lat="39.915461" lon="-105.597438">
				<ele>2874.656528</ele>
				<time>2021-11-29T04:16:19Z</time>
			</trkpt>
			<trkpt lat="39.915948" lon="-105.597378">
				<ele>2873.43139</ele>
				<time>2021-11-29T04:16:35Z</time>
			</trkpt>
			<trkpt lat="39.916657" lon="-105.597339">
				<ele>2870.420301</ele>
				<time>2021-11-29T04:16:57Z</time>
			</trkpt>
			<trkpt lat="39.9173" lon="-105.597374">
				<ele>2867.689562</ele>
				<time>2021-11-29T04:17:15Z</time>
			</trkpt>
			<trkpt lat="39.917841" lon="-105.597447">
				<ele>2865.242986</ele>
				<time>2021-11-29T04:17:31Z</time>
			</trkpt>
			<trkpt lat="39.918163" lon="-105.597445">
				<ele>2863.459981</ele>
				<time>2021-11-29T04:17:40Z</time>
			</trkpt>
			<trkpt lat="39.918415" lon="-105.59738">
				<ele>2862.037559</ele>
				<time>2021-11-29T04:17:47Z</time>
			</trkpt>
			<trkpt lat="39.918455" lon="-105.597334">
				<ele>2861.742228</ele>
				<time>2021-11-29T04:17:48Z</time>
			</trkpt>
			<trkpt lat="39.918469" lon="-105.597282">
				<ele>2861.508182</ele>
				<time>2021-11-29T04:17:50Z</time>
			</trkpt>
			<trkpt lat="39.918449" lon="-105.59718">
				<ele>2861.061074</ele>
				<time>2021-11-29T04:17:52Z</time>
			</trkpt>
			<trkpt lat="39.918402" lon="-105.59712">
				<ele>2860.696853</ele>
				<time>2021-11-29T04:17:54Z</time>
			</trkpt>
			<trkpt lat="39.918225" lon="-105.597043">
				<ele>2859.663651</ele>
				<time>2021-11-29T04:17:59Z</time>
			</trkpt>
			<trkpt lat="39.917973" lon="-105.597037">
				<ele>2858.268039</ele>
				<time>2021-11-29T04:18:06Z</time>
			</trkpt>
			<trkpt lat="39.915974" lon="-105.596296">
				<ele>2847.499244</ele>
				<time>2021-11-29T04:19:06Z</time>
			</trkpt>
			<trkpt lat="39.915138" lon="-105.596271">
				<ele>2843.362141</ele>
				<time>2021-11-29T04:19:30Z</time>
			</trkpt>
			<trkpt lat="39.914473" lon="-105.596519">
				<ele>2839.961903</ele>
				<time>2021-11-29T04:19:50Z</time>
			</trkpt>
			<trkpt lat="39.913986" lon="-105.596823">
				<ele>2837.588694</ele>
				<time>2021-11-29T04:20:05Z</time>
			</trkpt>
			<trkpt lat="39.913565" lon="-105.597343">
				<ele>2836.131304</ele>
				<time>2021-11-29T04:20:23Z</time>
			</trkpt>
			<trkpt lat="39.913071" lon="-105.597867">
				<ele>2834.530881</ele>
				<time>2021-11-29T04:20:44Z</time>
			</trkpt>
			<trkpt lat="39.912426" lon="-105.598717">
				<ele>2832.161839</ele>
				<time>2021-11-29T04:21:15Z</time>
			</trkpt>
			<trkpt lat="39.912097" lon="-105.59906">
				<ele>2831.043301</ele>
				<time>2021-11-29T04:21:29Z</time>
			</trkpt>
			<trkpt lat="39.911812" lon="-105.599218">
				<ele>2830.220981</ele>
				<time>2021-11-29T04:21:38Z</time>
			</trkpt>
			<trkpt lat="39.911359" lon="-105.59939">
				<ele>2828.968185</ele>
				<time>2021-11-29T04:21:52Z</time>
			</trkpt>
			<trkpt lat="39.910819" lon="-105.599712">
				<ele>2827.698132</ele>
				<time>2021-11-29T04:22:10Z</time>
			</trkpt>
			<trkpt lat="39.910227" lon="-105.60045">
				<ele>2826.081175</ele>
				<time>2021-11-29T04:22:36Z</time>
			</trkpt>
			<trkpt lat="39.909924" lon="-105.600991">
				<ele>2825.066846</ele>
				<time>2021-11-29T04:22:54Z</time>
			</trkpt>
			<trkpt lat="39.908833" lon="-105.605106">
				<ele>2830.445317</ele>
				<time>2021-11-29T04:25:42Z</time>
			</trkpt>
			<trkpt lat="39.908569" lon="-105.605838">
				<ele>2828.448969</ele>
				<time>2021-11-29T04:26:00Z</time>
			</trkpt>
			<trkpt lat="39.908661" lon="-105.6066">
				<ele>2824.617427</ele>
				<time>2021-11-29T04:26:16Z</time>
			</trkpt>
			<trkpt lat="39.908629" lon="-105.60676">
				<ele>2823.796118</ele>
				<time>2021-11-29T04:26:20Z</time>
			</trkpt>
			<trkpt lat="39.908565" lon="-105.606839">
				<ele>2823.22539</ele>
				<time>2021-11-29T04:26:22Z</time>
			</trkpt>
			<trkpt lat="39.908283" lon="-105.606947">
				<ele>2821.322145</ele>
				<time>2021-11-29T04:26:30Z</time>
			</trkpt>
			<trkpt lat="39.907963" lon="-105.60765">
				<ele>2817.24034</ele>
				<time>2021-11-29T04:26:46Z</time>
			</trkpt>
			<trkpt lat="39.907775" lon="-105.608219">
				<ele>2814.126246</ele>
				<time>2021-11-29T04:26:59Z</time>
			</trkpt>
			<trkpt lat="39.906919" lon="-105.610061">
				<ele>2805.875967</ele>
				<time>2021-11-29T04:27:46Z</time>
			</trkpt>
			<trkpt lat="39.906498" lon="-105.611352">
				<ele>2803.405418</ele>
				<time>2021-11-29T04:28:22Z</time>
			</trkpt>
			<trkpt lat="39.906383" lon="-105.611902">
				<ele>2803.698229</ele>
				<time>2021-11-29T04:28:40Z</time>
			</trkpt>
			<trkpt lat="39.906267" lon="-105.612338">
				<ele>2804.321581</ele>
				<time>2021-11-29T04:28:56Z</time>
			</trkpt>
			<trkpt lat="39.906137" lon="-105.612718">
				<ele>2804.883606</ele>
				<time>2021-11-29T04:29:11Z</time>
			</trkpt>
			<trkpt lat="39.905948" lon="-105.613117">
				<ele>2805.517039</ele>
				<time>2021-11-29T04:29:30Z</time>
			</trkpt>
			<trkpt lat="39.905541" lon="-105.613782">
				<ele>2806.478666</ele>
				<time>2021-11-29T04:30:04Z</time>
			</trkpt>
			<trkpt lat="39.905264" lon="-105.614124">
				<ele>2806.804041</ele>
				<time>2021-11-29T04:30:21Z</time>
			</trkpt>
			<trkpt lat="39.905046" lon="-105.614466">
				<ele>2807.094949</ele>
				<time>2021-11-29T04:30:34Z</time>
			</trkpt>
			<trkpt lat="39.904843" lon="-105.614903">
				<ele>2807.429179</ele>
				<time>2021-11-29T04:30:49Z</time>
			</trkpt>
			<trkpt lat="39.904727" lon="-105.615301">
				<ele>2807.707721</ele>
				<time>2021-11-29T04:31:01Z</time>
			</trkpt>
			<trkpt lat="39.904699" lon="-105.615756">
				<ele>2807.811491</ele>
				<time>2021-11-29T04:31:14Z</time>
			</trkpt>
			<trkpt lat="39.904774" lon="-105.616591">
				<ele>2807.730452</ele>
				<time>2021-11-29T04:31:37Z</time>
			</trkpt>
			<trkpt lat="39.904919" lon="-105.617716">
				<ele>2807.620488</ele>
				<time>2021-11-29T04:32:09Z</time>
			</trkpt>
			<trkpt lat="39.905076" lon="-105.61861">
				<ele>2808.467699</ele>
				<time>2021-11-29T04:32:39Z</time>
			</trkpt>
			<trkpt lat="39.905147" lon="-105.619318">
				<ele>2809.220075</ele>
				<time>2021-11-29T04:33:05Z</time>
			</trkpt>
			<trkpt lat="39.90518" lon="-105.620303">
				<ele>2809.866636</ele>
				<time>2021-11-29T04:33:40Z</time>
			</trkpt>
			<trkpt lat="39.905151" lon="-105.620645">
				<ele>2809.429273</ele>
				<time>2021-11-29T04:33:51Z</time>
			</trkpt>
			<trkpt lat="39.904949" lon="-105.62129">
				<ele>2808.543721</ele>
				<time>2021-11-29T04:34:09Z</time>
			</trkpt>
			<trkpt lat="39.904702" lon="-105.621916">
				<ele>2807.648922</ele>
				<time>2021-11-29T04:34:26Z</time>
			</trkpt>
			<trkpt lat="39.904514" lon="-105.622524">
				<ele>2806.571625</ele>
				<time>2021-11-29T04:34:41Z</time>
			</trkpt>
			<trkpt lat="39.904471" lon="-105.622789">
				<ele>2805.932641</ele>
				<time>2021-11-29T04:34:47Z</time>
			</trkpt>
			<trkpt lat="39.904503" lon="-105.623775">
				<ele>2803.604523</ele>
				<time>2021-11-29T04:35:09Z</time>
			</trkpt>
			<trkpt lat="39.904965" lon="-105.628422">
				<ele>2799.006192</ele>
				<time>2021-11-29T04:37:14Z</time>
			</trkpt>
			<trkpt lat="39.904996" lon="-105.629004">
				<ele>2798.649668</ele>
				<time>2021-11-29T04:37:31Z</time>
			</trkpt>
			<trkpt lat="39.905203" lon="-105.631195">
				<ele>2795.835022</ele>
				<time>2021-11-29T04:38:28Z</time>
			</trkpt>
			<trkpt lat="39.904844" lon="-105.630867">
				<ele>2794.836062</ele>
				<time>2021-11-29T04:38:36Z</time>
			</trkpt>
			<trkpt lat="39.904768" lon="-105.630798">
				<ele>2794.499447</ele>
				<time>2021-11-29T04:38:38Z</time>
			</trkpt>
			<trkpt lat="39.904592" lon="-105.630506">
				<ele>2793.464078</ele>
				<time>2021-11-29T04:38:44Z</time>
			</trkpt>
			<trkpt lat="39.904382" lon="-105.630018">
				<ele>2791.90402</ele>
				<time>2021-11-29T04:38:52Z</time>
			</trkpt>
			<trkpt lat="39.904355" lon="-105.629674">
				<ele>2790.939901</ele>
				<time>2021-11-29T04:38:57Z</time>
			</trkpt>
			<trkpt lat="39.904588" lon="-105.628907">
				<ele>2788.626679</ele>
				<time>2021-11-29T04:39:08Z</time>
			</trkpt>
			<trkpt lat="39.904637" lon="-105.628543">
				<ele>2787.430023</ele>
				<time>2021-11-29T04:39:14Z</time>
			</trkpt>
			<trkpt lat="39.904591" lon="-105.628254">
				<ele>2786.474299</ele>
				<time>2021-11-29T04:39:18Z</time>
			</trkpt>
			<trkpt lat="39.904361" lon="-105.627099">
				<ele>2782.610401</ele>
				<time>2021-11-29T04:39:35Z</time>
			</trkpt>
			<trkpt lat="39.904262" lon="-105.626801">
				<ele>2781.558861</ele>
				<time>2021-11-29T04:39:39Z</time>
			</trkpt>
			<trkpt lat="39.903911" lon="-105.62601">
				<ele>2778.531964</ele>
				<time>2021-11-29T04:39:52Z</time>
			</trkpt>
			<trkpt lat="39.903531" lon="-105.62565">
				<ele>2776.495848</ele>
				<time>2021-11-29T04:40:01Z</time>
			</trkpt>
			<trkpt lat="39.903444" lon="-105.625463">
				<ele>2775.768646</ele>
				<time>2021-11-29T04:40:04Z</time>
			</trkpt>
			<trkpt lat="39.902935" lon="-105.622474">
				<ele>2768.212444</ele>
				<time>2021-11-29T04:40:49Z</time>
			</trkpt>
			<trkpt lat="39.902937" lon="-105.622154">
				<ele>2768.251627</ele>
				<time>2021-11-29T04:40:55Z</time>
			</trkpt>
			<trkpt lat="39.902896" lon="-105.621921">
				<ele>2768.308854</ele>
				<time>2021-11-29T04:40:59Z</time>
			</trkpt>
			<trkpt lat="39.902744" lon="-105.62144">
				<ele>2768.433388</ele>
				<time>2021-11-29T04:41:09Z</time>
			</trkpt>
			<trkpt lat="39.902715" lon="-105.621191">
				<ele>2768.49368</ele>
				<time>2021-11-29T04:41:15Z</time>
			</trkpt>
			<trkpt lat="39.902744" lon="-105.6207">
				<ele>2768.611569</ele>
				<time>2021-11-29T04:41:25Z</time>
			</trkpt>
			<trkpt lat="39.902687" lon="-105.620547">
				<ele>2768.652287</ele>
				<time>2021-11-29T04:41:29Z</time>
			</trkpt>
			<trkpt lat="39.902588" lon="-105.620437">
				<ele>2768.692881</ele>
				<time>2021-11-29T04:41:34Z</time>
			</trkpt>
			<trkpt lat="39.902538" lon="-105.620354">
				<ele>2768.718144</ele>
				<time>2021-11-29T04:41:37Z</time>
			</trkpt>
			<trkpt lat="39.902538" lon="-105.619915">
				<ele>2769.074907</ele>
				<time>2021-11-29T04:41:49Z</time>
			</trkpt>
			<trkpt lat="39.902622" lon="-105.619385">
				<ele>2769.596082</ele>
				<time>2021-11-29T04:42:04Z</time>
			</trkpt>
			<trkpt lat="39.902576" lon="-105.618867">
				<ele>2770.098253</ele>
				<time>2021-11-29T04:42:18Z</time>
			</trkpt>
			<trkpt lat="39.902241" lon="-105.617361">
				<ele>2769.184626</ele>
				<time>2021-11-29T04:42:49Z</time>
			</trkpt>
			<trkpt lat="39.902208" lon="-105.616932">
				<ele>2767.951255</ele>
				<time>2021-11-29T04:42:56Z</time>
			</trkpt>
			<trkpt lat="39.902352" lon="-105.615211">
				<ele>2761.314904</ele>
				<time>2021-11-29T04:43:19Z</time>
			</trkpt>
			<trkpt lat="39.902334" lon="-105.614302">
				<ele>2755.323056</ele>
				<time>2021-11-29T04:43:30Z</time>
			</trkpt>
			<trkpt lat="39.902394" lon="-105.61397">
				<ele>2753.075456</ele>
				<time>2021-11-29T04:43:34Z</time>
			</trkpt>
			<trkpt lat="39.902313" lon="-105.613676">
				<ele>2751.016994</ele>
				<time>2021-11-29T04:43:38Z</time>
			</trkpt>
			<trkpt lat="39.90233" lon="-105.612902">
				<ele>2746.876223</ele>
				<time>2021-11-29T04:43:48Z</time>
			</trkpt>
			<trkpt lat="39.90226" lon="-105.612498">
				<ele>2745.043824</ele>
				<time>2021-11-29T04:43:53Z</time>
			</trkpt>
			<trkpt lat="39.902265" lon="-105.612328">
				<ele>2744.291158</ele>
				<time>2021-11-29T04:43:55Z</time>
			</trkpt>
			<trkpt lat="39.902372" lon="-105.611952">
				<ele>2742.516893</ele>
				<time>2021-11-29T04:44:01Z</time>
			</trkpt>
			<trkpt lat="39.902343" lon="-105.61173">
				<ele>2741.520585</ele>
				<time>2021-11-29T04:44:04Z</time>
			</trkpt>
			<trkpt lat="39.902303" lon="-105.611638">
				<ele>2741.052732</ele>
				<time>2021-11-29T04:44:05Z</time>
			</trkpt>
			<trkpt lat="39.902197" lon="-105.611248">
				<ele>2739.222201</ele>
				<time>2021-11-29T04:44:11Z</time>
			</trkpt>
			<trkpt lat="39.9021" lon="-105.61099">
				<ele>2738.296365</ele>
				<time>2021-11-29T04:44:16Z</time>
			</trkpt>
			<trkpt lat="39.902036" lon="-105.610715">
				<ele>2737.874327</ele>
				<time>2021-11-29T04:44:20Z</time>
			</trkpt>
			<trkpt lat="39.902016" lon="-105.610536">
				<ele>2737.608676</ele>
				<time>2021-11-29T04:44:23Z</time>
			</trkpt>
			<trkpt lat="39.902131" lon="-105.604886">
				<ele>2729.55889</ele>
				<time>2021-11-29T04:45:54Z</time>
			</trkpt>
			<trkpt lat="39.902199" lon="-105.604135">
				<ele>2728.570789</ele>
				<time>2021-11-29T04:46:06Z</time>
			</trkpt>
			<trkpt lat="39.90258" lon="-105.601353">
				<ele>2725.493249</ele>
				<time>2021-11-29T04:46:53Z</time>
			</trkpt>
			<trkpt lat="39.90265" lon="-105.600724">
				<ele>2724.905043</ele>
				<time>2021-11-29T04:47:04Z</time>
			</trkpt>
			<trkpt lat="39.902667" lon="-105.599807">
				<ele>2724.056152</ele>
				<time>2021-11-29T04:47:19Z</time>
			</trkpt>
			<trkpt lat="39.90258" lon="-105.598305">
				<ele>2723.454719</ele>
				<time>2021-11-29T04:47:45Z</time>
			</trkpt>
			<trkpt lat="39.902916" lon="-105.597196">
				<ele>2723.1748</ele>
				<time>2021-11-29T04:48:07Z</time>
			</trkpt>
			<trkpt lat="39.902932" lon="-105.596846">
				<ele>2723.72604</ele>
				<time>2021-11-29T04:48:16Z</time>
			</trkpt>
			<trkpt lat="39.9029" lon="-105.595787">
				<ele>2725.392274</ele>
				<time>2021-11-29T04:48:45Z</time>
			</trkpt>
			<trkpt lat="39.903087" lon="-105.595029">
				<ele>2726.644096</ele>
				<time>2021-11-29T04:49:08Z</time>
			</trkpt>
			<trkpt lat="39.902948" lon="-105.59474">
				<ele>2727.245687</ele>
				<time>2021-11-29T04:49:19Z</time>
			</trkpt>
			<trkpt lat="39.902943" lon="-105.594632">
				<ele>2727.450055</ele>
				<time>2021-11-29T04:49:22Z</time>
			</trkpt>
			<trkpt lat="39.902965" lon="-105.594511">
				<ele>2727.684938</ele>
				<time>2021-11-29T04:49:25Z</time>
			</trkpt>
			<trkpt lat="39.903056" lon="-105.594269">
				<ele>2728.194002</ele>
				<time>2021-11-29T04:49:33Z</time>
			</trkpt>
			<trkpt lat="39.903976" lon="-105.592432">
				<ele>2733.778106</ele>
				<time>2021-11-29T04:50:33Z</time>
			</trkpt>
			<trkpt lat="39.904273" lon="-105.591789">
				<ele>2737.134957</ele>
				<time>2021-11-29T04:51:01Z</time>
			</trkpt>
			<trkpt lat="39.90378" lon="-105.592122">
				<ele>2740.372177</ele>
				<time>2021-11-29T04:51:42Z</time>
			</trkpt>
			<trkpt lat="39.903551" lon="-105.592363">
				<ele>2742.459493</ele>
				<time>2021-11-29T04:52:06Z</time>
			</trkpt>
			<trkpt lat="39.903204" lon="-105.592633">
				<ele>2747.577151</ele>
				<time>2021-11-29T04:52:44Z</time>
			</trkpt>
			<trkpt lat="39.902889" lon="-105.593006">
				<ele>2752.966372</ele>
				<time>2021-11-29T04:53:28Z</time>
			</trkpt>
			<trkpt lat="39.902818" lon="-105.593324">
				<ele>2756.18388</ele>
				<time>2021-11-29T04:53:57Z</time>
			</trkpt>
			<trkpt lat="39.9024" lon="-105.593594">
				<ele>2762.091606</ele>
				<time>2021-11-29T04:54:47Z</time>
			</trkpt>
			<trkpt lat="39.901875" lon="-105.594146">
				<ele>2770.778965</ele>
				<time>2021-11-29T04:55:57Z</time>
			</trkpt>
			<trkpt lat="39.901558" lon="-105.594438">
				<ele>2775.812226</ele>
				<time>2021-11-29T04:56:37Z</time>
			</trkpt>
			<trkpt lat="39.901351" lon="-105.594755">
				<ele>2779.953316</ele>
				<time>2021-11-29T04:57:10Z</time>
			</trkpt>
			<trkpt lat="39.901235" lon="-105.59504">
				<ele>2783.162705</ele>
				<time>2021-11-29T04:57:35Z</time>
			</trkpt>
			<trkpt lat="39.901164" lon="-105.595381">
				<ele>2786.677569</ele>
				<time>2021-11-29T04:58:03Z</time>
			</trkpt>
			<trkpt lat="39.901127" lon="-105.595914">
				<ele>2791.482982</ele>
				<time>2021-11-29T04:58:43Z</time>
			</trkpt>
			<trkpt lat="39.900932" lon="-105.596519">
				<ele>2797.191499</ele>
				<time>2021-11-29T04:59:29Z</time>
			</trkpt>
			<trkpt lat="39.900812" lon="-105.597026">
				<ele>2801.807028</ele>
				<time>2021-11-29T05:00:07Z</time>
			</trkpt>
			<trkpt lat="39.900002" lon="-105.598267">
				<ele>2814.529989</ele>
				<time>2021-11-29T05:02:02Z</time>
			</trkpt>
			<trkpt lat="39.89977" lon="-105.598704">
				<ele>2818.283323</ele>
				<time>2021-11-29T05:02:35Z</time>
			</trkpt>
			<trkpt lat="39.899626" lon="-105.598863">
				<ele>2820.020706</ele>
				<time>2021-11-29T05:02:50Z</time>
			</trkpt>
			<trkpt lat="39.899332" lon="-105.599009">
				<ele>2822.917087</ele>
				<time>2021-11-29T05:03:13Z</time>
			</trkpt>
			<trkpt lat="39.899011" lon="-105.599106">
				<ele>2825.928759</ele>
				<time>2021-11-29T05:03:37Z</time>
			</trkpt>
			<trkpt lat="39.89877" lon="-105.599403">
				<ele>2828.922676</ele>
				<time>2021-11-29T05:04:03Z</time>
			</trkpt>
			<trkpt lat="39.898896" lon="-105.599858">
				<ele>2832.272732</ele>
				<time>2021-11-29T05:04:33Z</time>
			</trkpt>
			<trkpt lat="39.898766" lon="-105.600395">
				<ele>2836.172433</ele>
				<time>2021-11-29T05:05:09Z</time>
			</trkpt>
			<trkpt lat="39.898607" lon="-105.600775">
				<ele>2839.170054</ele>
				<time>2021-11-29T05:05:36Z</time>
			</trkpt>
			<trkpt lat="39.898417" lon="-105.601079">
				<ele>2842.256216</ele>
				<time>2021-11-29T05:06:03Z</time>
			</trkpt>
			<trkpt lat="39.898258" lon="-105.601497">
				<ele>2846.942078</ele>
				<time>2021-11-29T05:06:36Z</time>
			</trkpt>
			<trkpt lat="39.897954" lon="-105.602503">
				<ele>2857.80137</ele>
				<time>2021-11-29T05:08:05Z</time>
			</trkpt>
			<trkpt lat="39.897751" lon="-105.602939">
				<ele>2862.923669</ele>
				<time>2021-11-29T05:08:48Z</time>
			</trkpt>
			<trkpt lat="39.897227" lon="-105.603681">
				<ele>2872.69661</ele>
				<time>2021-11-29T05:10:12Z</time>
			</trkpt>
			<trkpt lat="39.897081" lon="-105.603947">
				<ele>2875.843036</ele>
				<time>2021-11-29T05:10:38Z</time>
			</trkpt>
			<trkpt lat="39.896542" lon="-105.604461">
				<ele>2884.217502</ele>
				<time>2021-11-29T05:11:44Z</time>
			</trkpt>
			<trkpt lat="39.896222" lon="-105.60486">
				<ele>2888.669625</ele>
				<time>2021-11-29T05:12:23Z</time>
			</trkpt>
			<trkpt lat="39.895844" lon="-105.605525">
				<ele>2893.270336</ele>
				<time>2021-11-29T05:13:12Z</time>
			</trkpt>
			<trkpt lat="39.895408" lon="-105.606361">
				<ele>2898.889663</ele>
				<time>2021-11-29T05:14:03Z</time>
			</trkpt>
			<trkpt lat="39.895189" lon="-105.606514">
				<ele>2900.621606</ele>
				<time>2021-11-29T05:14:19Z</time>
			</trkpt>
			<trkpt lat="39.895029" lon="-105.606742">
				<ele>2902.101801</ele>
				<time>2021-11-29T05:14:33Z</time>
			</trkpt>
			<trkpt lat="39.894666" lon="-105.607653">
				<ele>2907.019367</ele>
				<time>2021-11-29T05:15:22Z</time>
			</trkpt>
			<trkpt lat="39.894448" lon="-105.607787">
				<ele>2908.524303</ele>
				<time>2021-11-29T05:15:38Z</time>
			</trkpt>
			<trkpt lat="39.894083" lon="-105.607883">
				<ele>2910.849255</ele>
				<time>2021-11-29T05:16:06Z</time>
			</trkpt>
			<trkpt lat="39.893907" lon="-105.607998">
				<ele>2912.554845</ele>
				<time>2021-11-29T05:16:22Z</time>
			</trkpt>
			<trkpt lat="39.893514" lon="-105.608397">
				<ele>2917.934657</ele>
				<time>2021-11-29T05:17:06Z</time>
			</trkpt>
			<trkpt lat="39.893391" lon="-105.608421">
				<ele>2919.277784</ele>
				<time>2021-11-29T05:17:17Z</time>
			</trkpt>
			<trkpt lat="39.89312" lon="-105.608475">
				<ele>2922.23842</ele>
				<time>2021-11-29T05:17:44Z</time>
			</trkpt>
			<trkpt lat="39.892719" lon="-105.60833">
				<ele>2926.732541</ele>
				<time>2021-11-29T05:18:24Z</time>
			</trkpt>
			<trkpt lat="39.892508" lon="-105.608124">
				<ele>2929.579602</ele>
				<time>2021-11-29T05:18:50Z</time>
			</trkpt>
			<trkpt lat="39.891658" lon="-105.608561">
				<ele>2939.871939</ele>
				<time>2021-11-29T05:20:17Z</time>
			</trkpt>
			<trkpt lat="39.891151" lon="-105.608982">
				<ele>2946.684618</ele>
				<time>2021-11-29T05:21:13Z</time>
			</trkpt>
			<trkpt lat="39.890941" lon="-105.60942">
				<ele>2951.17551</ele>
				<time>2021-11-29T05:21:50Z</time>
			</trkpt>
			<trkpt lat="39.890581" lon="-105.609718">
				<ele>2955.736854</ele>
				<time>2021-11-29T05:22:28Z</time>
			</trkpt>
			<trkpt lat="39.89019" lon="-105.609763">
				<ele>2959.932048</ele>
				<time>2021-11-29T05:23:03Z</time>
			</trkpt>
			<trkpt lat="39.889544" lon="-105.609712">
				<ele>2966.849025</ele>
				<time>2021-11-29T05:24:01Z</time>
			</trkpt>
			<trkpt lat="39.889222" lon="-105.609876">
				<ele>2970.550009</ele>
				<time>2021-11-29T05:24:33Z</time>
			</trkpt>
			<trkpt lat="39.888886" lon="-105.609995">
				<ele>2974.530025</ele>
				<time>2021-11-29T05:25:06Z</time>
			</trkpt>
			<trkpt lat="39.888609" lon="-105.609978">
				<ele>2977.699849</ele>
				<time>2021-11-29T05:25:32Z</time>
			</trkpt>
			<trkpt lat="39.888306" lon="-105.609806">
				<ele>2981.477641</ele>
				<time>2021-11-29T05:26:02Z</time>
			</trkpt>
			<trkpt lat="39.888162" lon="-105.609669">
				<ele>2983.515591</ele>
				<time>2021-11-29T05:26:19Z</time>
			</trkpt>
			<trkpt lat="39.888043" lon="-105.609609">
				<ele>2984.974096</ele>
				<time>2021-11-29T05:26:31Z</time>
			</trkpt>
			<trkpt lat="39.887542" lon="-105.609519">
				<ele>2990.755045</ele>
				<time>2021-11-29T05:27:19Z</time>
			</trkpt>
			<trkpt lat="39.887037" lon="-105.609247">
				<ele>2997.375023</ele>
				<time>2021-11-29T05:28:14Z</time>
			</trkpt>
			<trkpt lat="39.886543" lon="-105.609176">
				<ele>3003.410981</ele>
				<time>2021-11-29T05:29:04Z</time>
			</trkpt>
			<trkpt lat="39.886018" lon="-105.609222">
				<ele>3009.801452</ele>
				<time>2021-11-29T05:29:56Z</time>
			</trkpt>
			<trkpt lat="39.885369" lon="-105.609377">
				<ele>3016.734386</ele>
				<time>2021-11-29T05:30:58Z</time>
			</trkpt>
			<trkpt lat="39.885092" lon="-105.609634">
				<ele>3019.963351</ele>
				<time>2021-11-29T05:31:27Z</time>
			</trkpt>
			<trkpt lat="39.884578" lon="-105.61075">
				<ele>3029.447788</ele>
				<time>2021-11-29T05:32:48Z</time>
			</trkpt>
			<trkpt lat="39.884217" lon="-105.611171">
				<ele>3033.113253</ele>
				<time>2021-11-29T05:33:26Z</time>
			</trkpt>
			<trkpt lat="39.883933" lon="-105.611197">
				<ele>3035.201384</ele>
				<time>2021-11-29T05:33:47Z</time>
			</trkpt>
			<trkpt lat="39.883611" lon="-105.611137">
				<ele>3037.587112</ele>
				<time>2021-11-29T05:34:12Z</time>
			</trkpt>
			<trkpt lat="39.883367" lon="-105.610965">
				<ele>3039.621769</ele>
				<time>2021-11-29T05:34:32Z</time>
			</trkpt>
			<trkpt lat="39.882899" lon="-105.61051">
				<ele>3043.90251</ele>
				<time>2021-11-29T05:35:11Z</time>
			</trkpt>
			<trkpt lat="39.882603" lon="-105.610398">
				<ele>3046.157915</ele>
				<time>2021-11-29T05:35:32Z</time>
			</trkpt>
			<trkpt lat="39.882267" lon="-105.610381">
				<ele>3048.618417</ele>
				<time>2021-11-29T05:35:55Z</time>
			</trkpt>
			<trkpt lat="39.881728" lon="-105.610479">
				<ele>3052.600703</ele>
				<time>2021-11-29T05:36:35Z</time>
			</trkpt>
			<trkpt lat="39.881552" lon="-105.610347">
				<ele>3054.086628</ele>
				<time>2021-11-29T05:36:51Z</time>
			</trkpt>
			<trkpt lat="39.881493" lon="-105.610082">
				<ele>3055.636013</ele>
				<time>2021-11-29T05:37:08Z</time>
			</trkpt>
			<trkpt lat="39.881622" lon="-105.609323">
				<ele>3062.174361</ele>
				<time>2021-11-29T05:37:57Z</time>
			</trkpt>
			<trkpt lat="39.881607" lon="-105.608906">
				<ele>3065.892864</ele>
				<time>2021-11-29T05:38:26Z</time>
			</trkpt>
			<trkpt lat="39.881309" lon="-105.608282">
				<ele>3072.439628</ele>
				<time>2021-11-29T05:39:24Z</time>
			</trkpt>
			<trkpt lat="39.880924" lon="-105.60778">
				<ele>3078.852077</ele>
				<time>2021-11-29T05:40:23Z</time>
			</trkpt>
			<trkpt lat="39.880512" lon="-105.607395">
				<ele>3085.072266</ele>
				<time>2021-11-29T05:41:16Z</time>
			</trkpt>
			<trkpt lat="39.880318" lon="-105.607157">
				<ele>3088.341289</ele>
				<time>2021-11-29T05:41:43Z</time>
			</trkpt>
			<trkpt lat="39.87993" lon="-105.606773">
				<ele>3094.318967</ele>
				<time>2021-11-29T05:42:31Z</time>
			</trkpt>
			<trkpt lat="39.878434" lon="-105.605669">
				<ele>3112.046749</ele>
				<time>2021-11-29T05:45:01Z</time>
			</trkpt>
			<trkpt lat="39.877439" lon="-105.605454">
				<ele>3121.668549</ele>
				<time>2021-11-29T05:46:23Z</time>
			</trkpt>
			<trkpt lat="39.877314" lon="-105.605384">
				<ele>3122.944731</ele>
				<time>2021-11-29T05:46:34Z</time>
			</trkpt>
			<trkpt lat="39.877194" lon="-105.605256">
				<ele>3124.399351</ele>
				<time>2021-11-29T05:46:47Z</time>
			</trkpt>
			<trkpt lat="39.87708" lon="-105.605191">
				<ele>3125.566551</ele>
				<time>2021-11-29T05:46:58Z</time>
			</trkpt>
			<trkpt lat="39.87674" lon="-105.605114">
				<ele>3128.803541</ele>
				<time>2021-11-29T05:47:27Z</time>
			</trkpt>
			<trkpt lat="39.876036" lon="-105.605042">
				<ele>3135.013421</ele>
				<time>2021-11-29T05:48:29Z</time>
			</trkpt>
			<trkpt lat="39.875549" lon="-105.605103">
				<ele>3138.57042</ele>
				<time>2021-11-29T05:49:10Z</time>
			</trkpt>
			<trkpt lat="39.875128" lon="-105.605478">
				<ele>3142.278063</ele>
				<time>2021-11-29T05:49:48Z</time>
			</trkpt>
			<trkpt lat="39.874949" lon="-105.605849">
				<ele>3144.723201</ele>
				<time>2021-11-29T05:50:09Z</time>
			</trkpt>
			<trkpt lat="39.87479" lon="-105.606371">
				<ele>3147.362126</ele>
				<time>2021-11-29T05:50:35Z</time>
			</trkpt>
			<trkpt lat="39.87462" lon="-105.607472">
				<ele>3151.030264</ele>
				<time>2021-11-29T05:51:21Z</time>
			</trkpt>
			<trkpt lat="39.874556" lon="-105.607495">
				<ele>3151.312812</ele>
				<time>2021-11-29T05:51:25Z</time>
			</trkpt>
			<trkpt lat="39.874291" lon="-105.607592">
				<ele>3152.484284</ele>
				<time>2021-11-29T05:51:40Z</time>
			</trkpt>
			<trkpt lat="39.873737" lon="-105.607737">
				<ele>3155.154543</ele>
				<time>2021-11-29T05:52:15Z</time>
			</trkpt>
			<trkpt lat="39.873197" lon="-105.607514">
				<ele>3158.686811</ele>
				<time>2021-11-29T05:52:53Z</time>
			</trkpt>
			<trkpt lat="39.872262" lon="-105.60742">
				<ele>3164.534387</ele>
				<time>2021-11-29T05:54:01Z</time>
			</trkpt>
			<trkpt lat="39.871168" lon="-105.607909">
				<ele>3171.694602</ele>
				<time>2021-11-29T05:55:20Z</time>
			</trkpt>
			<trkpt lat="39.870252" lon="-105.607952">
				<ele>3177.419878</ele>
				<time>2021-11-29T05:56:20Z</time>
			</trkpt>
			<trkpt lat="39.868592" lon="-105.608347">
				<ele>3188.702525</ele>
				<time>2021-11-29T05:58:20Z</time>
			</trkpt>
			<trkpt lat="39.867901" lon="-105.60857">
				<ele>3193.464737</ele>
				<time>2021-11-29T05:59:11Z</time>
			</trkpt>
			<trkpt lat="39.867301" lon="-105.608536">
				<ele>3197.482298</ele>
				<time>2021-11-29T05:59:55Z</time>
			</trkpt>
			<trkpt lat="39.866662" lon="-105.609085">
				<ele>3201.965209</ele>
				<time>2021-11-29T06:00:48Z</time>
			</trkpt>
			<trkpt lat="39.866204" lon="-105.610224">
				<ele>3206.338265</ele>
				<time>2021-11-29T06:01:47Z</time>
			</trkpt>
			<trkpt lat="39.86617" lon="-105.610129">
				<ele>3206.694752</ele>
				<time>2021-11-29T06:01:51Z</time>
			</trkpt>
			<trkpt lat="39.866155" lon="-105.609407">
				<ele>3208.812254</ele>
				<time>2021-11-29T06:02:20Z</time>
			</trkpt>
			<trkpt lat="39.866121" lon="-105.609204">
				<ele>3209.005956</ele>
				<time>2021-11-29T06:02:29Z</time>
			</trkpt>
			<trkpt lat="39.866048" lon="-105.609027">
				<ele>3209.193278</ele>
				<time>2021-11-29T06:02:37Z</time>
			</trkpt>
			<trkpt lat="39.865543" lon="-105.608228">
				<ele>3210.158196</ele>
				<time>2021-11-29T06:03:12Z</time>
			</trkpt>
			<trkpt lat="39.865364" lon="-105.606799">
				<ele>3209.784188</ele>
				<time>2021-11-29T06:03:51Z</time>
			</trkpt>
			<trkpt lat="39.865306" lon="-105.606998">
				<ele>3209.447383</ele>
				<time>2021-11-29T06:03:57Z</time>
			</trkpt>
			<trkpt lat="39.865212" lon="-105.607768">
				<ele>3208.213731</ele>
				<time>2021-11-29T06:04:16Z</time>
			</trkpt>
			<trkpt lat="39.865159" lon="-105.607895">
				<ele>3207.985003</ele>
				<time>2021-11-29T06:04:20Z</time>
			</trkpt>
			<trkpt lat="39.864959" lon="-105.608028">
				<ele>3207.522115</ele>
				<time>2021-11-29T06:04:27Z</time>
			</trkpt>
			<trkpt lat="39.864818" lon="-105.608067">
				<ele>3207.224976</ele>
				<time>2021-11-29T06:04:31Z</time>
			</trkpt>
			<trkpt lat="39.864171" lon="-105.607801">
				<ele>3203.448587</ele>
				<time>2021-11-29T06:04:51Z</time>
			</trkpt>
			<trkpt lat="39.863875" lon="-105.607587">
				<ele>3201.507558</ele>
				<time>2021-11-29T06:05:01Z</time>
			</trkpt>
			<trkpt lat="39.863152" lon="-105.607559">
				<ele>3197.360167</ele>
				<time>2021-11-29T06:05:21Z</time>
			</trkpt>
			<trkpt lat="39.86269" lon="-105.608037">
				<ele>3191.661681</ele>
				<time>2021-11-29T06:05:36Z</time>
			</trkpt>
			<trkpt lat="39.861104" lon="-105.609012">
				<ele>3173.253426</ele>
				<time>2021-11-29T06:06:20Z</time>
			</trkpt>
			<trkpt lat="39.860691" lon="-105.609172">
				<ele>3168.561924</ele>
				<time>2021-11-29T06:06:31Z</time>
			</trkpt>
			<trkpt lat="39.860393" lon="-105.608964">
				<ele>3164.880832</ele>
				<time>2021-11-29T06:06:40Z</time>
			</trkpt>
			<trkpt lat="39.859226" lon="-105.608934">
				<ele>3152.889716</ele>
				<time>2021-11-29T06:07:10Z</time>
			</trkpt>
			<trkpt lat="39.859066" lon="-105.609023">
				<ele>3151.205985</ele>
				<time>2021-11-29T06:07:14Z</time>
			</trkpt>
			<trkpt lat="39.856526" lon="-105.608872">
				<ele>3126.767505</ele>
				<time>2021-11-29T06:08:20Z</time>
			</trkpt>
			<trkpt lat="39.855725" lon="-105.608664">
				<ele>3119.031903</ele>
				<time>2021-11-29T06:08:41Z</time>
			</trkpt>
			<trkpt lat="39.854532" lon="-105.608964">
				<ele>3107.586928</ele>
				<time>2021-11-29T06:09:13Z</time>
			</trkpt>
			<trkpt lat="39.853986" lon="-105.608574">
				<ele>3103.298094</ele>
				<time>2021-11-29T06:09:29Z</time>
			</trkpt>
			<trkpt lat="39.853648" lon="-105.608031">
				<ele>3099.731564</ele>
				<time>2021-11-29T06:09:44Z</time>
			</trkpt>
			<trkpt lat="39.853506" lon="-105.607415">
				<ele>3096.45021</ele>
				<time>2021-11-29T06:09:58Z</time>
			</trkpt>
			<trkpt lat="39.853318" lon="-105.606913">
				<ele>3093.951639</ele>
				<time>2021-11-29T06:10:11Z</time>
			</trkpt>
			<trkpt lat="39.853093" lon="-105.606585">
				<ele>3092.225182</ele>
				<time>2021-11-29T06:10:21Z</time>
			</trkpt>
			<trkpt lat="39.852487" lon="-105.606481">
				<ele>3089.100129</ele>
				<time>2021-11-29T06:10:38Z</time>
			</trkpt>
			<trkpt lat="39.851352" lon="-105.606228">
				<ele>3082.911093</ele>
				<time>2021-11-29T06:11:11Z</time>
			</trkpt>
			<trkpt lat="39.851131" lon="-105.606124">
				<ele>3081.576102</ele>
				<time>2021-11-29T06:11:18Z</time>
			</trkpt>
			<trkpt lat="39.850018" lon="-105.605429">
				<ele>3074.552724</ele>
				<time>2021-11-29T06:11:52Z</time>
			</trkpt>
			<trkpt lat="39.849004" lon="-105.604903">
				<ele>3068.291983</ele>
				<time>2021-11-29T06:12:23Z</time>
			</trkpt>
			<trkpt lat="39.848014" lon="-105.604057">
				<ele>3060.861077</ele>
				<time>2021-11-29T06:12:56Z</time>
			</trkpt>
			<trkpt lat="39.84783" lon="-105.603935">
				<ele>3059.482206</ele>
				<time>2021-11-29T06:13:02Z</time>
			</trkpt>
			<trkpt lat="39.847718" lon="-105.603725">
				<ele>3058.171165</ele>
				<time>2021-11-29T06:13:07Z</time>
			</trkpt>
			<trkpt lat="39.847195" lon="-105.602427">
				<ele>3049.287458</ele>
				<time>2021-11-29T06:13:38Z</time>
			</trkpt>
			<trkpt lat="39.847105" lon="-105.602243">
				<ele>3047.60714</ele>
				<time>2021-11-29T06:13:42Z</time>
			</trkpt>
			<trkpt lat="39.84664" lon="-105.601292">
				<ele>3038.923312</ele>
				<time>2021-11-29T06:14:05Z</time>
			</trkpt>
			<trkpt lat="39.846537" lon="-105.600931">
				<ele>3035.957112</ele>
				<time>2021-11-29T06:14:12Z</time>
			</trkpt>
			<trkpt lat="39.846352" lon="-105.599699">
				<ele>3022.400874</ele>
				<time>2021-11-29T06:14:36Z</time>
			</trkpt>
			<trkpt lat="39.846506" lon="-105.598059">
				<ele>3004.301653</ele>
				<time>2021-11-29T06:15:06Z</time>
			</trkpt>
			<trkpt lat="39.846186" lon="-105.596842">
				<ele>2990.387632</ele>
				<time>2021-11-29T06:15:30Z</time>
			</trkpt>
			<trkpt lat="39.845637" lon="-105.596068">
				<ele>2980.598215</ele>
				<time>2021-11-29T06:15:50Z</time>
			</trkpt>
			<trkpt lat="39.84534" lon="-105.595237">
				<ele>2973.745013</ele>
				<time>2021-11-29T06:16:08Z</time>
			</trkpt>
			<trkpt lat="39.845363" lon="-105.594673">
				<ele>2969.522277</ele>
				<time>2021-11-29T06:16:20Z</time>
			</trkpt>
			<trkpt lat="39.84589" lon="-105.592417">
				<ele>2955.405554</ele>
				<time>2021-11-29T06:17:09Z</time>
			</trkpt>
			<trkpt lat="39.845909" lon="-105.591433">
				<ele>2950.521498</ele>
				<time>2021-11-29T06:17:29Z</time>
			</trkpt>
			<trkpt lat="39.845994" lon="-105.591147">
				<ele>2949.132847</ele>
				<time>2021-11-29T06:17:36Z</time>
			</trkpt>
			<trkpt lat="39.845564" lon="-105.588995">
				<ele>2939.604904</ele>
				<time>2021-11-29T06:18:25Z</time>
			</trkpt>
			<trkpt lat="39.845486" lon="-105.587753">
				<ele>2934.796871</ele>
				<time>2021-11-29T06:18:53Z</time>
			</trkpt>
			<trkpt lat="39.84532" lon="-105.58595">
				<ele>2926.755981</ele>
				<time>2021-11-29T06:19:32Z</time>
			</trkpt>
			<trkpt lat="39.845526" lon="-105.582709">
				<ele>2909.273637</ele>
				<time>2021-11-29T06:20:40Z</time>
			</trkpt>
			<trkpt lat="39.845529" lon="-105.581999">
				<ele>2903.340027</ele>
				<time>2021-11-29T06:20:54Z</time>
			</trkpt>
			<trkpt lat="39.845292" lon="-105.580925">
				<ele>2894.001151</ele>
				<time>2021-11-29T06:21:16Z</time>
			</trkpt>
			<trkpt lat="39.845084" lon="-105.579833">
				<ele>2883.743446</ele>
				<time>2021-11-29T06:21:37Z</time>
			</trkpt>
			<trkpt lat="39.844732" lon="-105.578805">
				<ele>2872.969081</ele>
				<time>2021-11-29T06:21:59Z</time>
			</trkpt>
			<trkpt lat="39.844553" lon="-105.577778">
				<ele>2863.600566</ele>
				<time>2021-11-29T06:22:19Z</time>
			</trkpt>
			<trkpt lat="39.844173" lon="-105.576106">
				<ele>2849.209714</ele>
				<time>2021-11-29T06:22:53Z</time>
			</trkpt>
			<trkpt lat="39.843215" lon="-105.575049">
				<ele>2840.62037</ele>
				<time>2021-11-29T06:23:26Z</time>
			</trkpt>
			<trkpt lat="39.842828" lon="-105.574573">
				<ele>2837.056774</ele>
				<time>2021-11-29T06:23:42Z</time>
			</trkpt>
			<trkpt lat="39.842258" lon="-105.573519">
				<ele>2837.294326</ele>
				<time>2021-11-29T06:24:25Z</time>
			</trkpt>
			<trkpt lat="39.8419" lon="-105.573285">
				<ele>2837.557442</ele>
				<time>2021-11-29T06:24:44Z</time>
			</trkpt>
			<trkpt lat="39.841366" lon="-105.573013">
				<ele>2837.312847</ele>
				<time>2021-11-29T06:25:13Z</time>
			</trkpt>
			<trkpt lat="39.840282" lon="-105.57326">
				<ele>2831.765054</ele>
				<time>2021-11-29T06:25:47Z</time>
			</trkpt>
			<trkpt lat="39.839382" lon="-105.573416">
				<ele>2824.794032</ele>
				<time>2021-11-29T06:26:10Z</time>
			</trkpt>
			<trkpt lat="39.837909" lon="-105.573355">
				<ele>2806.297651</ele>
				<time>2021-11-29T06:26:46Z</time>
			</trkpt>
			<trkpt lat="39.837082" lon="-105.572762">
				<ele>2797.305962</ele>
				<time>2021-11-29T06:27:10Z</time>
			</trkpt>
			<trkpt lat="39.836282" lon="-105.571812">
				<ele>2788.145352</ele>
				<time>2021-11-29T06:27:39Z</time>
			</trkpt>
			<trkpt lat="39.835431" lon="-105.570319">
				<ele>2781.841284</ele>
				<time>2021-11-29T06:28:23Z</time>
			</trkpt>
			<trkpt lat="39.834789" lon="-105.568694">
				<ele>2775.550614</ele>
				<time>2021-11-29T06:29:05Z</time>
			</trkpt>
			<trkpt lat="39.834723" lon="-105.568229">
				<ele>2773.919913</ele>
				<time>2021-11-29T06:29:15Z</time>
			</trkpt>
			<trkpt lat="39.834504" lon="-105.567703">
				<ele>2771.06961</ele>
				<time>2021-11-29T06:29:28Z</time>
			</trkpt>
			<trkpt lat="39.834492" lon="-105.567535">
				<ele>2770.121441</ele>
				<time>2021-11-29T06:29:31Z</time>
			</trkpt>
			<trkpt lat="39.834536" lon="-105.567117">
				<ele>2767.750479</ele>
				<time>2021-11-29T06:29:40Z</time>
			</trkpt>
			<trkpt lat="39.834501" lon="-105.566788">
				<ele>2765.883972</ele>
				<time>2021-11-29T06:29:47Z</time>
			</trkpt>
			<trkpt lat="39.834334" lon="-105.566308">
				<ele>2762.922613</ele>
				<time>2021-11-29T06:29:58Z</time>
			</trkpt>
			<trkpt lat="39.833832" lon="-105.56508">
				<ele>2754.198586</ele>
				<time>2021-11-29T06:30:26Z</time>
			</trkpt>
			<trkpt lat="39.833451" lon="-105.564439">
				<ele>2748.790316</ele>
				<time>2021-11-29T06:30:42Z</time>
			</trkpt>
			<trkpt lat="39.832996" lon="-105.563921">
				<ele>2743.726357</ele>
				<time>2021-11-29T06:30:58Z</time>
			</trkpt>
			<trkpt lat="39.832892" lon="-105.563751">
				<ele>2742.62549</ele>
				<time>2021-11-29T06:31:03Z</time>
			</trkpt>
			<trkpt lat="39.832836" lon="-105.563174">
				<ele>2739.679785</ele>
				<time>2021-11-29T06:31:14Z</time>
			</trkpt>
			<trkpt lat="39.832969" lon="-105.56267">
				<ele>2736.980548</ele>
				<time>2021-11-29T06:31:26Z</time>
			</trkpt>
			<trkpt lat="39.832992" lon="-105.562426">
				<ele>2735.735434</ele>
				<time>2021-11-29T06:31:31Z</time>
			</trkpt>
			<trkpt lat="39.832825" lon="-105.561243">
				<ele>2730.728947</ele>
				<time>2021-11-29T06:31:58Z</time>
			</trkpt>
			<trkpt lat="39.832742" lon="-105.560903">
				<ele>2729.620248</ele>
				<time>2021-11-29T06:32:07Z</time>
			</trkpt>
			<trkpt lat="39.831802" lon="-105.559834">
				<ele>2724.205267</ele>
				<time>2021-11-29T06:32:44Z</time>
			</trkpt>
			<trkpt lat="39.831527" lon="-105.559165">
				<ele>2720.424084</ele>
				<time>2021-11-29T06:33:01Z</time>
			</trkpt>
			<trkpt lat="39.831001" lon="-105.557992">
				<ele>2713.655417</ele>
				<time>2021-11-29T06:33:29Z</time>
			</trkpt>
			<trkpt lat="39.830559" lon="-105.557452">
				<ele>2709.794833</ele>
				<time>2021-11-29T06:33:45Z</time>
			</trkpt>
			<trkpt lat="39.830358" lon="-105.557065">
				<ele>2707.511186</ele>
				<time>2021-11-29T06:33:55Z</time>
			</trkpt>
			<trkpt lat="39.830248" lon="-105.556746">
				<ele>2705.801949</ele>
				<time>2021-11-29T06:34:03Z</time>
			</trkpt>
			<trkpt lat="39.830156" lon="-105.556411">
				<ele>2704.062927</ele>
				<time>2021-11-29T06:34:10Z</time>
			</trkpt>
			<trkpt lat="39.830135" lon="-105.556254">
				<ele>2703.283963</ele>
				<time>2021-11-29T06:34:14Z</time>
			</trkpt>
			<trkpt lat="39.830153" lon="-105.555989">
				<ele>2702.000441</ele>
				<time>2021-11-29T06:34:20Z</time>
			</trkpt>
			<trkpt lat="39.830202" lon="-105.555739">
				<ele>2701.039241</ele>
				<time>2021-11-29T06:34:25Z</time>
			</trkpt>
			<trkpt lat="39.830258" lon="-105.555562">
				<ele>2700.326081</ele>
				<time>2021-11-29T06:34:29Z</time>
			</trkpt>
			<trkpt lat="39.830398" lon="-105.555257">
				<ele>2699.002342</ele>
				<time>2021-11-29T06:34:37Z</time>
			</trkpt>
			<trkpt lat="39.830467" lon="-105.554984">
				<ele>2697.931651</ele>
				<time>2021-11-29T06:34:44Z</time>
			</trkpt>
			<trkpt lat="39.830525" lon="-105.55467">
				<ele>2696.728525</ele>
				<time>2021-11-29T06:34:51Z</time>
			</trkpt>
			<trkpt lat="39.830579" lon="-105.554091">
				<ele>2694.555694</ele>
				<time>2021-11-29T06:35:04Z</time>
			</trkpt>
			<trkpt lat="39.830508" lon="-105.553783">
				<ele>2693.357704</ele>
				<time>2021-11-29T06:35:11Z</time>
			</trkpt>
			<trkpt lat="39.830205" lon="-105.553179">
				<ele>2691.992951</ele>
				<time>2021-11-29T06:35:28Z</time>
			</trkpt>
			<trkpt lat="39.830121" lon="-105.552911">
				<ele>2691.451103</ele>
				<time>2021-11-29T06:35:35Z</time>
			</trkpt>
			<trkpt lat="39.829901" lon="-105.552798">
				<ele>2690.874631</ele>
				<time>2021-11-29T06:35:43Z</time>
			</trkpt>
			<trkpt lat="39.829794" lon="-105.552562">
				<ele>2690.361611</ele>
				<time>2021-11-29T06:35:50Z</time>
			</trkpt>
			<trkpt lat="39.829727" lon="-105.552229">
				<ele>2689.717222</ele>
				<time>2021-11-29T06:35:59Z</time>
			</trkpt>
			<trkpt lat="39.829578" lon="-105.551954">
				<ele>2689.087216</ele>
				<time>2021-11-29T06:36:08Z</time>
			</trkpt>
			<trkpt lat="39.829374" lon="-105.551752">
				<ele>2688.281597</ele>
				<time>2021-11-29T06:36:16Z</time>
			</trkpt>
			<trkpt lat="39.8292" lon="-105.551405">
				<ele>2687.214782</ele>
				<time>2021-11-29T06:36:26Z</time>
			</trkpt>
			<trkpt lat="39.829124" lon="-105.551199">
				<ele>2686.626471</ele>
				<time>2021-11-29T06:36:32Z</time>
			</trkpt>
			<trkpt lat="39.828894" lon="-105.549049">
				<ele>2682.758283</ele>
				<time>2021-11-29T06:37:21Z</time>
			</trkpt>
			<trkpt lat="39.82882" lon="-105.54858">
				<ele>2682.654982</ele>
				<time>2021-11-29T06:37:34Z</time>
			</trkpt>
			<trkpt lat="39.828722" lon="-105.548168">
				<ele>2682.561926</ele>
				<time>2021-11-29T06:37:47Z</time>
			</trkpt>
			<trkpt lat="39.828617" lon="-105.547875">
				<ele>2682.492167</ele>
				<time>2021-11-29T06:38:00Z</time>
			</trkpt>
			<trkpt lat="39.828571" lon="-105.54763">
				<ele>2682.437751</ele>
				<time>2021-11-29T06:38:10Z</time>
			</trkpt>
			<trkpt lat="39.828566" lon="-105.547172">
				<ele>2683.576992</ele>
				<time>2021-11-29T06:38:29Z</time>
			</trkpt>
			<trkpt lat="39.828412" lon="-105.546188">
				<ele>2687.118559</ele>
				<time>2021-11-29T06:39:20Z</time>
			</trkpt>
			<trkpt lat="39.828439" lon="-105.545643">
				<ele>2689.044589</ele>
				<time>2021-11-29T06:39:47Z</time>
			</trkpt>
			<trkpt lat="39.828403" lon="-105.545203">
				<ele>2690.605106</ele>
				<time>2021-11-29T06:40:07Z</time>
			</trkpt>
			<trkpt lat="39.828336" lon="-105.545004">
				<ele>2690.882429</ele>
				<time>2021-11-29T06:40:17Z</time>
			</trkpt>
			<trkpt lat="39.828122" lon="-105.544816">
				<ele>2691.241388</ele>
				<time>2021-11-29T06:40:30Z</time>
			</trkpt>
			<trkpt lat="39.827553" lon="-105.543078">
				<ele>2693.278349</ele>
				<time>2021-11-29T06:41:28Z</time>
			</trkpt>
			<trkpt lat="39.827417" lon="-105.542524">
				<ele>2694.036492</ele>
				<time>2021-11-29T06:41:44Z</time>
			</trkpt>
			<trkpt lat="39.827119" lon="-105.542119">
				<ele>2694.767618</ele>
				<time>2021-11-29T06:42:02Z</time>
			</trkpt>
			<trkpt lat="39.826944" lon="-105.541591">
				<ele>2695.517239</ele>
				<time>2021-11-29T06:42:23Z</time>
			</trkpt>
			<trkpt lat="39.826868" lon="-105.541516">
				<ele>2695.679097</ele>
				<time>2021-11-29T06:42:28Z</time>
			</trkpt>
			<trkpt lat="39.826741" lon="-105.54151">
				<ele>2695.894801</ele>
				<time>2021-11-29T06:42:34Z</time>
			</trkpt>
			<trkpt lat="39.825515" lon="-105.542099">
				<ele>2701.167072</ele>
				<time>2021-11-29T06:43:53Z</time>
			</trkpt>
			<trkpt lat="39.82423" lon="-105.54216">
				<ele>2704.752932</ele>
				<time>2021-11-29T06:45:10Z</time>
			</trkpt>
			<trkpt lat="39.824075" lon="-105.542141">
				<ele>2704.892931</ele>
				<time>2021-11-29T06:45:17Z</time>
			</trkpt>
			<trkpt lat="39.823983" lon="-105.542093">
				<ele>2704.982056</ele>
				<time>2021-11-29T06:45:22Z</time>
			</trkpt>
			<trkpt lat="39.823065" lon="-105.541615">
				<ele>2705.591283</ele>
				<time>2021-11-29T06:45:56Z</time>
			</trkpt>
			<trkpt lat="39.822455" lon="-105.54135">
				<ele>2702.160095</ele>
				<time>2021-11-29T06:46:15Z</time>
			</trkpt>
			<trkpt lat="39.821688" lon="-105.541338">
				<ele>2698.06729</ele>
				<time>2021-11-29T06:46:36Z</time>
			</trkpt>
			<trkpt lat="39.821029" lon="-105.541555">
				<ele>2694.414455</ele>
				<time>2021-11-29T06:46:54Z</time>
			</trkpt>
			<trkpt lat="39.820742" lon="-105.541412">
				<ele>2692.751139</ele>
				<time>2021-11-29T06:47:03Z</time>
			</trkpt>
			<trkpt lat="39.820348" lon="-105.541061">
				<ele>2690.167092</ele>
				<time>2021-11-29T06:47:16Z</time>
			</trkpt>
			<trkpt lat="39.820034" lon="-105.540857">
				<ele>2688.267653</ele>
				<time>2021-11-29T06:47:26Z</time>
			</trkpt>
			<trkpt lat="39.81905" lon="-105.540385">
				<ele>2684.719694</ele>
				<time>2021-11-29T06:47:59Z</time>
			</trkpt>
			<trkpt lat="39.818796" lon="-105.540143">
				<ele>2683.944128</ele>
				<time>2021-11-29T06:48:10Z</time>
			</trkpt>
			<trkpt lat="39.818605" lon="-105.539822">
				<ele>2683.175626</ele>
				<time>2021-11-29T06:48:20Z</time>
			</trkpt>
			<trkpt lat="39.818166" lon="-105.538407">
				<ele>2679.922533</ele>
				<time>2021-11-29T06:48:57Z</time>
			</trkpt>
			<trkpt lat="39.817989" lon="-105.53801">
				<ele>2678.875564</ele>
				<time>2021-11-29T06:49:08Z</time>
			</trkpt>
			<trkpt lat="39.817799" lon="-105.537178">
				<ele>2676.895835</ele>
				<time>2021-11-29T06:49:28Z</time>
			</trkpt>
			<trkpt lat="39.817581" lon="-105.536905">
				<ele>2676.70693</ele>
				<time>2021-11-29T06:49:37Z</time>
			</trkpt>
			<trkpt lat="39.817156" lon="-105.536578">
				<ele>2676.670396</ele>
				<time>2021-11-29T06:49:54Z</time>
			</trkpt>
			<trkpt lat="39.816712" lon="-105.536552">
				<ele>2676.637506</ele>
				<time>2021-11-29T06:50:12Z</time>
			</trkpt>
			<trkpt lat="39.816382" lon="-105.536524">
				<ele>2676.613032</ele>
				<time>2021-11-29T06:50:26Z</time>
			</trkpt>
			<trkpt lat="39.815905" lon="-105.536392">
				<ele>2677.410824</ele>
				<time>2021-11-29T06:50:50Z</time>
			</trkpt>
			<trkpt lat="39.815784" lon="-105.536299">
				<ele>2677.978195</ele>
				<time>2021-11-29T06:50:57Z</time>
			</trkpt>
			<trkpt lat="39.815698" lon="-105.535945">
				<ele>2679.129739</ele>
				<time>2021-11-29T06:51:12Z</time>
			</trkpt>
			<trkpt lat="39.816126" lon="-105.535113">
				<ele>2682.235452</ele>
				<time>2021-11-29T06:51:59Z</time>
			</trkpt>
			<trkpt lat="39.816271" lon="-105.534475">
				<ele>2684.435259</ele>
				<time>2021-11-29T06:52:31Z</time>
			</trkpt>
			<trkpt lat="39.816279" lon="-105.533901">
				<ele>2686.761743</ele>
				<time>2021-11-29T06:52:58Z</time>
			</trkpt>
			<trkpt lat="39.815273" lon="-105.532571">
				<ele>2694.026276</ele>
				<time>2021-11-29T06:54:30Z</time>
			</trkpt>
			<trkpt lat="39.81487" lon="-105.531798">
				<ele>2696.656194</ele>
				<time>2021-11-29T06:55:16Z</time>
			</trkpt>
			<trkpt lat="39.814082" lon="-105.530639">
				<ele>2699.990922</ele>
				<time>2021-11-29T06:56:14Z</time>
			</trkpt>
			<trkpt lat="39.81323" lon="-105.52918">
				<ele>2700.254258</ele>
				<time>2021-11-29T06:57:04Z</time>
			</trkpt>
			<trkpt lat="39.812953" lon="-105.528933">
				<ele>2701.036764</ele>
				<time>2021-11-29T06:57:16Z</time>
			</trkpt>
			<trkpt lat="39.812681" lon="-105.5291">
				<ele>2701.999026</ele>
				<time>2021-11-29T06:57:29Z</time>
			</trkpt>
			<trkpt lat="39.81236" lon="-105.529405">
				<ele>2703.270614</ele>
				<time>2021-11-29T06:57:49Z</time>
			</trkpt>
			<trkpt lat="39.812121" lon="-105.529684">
				<ele>2704.29778</ele>
				<time>2021-11-29T06:58:07Z</time>
			</trkpt>
			<trkpt lat="39.811915" lon="-105.530119">
				<ele>2705.553809</ele>
				<time>2021-11-29T06:58:32Z</time>
			</trkpt>
			<trkpt lat="39.811552" lon="-105.530435">
				<ele>2707.56028</ele>
				<time>2021-11-29T06:59:03Z</time>
			</trkpt>
			<trkpt lat="39.811017" lon="-105.530623">
				<ele>2710.503081</ele>
				<time>2021-11-29T06:59:45Z</time>
			</trkpt>
			<trkpt lat="39.809759" lon="-105.530769">
				<ele>2715.260663</ele>
				<time>2021-11-29T07:01:00Z</time>
			</trkpt>
			<trkpt lat="39.808944" lon="-105.530918">
				<ele>2714.40694</ele>
				<time>2021-11-29T07:01:28Z</time>
			</trkpt>
			<trkpt lat="39.808561" lon="-105.530747">
				<ele>2713.986923</ele>
				<time>2021-11-29T07:01:41Z</time>
			</trkpt>
			<trkpt lat="39.807949" lon="-105.530191">
				<ele>2710.780077</ele>
				<time>2021-11-29T07:02:02Z</time>
			</trkpt>
			<trkpt lat="39.807792" lon="-105.529971">
				<ele>2709.378189</ele>
				<time>2021-11-29T07:02:08Z</time>
			</trkpt>
			<trkpt lat="39.807537" lon="-105.529699">
				<ele>2707.374653</ele>
				<time>2021-11-29T07:02:17Z</time>
			</trkpt>
			<trkpt lat="39.806979" lon="-105.52932">
				<ele>2703.549647</ele>
				<time>2021-11-29T07:02:35Z</time>
			</trkpt>
			<trkpt lat="39.806656" lon="-105.529146">
				<ele>2701.418146</ele>
				<time>2021-11-29T07:02:44Z</time>
			</trkpt>
			<trkpt lat="39.806259" lon="-105.52903">
				<ele>2698.932521</ele>
				<time>2021-11-29T07:02:56Z</time>
			</trkpt>
			<trkpt lat="39.806058" lon="-105.528969">
				<ele>2697.67168</ele>
				<time>2021-11-29T07:02:59Z</time>
			</trkpt>
			<trkpt lat="39.805824" lon="-105.528826">
				<ele>2696.092478</ele>
				<time>2021-11-29T07:03:03Z</time>
			</trkpt>
			<trkpt lat="39.805429" lon="-105.528359">
				<ele>2692.832686</ele>
				<time>2021-11-29T07:03:11Z</time>
			</trkpt>
			<trkpt lat="39.805045" lon="-105.527769">
				<ele>2688.651187</ele>
				<time>2021-11-29T07:03:20Z</time>
			</trkpt>
			<trkpt lat="39.804883" lon="-105.527455">
				<ele>2686.497577</ele>
				<time>2021-11-29T07:03:25Z</time>
			</trkpt>
			<trkpt lat="39.804826" lon="-105.527248">
				<ele>2685.245535</ele>
				<time>2021-11-29T07:03:27Z</time>
			</trkpt>
			<trkpt lat="39.804651" lon="-105.52603">
				<ele>2678.150411</ele>
				<time>2021-11-29T07:03:41Z</time>
			</trkpt>
			<trkpt lat="39.804581" lon="-105.524832">
				<ele>2670.313739</ele>
				<time>2021-11-29T07:03:54Z</time>
			</trkpt>
			<trkpt lat="39.804535" lon="-105.524098">
				<ele>2665.510225</ele>
				<time>2021-11-29T07:04:03Z</time>
			</trkpt>
			<trkpt lat="39.804437" lon="-105.523247">
				<ele>2660.718858</ele>
				<time>2021-11-29T07:04:12Z</time>
			</trkpt>
			<trkpt lat="39.80419" lon="-105.522779">
				<ele>2657.938541</ele>
				<time>2021-11-29T07:04:19Z</time>
			</trkpt>
			<trkpt lat="39.804032" lon="-105.522537">
				<ele>2656.383418</ele>
				<time>2021-11-29T07:04:23Z</time>
			</trkpt>
			<trkpt lat="39.803632" lon="-105.522086">
				<ele>2653.010393</ele>
				<time>2021-11-29T07:04:31Z</time>
			</trkpt>
			<trkpt lat="39.803518" lon="-105.521914">
				<ele>2651.898036</ele>
				<time>2021-11-29T07:04:34Z</time>
			</trkpt>
			<trkpt lat="39.803214" lon="-105.521297">
				<ele>2649.586999</ele>
				<time>2021-11-29T07:04:43Z</time>
			</trkpt>
			<trkpt lat="39.803034" lon="-105.521246">
				<ele>2648.851752</ele>
				<time>2021-11-29T07:04:46Z</time>
			</trkpt>
			<trkpt lat="39.802815" lon="-105.521162">
				<ele>2647.940511</ele>
				<time>2021-11-29T07:04:50Z</time>
			</trkpt>
			<trkpt lat="39.802438" lon="-105.520948">
				<ele>2646.298956</ele>
				<time>2021-11-29T07:04:57Z</time>
			</trkpt>
			<trkpt lat="39.802346" lon="-105.520839">
				<ele>2645.802429</ele>
				<time>2021-11-29T07:04:59Z</time>
			</trkpt>
			<trkpt lat="39.802133" lon="-105.519692">
				<ele>2639.951824</ele>
				<time>2021-11-29T07:05:14Z</time>
			</trkpt>
			<trkpt lat="39.802067" lon="-105.519127">
				<ele>2636.545588</ele>
				<time>2021-11-29T07:05:20Z</time>
			</trkpt>
			<trkpt lat="39.802067" lon="-105.51891">
				<ele>2635.252217</ele>
				<time>2021-11-29T07:05:23Z</time>
			</trkpt>
			<trkpt lat="39.802284" lon="-105.518345">
				<ele>2631.487322</ele>
				<time>2021-11-29T07:05:30Z</time>
			</trkpt>
			<trkpt lat="39.802404" lon="-105.517541">
				<ele>2623.732389</ele>
				<time>2021-11-29T07:05:38Z</time>
			</trkpt>
			<trkpt lat="39.8025" lon="-105.517252">
				<ele>2620.504214</ele>
				<time>2021-11-29T07:05:41Z</time>
			</trkpt>
			<trkpt lat="39.802309" lon="-105.516783">
				<ele>2615.061816</ele>
				<time>2021-11-29T07:05:47Z</time>
			</trkpt>
			<trkpt lat="39.802184" lon="-105.515541">
				<ele>2602.980575</ele>
				<time>2021-11-29T07:06:00Z</time>
			</trkpt>
			<trkpt lat="39.802119" lon="-105.515319">
				<ele>2600.969012</ele>
				<time>2021-11-29T07:06:03Z</time>
			</trkpt>
			<trkpt lat="39.802009" lon="-105.515056">
				<ele>2598.433565</ele>
				<time>2021-11-29T07:06:06Z</time>
			</trkpt>
			<trkpt lat="39.801723" lon="-105.514398">
				<ele>2592.032396</ele>
				<time>2021-11-29T07:06:14Z</time>
			</trkpt>
			<trkpt lat="39.801529" lon="-105.51378">
				<ele>2586.691462</ele>
				<time>2021-11-29T07:06:21Z</time>
			</trkpt>
			<trkpt lat="39.801404" lon="-105.513512">
				<ele>2586.165557</ele>
				<time>2021-11-29T07:06:25Z</time>
			</trkpt>
			<trkpt lat="39.800951" lon="-105.512904">
				<ele>2584.74486</ele>
				<time>2021-11-29T07:06:35Z</time>
			</trkpt>
			<trkpt lat="39.800783" lon="-105.512572">
				<ele>2584.07801</ele>
				<time>2021-11-29T07:06:41Z</time>
			</trkpt>
			<trkpt lat="39.800666" lon="-105.512609">
				<ele>2583.815125</ele>
				<time>2021-11-29T07:06:45Z</time>
			</trkpt>
			<trkpt lat="39.800319" lon="-105.512599">
				<ele>2583.057311</ele>
				<time>2021-11-29T07:06:57Z</time>
			</trkpt>
			<trkpt lat="39.799894" lon="-105.512585">
				<ele>2585.750003</ele>
				<time>2021-11-29T07:07:18Z</time>
			</trkpt>
			<trkpt lat="39.799363" lon="-105.512652">
				<ele>2590.506481</ele>
				<time>2021-11-29T07:07:52Z</time>
			</trkpt>
			<trkpt lat="39.799229" lon="-105.512608">
				<ele>2591.738628</ele>
				<time>2021-11-29T07:08:02Z</time>
			</trkpt>
			<trkpt lat="39.799151" lon="-105.512622">
				<ele>2592.440641</ele>
				<time>2021-11-29T07:08:09Z</time>
			</trkpt>
			<trkpt lat="39.798935" lon="-105.512745">
				<ele>2594.542694</ele>
				<time>2021-11-29T07:08:27Z</time>
			</trkpt>
			<trkpt lat="39.797966" lon="-105.513165">
				<ele>2604.634737</ele>
				<time>2021-11-29T07:09:52Z</time>
			</trkpt>
			<trkpt lat="39.796951" lon="-105.513566">
				<ele>2616.046916</ele>
				<time>2021-11-29T07:11:10Z</time>
			</trkpt>
			<trkpt lat="39.796318" lon="-105.5136">
				<ele>2622.606458</ele>
				<time>2021-11-29T07:11:55Z</time>
			</trkpt>
			<trkpt lat="39.796135" lon="-105.513611">
				<ele>2624.46829</ele>
				<time>2021-11-29T07:12:09Z</time>
			</trkpt>
			<trkpt lat="39.796028" lon="-105.513572">
				<ele>2625.59758</ele>
				<time>2021-11-29T07:12:17Z</time>
			</trkpt>
			<trkpt lat="39.795937" lon="-105.513485">
				<ele>2626.745121</ele>
				<time>2021-11-29T07:12:25Z</time>
			</trkpt>
			<trkpt lat="39.7959" lon="-105.513345">
				<ele>2627.901193</ele>
				<time>2021-11-29T07:12:34Z</time>
			</trkpt>
			<trkpt lat="39.795921" lon="-105.51324">
				<ele>2628.74842</ele>
				<time>2021-11-29T07:12:40Z</time>
			</trkpt>
			<trkpt lat="39.796042" lon="-105.512996">
				<ele>2631.016112</ele>
				<time>2021-11-29T07:12:56Z</time>
			</trkpt>
			<trkpt lat="39.796364" lon="-105.512265">
				<ele>2637.644503</ele>
				<time>2021-11-29T07:13:44Z</time>
			</trkpt>
			<trkpt lat="39.796489" lon="-105.512028">
				<ele>2639.989909</ele>
				<time>2021-11-29T07:14:00Z</time>
			</trkpt>
			<trkpt lat="39.796488" lon="-105.511959">
				<ele>2640.55297</ele>
				<time>2021-11-29T07:14:04Z</time>
			</trkpt>
			<trkpt lat="39.796461" lon="-105.511899">
				<ele>2641.120284</ele>
				<time>2021-11-29T07:14:08Z</time>
			</trkpt>
			<trkpt lat="39.796349" lon="-105.51189">
				<ele>2642.31188</ele>
				<time>2021-11-29T07:14:16Z</time>
			</trkpt>
			<trkpt lat="39.79513" lon="-105.5122">
				<ele>2655.501268</ele>
				<time>2021-11-29T07:15:50Z</time>
			</trkpt>
			<trkpt lat="39.794922" lon="-105.512184">
				<ele>2657.9292</ele>
				<time>2021-11-29T07:16:07Z</time>
			</trkpt>
			<trkpt lat="39.794385" lon="-105.511988">
				<ele>2664.457337</ele>
				<time>2021-11-29T07:16:51Z</time>
			</trkpt>
			<trkpt lat="39.794209" lon="-105.512013">
				<ele>2666.529671</ele>
				<time>2021-11-29T07:17:06Z</time>
			</trkpt>
			<trkpt lat="39.793513" lon="-105.512612">
				<ele>2676.29653</ele>
				<time>2021-11-29T07:18:16Z</time>
			</trkpt>
			<trkpt lat="39.793314" lon="-105.512922">
				<ele>2679.232828</ele>
				<time>2021-11-29T07:18:41Z</time>
			</trkpt>
			<trkpt lat="39.79312" lon="-105.513147">
				<ele>2681.625895</ele>
				<time>2021-11-29T07:19:01Z</time>
			</trkpt>
			<trkpt lat="39.792974" lon="-105.513278">
				<ele>2683.25902</ele>
				<time>2021-11-29T07:19:14Z</time>
			</trkpt>
			<trkpt lat="39.792675" lon="-105.513457">
				<ele>2686.289948</ele>
				<time>2021-11-29T07:19:38Z</time>
			</trkpt>
			<trkpt lat="39.792339" lon="-105.513747">
				<ele>2690.002879</ele>
				<time>2021-11-29T07:20:04Z</time>
			</trkpt>
			<trkpt lat="39.792184" lon="-105.513927">
				<ele>2691.91597</ele>
				<time>2021-11-29T07:20:16Z</time>
			</trkpt>
			<trkpt lat="39.791386" lon="-105.515059">
				<ele>2697.26394</ele>
				<time>2021-11-29T07:21:10Z</time>
			</trkpt>
			<trkpt lat="39.790842" lon="-105.515558">
				<ele>2699.852531</ele>
				<time>2021-11-29T07:21:32Z</time>
			</trkpt>
			<trkpt lat="39.790746" lon="-105.515712">
				<ele>2700.408669</ele>
				<time>2021-11-29T07:21:37Z</time>
			</trkpt>
			<trkpt lat="39.790704" lon="-105.51584">
				<ele>2700.756602</ele>
				<time>2021-11-29T07:21:40Z</time>
			</trkpt>
			<trkpt lat="39.790378" lon="-105.516621">
				<ele>2702.978463</ele>
				<time>2021-11-29T07:22:04Z</time>
			</trkpt>
			<trkpt lat="39.790363" lon="-105.516864">
				<ele>2703.587885</ele>
				<time>2021-11-29T07:22:11Z</time>
			</trkpt>
			<trkpt lat="39.790407" lon="-105.516975">
				<ele>2703.900117</ele>
				<time>2021-11-29T07:22:15Z</time>
			</trkpt>
			<trkpt lat="39.790522" lon="-105.517147">
				<ele>2704.470079</ele>
				<time>2021-11-29T07:22:22Z</time>
			</trkpt>
			<trkpt lat="39.790751" lon="-105.517414">
				<ele>2705.470357</ele>
				<time>2021-11-29T07:22:35Z</time>
			</trkpt>
			<trkpt lat="39.790812" lon="-105.517618">
				<ele>2706.017579</ele>
				<time>2021-11-29T07:22:42Z</time>
			</trkpt>
			<trkpt lat="39.790838" lon="-105.51785">
				<ele>2707.032692</ele>
				<time>2021-11-29T07:22:53Z</time>
			</trkpt>
			<trkpt lat="39.790775" lon="-105.518302">
				<ele>2709.110355</ele>
				<time>2021-11-29T07:23:16Z</time>
			</trkpt>
			<trkpt lat="39.790723" lon="-105.518489">
				<ele>2710.009799</ele>
				<time>2021-11-29T07:23:26Z</time>
			</trkpt>
			<trkpt lat="39.790385" lon="-105.519129">
				<ele>2713.522179</ele>
				<time>2021-11-29T07:24:07Z</time>
			</trkpt>
			<trkpt lat="39.790108" lon="-105.520566">
				<ele>2721.228614</ele>
				<time>2021-11-29T07:25:26Z</time>
			</trkpt>
			<trkpt lat="39.789749" lon="-105.521358">
				<ele>2726.561697</ele>
				<time>2021-11-29T07:26:21Z</time>
			</trkpt>
			<trkpt lat="39.789606" lon="-105.521622">
				<ele>2728.435031</ele>
				<time>2021-11-29T07:26:40Z</time>
			</trkpt>
			<trkpt lat="39.789252" lon="-105.522281">
				<ele>2732.99426</ele>
				<time>2021-11-29T07:27:29Z</time>
			</trkpt>
			<trkpt lat="39.788787" lon="-105.523252">
				<ele>2739.388477</ele>
				<time>2021-11-29T07:28:34Z</time>
			</trkpt>
			<trkpt lat="39.788669" lon="-105.523381">
				<ele>2740.509329</ele>
				<time>2021-11-29T07:28:45Z</time>
			</trkpt>
			<trkpt lat="39.788435" lon="-105.523369">
				<ele>2742.212553</ele>
				<time>2021-11-29T07:29:02Z</time>
			</trkpt>
			<trkpt lat="39.788018" lon="-105.523044">
				<ele>2745.110119</ele>
				<time>2021-11-29T07:29:35Z</time>
			</trkpt>
			<trkpt lat="39.787846" lon="-105.523021">
				<ele>2746.037649</ele>
				<time>2021-11-29T07:29:46Z</time>
			</trkpt>
			<trkpt lat="39.787657" lon="-105.523077">
				<ele>2747.077463</ele>
				<time>2021-11-29T07:29:58Z</time>
			</trkpt>
			<trkpt lat="39.787355" lon="-105.523418">
				<ele>2749.222307</ele>
				<time>2021-11-29T07:30:23Z</time>
			</trkpt>
			<trkpt lat="39.787086" lon="-105.523923">
				<ele>2751.755224</ele>
				<time>2021-11-29T07:30:51Z</time>
			</trkpt>
			<trkpt lat="39.786127" lon="-105.524941">
				<ele>2758.9434</ele>
				<time>2021-11-29T07:32:11Z</time>
			</trkpt>
			<trkpt lat="39.785899" lon="-105.525359">
				<ele>2761.270295</ele>
				<time>2021-11-29T07:32:38Z</time>
			</trkpt>
			<trkpt lat="39.785689" lon="-105.526136">
				<ele>2764.967593</ele>
				<time>2021-11-29T07:33:23Z</time>
			</trkpt>
			<trkpt lat="39.785703" lon="-105.526993">
				<ele>2768.744478</ele>
				<time>2021-11-29T07:34:11Z</time>
			</trkpt>
			<trkpt lat="39.785581" lon="-105.528147">
				<ele>2773.87702</ele>
				<time>2021-11-29T07:35:07Z</time>
			</trkpt>
			<trkpt lat="39.785489" lon="-105.52841">
				<ele>2774.155616</ele>
				<time>2021-11-29T07:35:19Z</time>
			</trkpt>
			<trkpt lat="39.785329" lon="-105.52856">
				<ele>2774.383223</ele>
				<time>2021-11-29T07:35:29Z</time>
			</trkpt>
			<trkpt lat="39.785204" lon="-105.528573">
				<ele>2774.527961</ele>
				<time>2021-11-29T07:35:35Z</time>
			</trkpt>
			<trkpt lat="39.78448" lon="-105.528117">
				<ele>2775.456345</ele>
				<time>2021-11-29T07:36:07Z</time>
			</trkpt>
			<trkpt lat="39.784111" lon="-105.527884">
				<ele>2775.929743</ele>
				<time>2021-11-29T07:36:22Z</time>
			</trkpt>
			<trkpt lat="39.783808" lon="-105.527814">
				<ele>2775.706179</ele>
				<time>2021-11-29T07:36:32Z</time>
			</trkpt>
			<trkpt lat="39.783593" lon="-105.527872">
				<ele>2775.477093</ele>
				<time>2021-11-29T07:36:40Z</time>
			</trkpt>
			<trkpt lat="39.782885" lon="-105.528588">
				<ele>2774.541569</ele>
				<time>2021-11-29T07:37:10Z</time>
			</trkpt>
			<trkpt lat="39.782632" lon="-105.528764">
				<ele>2774.242253</ele>
				<time>2021-11-29T07:37:20Z</time>
			</trkpt>
			<trkpt lat="39.782245" lon="-105.528936">
				<ele>2773.967662</ele>
				<time>2021-11-29T07:37:35Z</time>
			</trkpt>
			<trkpt lat="39.78194" lon="-105.529249">
				<ele>2773.775813</ele>
				<time>2021-11-29T07:37:48Z</time>
			</trkpt>
			<trkpt lat="39.781763" lon="-105.529724">
				<ele>2773.575447</ele>
				<time>2021-11-29T07:38:03Z</time>
			</trkpt>
			<trkpt lat="39.781397" lon="-105.53126">
				<ele>2773.636735</ele>
				<time>2021-11-29T07:38:47Z</time>
			</trkpt>
			<trkpt lat="39.781258" lon="-105.531879">
				<ele>2774.047084</ele>
				<time>2021-11-29T07:39:08Z</time>
			</trkpt>
			<trkpt lat="39.781065" lon="-105.533136">
				<ele>2775.107097</ele>
				<time>2021-11-29T07:39:52Z</time>
			</trkpt>
			<trkpt lat="39.780568" lon="-105.535552">
				<ele>2779.719641</ele>
				<time>2021-11-29T07:41:24Z</time>
			</trkpt>
			<trkpt lat="39.780339" lon="-105.536103">
				<ele>2781.582825</ele>
				<time>2021-11-29T07:41:49Z</time>
			</trkpt>
			<trkpt lat="39.780229" lon="-105.536242">
				<ele>2782.176275</ele>
				<time>2021-11-29T07:41:58Z</time>
			</trkpt>
			<trkpt lat="39.780061" lon="-105.536311">
				<ele>2782.858113</ele>
				<time>2021-11-29T07:42:08Z</time>
			</trkpt>
			<trkpt lat="39.778292" lon="-105.536775">
				<ele>2791.827387</ele>
				<time>2021-11-29T07:44:02Z</time>
			</trkpt>
			<trkpt lat="39.777879" lon="-105.536802">
				<ele>2794.153976</ele>
				<time>2021-11-29T07:44:30Z</time>
			</trkpt>
			<trkpt lat="39.777125" lon="-105.536854">
				<ele>2799.228118</ele>
				<time>2021-11-29T07:45:22Z</time>
			</trkpt>
			<trkpt lat="39.776458" lon="-105.53699">
				<ele>2804.141188</ele>
				<time>2021-11-29T07:46:10Z</time>
			</trkpt>
			<trkpt lat="39.775157" lon="-105.537443">
				<ele>2815.848414</ele>
				<time>2021-11-29T07:47:58Z</time>
			</trkpt>
			<trkpt lat="39.77463" lon="-105.537732">
				<ele>2821.516987</ele>
				<time>2021-11-29T07:48:50Z</time>
			</trkpt>
			<trkpt lat="39.774496" lon="-105.537806">
				<ele>2822.959865</ele>
				<time>2021-11-29T07:49:03Z</time>
			</trkpt>
			<trkpt lat="39.773543" lon="-105.537533">
				<ele>2831.980533</ele>
				<time>2021-11-29T07:50:34Z</time>
			</trkpt>
			<trkpt lat="39.773177" lon="-105.537366">
				<ele>2835.416121</ele>
				<time>2021-11-29T07:51:09Z</time>
			</trkpt>
			<trkpt lat="39.772921" lon="-105.537181">
				<ele>2838.010056</ele>
				<time>2021-11-29T07:51:33Z</time>
			</trkpt>
			<trkpt lat="39.772717" lon="-105.537161">
				<ele>2839.822201</ele>
				<time>2021-11-29T07:51:48Z</time>
			</trkpt>
			<trkpt lat="39.772505" lon="-105.537377">
				<ele>2842.207361</ele>
				<time>2021-11-29T07:52:07Z</time>
			</trkpt>
			<trkpt lat="39.77217" lon="-105.537894">
				<ele>2842.427291</ele>
				<time>2021-11-29T07:52:34Z</time>
			</trkpt>
			<trkpt lat="39.771892" lon="-105.538133">
				<ele>2842.421187</ele>
				<time>2021-11-29T07:52:48Z</time>
			</trkpt>
			<trkpt lat="39.771252" lon="-105.53842">
				<ele>2842.408786</ele>
				<time>2021-11-29T07:53:01Z</time>
			</trkpt>
			<trkpt lat="39.771025" lon="-105.538474">
				<ele>2842.404558</ele>
				<time>2021-11-29T07:53:05Z</time>
			</trkpt>
			<trkpt lat="39.770949" lon="-105.538465">
				<ele>2842.338854</ele>
				<time>2021-11-29T07:53:06Z</time>
			</trkpt>
			<trkpt lat="39.770878" lon="-105.538437">
				<ele>2841.955005</ele>
				<time>2021-11-29T07:53:07Z</time>
			</trkpt>
			<trkpt lat="39.770766" lon="-105.538339">
				<ele>2841.256673</ele>
				<time>2021-11-29T07:53:10Z</time>
			</trkpt>
			<trkpt lat="39.770529" lon="-105.538041">
				<ele>2839.551404</ele>
				<time>2021-11-29T07:53:15Z</time>
			</trkpt>
			<trkpt lat="39.770344" lon="-105.537567">
				<ele>2837.437346</ele>
				<time>2021-11-29T07:53:22Z</time>
			</trkpt>
			<trkpt lat="39.770165" lon="-105.537261">
				<ele>2835.908134</ele>
				<time>2021-11-29T07:53:27Z</time>
			</trkpt>
			<trkpt lat="39.769332" lon="-105.536306">
				<ele>2830.094862</ele>
				<time>2021-11-29T07:53:45Z</time>
			</trkpt>
			<trkpt lat="39.768629" lon="-105.53544">
				<ele>2824.968255</ele>
				<time>2021-11-29T07:54:01Z</time>
			</trkpt>
			<trkpt lat="39.768231" lon="-105.534752">
				<ele>2821.005527</ele>
				<time>2021-11-29T07:54:12Z</time>
			</trkpt>
			<trkpt lat="39.768107" lon="-105.534599">
				<ele>2819.904101</ele>
				<time>2021-11-29T07:54:14Z</time>
			</trkpt>
			<trkpt lat="39.766607" lon="-105.533348">
				<ele>2807.975526</ele>
				<time>2021-11-29T07:54:43Z</time>
			</trkpt>
			<trkpt lat="39.765873" lon="-105.532547">
				<ele>2801.028655</ele>
				<time>2021-11-29T07:54:58Z</time>
			</trkpt>
			<trkpt lat="39.764957" lon="-105.531325">
				<ele>2789.660506</ele>
				<time>2021-11-29T07:55:18Z</time>
			</trkpt>
			<trkpt lat="39.764879" lon="-105.531275">
				<ele>2788.872463</ele>
				<time>2021-11-29T07:55:19Z</time>
			</trkpt>
			<trkpt lat="39.764781" lon="-105.531274">
				<ele>2787.984295</ele>
				<time>2021-11-29T07:55:20Z</time>
			</trkpt>
			<trkpt lat="39.764685" lon="-105.531337">
				<ele>2787.009853</ele>
				<time>2021-11-29T07:55:22Z</time>
			</trkpt>
			<trkpt lat="39.76448" lon="-105.531584">
				<ele>2784.477602</ele>
				<time>2021-11-29T07:55:26Z</time>
			</trkpt>
			<trkpt lat="39.764387" lon="-105.531594">
				<ele>2783.6319</ele>
				<time>2021-11-29T07:55:28Z</time>
			</trkpt>
			<trkpt lat="39.763616" lon="-105.53087">
				<ele>2775.20053</ele>
				<time>2021-11-29T07:55:42Z</time>
			</trkpt>
			<trkpt lat="39.763516" lon="-105.530761">
				<ele>2774.047058</ele>
				<time>2021-11-29T07:55:44Z</time>
			</trkpt>
			<trkpt lat="39.763484" lon="-105.530671">
				<ele>2773.373124</ele>
				<time>2021-11-29T07:55:45Z</time>
			</trkpt>
			<trkpt lat="39.763529" lon="-105.530563">
				<ele>2772.538223</ele>
				<time>2021-11-29T07:55:46Z</time>
			</trkpt>
			<trkpt lat="39.763673" lon="-105.530464">
				<ele>2771.098201</ele>
				<time>2021-11-29T07:55:49Z</time>
			</trkpt>
			<trkpt lat="39.763994" lon="-105.530311">
				<ele>2768.075605</ele>
				<time>2021-11-29T07:55:54Z</time>
			</trkpt>
			<trkpt lat="39.76426" lon="-105.530222">
				<ele>2766.02653</ele>
				<time>2021-11-29T07:55:58Z</time>
			</trkpt>
			<trkpt lat="39.76447" lon="-105.529993">
				<ele>2764.448161</ele>
				<time>2021-11-29T07:56:03Z</time>
			</trkpt>
			<trkpt lat="39.764616" lon="-105.529453">
				<ele>2761.913636</ele>
				<time>2021-11-29T07:56:10Z</time>
			</trkpt>
			<trkpt lat="39.764669" lon="-105.529015">
				<ele>2759.95044</ele>
				<time>2021-11-29T07:56:16Z</time>
			</trkpt>
			<trkpt lat="39.764621" lon="-105.528678">
				<ele>2758.43292</ele>
				<time>2021-11-29T07:56:20Z</time>
			</trkpt>
			<trkpt lat="39.764593" lon="-105.528484">
				<ele>2757.558944</ele>
				<time>2021-11-29T07:56:22Z</time>
			</trkpt>
			<trkpt lat="39.764476" lon="-105.528127">
				<ele>2755.930801</ele>
				<time>2021-11-29T07:56:27Z</time>
			</trkpt>
			<trkpt lat="39.764295" lon="-105.527949">
				<ele>2754.84438</ele>
				<time>2021-11-29T07:56:31Z</time>
			</trkpt>
			<trkpt lat="39.764037" lon="-105.527841">
				<ele>2753.546652</ele>
				<time>2021-11-29T07:56:36Z</time>
			</trkpt>
			<trkpt lat="39.763824" lon="-105.527649">
				<ele>2752.305866</ele>
				<time>2021-11-29T07:56:41Z</time>
			</trkpt>
			<trkpt lat="39.76359" lon="-105.527117">
				<ele>2750.049879</ele>
				<time>2021-11-29T07:56:49Z</time>
			</trkpt>
			<trkpt lat="39.763395" lon="-105.526391">
				<ele>2746.497038</ele>
				<time>2021-11-29T07:56:59Z</time>
			</trkpt>
			<trkpt lat="39.763293" lon="-105.526165">
				<ele>2744.250928</ele>
				<time>2021-11-29T07:57:02Z</time>
			</trkpt>
			<trkpt lat="39.763183" lon="-105.52609">
				<ele>2742.866255</ele>
				<time>2021-11-29T07:57:04Z</time>
			</trkpt>
			<trkpt lat="39.762212" lon="-105.526019">
				<ele>2732.023081</ele>
				<time>2021-11-29T07:57:18Z</time>
			</trkpt>
			<trkpt lat="39.761847" lon="-105.525927">
				<ele>2727.877858</ele>
				<time>2021-11-29T07:57:23Z</time>
			</trkpt>
			<trkpt lat="39.761706" lon="-105.525835">
				<ele>2726.364728</ele>
				<time>2021-11-29T07:57:26Z</time>
			</trkpt>
			<trkpt lat="39.761624" lon="-105.52565">
				<ele>2724.817163</ele>
				<time>2021-11-29T07:57:28Z</time>
			</trkpt>
			<trkpt lat="39.761521" lon="-105.52489">
				<ele>2719.224624</ele>
				<time>2021-11-29T07:57:37Z</time>
			</trkpt>
			<trkpt lat="39.761516" lon="-105.524696">
				<ele>2717.817946</ele>
				<time>2021-11-29T07:57:39Z</time>
			</trkpt>
			<trkpt lat="39.761561" lon="-105.524464">
				<ele>2716.083983</ele>
				<time>2021-11-29T07:57:42Z</time>
			</trkpt>
			<trkpt lat="39.761852" lon="-105.523413">
				<ele>2710.372969</ele>
				<time>2021-11-29T07:58:00Z</time>
			</trkpt>
			<trkpt lat="39.762013" lon="-105.522408">
				<ele>2709.350454</ele>
				<time>2021-11-29T07:58:26Z</time>
			</trkpt>
			<trkpt lat="39.762029" lon="-105.522256">
				<ele>2709.197645</ele>
				<time>2021-11-29T07:58:28Z</time>
			</trkpt>
			<trkpt lat="39.762013" lon="-105.522178">
				<ele>2709.117237</ele>
				<time>2021-11-29T07:58:30Z</time>
			</trkpt>
			<trkpt lat="39.761953" lon="-105.522058">
				<ele>2708.974654</ele>
				<time>2021-11-29T07:58:32Z</time>
			</trkpt>
			<trkpt lat="39.761857" lon="-105.521989">
				<ele>2708.832542</ele>
				<time>2021-11-29T07:58:35Z</time>
			</trkpt>
			<trkpt lat="39.761504" lon="-105.521912">
				<ele>2708.051202</ele>
				<time>2021-11-29T07:58:41Z</time>
			</trkpt>
			<trkpt lat="39.760979" lon="-105.521911">
				<ele>2703.341322</ele>
				<time>2021-11-29T07:58:51Z</time>
			</trkpt>
			<trkpt lat="39.760684" lon="-105.521865">
				<ele>2700.675876</ele>
				<time>2021-11-29T07:58:56Z</time>
			</trkpt>
			<trkpt lat="39.760249" lon="-105.521722">
				<ele>2696.65073</ele>
				<time>2021-11-29T07:59:03Z</time>
			</trkpt>
			<trkpt lat="39.760081" lon="-105.521541">
				<ele>2694.693779</ele>
				<time>2021-11-29T07:59:06Z</time>
			</trkpt>
			<trkpt lat="39.760035" lon="-105.521421">
				<ele>2693.769023</ele>
				<time>2021-11-29T07:59:08Z</time>
			</trkpt>
			<trkpt lat="39.759771" lon="-105.520364">
				<ele>2684.20751</ele>
				<time>2021-11-29T07:59:21Z</time>
			</trkpt>
			<trkpt lat="39.759645" lon="-105.520157">
				<ele>2681.827885</ele>
				<time>2021-11-29T07:59:24Z</time>
			</trkpt>
			<trkpt lat="39.759388" lon="-105.519927">
				<ele>2678.170658</ele>
				<time>2021-11-29T07:59:29Z</time>
			</trkpt>
			<trkpt lat="39.759263" lon="-105.519774">
				<ele>2676.158421</ele>
				<time>2021-11-29T07:59:32Z</time>
			</trkpt>
			<trkpt lat="39.759151" lon="-105.519566">
				<ele>2673.869668</ele>
				<time>2021-11-29T07:59:35Z</time>
			</trkpt>
			<trkpt lat="39.759061" lon="-105.519249">
				<ele>2670.958355</ele>
				<time>2021-11-29T07:59:39Z</time>
			</trkpt>
			<trkpt lat="39.759044" lon="-105.518933">
				<ele>2669.125246</ele>
				<time>2021-11-29T07:59:43Z</time>
			</trkpt>
			<trkpt lat="39.759106" lon="-105.518369">
				<ele>2665.828276</ele>
				<time>2021-11-29T07:59:50Z</time>
			</trkpt>
			<trkpt lat="39.759094" lon="-105.517988">
				<ele>2663.621647</ele>
				<time>2021-11-29T07:59:55Z</time>
			</trkpt>
			<trkpt lat="39.759036" lon="-105.517723">
				<ele>2662.027197</ele>
				<time>2021-11-29T07:59:58Z</time>
			</trkpt>
			<trkpt lat="39.75872" lon="-105.516755">
				<ele>2657.111959</ele>
				<time>2021-11-29T08:00:13Z</time>
			</trkpt>
			<trkpt lat="39.758676" lon="-105.516429">
				<ele>2656.501397</ele>
				<time>2021-11-29T08:00:19Z</time>
			</trkpt>
			<trkpt lat="39.758668" lon="-105.515843">
				<ele>2655.420247</ele>
				<time>2021-11-29T08:00:30Z</time>
			</trkpt>
			<trkpt lat="39.758712" lon="-105.514698">
				<ele>2653.310177</ele>
				<time>2021-11-29T08:00:47Z</time>
			</trkpt>
			<trkpt lat="39.758682" lon="-105.514574">
				<ele>2653.099968</ele>
				<time>2021-11-29T08:00:49Z</time>
			</trkpt>
			<trkpt lat="39.758575" lon="-105.514403">
				<ele>2652.743432</ele>
				<time>2021-11-29T08:00:52Z</time>
			</trkpt>
			<trkpt lat="39.758511" lon="-105.514348">
				<ele>2652.582085</ele>
				<time>2021-11-29T08:00:54Z</time>
			</trkpt>
			<trkpt lat="39.75835" lon="-105.514244">
				<ele>2652.203967</ele>
				<time>2021-11-29T08:00:58Z</time>
			</trkpt>
			<trkpt lat="39.758124" lon="-105.514151">
				<ele>2651.70536</ele>
				<time>2021-11-29T08:01:03Z</time>
			</trkpt>
			<trkpt lat="39.758" lon="-105.514136">
				<ele>2651.443403</ele>
				<time>2021-11-29T08:01:07Z</time>
			</trkpt>
			<trkpt lat="39.757732" lon="-105.514164">
				<ele>2650.877855</ele>
				<time>2021-11-29T08:01:14Z</time>
			</trkpt>
			<trkpt lat="39.757569" lon="-105.514181">
				<ele>2650.533887</ele>
				<time>2021-11-29T08:01:18Z</time>
			</trkpt>
			<trkpt lat="39.757425" lon="-105.514241">
				<ele>2650.215826</ele>
				<time>2021-11-29T08:01:21Z</time>
			</trkpt>
			<trkpt lat="39.757261" lon="-105.514444">
				<ele>2649.739629</ele>
				<time>2021-11-29T08:01:26Z</time>
			</trkpt>
			<trkpt lat="39.757235" lon="-105.514521">
				<ele>2649.603633</ele>
				<time>2021-11-29T08:01:27Z</time>
			</trkpt>
			<trkpt lat="39.757239" lon="-105.514583">
				<ele>2649.355118</ele>
				<time>2021-11-29T08:01:28Z</time>
			</trkpt>
			<trkpt lat="39.757284" lon="-105.514648">
				<ele>2648.848306</ele>
				<time>2021-11-29T08:01:29Z</time>
			</trkpt>
			<trkpt lat="39.757399" lon="-105.514667">
				<ele>2647.974619</ele>
				<time>2021-11-29T08:01:31Z</time>
			</trkpt>
			<trkpt lat="39.757569" lon="-105.514561">
				<ele>2646.553782</ele>
				<time>2021-11-29T08:01:34Z</time>
			</trkpt>
			<trkpt lat="39.757804" lon="-105.514464">
				<ele>2644.695619</ele>
				<time>2021-11-29T08:01:38Z</time>
			</trkpt>
			<trkpt lat="39.757952" lon="-105.514464">
				<ele>2643.580182</ele>
				<time>2021-11-29T08:01:41Z</time>
			</trkpt>
			<trkpt lat="39.758169" lon="-105.514559">
				<ele>2641.854572</ele>
				<time>2021-11-29T08:01:44Z</time>
			</trkpt>
			<trkpt lat="39.758253" lon="-105.514631">
				<ele>2641.096404</ele>
				<time>2021-11-29T08:01:46Z</time>
			</trkpt>
			<trkpt lat="39.758301" lon="-105.514712">
				<ele>2640.503852</ele>
				<time>2021-11-29T08:01:47Z</time>
			</trkpt>
			<trkpt lat="39.758334" lon="-105.514882">
				<ele>2639.48798</ele>
				<time>2021-11-29T08:01:50Z</time>
			</trkpt>
			<trkpt lat="39.758161" lon="-105.515889">
				<ele>2632.010067</ele>
				<time>2021-11-29T08:02:03Z</time>
			</trkpt>
			<trkpt lat="39.758076" lon="-105.516256">
				<ele>2628.454421</ele>
				<time>2021-11-29T08:02:07Z</time>
			</trkpt>
			<trkpt lat="39.758043" lon="-105.516618">
				<ele>2625.072781</ele>
				<time>2021-11-29T08:02:11Z</time>
			</trkpt>
			<trkpt lat="39.758097" lon="-105.517119">
				<ele>2620.37977</ele>
				<time>2021-11-29T08:02:17Z</time>
			</trkpt>
			<trkpt lat="39.758283" lon="-105.51778">
				<ele>2614.089674</ele>
				<time>2021-11-29T08:02:26Z</time>
			</trkpt>
			<trkpt lat="39.758295" lon="-105.518002">
				<ele>2613.124285</ele>
				<time>2021-11-29T08:02:28Z</time>
			</trkpt>
			<trkpt lat="39.758244" lon="-105.518189">
				<ele>2612.263564</ele>
				<time>2021-11-29T08:02:31Z</time>
			</trkpt>
			<trkpt lat="39.757991" lon="-105.518593">
				<ele>2610.003163</ele>
				<time>2021-11-29T08:02:38Z</time>
			</trkpt>
			<trkpt lat="39.757921" lon="-105.518775">
				<ele>2609.120366</ele>
				<time>2021-11-29T08:02:40Z</time>
			</trkpt>
			<trkpt lat="39.757617" lon="-105.520676">
				<ele>2602.73082</ele>
				<time>2021-11-29T08:03:11Z</time>
			</trkpt>
			<trkpt lat="39.757672" lon="-105.520838">
				<ele>2602.414943</ele>
				<time>2021-11-29T08:03:14Z</time>
			</trkpt>
			<trkpt lat="39.757749" lon="-105.520913">
				<ele>2602.191755</ele>
				<time>2021-11-29T08:03:16Z</time>
			</trkpt>
			<trkpt lat="39.758047" lon="-105.520973">
				<ele>2601.492105</ele>
				<time>2021-11-29T08:03:22Z</time>
			</trkpt>
			<trkpt lat="39.75822" lon="-105.52104">
				<ele>2601.0733</ele>
				<time>2021-11-29T08:03:26Z</time>
			</trkpt>
			<trkpt lat="39.758429" lon="-105.521153">
				<ele>2600.548162</ele>
				<time>2021-11-29T08:03:30Z</time>
			</trkpt>
			<trkpt lat="39.758535" lon="-105.521262">
				<ele>2600.234659</ele>
				<time>2021-11-29T08:03:33Z</time>
			</trkpt>
			<trkpt lat="39.758587" lon="-105.521432">
				<ele>2599.798949</ele>
				<time>2021-11-29T08:03:36Z</time>
			</trkpt>
			<trkpt lat="39.758581" lon="-105.522078">
				<ele>2596.82606</ele>
				<time>2021-11-29T08:03:46Z</time>
			</trkpt>
			<trkpt lat="39.758632" lon="-105.522339">
				<ele>2595.586836</ele>
				<time>2021-11-29T08:03:50Z</time>
			</trkpt>
			<trkpt lat="39.758743" lon="-105.522606">
				<ele>2594.19004</ele>
				<time>2021-11-29T08:03:54Z</time>
			</trkpt>
			<trkpt lat="39.759132" lon="-105.523367">
				<ele>2589.984692</ele>
				<time>2021-11-29T08:04:05Z</time>
			</trkpt>
			<trkpt lat="39.759179" lon="-105.523512">
				<ele>2589.260569</ele>
				<time>2021-11-29T08:04:07Z</time>
			</trkpt>
			<trkpt lat="39.759195" lon="-105.523655">
				<ele>2588.081663</ele>
				<time>2021-11-29T08:04:09Z</time>
			</trkpt>
			<trkpt lat="39.75918" lon="-105.523822">
				<ele>2586.661812</ele>
				<time>2021-11-29T08:04:11Z</time>
			</trkpt>
			<trkpt lat="39.759078" lon="-105.524042">
				<ele>2584.492252</ele>
				<time>2021-11-29T08:04:14Z</time>
			</trkpt>
			<trkpt lat="39.759009" lon="-105.524096">
				<ele>2583.607681</ele>
				<time>2021-11-29T08:04:16Z</time>
			</trkpt>
			<trkpt lat="39.758805" lon="-105.524162">
				<ele>2581.298457</ele>
				<time>2021-11-29T08:04:19Z</time>
			</trkpt>
			<trkpt lat="39.758492" lon="-105.524177">
				<ele>2577.857796</ele>
				<time>2021-11-29T08:04:24Z</time>
			</trkpt>
			<trkpt lat="39.758166" lon="-105.524138">
				<ele>2574.26155</ele>
				<time>2021-11-29T08:04:29Z</time>
			</trkpt>
			<trkpt lat="39.75799" lon="-105.524083">
				<ele>2572.273169</ele>
				<time>2021-11-29T08:04:32Z</time>
			</trkpt>
			<trkpt lat="39.757591" lon="-105.523872">
				<ele>2568.020492</ele>
				<time>2021-11-29T08:04:39Z</time>
			</trkpt>
			<trkpt lat="39.75744" lon="-105.523851">
				<ele>2566.770189</ele>
				<time>2021-11-29T08:04:41Z</time>
			</trkpt>
			<trkpt lat="39.757156" lon="-105.523905">
				<ele>2564.407104</ele>
				<time>2021-11-29T08:04:46Z</time>
			</trkpt>
			<trkpt lat="39.757071" lon="-105.523975">
				<ele>2563.57882</ele>
				<time>2021-11-29T08:04:47Z</time>
			</trkpt>
			<trkpt lat="39.757016" lon="-105.524064">
				<ele>2562.856062</ele>
				<time>2021-11-29T08:04:49Z</time>
			</trkpt>
			<trkpt lat="39.756961" lon="-105.525082">
				<ele>2556.396831</ele>
				<time>2021-11-29T08:05:02Z</time>
			</trkpt>
			<trkpt lat="39.75697" lon="-105.525305">
				<ele>2554.983429</ele>
				<time>2021-11-29T08:05:05Z</time>
			</trkpt>
			<trkpt lat="39.757041" lon="-105.52547">
				<ele>2554.413866</ele>
				<time>2021-11-29T08:05:07Z</time>
			</trkpt>
			<trkpt lat="39.757386" lon="-105.525785">
				<ele>2553.482019</ele>
				<time>2021-11-29T08:05:15Z</time>
			</trkpt>
			<trkpt lat="39.757443" lon="-105.525964">
				<ele>2553.152735</ele>
				<time>2021-11-29T08:05:18Z</time>
			</trkpt>
			<trkpt lat="39.757429" lon="-105.526055">
				<ele>2552.99501</ele>
				<time>2021-11-29T08:05:20Z</time>
			</trkpt>
			<trkpt lat="39.757113" lon="-105.526818">
				<ele>2551.522049</ele>
				<time>2021-11-29T08:05:35Z</time>
			</trkpt>
			<trkpt lat="39.757084" lon="-105.526975">
				<ele>2551.247626</ele>
				<time>2021-11-29T08:05:39Z</time>
			</trkpt>
			<trkpt lat="39.757079" lon="-105.527289">
				<ele>2550.713852</ele>
				<time>2021-11-29T08:05:44Z</time>
			</trkpt>
			<trkpt lat="39.757113" lon="-105.527647">
				<ele>2550.463834</ele>
				<time>2021-11-29T08:05:51Z</time>
			</trkpt>
			<trkpt lat="39.757147" lon="-105.527766">
				<ele>2550.386232</ele>
				<time>2021-11-29T08:05:53Z</time>
			</trkpt>
			<trkpt lat="39.757185" lon="-105.527827">
				<ele>2550.338239</ele>
				<time>2021-11-29T08:05:55Z</time>
			</trkpt>
			<trkpt lat="39.757225" lon="-105.527891">
				<ele>2550.28782</ele>
				<time>2021-11-29T08:05:56Z</time>
			</trkpt>
			<trkpt lat="39.757532" lon="-105.528229">
				<ele>2549.968015</ele>
				<time>2021-11-29T08:06:05Z</time>
			</trkpt>
			<trkpt lat="39.757782" lon="-105.528637">
				<ele>2549.649088</ele>
				<time>2021-11-29T08:06:14Z</time>
			</trkpt>
			<trkpt lat="39.757848" lon="-105.528834">
				<ele>2549.517731</ele>
				<time>2021-11-29T08:06:18Z</time>
			</trkpt>
			<trkpt lat="39.757868" lon="-105.529065">
				<ele>2549.375636</ele>
				<time>2021-11-29T08:06:23Z</time>
			</trkpt>
			<trkpt lat="39.757846" lon="-105.529182">
				<ele>2549.30201</ele>
				<time>2021-11-29T08:06:25Z</time>
			</trkpt>
			<trkpt lat="39.757789" lon="-105.529244">
				<ele>2549.24293</ele>
				<time>2021-11-29T08:06:27Z</time>
			</trkpt>
			<trkpt lat="39.757755" lon="-105.529247">
				<ele>2549.054703</ele>
				<time>2021-11-29T08:06:28Z</time>
			</trkpt>
			<trkpt lat="39.757698" lon="-105.528856">
				<ele>2547.009452</ele>
				<time>2021-11-29T08:06:38Z</time>
			</trkpt>
			<trkpt lat="39.757612" lon="-105.528645">
				<ele>2545.782091</ele>
				<time>2021-11-29T08:06:44Z</time>
			</trkpt>
			<trkpt lat="39.757328" lon="-105.528249">
				<ele>2542.998853</ele>
				<time>2021-11-29T08:06:55Z</time>
			</trkpt>
			<trkpt lat="39.756995" lon="-105.527947">
				<ele>2540.285067</ele>
				<time>2021-11-29T08:07:06Z</time>
			</trkpt>
			<trkpt lat="39.756888" lon="-105.527793">
				<ele>2539.218267</ele>
				<time>2021-11-29T08:07:10Z</time>
			</trkpt>
			<trkpt lat="39.756702" lon="-105.526962">
				<ele>2533.40675</ele>
				<time>2021-11-29T08:07:27Z</time>
			</trkpt>
			<trkpt lat="39.756659" lon="-105.526252">
				<ele>2527.703988</ele>
				<time>2021-11-29T08:07:40Z</time>
			</trkpt>
			<trkpt lat="39.756528" lon="-105.525983">
				<ele>2525.154231</ele>
				<time>2021-11-29T08:07:46Z</time>
			</trkpt>
			<trkpt lat="39.756277" lon="-105.525282">
				<ele>2518.962162</ele>
				<time>2021-11-29T08:08:02Z</time>
			</trkpt>
			<trkpt lat="39.756261" lon="-105.524886">
				<ele>2517.70402</ele>
				<time>2021-11-29T08:08:10Z</time>
			</trkpt>
			<trkpt lat="39.756136" lon="-105.524341">
				<ele>2516.392696</ele>
				<time>2021-11-29T08:08:24Z</time>
			</trkpt>
			<trkpt lat="39.756078" lon="-105.523828">
				<ele>2515.197161</ele>
				<time>2021-11-29T08:08:38Z</time>
			</trkpt>
			<trkpt lat="39.756138" lon="-105.523681">
				<ele>2514.813418</ele>
				<time>2021-11-29T08:08:43Z</time>
			</trkpt>
			<trkpt lat="39.756265" lon="-105.523498">
				<ele>2514.244989</ele>
				<time>2021-11-29T08:08:49Z</time>
			</trkpt>
			<trkpt lat="39.75653" lon="-105.523023">
				<ele>2512.642935</ele>
				<time>2021-11-29T08:09:05Z</time>
			</trkpt>
			<trkpt lat="39.756558" lon="-105.522945">
				<ele>2512.188596</ele>
				<time>2021-11-29T08:09:07Z</time>
			</trkpt>
			<trkpt lat="39.756551" lon="-105.522823">
				<ele>2511.542913</ele>
				<time>2021-11-29T08:09:10Z</time>
			</trkpt>
			<trkpt lat="39.756486" lon="-105.522694">
				<ele>2510.728865</ele>
				<time>2021-11-29T08:09:13Z</time>
			</trkpt>
			<trkpt lat="39.756388" lon="-105.522634">
				<ele>2509.985269</ele>
				<time>2021-11-29T08:09:17Z</time>
			</trkpt>
			<trkpt lat="39.75591" lon="-105.522639">
				<ele>2506.70356</ele>
				<time>2021-11-29T08:09:30Z</time>
			</trkpt>
			<trkpt lat="39.755858" lon="-105.522638">
				<ele>2506.346527</ele>
				<time>2021-11-29T08:09:31Z</time>
			</trkpt>
			<trkpt lat="39.7548" lon="-105.522212">
				<ele>2499.114897</ele>
				<time>2021-11-29T08:10:00Z</time>
			</trkpt>
			<trkpt lat="39.754635" lon="-105.52206">
				<ele>2497.985728</ele>
				<time>2021-11-29T08:10:05Z</time>
			</trkpt>
			<trkpt lat="39.754551" lon="-105.521896">
				<ele>2497.139636</ele>
				<time>2021-11-29T08:10:09Z</time>
			</trkpt>
			<trkpt lat="39.754516" lon="-105.521636">
				<ele>2496.006345</ele>
				<time>2021-11-29T08:10:15Z</time>
			</trkpt>
			<trkpt lat="39.754532" lon="-105.521509">
				<ele>2495.453799</ele>
				<time>2021-11-29T08:10:17Z</time>
			</trkpt>
			<trkpt lat="39.754588" lon="-105.521388">
				<ele>2494.847415</ele>
				<time>2021-11-29T08:10:20Z</time>
			</trkpt>
			<trkpt lat="39.755224" lon="-105.520765">
				<ele>2490.446293</ele>
				<time>2021-11-29T08:10:46Z</time>
			</trkpt>
			<trkpt lat="39.755306" lon="-105.520626">
				<ele>2489.811233</ele>
				<time>2021-11-29T08:10:52Z</time>
			</trkpt>
			<trkpt lat="39.755348" lon="-105.520461">
				<ele>2489.181244</ele>
				<time>2021-11-29T08:10:57Z</time>
			</trkpt>
			<trkpt lat="39.755313" lon="-105.520208">
				<ele>2488.24949</ele>
				<time>2021-11-29T08:11:06Z</time>
			</trkpt>
			<trkpt lat="39.755228" lon="-105.520087">
				<ele>2487.655392</ele>
				<time>2021-11-29T08:11:10Z</time>
			</trkpt>
			<trkpt lat="39.754723" lon="-105.51996">
				<ele>2485.23036</ele>
				<time>2021-11-29T08:11:27Z</time>
			</trkpt>
			<trkpt lat="39.754266" lon="-105.51965">
				<ele>2482.800337</ele>
				<time>2021-11-29T08:11:40Z</time>
			</trkpt>
			<trkpt lat="39.753988" lon="-105.519518">
				<ele>2480.391611</ele>
				<time>2021-11-29T08:11:47Z</time>
			</trkpt>
			<trkpt lat="39.753644" lon="-105.51949">
				<ele>2476.724773</ele>
				<time>2021-11-29T08:11:56Z</time>
			</trkpt>
			<trkpt lat="39.753441" lon="-105.519551">
				<ele>2474.508257</ele>
				<time>2021-11-29T08:12:01Z</time>
			</trkpt>
			<trkpt lat="39.753355" lon="-105.519577">
				<ele>2473.568949</ele>
				<time>2021-11-29T08:12:03Z</time>
			</trkpt>
			<trkpt lat="39.75325" lon="-105.519578">
				<ele>2472.451865</ele>
				<time>2021-11-29T08:12:06Z</time>
			</trkpt>
			<trkpt lat="39.753124" lon="-105.519484">
				<ele>2470.906569</ele>
				<time>2021-11-29T08:12:10Z</time>
			</trkpt>
			<trkpt lat="39.753041" lon="-105.519345">
				<ele>2469.467054</ele>
				<time>2021-11-29T08:12:13Z</time>
			</trkpt>
			<trkpt lat="39.752983" lon="-105.519145">
				<ele>2467.718738</ele>
				<time>2021-11-29T08:12:18Z</time>
			</trkpt>
			<trkpt lat="39.752969" lon="-105.518968">
				<ele>2466.263405</ele>
				<time>2021-11-29T08:12:21Z</time>
			</trkpt>
			<trkpt lat="39.753014" lon="-105.518691">
				<ele>2463.947781</ele>
				<time>2021-11-29T08:12:27Z</time>
			</trkpt>
			<trkpt lat="39.753076" lon="-105.518564">
				<ele>2462.921208</ele>
				<time>2021-11-29T08:12:30Z</time>
			</trkpt>
			<trkpt lat="39.75342" lon="-105.518058">
				<ele>2460.532019</ele>
				<time>2021-11-29T08:12:43Z</time>
			</trkpt>
			<trkpt lat="39.753555" lon="-105.517616">
				<ele>2458.849751</ele>
				<time>2021-11-29T08:12:53Z</time>
			</trkpt>
			<trkpt lat="39.753513" lon="-105.517466">
				<ele>2458.285091</ele>
				<time>2021-11-29T08:12:57Z</time>
			</trkpt>
			<trkpt lat="39.753465" lon="-105.5174">
				<ele>2457.963736</ele>
				<time>2021-11-29T08:12:59Z</time>
			</trkpt>
			<trkpt lat="39.753238" lon="-105.517319">
				<ele>2456.880764</ele>
				<time>2021-11-29T08:13:07Z</time>
			</trkpt>
			<trkpt lat="39.75283" lon="-105.517119">
				<ele>2454.874751</ele>
				<time>2021-11-29T08:13:23Z</time>
			</trkpt>
			<trkpt lat="39.752714" lon="-105.517007">
				<ele>2454.995165</ele>
				<time>2021-11-29T08:13:28Z</time>
			</trkpt>
			<trkpt lat="39.752668" lon="-105.516913">
				<ele>2455.124367</ele>
				<time>2021-11-29T08:13:31Z</time>
			</trkpt>
			<trkpt lat="39.752473" lon="-105.515565">
				<ele>2456.714839</ele>
				<time>2021-11-29T08:14:24Z</time>
			</trkpt>
			<trkpt lat="39.752552" lon="-105.515074">
				<ele>2457.296502</ele>
				<time>2021-11-29T08:14:43Z</time>
			</trkpt>
			<trkpt lat="39.752769" lon="-105.514641">
				<ele>2456.401908</ele>
				<time>2021-11-29T08:15:00Z</time>
			</trkpt>
			<trkpt lat="39.752776" lon="-105.514502">
				<ele>2455.931364</ele>
				<time>2021-11-29T08:15:04Z</time>
			</trkpt>
			<trkpt lat="39.752698" lon="-105.514427">
				<ele>2455.505174</ele>
				<time>2021-11-29T08:15:08Z</time>
			</trkpt>
			<trkpt lat="39.752384" lon="-105.514483">
				<ele>2454.112623</ele>
				<time>2021-11-29T08:15:17Z</time>
			</trkpt>
			<trkpt lat="39.752107" lon="-105.514677">
				<ele>2452.730333</ele>
				<time>2021-11-29T08:15:26Z</time>
			</trkpt>
			<trkpt lat="39.751791" lon="-105.515039">
				<ele>2450.880177</ele>
				<time>2021-11-29T08:15:38Z</time>
			</trkpt>
			<trkpt lat="39.751447" lon="-105.515376">
				<ele>2448.301757</ele>
				<time>2021-11-29T08:15:49Z</time>
			</trkpt>
			<trkpt lat="39.751384" lon="-105.515382">
				<ele>2447.718637</ele>
				<time>2021-11-29T08:15:51Z</time>
			</trkpt>
			<trkpt lat="39.751311" lon="-105.515347">
				<ele>2447.000438</ele>
				<time>2021-11-29T08:15:53Z</time>
			</trkpt>
			<trkpt lat="39.751202" lon="-105.515254">
				<ele>2445.797076</ele>
				<time>2021-11-29T08:15:56Z</time>
			</trkpt>
			<trkpt lat="39.750904" lon="-105.514912">
				<ele>2442.128443</ele>
				<time>2021-11-29T08:16:06Z</time>
			</trkpt>
			<trkpt lat="39.750108" lon="-105.513935">
				<ele>2432.301636</ele>
				<time>2021-11-29T08:16:35Z</time>
			</trkpt>
			<trkpt lat="39.750033" lon="-105.513885">
				<ele>2431.742496</ele>
				<time>2021-11-29T08:16:37Z</time>
			</trkpt>
			<trkpt lat="39.749587" lon="-105.51379">
				<ele>2428.744108</ele>
				<time>2021-11-29T08:16:49Z</time>
			</trkpt>
			<trkpt lat="39.749257" lon="-105.513621">
				<ele>2426.391133</ele>
				<time>2021-11-29T08:16:59Z</time>
			</trkpt>
			<trkpt lat="39.748955" lon="-105.513416">
				<ele>2424.131064</ele>
				<time>2021-11-29T08:17:08Z</time>
			</trkpt>
			<trkpt lat="39.748383" lon="-105.513303">
				<ele>2420.483498</ele>
				<time>2021-11-29T08:17:25Z</time>
			</trkpt>
			<trkpt lat="39.748081" lon="-105.513276">
				<ele>2418.965345</ele>
				<time>2021-11-29T08:17:35Z</time>
			</trkpt>
			<trkpt lat="39.747995" lon="-105.513217">
				<ele>2418.477718</ele>
				<time>2021-11-29T08:17:38Z</time>
			</trkpt>
			<trkpt lat="39.74789" lon="-105.51305">
				<ele>2417.645871</ele>
				<time>2021-11-29T08:17:43Z</time>
			</trkpt>
			<trkpt lat="39.747853" lon="-105.512957">
				<ele>2417.242099</ele>
				<time>2021-11-29T08:17:45Z</time>
			</trkpt>
			<trkpt lat="39.74784" lon="-105.512845">
				<ele>2416.805336</ele>
				<time>2021-11-29T08:17:48Z</time>
			</trkpt>
			<trkpt lat="39.747973" lon="-105.511904">
				<ele>2413.116057</ele>
				<time>2021-11-29T08:18:08Z</time>
			</trkpt>
			<trkpt lat="39.747941" lon="-105.511804">
				<ele>2412.698395</ele>
				<time>2021-11-29T08:18:10Z</time>
			</trkpt>
			<trkpt lat="39.747846" lon="-105.511781">
				<ele>2412.213771</ele>
				<time>2021-11-29T08:18:13Z</time>
			</trkpt>
			<trkpt lat="39.74779" lon="-105.511874">
				<ele>2411.731417</ele>
				<time>2021-11-29T08:18:16Z</time>
			</trkpt>
			<trkpt lat="39.7477" lon="-105.512816">
				<ele>2407.738869</ele>
				<time>2021-11-29T08:18:39Z</time>
			</trkpt>
			<trkpt lat="39.747749" lon="-105.513178">
				<ele>2406.192872</ele>
				<time>2021-11-29T08:18:48Z</time>
			</trkpt>
			<trkpt lat="39.747839" lon="-105.513444">
				<ele>2404.970532</ele>
				<time>2021-11-29T08:18:54Z</time>
			</trkpt>
			<trkpt lat="39.74793" lon="-105.513539">
				<ele>2404.332198</ele>
				<time>2021-11-29T08:18:57Z</time>
			</trkpt>
			<trkpt lat="39.748423" lon="-105.513714">
				<ele>2401.479873</ele>
				<time>2021-11-29T08:19:10Z</time>
			</trkpt>
			<trkpt lat="39.748654" lon="-105.51383">
				<ele>2400.011901</ele>
				<time>2021-11-29T08:19:17Z</time>
			</trkpt>
			<trkpt lat="39.749508" lon="-105.514473">
				<ele>2394.161981</ele>
				<time>2021-11-29T08:19:46Z</time>
			</trkpt>
			<trkpt lat="39.749764" lon="-105.514725">
				<ele>2392.258672</ele>
				<time>2021-11-29T08:19:55Z</time>
			</trkpt>
			<trkpt lat="39.749976" lon="-105.515017">
				<ele>2390.013609</ele>
				<time>2021-11-29T08:20:04Z</time>
			</trkpt>
			<trkpt lat="39.750234" lon="-105.51556">
				<ele>2386.030981</ele>
				<time>2021-11-29T08:20:17Z</time>
			</trkpt>
			<trkpt lat="39.750261" lon="-105.515683">
				<ele>2385.232895</ele>
				<time>2021-11-29T08:20:20Z</time>
			</trkpt>
			<trkpt lat="39.750243" lon="-105.515749">
				<ele>2384.795968</ele>
				<time>2021-11-29T08:20:21Z</time>
			</trkpt>
			<trkpt lat="39.750069" lon="-105.515694">
				<ele>2383.342844</ele>
				<time>2021-11-29T08:20:24Z</time>
			</trkpt>
			<trkpt lat="39.749665" lon="-105.515206">
				<ele>2378.868588</ele>
				<time>2021-11-29T08:20:32Z</time>
			</trkpt>
			<trkpt lat="39.74938" lon="-105.514986">
				<ele>2375.993411</ele>
				<time>2021-11-29T08:20:37Z</time>
			</trkpt>
			<trkpt lat="39.749002" lon="-105.514802">
				<ele>2371.934842</ele>
				<time>2021-11-29T08:20:43Z</time>
			</trkpt>
			<trkpt lat="39.748254" lon="-105.514576">
				<ele>2364.212831</ele>
				<time>2021-11-29T08:20:54Z</time>
			</trkpt>
			<trkpt lat="39.747634" lon="-105.514465">
				<ele>2357.803936</ele>
				<time>2021-11-29T08:21:04Z</time>
			</trkpt>
			<trkpt lat="39.74675" lon="-105.514259">
				<ele>2347.674358</ele>
				<time>2021-11-29T08:21:17Z</time>
			</trkpt>
			<trkpt lat="39.745836" lon="-105.513921">
				<ele>2336.595883</ele>
				<time>2021-11-29T08:21:31Z</time>
			</trkpt>
			<trkpt lat="39.744323" lon="-105.513835">
				<ele>2315.723345</ele>
				<time>2021-11-29T08:21:52Z</time>
			</trkpt>
			<trkpt lat="39.743403" lon="-105.513822">
				<ele>2307.359535</ele>
				<time>2021-11-29T08:22:06Z</time>
			</trkpt>
			<trkpt lat="39.742967" lon="-105.513819">
				<ele>2303.763478</ele>
				<time>2021-11-29T08:22:12Z</time>
			</trkpt>
			<trkpt lat="39.742901" lon="-105.514729">
				<ele>2298.980318</ele>
				<time>2021-11-29T08:22:24Z</time>
			</trkpt>
			<trkpt lat="39.742852" lon="-105.514924">
				<ele>2299.010179</ele>
				<time>2021-11-29T08:22:27Z</time>
			</trkpt>
			<trkpt lat="39.742547" lon="-105.513767">
				<ele>2299.188213</ele>
				<time>2021-11-29T08:22:51Z</time>
			</trkpt>
			<trkpt lat="39.742398" lon="-105.513849">
				<ele>2299.21884</ele>
				<time>2021-11-29T08:22:58Z</time>
			</trkpt>
			<trkpt lat="39.742171" lon="-105.514072">
				<ele>2299.272694</ele>
				<time>2021-11-29T08:23:12Z</time>
			</trkpt>
			<trkpt lat="39.742139" lon="-105.51413">
				<ele>2299.283085</ele>
				<time>2021-11-29T08:23:14Z</time>
			</trkpt>
			<trkpt lat="39.742134" lon="-105.514221">
				<ele>2299.296364</ele>
				<time>2021-11-29T08:23:17Z</time>
			</trkpt>
			<trkpt lat="39.742074" lon="-105.514219">
				<ele>2299.485942</ele>
				<time>2021-11-29T08:23:20Z</time>
			</trkpt>
			<trkpt lat="39.742078" lon="-105.514164">
				<ele>2299.642309</ele>
				<time>2021-11-29T08:23:22Z</time>
			</trkpt>
			<trkpt lat="39.742083" lon="-105.514064">
				<ele>2299.925947</ele>
				<time>2021-11-29T08:23:24Z</time>
			</trkpt>
			<trkpt lat="39.742107" lon="-105.513741">
				<ele>2300.844424</ele>
				<time>2021-11-29T08:23:33Z</time>
			</trkpt>
			<trkpt lat="39.742117" lon="-105.513502">
				<ele>2301.521889</ele>
				<time>2021-11-29T08:23:41Z</time>
			</trkpt>
			<trkpt lat="39.742185" lon="-105.51237">
				<ele>2304.735659</ele>
				<time>2021-11-29T08:24:17Z</time>
			</trkpt>
			<trkpt lat="39.741858" lon="-105.512368">
				<ele>2305.954221</ele>
				<time>2021-11-29T08:24:32Z</time>
			</trkpt>
			<trkpt lat="39.741811" lon="-105.512367">
				<ele>2306.252468</ele>
				<time>2021-11-29T08:24:34Z</time>
			</trkpt>
			<trkpt lat="39.741174" lon="-105.512363">
				<ele>2310.29418</ele>
				<time>2021-11-29T08:25:05Z</time>
			</trkpt>
			<trkpt lat="39.740488" lon="-105.512392">
				<ele>2314.649041</ele>
				<time>2021-11-29T08:25:45Z</time>
			</trkpt>
			<trkpt lat="39.739945" lon="-105.512596">
				<ele>2318.157061</ele>
				<time>2021-11-29T08:26:20Z</time>
			</trkpt>
			<trkpt lat="39.738772" lon="-105.513138">
				<ele>2325.37312</ele>
				<time>2021-11-29T08:27:26Z</time>
			</trkpt>
			<trkpt lat="39.738457" lon="-105.513328">
				<ele>2327.385955</ele>
				<time>2021-11-29T08:27:41Z</time>
			</trkpt>
			<trkpt lat="39.738193" lon="-105.513499">
				<ele>2328.525692</ele>
				<time>2021-11-29T08:27:54Z</time>
			</trkpt>
			<trkpt lat="39.737457" lon="-105.51405">
				<ele>2331.352278</ele>
				<time>2021-11-29T08:28:24Z</time>
			</trkpt>
			<trkpt lat="39.737237" lon="-105.514128">
				<ele>2332.111239</ele>
				<time>2021-11-29T08:28:32Z</time>
			</trkpt>
			<trkpt lat="39.737047" lon="-105.514154">
				<ele>2332.747115</ele>
				<time>2021-11-29T08:28:38Z</time>
			</trkpt>
			<trkpt lat="39.73682" lon="-105.514142">
				<ele>2333.503272</ele>
				<time>2021-11-29T08:28:45Z</time>
			</trkpt>
			<trkpt lat="39.735721" lon="-105.513826">
				<ele>2340.77946</ele>
				<time>2021-11-29T08:29:41Z</time>
			</trkpt>
			<trkpt lat="39.734418" lon="-105.513344">
				<ele>2351.202295</ele>
				<time>2021-11-29T08:31:14Z</time>
			</trkpt>
			<trkpt lat="39.733957" lon="-105.513187">
				<ele>2355.459942</ele>
				<time>2021-11-29T08:31:47Z</time>
			</trkpt>
			<trkpt lat="39.733656" lon="-105.513179">
				<ele>2358.149742</ele>
				<time>2021-11-29T08:32:07Z</time>
			</trkpt>
			<trkpt lat="39.733506" lon="-105.513202">
				<ele>2359.499179</ele>
				<time>2021-11-29T08:32:17Z</time>
			</trkpt>
			<trkpt lat="39.733309" lon="-105.513275">
				<ele>2361.329315</ele>
				<time>2021-11-29T08:32:30Z</time>
			</trkpt>
			<trkpt lat="39.732984" lon="-105.513518">
				<ele>2363.955696</ele>
				<time>2021-11-29T08:32:54Z</time>
			</trkpt>
			<trkpt lat="39.732518" lon="-105.51393">
				<ele>2367.71342</ele>
				<time>2021-11-29T08:33:26Z</time>
			</trkpt>
			<trkpt lat="39.731168" lon="-105.514632">
				<ele>2376.957177</ele>
				<time>2021-11-29T08:34:40Z</time>
			</trkpt>
			<trkpt lat="39.730841" lon="-105.514838">
				<ele>2379.075032</ele>
				<time>2021-11-29T08:34:58Z</time>
			</trkpt>
			<trkpt lat="39.730313" lon="-105.515247">
				<ele>2382.657238</ele>
				<time>2021-11-29T08:35:31Z</time>
			</trkpt>
			<trkpt lat="39.729737" lon="-105.515632">
				<ele>2385.701567</ele>
				<time>2021-11-29T08:36:05Z</time>
			</trkpt>
			<trkpt lat="39.72945" lon="-105.51588">
				<ele>2387.020129</ele>
				<time>2021-11-29T08:36:20Z</time>
			</trkpt>
			<trkpt lat="39.729153" lon="-105.516217">
				<ele>2388.528438</ele>
				<time>2021-11-29T08:36:35Z</time>
			</trkpt>
			<trkpt lat="39.728897" lon="-105.51658">
				<ele>2389.977801</ele>
				<time>2021-11-29T08:36:49Z</time>
			</trkpt>
			<trkpt lat="39.728336" lon="-105.517468">
				<ele>2391.321773</ele>
				<time>2021-11-29T08:37:20Z</time>
			</trkpt>
			<trkpt lat="39.728193" lon="-105.517622">
				<ele>2391.365612</ele>
				<time>2021-11-29T08:37:26Z</time>
			</trkpt>
			<trkpt lat="39.727972" lon="-105.517737">
				<ele>2391.421815</ele>
				<time>2021-11-29T08:37:32Z</time>
			</trkpt>
			<trkpt lat="39.728193" lon="-105.517622">
				<ele>2391.478017</ele>
				<time>2021-11-29T08:37:37Z</time>
			</trkpt>
			<trkpt lat="39.728336" lon="-105.517468">
				<ele>2391.521857</ele>
				<time>2021-11-29T08:37:40Z</time>
			</trkpt>
			<trkpt lat="39.728897" lon="-105.51658">
				<ele>2389.852229</ele>
				<time>2021-11-29T08:37:56Z</time>
			</trkpt>
			<trkpt lat="39.729153" lon="-105.516217">
				<ele>2388.519354</ele>
				<time>2021-11-29T08:38:02Z</time>
			</trkpt>
			<trkpt lat="39.72945" lon="-105.51588">
				<ele>2387.132271</ele>
				<time>2021-11-29T08:38:09Z</time>
			</trkpt>
			<trkpt lat="39.729737" lon="-105.515632">
				<ele>2385.919684</ele>
				<time>2021-11-29T08:38:15Z</time>
			</trkpt>
			<trkpt lat="39.730313" lon="-105.515247">
				<ele>2382.580955</ele>
				<time>2021-11-29T08:38:25Z</time>
			</trkpt>
			<trkpt lat="39.730841" lon="-105.514838">
				<ele>2379.022965</ele>
				<time>2021-11-29T08:38:34Z</time>
			</trkpt>
			<trkpt lat="39.731168" lon="-105.514632">
				<ele>2376.919426</ele>
				<time>2021-11-29T08:38:40Z</time>
			</trkpt>
			<trkpt lat="39.732518" lon="-105.51393">
				<ele>2367.784269</ele>
				<time>2021-11-29T08:39:02Z</time>
			</trkpt>
			<trkpt lat="39.732984" lon="-105.513518">
				<ele>2364.154194</ele>
				<time>2021-11-29T08:39:11Z</time>
			</trkpt>
			<trkpt lat="39.733309" lon="-105.513275">
				<ele>2361.171289</ele>
				<time>2021-11-29T08:39:16Z</time>
			</trkpt>
			<trkpt lat="39.733506" lon="-105.513202">
				<ele>2359.36662</ele>
				<time>2021-11-29T08:39:19Z</time>
			</trkpt>
			<trkpt lat="39.733656" lon="-105.513179">
				<ele>2358.035962</ele>
				<time>2021-11-29T08:39:22Z</time>
			</trkpt>
			<trkpt lat="39.733957" lon="-105.513187">
				<ele>2355.383594</ele>
				<time>2021-11-29T08:39:26Z</time>
			</trkpt>
			<trkpt lat="39.734418" lon="-105.513344">
				<ele>2351.185197</ele>
				<time>2021-11-29T08:39:33Z</time>
			</trkpt>
			<trkpt lat="39.735721" lon="-105.513826">
				<ele>2340.754337</ele>
				<time>2021-11-29T08:39:52Z</time>
			</trkpt>
			<trkpt lat="39.73682" lon="-105.514142">
				<ele>2333.682103</ele>
				<time>2021-11-29T08:40:10Z</time>
			</trkpt>
			<trkpt lat="39.737047" lon="-105.514154">
				<ele>2332.954613</ele>
				<time>2021-11-29T08:40:14Z</time>
			</trkpt>
			<trkpt lat="39.737237" lon="-105.514128">
				<ele>2332.342844</ele>
				<time>2021-11-29T08:40:17Z</time>
			</trkpt>
		</trkseg>
	</trk>
</gpx>