<?xml version="1.0" encoding="UTF-8"?>
<gpx xmlns:xsi="http://www.w3.org/2001/XMLSchema-instance" xsi:schemaLocation="http://www.topografix.com/GPX/1/1 http://www.topografix.com/GPX/1/1/gpx.xsd" xmlns="http://www.topografix.com/GPX/1/1" version="1.1" creator="https://www.komoot.de">
	<metadata>
		<name>nosoco24-4</name>
		<author>
			<link href="https://www.komoot.de">
				<text>komoot</text>
				<type>text/html</type>
			</link>
		</author>
	</metadata>
	<trk>
		<name>nosoco24-4</name>
		<trkseg>
			<trkpt lat="38.13559" lon="-105.447086">
				<ele>2431.874953</ele>
				<time>2021-11-30T14:16:42Z</time>
			</trkpt>
			<trkpt lat="38.13562" lon="-105.448703">
				<ele>2428.90056</ele>
				<time>2021-11-30T14:17:06Z</time>
			</trkpt>
			<trkpt lat="38.135666" lon="-105.450304">
				<ele>2425.67818</ele>
				<time>2021-11-30T14:17:29Z</time>
			</trkpt>
			<trkpt lat="38.135715" lon="-105.45167">
				<ele>2422.878144</ele>
				<time>2021-11-30T14:17:49Z</time>
			</trkpt>
			<trkpt lat="38.135765" lon="-105.451981">
				<ele>2422.228149</ele>
				<time>2021-11-30T14:17:53Z</time>
			</trkpt>
			<trkpt lat="38.135734" lon="-105.452673">
				<ele>2420.995796</ele>
				<time>2021-11-30T14:18:03Z</time>
			</trkpt>
			<trkpt lat="38.135738" lon="-105.452826">
				<ele>2420.772304</ele>
				<time>2021-11-30T14:18:05Z</time>
			</trkpt>
			<trkpt lat="38.13574" lon="-105.452995">
				<ele>2420.525549</ele>
				<time>2021-11-30T14:18:08Z</time>
			</trkpt>
			<trkpt lat="38.135745" lon="-105.453156">
				<ele>2420.290317</ele>
				<time>2021-11-30T14:18:10Z</time>
			</trkpt>
			<trkpt lat="38.135753" lon="-105.453542">
				<ele>2419.726589</ele>
				<time>2021-11-30T14:18:16Z</time>
			</trkpt>
			<trkpt lat="38.135766" lon="-105.454511">
				<ele>2418.311714</ele>
				<time>2021-11-30T14:18:30Z</time>
			</trkpt>
			<trkpt lat="38.13556" lon="-105.454525">
				<ele>2417.962885</ele>
				<time>2021-11-30T14:18:34Z</time>
			</trkpt>
			<trkpt lat="38.13531" lon="-105.454546">
				<ele>2417.580024</ele>
				<time>2021-11-30T14:18:39Z</time>
			</trkpt>
			<trkpt lat="38.135258" lon="-105.454558">
				<ele>2417.499263</ele>
				<time>2021-11-30T14:18:40Z</time>
			</trkpt>
			<trkpt lat="38.135067" lon="-105.454663">
				<ele>2417.181277</ele>
				<time>2021-11-30T14:18:44Z</time>
			</trkpt>
			<trkpt lat="38.134962" lon="-105.454765">
				<ele>2416.979348</ele>
				<time>2021-11-30T14:18:46Z</time>
			</trkpt>
			<trkpt lat="38.134413" lon="-105.455462">
				<ele>2415.793744</ele>
				<time>2021-11-30T14:19:01Z</time>
			</trkpt>
			<trkpt lat="38.134263" lon="-105.455662">
				<ele>2415.461586</ele>
				<time>2021-11-30T14:19:05Z</time>
			</trkpt>
			<trkpt lat="38.133569" lon="-105.456601">
				<ele>2413.520003</ele>
				<time>2021-11-30T14:19:24Z</time>
			</trkpt>
			<trkpt lat="38.133197" lon="-105.457124">
				<ele>2412.44444</ele>
				<time>2021-11-30T14:19:34Z</time>
			</trkpt>
			<trkpt lat="38.133021" lon="-105.457504">
				<ele>2411.770348</ele>
				<time>2021-11-30T14:19:40Z</time>
			</trkpt>
			<trkpt lat="38.132974" lon="-105.457667">
				<ele>2411.502185</ele>
				<time>2021-11-30T14:19:43Z</time>
			</trkpt>
			<trkpt lat="38.132937" lon="-105.458551">
				<ele>2410.134775</ele>
				<time>2021-11-30T14:19:56Z</time>
			</trkpt>
			<trkpt lat="38.132956" lon="-105.459637">
				<ele>2408.456861</ele>
				<time>2021-11-30T14:20:11Z</time>
			</trkpt>
			<trkpt lat="38.132959" lon="-105.460553">
				<ele>2407.726608</ele>
				<time>2021-11-30T14:20:25Z</time>
			</trkpt>
			<trkpt lat="38.132926" lon="-105.460816">
				<ele>2407.530059</ele>
				<time>2021-11-30T14:20:29Z</time>
			</trkpt>
			<trkpt lat="38.13287" lon="-105.461025">
				<ele>2407.367114</ele>
				<time>2021-11-30T14:20:33Z</time>
			</trkpt>
			<trkpt lat="38.132711" lon="-105.461403">
				<ele>2407.050765</ele>
				<time>2021-11-30T14:20:40Z</time>
			</trkpt>
			<trkpt lat="38.132576" lon="-105.461586">
				<ele>2406.865608</ele>
				<time>2021-11-30T14:20:44Z</time>
			</trkpt>
			<trkpt lat="38.13231" lon="-105.461846">
				<ele>2406.592968</ele>
				<time>2021-11-30T14:20:51Z</time>
			</trkpt>
			<trkpt lat="38.132141" lon="-105.46194">
				<ele>2406.483558</ele>
				<time>2021-11-30T14:20:55Z</time>
			</trkpt>
			<trkpt lat="38.131985" lon="-105.461991">
				<ele>2406.388021</ele>
				<time>2021-11-30T14:20:59Z</time>
			</trkpt>
			<trkpt lat="38.13158" lon="-105.46202">
				<ele>2406.147428</ele>
				<time>2021-11-30T14:21:07Z</time>
			</trkpt>
			<trkpt lat="38.131088" lon="-105.462079">
				<ele>2405.854319</ele>
				<time>2021-11-30T14:21:18Z</time>
			</trkpt>
			<trkpt lat="38.13101" lon="-105.462152">
				<ele>2405.796871</ele>
				<time>2021-11-30T14:21:20Z</time>
			</trkpt>
			<trkpt lat="38.130967" lon="-105.462297">
				<ele>2405.724574</ele>
				<time>2021-11-30T14:21:22Z</time>
			</trkpt>
			<trkpt lat="38.130966" lon="-105.462304">
				<ele>2405.721255</ele>
				<time>2021-11-30T14:21:23Z</time>
			</trkpt>
			<trkpt lat="38.130956" lon="-105.46246">
				<ele>2405.648232</ele>
				<time>2021-11-30T14:21:25Z</time>
			</trkpt>
			<trkpt lat="38.130963" lon="-105.462989">
				<ele>2404.954639</ele>
				<time>2021-11-30T14:21:33Z</time>
			</trkpt>
			<trkpt lat="38.130972" lon="-105.463563">
				<ele>2404.080096</ele>
				<time>2021-11-30T14:21:42Z</time>
			</trkpt>
			<trkpt lat="38.130971" lon="-105.463873">
				<ele>2403.607872</ele>
				<time>2021-11-30T14:21:46Z</time>
			</trkpt>
			<trkpt lat="38.13097" lon="-105.464517">
				<ele>2402.62687</ele>
				<time>2021-11-30T14:21:55Z</time>
			</trkpt>
			<trkpt lat="38.130979" lon="-105.465136">
				<ele>2401.506124</ele>
				<time>2021-11-30T14:22:04Z</time>
			</trkpt>
			<trkpt lat="38.130987" lon="-105.465721">
				<ele>2400.248047</ele>
				<time>2021-11-30T14:22:12Z</time>
			</trkpt>
			<trkpt lat="38.130999" lon="-105.466333">
				<ele>2398.931696</ele>
				<time>2021-11-30T14:22:20Z</time>
			</trkpt>
			<trkpt lat="38.131021" lon="-105.467545">
				<ele>2396.179245</ele>
				<time>2021-11-30T14:22:37Z</time>
			</trkpt>
			<trkpt lat="38.131032" lon="-105.468166">
				<ele>2394.620951</ele>
				<time>2021-11-30T14:22:45Z</time>
			</trkpt>
			<trkpt lat="38.13105" lon="-105.468814">
				<ele>2392.994304</ele>
				<time>2021-11-30T14:22:54Z</time>
			</trkpt>
			<trkpt lat="38.131055" lon="-105.469395">
				<ele>2391.536666</ele>
				<time>2021-11-30T14:23:02Z</time>
			</trkpt>
			<trkpt lat="38.131082" lon="-105.4703">
				<ele>2388.785972</ele>
				<time>2021-11-30T14:23:14Z</time>
			</trkpt>
			<trkpt lat="38.13109" lon="-105.470621">
				<ele>2387.804785</ele>
				<time>2021-11-30T14:23:18Z</time>
			</trkpt>
			<trkpt lat="38.131163" lon="-105.472917">
				<ele>2382.349508</ele>
				<time>2021-11-30T14:23:48Z</time>
			</trkpt>
			<trkpt lat="38.131165" lon="-105.473098">
				<ele>2382.030903</ele>
				<time>2021-11-30T14:23:50Z</time>
			</trkpt>
			<trkpt lat="38.131378" lon="-105.481064">
				<ele>2379.230501</ele>
				<time>2021-11-30T14:26:11Z</time>
			</trkpt>
			<trkpt lat="38.131495" lon="-105.486381">
				<ele>2380.387809</ele>
				<time>2021-11-30T14:27:53Z</time>
			</trkpt>
			<trkpt lat="38.126614" lon="-105.4865">
				<ele>2384.252595</ele>
				<time>2021-11-30T14:30:07Z</time>
			</trkpt>
			<trkpt lat="38.118913" lon="-105.486739">
				<ele>2392.029451</ele>
				<time>2021-11-30T14:33:44Z</time>
			</trkpt>
			<trkpt lat="38.116969" lon="-105.486845">
				<ele>2394.146925</ele>
				<time>2021-11-30T14:34:40Z</time>
			</trkpt>
			<trkpt lat="38.114519" lon="-105.486898">
				<ele>2397.079639</ele>
				<time>2021-11-30T14:35:51Z</time>
			</trkpt>
			<trkpt lat="38.105465" lon="-105.487255">
				<ele>2410.056135</ele>
				<time>2021-11-30T14:40:26Z</time>
			</trkpt>
			<trkpt lat="38.102514" lon="-105.487315">
				<ele>2414.84817</ele>
				<time>2021-11-30T14:41:59Z</time>
			</trkpt>
			<trkpt lat="38.098883" lon="-105.487489">
				<ele>2421.056381</ele>
				<time>2021-11-30T14:43:54Z</time>
			</trkpt>
			<trkpt lat="38.095338" lon="-105.487582">
				<ele>2426.968377</ele>
				<time>2021-11-30T14:45:45Z</time>
			</trkpt>
			<trkpt lat="38.087902" lon="-105.487804">
				<ele>2440.344057</ele>
				<time>2021-11-30T14:49:44Z</time>
			</trkpt>
			<trkpt lat="38.086215" lon="-105.487853">
				<ele>2443.770507</ele>
				<time>2021-11-30T14:50:42Z</time>
			</trkpt>
			<trkpt lat="38.079075" lon="-105.488105">
				<ele>2458.406926</ele>
				<time>2021-11-30T14:54:40Z</time>
			</trkpt>
			<trkpt lat="38.075125" lon="-105.488218">
				<ele>2465.766192</ele>
				<time>2021-11-30T14:56:49Z</time>
			</trkpt>
			<trkpt lat="38.070741" lon="-105.488365">
				<ele>2473.452412</ele>
				<time>2021-11-30T14:59:08Z</time>
			</trkpt>
			<trkpt lat="38.067352" lon="-105.488451">
				<ele>2479.037472</ele>
				<time>2021-11-30T15:00:55Z</time>
			</trkpt>
			<trkpt lat="38.062544" lon="-105.488616">
				<ele>2487.358336</ele>
				<time>2021-11-30T15:03:28Z</time>
			</trkpt>
			<trkpt lat="38.060892" lon="-105.488673">
				<ele>2489.654353</ele>
				<time>2021-11-30T15:04:20Z</time>
			</trkpt>
			<trkpt lat="38.058887" lon="-105.488741">
				<ele>2490.026172</ele>
				<time>2021-11-30T15:05:12Z</time>
			</trkpt>
			<trkpt lat="38.058932" lon="-105.479163">
				<ele>2470.32519</ele>
				<time>2021-11-30T15:09:08Z</time>
			</trkpt>
			<trkpt lat="38.05872" lon="-105.470004">
				<ele>2451.338443</ele>
				<time>2021-11-30T15:12:55Z</time>
			</trkpt>
			<trkpt lat="38.058686" lon="-105.468938">
				<ele>2450.652145</ele>
				<time>2021-11-30T15:13:23Z</time>
			</trkpt>
			<trkpt lat="38.057854" lon="-105.442787">
				<ele>2434.236113</ele>
				<time>2021-11-30T15:25:25Z</time>
			</trkpt>
			<trkpt lat="38.057685" lon="-105.442823">
				<ele>2434.217214</ele>
				<time>2021-11-30T15:25:29Z</time>
			</trkpt>
			<trkpt lat="38.057169" lon="-105.442849">
				<ele>2434.803951</ele>
				<time>2021-11-30T15:25:42Z</time>
			</trkpt>
			<trkpt lat="38.046906" lon="-105.443185">
				<ele>2446.625964</ele>
				<time>2021-11-30T15:30:42Z</time>
			</trkpt>
			<trkpt lat="38.044172" lon="-105.443263">
				<ele>2449.862484</ele>
				<time>2021-11-30T15:32:04Z</time>
			</trkpt>
			<trkpt lat="38.043288" lon="-105.443255">
				<ele>2450.655502</ele>
				<time>2021-11-30T15:32:28Z</time>
			</trkpt>
			<trkpt lat="38.042986" lon="-105.434553">
				<ele>2450.042237</ele>
				<time>2021-11-30T15:35:03Z</time>
			</trkpt>
			<trkpt lat="38.042783" lon="-105.425003">
				<ele>2456.37311</ele>
				<time>2021-11-30T15:38:30Z</time>
			</trkpt>
			<trkpt lat="38.038616" lon="-105.425033">
				<ele>2461.259086</ele>
				<time>2021-11-30T15:40:31Z</time>
			</trkpt>
			<trkpt lat="38.031817" lon="-105.425121">
				<ele>2469.881701</ele>
				<time>2021-11-30T15:43:52Z</time>
			</trkpt>
			<trkpt lat="38.028048" lon="-105.425253">
				<ele>2474.525944</ele>
				<time>2021-11-30T15:45:43Z</time>
			</trkpt>
			<trkpt lat="38.026873" lon="-105.425295">
				<ele>2476.024649</ele>
				<time>2021-11-30T15:46:18Z</time>
			</trkpt>
			<trkpt lat="38.024721" lon="-105.42544">
				<ele>2478.933604</ele>
				<time>2021-11-30T15:47:22Z</time>
			</trkpt>
			<trkpt lat="38.020906" lon="-105.425459">
				<ele>2484.566273</ele>
				<time>2021-11-30T15:49:18Z</time>
			</trkpt>
			<trkpt lat="38.018192" lon="-105.425575">
				<ele>2489.137383</ele>
				<time>2021-11-30T15:50:48Z</time>
			</trkpt>
			<trkpt lat="38.014444" lon="-105.425736">
				<ele>2496.539442</ele>
				<time>2021-11-30T15:52:58Z</time>
			</trkpt>
			<trkpt lat="38.01389" lon="-105.42576">
				<ele>2497.660444</ele>
				<time>2021-11-30T15:53:18Z</time>
			</trkpt>
			<trkpt lat="38.012487" lon="-105.425845">
				<ele>2500.484919</ele>
				<time>2021-11-30T15:54:07Z</time>
			</trkpt>
			<trkpt lat="38.009275" lon="-105.425953">
				<ele>2506.572189</ele>
				<time>2021-11-30T15:55:57Z</time>
			</trkpt>
			<trkpt lat="38.004752" lon="-105.426178">
				<ele>2513.3191</ele>
				<time>2021-11-30T15:58:21Z</time>
			</trkpt>
			<trkpt lat="37.999488" lon="-105.426495">
				<ele>2522.097932</ele>
				<time>2021-11-30T16:01:17Z</time>
			</trkpt>
			<trkpt lat="37.999403" lon="-105.426476">
				<ele>2522.195793</ele>
				<time>2021-11-30T16:01:20Z</time>
			</trkpt>
			<trkpt lat="37.999344" lon="-105.426411">
				<ele>2522.284383</ele>
				<time>2021-11-30T16:01:22Z</time>
			</trkpt>
			<trkpt lat="37.999293" lon="-105.42628">
				<ele>2522.414935</ele>
				<time>2021-11-30T16:01:26Z</time>
			</trkpt>
			<trkpt lat="37.999244" lon="-105.425191">
				<ele>2523.389535</ele>
				<time>2021-11-30T16:01:52Z</time>
			</trkpt>
			<trkpt lat="37.999023" lon="-105.417852">
				<ele>2527.786387</ele>
				<time>2021-11-30T16:04:36Z</time>
			</trkpt>
			<trkpt lat="37.998995" lon="-105.415961">
				<ele>2528.468183</ele>
				<time>2021-11-30T16:05:17Z</time>
			</trkpt>
			<trkpt lat="37.998767" lon="-105.409428">
				<ele>2526.780501</ele>
				<time>2021-11-30T16:07:21Z</time>
			</trkpt>
			<trkpt lat="37.998648" lon="-105.404589">
				<ele>2521.183251</ele>
				<time>2021-11-30T16:08:40Z</time>
			</trkpt>
			<trkpt lat="37.998591" lon="-105.403248">
				<ele>2522.183178</ele>
				<time>2021-11-30T16:09:13Z</time>
			</trkpt>
			<trkpt lat="37.998481" lon="-105.402411">
				<ele>2523.651422</ele>
				<time>2021-11-30T16:09:39Z</time>
			</trkpt>
			<trkpt lat="37.998511" lon="-105.40229">
				<ele>2523.870904</ele>
				<time>2021-11-30T16:09:43Z</time>
			</trkpt>
			<trkpt lat="37.99856" lon="-105.402204">
				<ele>2524.054529</ele>
				<time>2021-11-30T16:09:46Z</time>
			</trkpt>
			<trkpt lat="37.99864" lon="-105.402162">
				<ele>2524.244625</ele>
				<time>2021-11-30T16:09:50Z</time>
			</trkpt>
			<trkpt lat="37.999576" lon="-105.401872">
				<ele>2525.90522</ele>
				<time>2021-11-30T16:10:30Z</time>
			</trkpt>
			<trkpt lat="38.000001" lon="-105.401671">
				<ele>2526.630581</ele>
				<time>2021-11-30T16:10:44Z</time>
			</trkpt>
			<trkpt lat="38.000515" lon="-105.401276">
				<ele>2527.549126</ele>
				<time>2021-11-30T16:10:58Z</time>
			</trkpt>
			<trkpt lat="38.000806" lon="-105.401003">
				<ele>2527.30209</ele>
				<time>2021-11-30T16:11:07Z</time>
			</trkpt>
			<trkpt lat="38.001064" lon="-105.400625">
				<ele>2527.033085</ele>
				<time>2021-11-30T16:11:16Z</time>
			</trkpt>
			<trkpt lat="38.001145" lon="-105.400378">
				<ele>2526.889172</ele>
				<time>2021-11-30T16:11:20Z</time>
			</trkpt>
			<trkpt lat="38.001227" lon="-105.399806">
				<ele>2526.576431</ele>
				<time>2021-11-30T16:11:31Z</time>
			</trkpt>
			<trkpt lat="38.001225" lon="-105.399667">
				<ele>2526.501648</ele>
				<time>2021-11-30T16:11:33Z</time>
			</trkpt>
			<trkpt lat="38.001134" lon="-105.399251">
				<ele>2526.289484</ele>
				<time>2021-11-30T16:11:41Z</time>
			</trkpt>
			<trkpt lat="38.001062" lon="-105.39846">
				<ele>2525.994278</ele>
				<time>2021-11-30T16:11:56Z</time>
			</trkpt>
			<trkpt lat="38.001054" lon="-105.398127">
				<ele>2525.870764</ele>
				<time>2021-11-30T16:12:02Z</time>
			</trkpt>
			<trkpt lat="38.001083" lon="-105.397824">
				<ele>2525.757604</ele>
				<time>2021-11-30T16:12:08Z</time>
			</trkpt>
			<trkpt lat="38.001244" lon="-105.397076">
				<ele>2525.414751</ele>
				<time>2021-11-30T16:12:23Z</time>
			</trkpt>
			<trkpt lat="38.00129" lon="-105.396754">
				<ele>2524.91245</ele>
				<time>2021-11-30T16:12:28Z</time>
			</trkpt>
			<trkpt lat="38.001311" lon="-105.396314">
				<ele>2524.235847</ele>
				<time>2021-11-30T16:12:36Z</time>
			</trkpt>
			<trkpt lat="38.001311" lon="-105.3897">
				<ele>2514.609746</ele>
				<time>2021-11-30T16:14:22Z</time>
			</trkpt>
			<trkpt lat="38.00129" lon="-105.38937">
				<ele>2514.605219</ele>
				<time>2021-11-30T16:14:28Z</time>
			</trkpt>
			<trkpt lat="38.001204" lon="-105.389096">
				<ele>2514.601186</ele>
				<time>2021-11-30T16:14:35Z</time>
			</trkpt>
			<trkpt lat="38.001104" lon="-105.388906">
				<ele>2514.598062</ele>
				<time>2021-11-30T16:14:40Z</time>
			</trkpt>
			<trkpt lat="38.000542" lon="-105.38823">
				<ele>2514.731498</ele>
				<time>2021-11-30T16:15:04Z</time>
			</trkpt>
			<trkpt lat="38.000462" lon="-105.387994">
				<ele>2515.00426</ele>
				<time>2021-11-30T16:15:11Z</time>
			</trkpt>
			<trkpt lat="38.000464" lon="-105.387771">
				<ele>2515.241034</ele>
				<time>2021-11-30T16:15:17Z</time>
			</trkpt>
			<trkpt lat="38.00058" lon="-105.387323">
				<ele>2515.741696</ele>
				<time>2021-11-30T16:15:30Z</time>
			</trkpt>
			<trkpt lat="38.000956" lon="-105.386733">
				<ele>2516.547311</ele>
				<time>2021-11-30T16:15:50Z</time>
			</trkpt>
			<trkpt lat="38.000978" lon="-105.386615">
				<ele>2516.67605</ele>
				<time>2021-11-30T16:15:53Z</time>
			</trkpt>
			<trkpt lat="38.000969" lon="-105.386514">
				<ele>2516.783965</ele>
				<time>2021-11-30T16:15:55Z</time>
			</trkpt>
			<trkpt lat="37.999481" lon="-105.383885">
				<ele>2516.567299</ele>
				<time>2021-11-30T16:16:57Z</time>
			</trkpt>
			<trkpt lat="37.999046" lon="-105.383026">
				<ele>2516.205185</ele>
				<time>2021-11-30T16:17:15Z</time>
			</trkpt>
			<trkpt lat="37.998071" lon="-105.381294">
				<ele>2515.480721</ele>
				<time>2021-11-30T16:17:54Z</time>
			</trkpt>
			<trkpt lat="37.997928" lon="-105.380908">
				<ele>2515.337516</ele>
				<time>2021-11-30T16:18:02Z</time>
			</trkpt>
			<trkpt lat="37.997868" lon="-105.380505">
				<ele>2515.368624</ele>
				<time>2021-11-30T16:18:10Z</time>
			</trkpt>
			<trkpt lat="37.997812" lon="-105.363096">
				<ele>2527.552976</ele>
				<time>2021-11-30T16:24:51Z</time>
			</trkpt>
			<trkpt lat="37.997822" lon="-105.362848">
				<ele>2527.725373</ele>
				<time>2021-11-30T16:24:57Z</time>
			</trkpt>
			<trkpt lat="37.99786" lon="-105.362716">
				<ele>2527.822937</ele>
				<time>2021-11-30T16:25:00Z</time>
			</trkpt>
			<trkpt lat="37.997763" lon="-105.362641">
				<ele>2527.923005</ele>
				<time>2021-11-30T16:25:03Z</time>
			</trkpt>
			<trkpt lat="37.996811" lon="-105.361927">
				<ele>2529.17793</ele>
				<time>2021-11-30T16:25:33Z</time>
			</trkpt>
			<trkpt lat="37.994344" lon="-105.359501">
				<ele>2533.876943</ele>
				<time>2021-11-30T16:27:06Z</time>
			</trkpt>
			<trkpt lat="37.993747" lon="-105.358947">
				<ele>2535.353158</ele>
				<time>2021-11-30T16:27:30Z</time>
			</trkpt>
			<trkpt lat="37.993816" lon="-105.358667">
				<ele>2535.814614</ele>
				<time>2021-11-30T16:27:41Z</time>
			</trkpt>
			<trkpt lat="37.993787" lon="-105.358458">
				<ele>2536.148418</ele>
				<time>2021-11-30T16:27:50Z</time>
			</trkpt>
			<trkpt lat="37.993055" lon="-105.355732">
				<ele>2541.138849</ele>
				<time>2021-11-30T16:29:39Z</time>
			</trkpt>
			<trkpt lat="37.992992" lon="-105.355395">
				<ele>2541.725547</ele>
				<time>2021-11-30T16:29:52Z</time>
			</trkpt>
			<trkpt lat="37.992941" lon="-105.354578">
				<ele>2543.113831</ele>
				<time>2021-11-30T16:30:23Z</time>
			</trkpt>
			<trkpt lat="37.992776" lon="-105.349971">
				<ele>2550.969371</ele>
				<time>2021-11-30T16:33:17Z</time>
			</trkpt>
			<trkpt lat="37.992705" lon="-105.347976">
				<ele>2554.433649</ele>
				<time>2021-11-30T16:34:32Z</time>
			</trkpt>
			<trkpt lat="37.992585" lon="-105.343384">
				<ele>2562.701056</ele>
				<time>2021-11-30T16:37:29Z</time>
			</trkpt>
			<trkpt lat="37.992561" lon="-105.3423">
				<ele>2564.455899</ele>
				<time>2021-11-30T16:38:09Z</time>
			</trkpt>
			<trkpt lat="37.992506" lon="-105.34135">
				<ele>2565.698785</ele>
				<time>2021-11-30T16:38:42Z</time>
			</trkpt>
			<trkpt lat="37.992442" lon="-105.340964">
				<ele>2566.213458</ele>
				<time>2021-11-30T16:38:56Z</time>
			</trkpt>
			<trkpt lat="37.992354" lon="-105.34068">
				<ele>2566.61163</ele>
				<time>2021-11-30T16:39:07Z</time>
			</trkpt>
			<trkpt lat="37.991795" lon="-105.339379">
				<ele>2568.953357</ele>
				<time>2021-11-30T16:40:01Z</time>
			</trkpt>
			<trkpt lat="37.990249" lon="-105.336786">
				<ele>2574.924367</ele>
				<time>2021-11-30T16:42:07Z</time>
			</trkpt>
			<trkpt lat="37.988499" lon="-105.333816">
				<ele>2582.201471</ele>
				<time>2021-11-30T16:44:32Z</time>
			</trkpt>
			<trkpt lat="37.987783" lon="-105.3326">
				<ele>2585.202328</ele>
				<time>2021-11-30T16:45:31Z</time>
			</trkpt>
			<trkpt lat="37.987589" lon="-105.332202">
				<ele>2586.138086</ele>
				<time>2021-11-30T16:45:50Z</time>
			</trkpt>
			<trkpt lat="37.987418" lon="-105.331686">
				<ele>2587.257395</ele>
				<time>2021-11-30T16:46:12Z</time>
			</trkpt>
			<trkpt lat="37.987375" lon="-105.331408">
				<ele>2587.823897</ele>
				<time>2021-11-30T16:46:23Z</time>
			</trkpt>
			<trkpt lat="37.987369" lon="-105.330844">
				<ele>2588.951792</ele>
				<time>2021-11-30T16:46:45Z</time>
			</trkpt>
			<trkpt lat="37.987384" lon="-105.32959">
				<ele>2591.734139</ele>
				<time>2021-11-30T16:47:35Z</time>
			</trkpt>
			<trkpt lat="37.987425" lon="-105.326188">
				<ele>2599.599115</ele>
				<time>2021-11-30T16:49:54Z</time>
			</trkpt>
			<trkpt lat="37.987402" lon="-105.325216">
				<ele>2601.8036</ele>
				<time>2021-11-30T16:50:34Z</time>
			</trkpt>
			<trkpt lat="37.987341" lon="-105.324416">
				<ele>2603.625642</ele>
				<time>2021-11-30T16:51:07Z</time>
			</trkpt>
			<trkpt lat="37.987116" lon="-105.323182">
				<ele>2606.35724</ele>
				<time>2021-11-30T16:51:57Z</time>
			</trkpt>
			<trkpt lat="37.98635" lon="-105.318984">
				<ele>2615.132125</ele>
				<time>2021-11-30T16:54:47Z</time>
			</trkpt>
			<trkpt lat="37.986036" lon="-105.317265">
				<ele>2618.306018</ele>
				<time>2021-11-30T16:55:54Z</time>
			</trkpt>
			<trkpt lat="37.985573" lon="-105.314974">
				<ele>2621.941664</ele>
				<time>2021-11-30T16:57:21Z</time>
			</trkpt>
			<trkpt lat="37.984924" lon="-105.313085">
				<ele>2625.739578</ele>
				<time>2021-11-30T16:58:40Z</time>
			</trkpt>
			<trkpt lat="37.984809" lon="-105.312761">
				<ele>2626.477502</ele>
				<time>2021-11-30T16:58:54Z</time>
			</trkpt>
			<trkpt lat="37.984414" lon="-105.311629">
				<ele>2629.163069</ele>
				<time>2021-11-30T16:59:45Z</time>
			</trkpt>
			<trkpt lat="37.98435" lon="-105.311323">
				<ele>2629.849858</ele>
				<time>2021-11-30T16:59:57Z</time>
			</trkpt>
			<trkpt lat="37.984332" lon="-105.311113">
				<ele>2630.308103</ele>
				<time>2021-11-30T17:00:06Z</time>
			</trkpt>
			<trkpt lat="37.984285" lon="-105.310068">
				<ele>2632.43584</ele>
				<time>2021-11-30T17:00:47Z</time>
			</trkpt>
			<trkpt lat="37.984188" lon="-105.30795">
				<ele>2636.723464</ele>
				<time>2021-11-30T17:02:10Z</time>
			</trkpt>
			<trkpt lat="37.98421" lon="-105.307594">
				<ele>2637.473977</ele>
				<time>2021-11-30T17:02:24Z</time>
			</trkpt>
			<trkpt lat="37.984268" lon="-105.307331">
				<ele>2638.047962</ele>
				<time>2021-11-30T17:02:35Z</time>
			</trkpt>
			<trkpt lat="37.984361" lon="-105.307027">
				<ele>2638.733327</ele>
				<time>2021-11-30T17:02:48Z</time>
			</trkpt>
			<trkpt lat="37.984388" lon="-105.306798">
				<ele>2639.219978</ele>
				<time>2021-11-30T17:02:58Z</time>
			</trkpt>
			<trkpt lat="37.984299" lon="-105.306239">
				<ele>2640.370962</ele>
				<time>2021-11-30T17:03:20Z</time>
			</trkpt>
			<trkpt lat="37.984203" lon="-105.305944">
				<ele>2640.890657</ele>
				<time>2021-11-30T17:03:33Z</time>
			</trkpt>
			<trkpt lat="37.984068" lon="-105.305638">
				<ele>2641.461677</ele>
				<time>2021-11-30T17:03:46Z</time>
			</trkpt>
			<trkpt lat="37.983653" lon="-105.304863">
				<ele>2642.987346</ele>
				<time>2021-11-30T17:04:21Z</time>
			</trkpt>
			<trkpt lat="37.983099" lon="-105.303998">
				<ele>2644.534485</ele>
				<time>2021-11-30T17:05:00Z</time>
			</trkpt>
			<trkpt lat="37.982804" lon="-105.303494">
				<ele>2645.245369</ele>
				<time>2021-11-30T17:05:22Z</time>
			</trkpt>
			<trkpt lat="37.982373" lon="-105.302567">
				<ele>2646.464125</ele>
				<time>2021-11-30T17:05:59Z</time>
			</trkpt>
			<trkpt lat="37.981221" lon="-105.30026">
				<ele>2650.913912</ele>
				<time>2021-11-30T17:07:40Z</time>
			</trkpt>
			<trkpt lat="37.980492" lon="-105.298979">
				<ele>2654.29224</ele>
				<time>2021-11-30T17:08:44Z</time>
			</trkpt>
			<trkpt lat="37.977663" lon="-105.295417">
				<ele>2666.265939</ele>
				<time>2021-11-30T17:12:13Z</time>
			</trkpt>
			<trkpt lat="37.977565" lon="-105.295262">
				<ele>2666.728173</ele>
				<time>2021-11-30T17:12:21Z</time>
			</trkpt>
			<trkpt lat="37.977261" lon="-105.294735">
				<ele>2668.24734</ele>
				<time>2021-11-30T17:12:47Z</time>
			</trkpt>
			<trkpt lat="37.976989" lon="-105.293795">
				<ele>2670.576744</ele>
				<time>2021-11-30T17:13:28Z</time>
			</trkpt>
			<trkpt lat="37.976179" lon="-105.292033">
				<ele>2675.312948</ele>
				<time>2021-11-30T17:14:53Z</time>
			</trkpt>
			<trkpt lat="37.975891" lon="-105.291444">
				<ele>2676.71449</ele>
				<time>2021-11-30T17:15:20Z</time>
			</trkpt>
			<trkpt lat="37.975765" lon="-105.291029">
				<ele>2677.335511</ele>
				<time>2021-11-30T17:15:37Z</time>
			</trkpt>
			<trkpt lat="37.975711" lon="-105.290718">
				<ele>2677.780214</ele>
				<time>2021-11-30T17:15:48Z</time>
			</trkpt>
			<trkpt lat="37.975575" lon="-105.289595">
				<ele>2679.366813</ele>
				<time>2021-11-30T17:16:27Z</time>
			</trkpt>
			<trkpt lat="37.975427" lon="-105.288726">
				<ele>2680.736821</ele>
				<time>2021-11-30T17:16:58Z</time>
			</trkpt>
			<trkpt lat="37.97538" lon="-105.288129">
				<ele>2681.68012</ele>
				<time>2021-11-30T17:17:20Z</time>
			</trkpt>
			<trkpt lat="37.975316" lon="-105.287718">
				<ele>2682.3388</ele>
				<time>2021-11-30T17:17:36Z</time>
			</trkpt>
			<trkpt lat="37.975089" lon="-105.286947">
				<ele>2683.804108</ele>
				<time>2021-11-30T17:18:09Z</time>
			</trkpt>
			<trkpt lat="37.974992" lon="-105.286527">
				<ele>2684.749739</ele>
				<time>2021-11-30T17:18:27Z</time>
			</trkpt>
			<trkpt lat="37.974929" lon="-105.285733">
				<ele>2686.473988</ele>
				<time>2021-11-30T17:19:00Z</time>
			</trkpt>
			<trkpt lat="37.9749" lon="-105.285308">
				<ele>2687.395712</ele>
				<time>2021-11-30T17:19:17Z</time>
			</trkpt>
			<trkpt lat="37.974803" lon="-105.284682">
				<ele>2688.56356</ele>
				<time>2021-11-30T17:19:42Z</time>
			</trkpt>
			<trkpt lat="37.97476" lon="-105.284066">
				<ele>2689.47909</ele>
				<time>2021-11-30T17:20:04Z</time>
			</trkpt>
			<trkpt lat="37.974752" lon="-105.283029">
				<ele>2691.014398</ele>
				<time>2021-11-30T17:20:41Z</time>
			</trkpt>
			<trkpt lat="37.974587" lon="-105.281234">
				<ele>2693.640222</ele>
				<time>2021-11-30T17:21:47Z</time>
			</trkpt>
			<trkpt lat="37.974541" lon="-105.280596">
				<ele>2694.567378</ele>
				<time>2021-11-30T17:22:10Z</time>
			</trkpt>
			<trkpt lat="37.974494" lon="-105.279953">
				<ele>2695.721734</ele>
				<time>2021-11-30T17:22:34Z</time>
			</trkpt>
			<trkpt lat="37.974465" lon="-105.279394">
				<ele>2696.781127</ele>
				<time>2021-11-30T17:22:55Z</time>
			</trkpt>
			<trkpt lat="37.974516" lon="-105.278677">
				<ele>2698.142531</ele>
				<time>2021-11-30T17:23:24Z</time>
			</trkpt>
			<trkpt lat="37.974536" lon="-105.277957">
				<ele>2699.611136</ele>
				<time>2021-11-30T17:23:52Z</time>
			</trkpt>
			<trkpt lat="37.974434" lon="-105.276501">
				<ele>2703.100441</ele>
				<time>2021-11-30T17:24:52Z</time>
			</trkpt>
			<trkpt lat="37.974297" lon="-105.275294">
				<ele>2706.026207</ele>
				<time>2021-11-30T17:25:44Z</time>
			</trkpt>
			<trkpt lat="37.974287" lon="-105.274636">
				<ele>2707.613113</ele>
				<time>2021-11-30T17:26:11Z</time>
			</trkpt>
			<trkpt lat="37.974266" lon="-105.273799">
				<ele>2709.632362</ele>
				<time>2021-11-30T17:26:46Z</time>
			</trkpt>
			<trkpt lat="37.973842" lon="-105.271195">
				<ele>2715.013967</ele>
				<time>2021-11-30T17:28:29Z</time>
			</trkpt>
			<trkpt lat="37.973713" lon="-105.270654">
				<ele>2716.222881</ele>
				<time>2021-11-30T17:28:51Z</time>
			</trkpt>
			<trkpt lat="37.973458" lon="-105.269892">
				<ele>2717.993493</ele>
				<time>2021-11-30T17:29:24Z</time>
			</trkpt>
			<trkpt lat="37.973227" lon="-105.268978">
				<ele>2720.201049</ele>
				<time>2021-11-30T17:30:03Z</time>
			</trkpt>
			<trkpt lat="37.972355" lon="-105.266151">
				<ele>2728.042457</ele>
				<time>2021-11-30T17:32:15Z</time>
			</trkpt>
			<trkpt lat="37.972233" lon="-105.26587">
				<ele>2728.79842</ele>
				<time>2021-11-30T17:32:28Z</time>
			</trkpt>
			<trkpt lat="37.97208" lon="-105.265573">
				<ele>2729.634492</ele>
				<time>2021-11-30T17:32:42Z</time>
			</trkpt>
			<trkpt lat="37.971945" lon="-105.265402">
				<ele>2730.204787</ele>
				<time>2021-11-30T17:32:52Z</time>
			</trkpt>
			<trkpt lat="37.971607" lon="-105.265098">
				<ele>2731.268972</ele>
				<time>2021-11-30T17:33:11Z</time>
			</trkpt>
			<trkpt lat="37.971316" lon="-105.26495">
				<ele>2731.843827</ele>
				<time>2021-11-30T17:33:26Z</time>
			</trkpt>
			<trkpt lat="37.970534" lon="-105.264658">
				<ele>2733.338505</ele>
				<time>2021-11-30T17:34:04Z</time>
			</trkpt>
			<trkpt lat="37.970398" lon="-105.264566">
				<ele>2733.621113</ele>
				<time>2021-11-30T17:34:11Z</time>
			</trkpt>
			<trkpt lat="37.970329" lon="-105.264475">
				<ele>2733.803618</ele>
				<time>2021-11-30T17:34:15Z</time>
			</trkpt>
			<trkpt lat="37.970239" lon="-105.264238">
				<ele>2734.183865</ele>
				<time>2021-11-30T17:34:24Z</time>
			</trkpt>
			<trkpt lat="37.970073" lon="-105.263135">
				<ele>2736.408512</ele>
				<time>2021-11-30T17:35:04Z</time>
			</trkpt>
			<trkpt lat="37.969488" lon="-105.262827">
				<ele>2738.030436</ele>
				<time>2021-11-30T17:35:29Z</time>
			</trkpt>
			<trkpt lat="37.96912" lon="-105.262681">
				<ele>2739.087821</ele>
				<time>2021-11-30T17:35:46Z</time>
			</trkpt>
			<trkpt lat="37.966769" lon="-105.2626">
				<ele>2749.079702</ele>
				<time>2021-11-30T17:37:32Z</time>
			</trkpt>
			<trkpt lat="37.964173" lon="-105.262682">
				<ele>2762.234172</ele>
				<time>2021-11-30T17:39:45Z</time>
			</trkpt>
			<trkpt lat="37.962625" lon="-105.261768">
				<ele>2770.610733</ele>
				<time>2021-11-30T17:41:11Z</time>
			</trkpt>
			<trkpt lat="37.96251" lon="-105.261672">
				<ele>2771.27253</ele>
				<time>2021-11-30T17:41:17Z</time>
			</trkpt>
			<trkpt lat="37.962423" lon="-105.261544">
				<ele>2771.913027</ele>
				<time>2021-11-30T17:41:23Z</time>
			</trkpt>
			<trkpt lat="37.962378" lon="-105.261355">
				<ele>2772.661277</ele>
				<time>2021-11-30T17:41:30Z</time>
			</trkpt>
			<trkpt lat="37.962387" lon="-105.261207">
				<ele>2773.129638</ele>
				<time>2021-11-30T17:41:36Z</time>
			</trkpt>
			<trkpt lat="37.962574" lon="-105.260152">
				<ele>2775.705225</ele>
				<time>2021-11-30T17:42:13Z</time>
			</trkpt>
			<trkpt lat="37.962588" lon="-105.258797">
				<ele>2778.654769</ele>
				<time>2021-11-30T17:42:51Z</time>
			</trkpt>
			<trkpt lat="37.962572" lon="-105.25817">
				<ele>2779.363029</ele>
				<time>2021-11-30T17:43:07Z</time>
			</trkpt>
			<trkpt lat="37.962669" lon="-105.257576">
				<ele>2780.047895</ele>
				<time>2021-11-30T17:43:20Z</time>
			</trkpt>
			<trkpt lat="37.962941" lon="-105.255507">
				<ele>2784.666275</ele>
				<time>2021-11-30T17:44:14Z</time>
			</trkpt>
			<trkpt lat="37.962947" lon="-105.255274">
				<ele>2785.341823</ele>
				<time>2021-11-30T17:44:24Z</time>
			</trkpt>
			<trkpt lat="37.962924" lon="-105.255058">
				<ele>2785.973432</ele>
				<time>2021-11-30T17:44:32Z</time>
			</trkpt>
			<trkpt lat="37.962819" lon="-105.254771">
				<ele>2786.890283</ele>
				<time>2021-11-30T17:44:46Z</time>
			</trkpt>
			<trkpt lat="37.962608" lon="-105.254519">
				<ele>2788.297055</ele>
				<time>2021-11-30T17:45:03Z</time>
			</trkpt>
			<trkpt lat="37.962102" lon="-105.25408">
				<ele>2792.659894</ele>
				<time>2021-11-30T17:45:43Z</time>
			</trkpt>
			<trkpt lat="37.961789" lon="-105.253854">
				<ele>2795.223039</ele>
				<time>2021-11-30T17:46:07Z</time>
			</trkpt>
			<trkpt lat="37.961427" lon="-105.253544">
				<ele>2798.331464</ele>
				<time>2021-11-30T17:46:34Z</time>
			</trkpt>
			<trkpt lat="37.961201" lon="-105.253186">
				<ele>2800.630289</ele>
				<time>2021-11-30T17:46:54Z</time>
			</trkpt>
			<trkpt lat="37.961088" lon="-105.252553">
				<ele>2802.326734</ele>
				<time>2021-11-30T17:47:19Z</time>
			</trkpt>
			<trkpt lat="37.960848" lon="-105.250718">
				<ele>2806.644378</ele>
				<time>2021-11-30T17:48:12Z</time>
			</trkpt>
			<trkpt lat="37.960816" lon="-105.250311">
				<ele>2807.016379</ele>
				<time>2021-11-30T17:48:22Z</time>
			</trkpt>
			<trkpt lat="37.960848" lon="-105.250036">
				<ele>2807.2692</ele>
				<time>2021-11-30T17:48:28Z</time>
			</trkpt>
			<trkpt lat="37.960942" lon="-105.249628">
				<ele>2807.655793</ele>
				<time>2021-11-30T17:48:38Z</time>
			</trkpt>
			<trkpt lat="37.961426" lon="-105.247955">
				<ele>2809.523606</ele>
				<time>2021-11-30T17:49:18Z</time>
			</trkpt>
			<trkpt lat="37.961843" lon="-105.246937">
				<ele>2810.870972</ele>
				<time>2021-11-30T17:49:48Z</time>
			</trkpt>
			<trkpt lat="37.962634" lon="-105.245148">
				<ele>2815.559729</ele>
				<time>2021-11-30T17:50:52Z</time>
			</trkpt>
			<trkpt lat="37.96308" lon="-105.244077">
				<ele>2818.025421</ele>
				<time>2021-11-30T17:51:33Z</time>
			</trkpt>
			<trkpt lat="37.963972" lon="-105.242015">
				<ele>2820.526438</ele>
				<time>2021-11-30T17:52:34Z</time>
			</trkpt>
			<trkpt lat="37.964182" lon="-105.241478">
				<ele>2820.351808</ele>
				<time>2021-11-30T17:52:44Z</time>
			</trkpt>
			<trkpt lat="37.964306" lon="-105.241041">
				<ele>2820.216504</ele>
				<time>2021-11-30T17:52:52Z</time>
			</trkpt>
			<trkpt lat="37.964466" lon="-105.240185">
				<ele>2820.035155</ele>
				<time>2021-11-30T17:53:06Z</time>
			</trkpt>
			<trkpt lat="37.964655" lon="-105.239333">
				<ele>2819.906869</ele>
				<time>2021-11-30T17:53:22Z</time>
			</trkpt>
			<trkpt lat="37.964786" lon="-105.238619">
				<ele>2819.800616</ele>
				<time>2021-11-30T17:53:39Z</time>
			</trkpt>
			<trkpt lat="37.96497" lon="-105.238108">
				<ele>2820.563445</ele>
				<time>2021-11-30T17:53:56Z</time>
			</trkpt>
			<trkpt lat="37.966672" lon="-105.236428">
				<ele>2823.250694</ele>
				<time>2021-11-30T17:55:18Z</time>
			</trkpt>
			<trkpt lat="37.966915" lon="-105.236242">
				<ele>2822.880149</ele>
				<time>2021-11-30T17:55:24Z</time>
			</trkpt>
			<trkpt lat="37.967139" lon="-105.236151">
				<ele>2822.573065</ele>
				<time>2021-11-30T17:55:28Z</time>
			</trkpt>
			<trkpt lat="37.968498" lon="-105.235751">
				<ele>2818.241166</ele>
				<time>2021-11-30T17:55:53Z</time>
			</trkpt>
			<trkpt lat="37.969335" lon="-105.235563">
				<ele>2814.45415</ele>
				<time>2021-11-30T17:56:09Z</time>
			</trkpt>
			<trkpt lat="37.969857" lon="-105.235371">
				<ele>2813.667749</ele>
				<time>2021-11-30T17:56:19Z</time>
			</trkpt>
			<trkpt lat="37.97013" lon="-105.235314">
				<ele>2813.58925</ele>
				<time>2021-11-30T17:56:25Z</time>
			</trkpt>
			<trkpt lat="37.971972" lon="-105.23534">
				<ele>2815.204134</ele>
				<time>2021-11-30T17:57:22Z</time>
			</trkpt>
			<trkpt lat="37.972636" lon="-105.235256">
				<ele>2817.017861</ele>
				<time>2021-11-30T17:57:49Z</time>
			</trkpt>
			<trkpt lat="37.973036" lon="-105.23505">
				<ele>2818.221557</ele>
				<time>2021-11-30T17:58:08Z</time>
			</trkpt>
			<trkpt lat="37.975364" lon="-105.232454">
				<ele>2834.707683</ele>
				<time>2021-11-30T18:00:48Z</time>
			</trkpt>
			<trkpt lat="37.975494" lon="-105.232221">
				<ele>2835.95563</ele>
				<time>2021-11-30T18:01:00Z</time>
			</trkpt>
			<trkpt lat="37.976079" lon="-105.230756">
				<ele>2843.705521</ele>
				<time>2021-11-30T18:02:10Z</time>
			</trkpt>
			<trkpt lat="37.976123" lon="-105.230404">
				<ele>2845.418533</ele>
				<time>2021-11-30T18:02:25Z</time>
			</trkpt>
			<trkpt lat="37.976095" lon="-105.229942">
				<ele>2847.645669</ele>
				<time>2021-11-30T18:02:45Z</time>
			</trkpt>
			<trkpt lat="37.976044" lon="-105.2295">
				<ele>2850.283644</ele>
				<time>2021-11-30T18:03:06Z</time>
			</trkpt>
			<trkpt lat="37.975939" lon="-105.227989">
				<ele>2860.083067</ele>
				<time>2021-11-30T18:04:26Z</time>
			</trkpt>
			<trkpt lat="37.975827" lon="-105.227204">
				<ele>2864.812613</ele>
				<time>2021-11-30T18:05:10Z</time>
			</trkpt>
			<trkpt lat="37.975829" lon="-105.226756">
				<ele>2867.130373</ele>
				<time>2021-11-30T18:05:35Z</time>
			</trkpt>
			<trkpt lat="37.976112" lon="-105.225545">
				<ele>2873.664976</ele>
				<time>2021-11-30T18:06:33Z</time>
			</trkpt>
			<trkpt lat="37.976224" lon="-105.224919">
				<ele>2875.15832</ele>
				<time>2021-11-30T18:06:51Z</time>
			</trkpt>
			<trkpt lat="37.976245" lon="-105.22442">
				<ele>2875.465605</ele>
				<time>2021-11-30T18:07:01Z</time>
			</trkpt>
			<trkpt lat="37.976254" lon="-105.224165">
				<ele>2875.622568</ele>
				<time>2021-11-30T18:07:06Z</time>
			</trkpt>
			<trkpt lat="37.97623" lon="-105.22383">
				<ele>2875.829416</ele>
				<time>2021-11-30T18:07:12Z</time>
			</trkpt>
			<trkpt lat="37.976031" lon="-105.223343">
				<ele>2876.16673</ele>
				<time>2021-11-30T18:07:22Z</time>
			</trkpt>
			<trkpt lat="37.975986" lon="-105.223113">
				<ele>2876.312455</ele>
				<time>2021-11-30T18:07:27Z</time>
			</trkpt>
			<trkpt lat="37.976315" lon="-105.222642">
				<ele>2877.15242</ele>
				<time>2021-11-30T18:07:41Z</time>
			</trkpt>
			<trkpt lat="37.9766" lon="-105.222341">
				<ele>2877.782492</ele>
				<time>2021-11-30T18:07:52Z</time>
			</trkpt>
			<trkpt lat="37.977174" lon="-105.221883">
				<ele>2878.934609</ele>
				<time>2021-11-30T18:08:17Z</time>
			</trkpt>
			<trkpt lat="37.977237" lon="-105.221834">
				<ele>2879.060164</ele>
				<time>2021-11-30T18:08:19Z</time>
			</trkpt>
			<trkpt lat="37.977399" lon="-105.221588">
				<ele>2879.532313</ele>
				<time>2021-11-30T18:08:30Z</time>
			</trkpt>
			<trkpt lat="37.977618" lon="-105.221382">
				<ele>2880.162858</ele>
				<time>2021-11-30T18:08:41Z</time>
			</trkpt>
			<trkpt lat="37.977939" lon="-105.221172">
				<ele>2880.998168</ele>
				<time>2021-11-30T18:08:56Z</time>
			</trkpt>
			<trkpt lat="37.978356" lon="-105.220853">
				<ele>2882.124379</ele>
				<time>2021-11-30T18:09:14Z</time>
			</trkpt>
			<trkpt lat="37.97854" lon="-105.220615">
				<ele>2882.732125</ele>
				<time>2021-11-30T18:09:22Z</time>
			</trkpt>
			<trkpt lat="37.978828" lon="-105.21967">
				<ele>2884.564327</ele>
				<time>2021-11-30T18:09:47Z</time>
			</trkpt>
			<trkpt lat="37.978856" lon="-105.219209">
				<ele>2885.395293</ele>
				<time>2021-11-30T18:10:00Z</time>
			</trkpt>
			<trkpt lat="37.978364" lon="-105.214859">
				<ele>2892.711436</ele>
				<time>2021-11-30T18:12:15Z</time>
			</trkpt>
			<trkpt lat="37.976145" lon="-105.215881">
				<ele>2890.632389</ele>
				<time>2021-11-30T18:13:04Z</time>
			</trkpt>
			<trkpt lat="37.974338" lon="-105.216721">
				<ele>2889.00294</ele>
				<time>2021-11-30T18:13:48Z</time>
			</trkpt>
			<trkpt lat="37.972857" lon="-105.217417">
				<ele>2889.27263</ele>
				<time>2021-11-30T18:14:30Z</time>
			</trkpt>
			<trkpt lat="37.971796" lon="-105.21791">
				<ele>2889.146867</ele>
				<time>2021-11-30T18:15:01Z</time>
			</trkpt>
			<trkpt lat="37.97117" lon="-105.218329">
				<ele>2888.553101</ele>
				<time>2021-11-30T18:15:18Z</time>
			</trkpt>
			<trkpt lat="37.970849" lon="-105.218768">
				<ele>2888.157123</ele>
				<time>2021-11-30T18:15:29Z</time>
			</trkpt>
			<trkpt lat="37.970154" lon="-105.220156">
				<ele>2881.170598</ele>
				<time>2021-11-30T18:15:52Z</time>
			</trkpt>
			<trkpt lat="37.969949" lon="-105.220512">
				<ele>2879.114379</ele>
				<time>2021-11-30T18:15:58Z</time>
			</trkpt>
			<trkpt lat="37.969632" lon="-105.220878">
				<ele>2875.994331</ele>
				<time>2021-11-30T18:16:05Z</time>
			</trkpt>
			<trkpt lat="37.969557" lon="-105.220929">
				<ele>2875.134254</ele>
				<time>2021-11-30T18:16:06Z</time>
			</trkpt>
			<trkpt lat="37.969229" lon="-105.221202">
				<ele>2871.169222</ele>
				<time>2021-11-30T18:16:13Z</time>
			</trkpt>
			<trkpt lat="37.9687" lon="-105.221558">
				<ele>2865.116749</ele>
				<time>2021-11-30T18:16:22Z</time>
			</trkpt>
			<trkpt lat="37.966872" lon="-105.222517">
				<ele>2848.20373</ele>
				<time>2021-11-30T18:16:54Z</time>
			</trkpt>
			<trkpt lat="37.966528" lon="-105.222881">
				<ele>2844.785877</ele>
				<time>2021-11-30T18:17:03Z</time>
			</trkpt>
			<trkpt lat="37.966429" lon="-105.223036">
				<ele>2843.970719</ele>
				<time>2021-11-30T18:17:05Z</time>
			</trkpt>
			<trkpt lat="37.966252" lon="-105.223523">
				<ele>2841.779387</ele>
				<time>2021-11-30T18:17:13Z</time>
			</trkpt>
			<trkpt lat="37.966077" lon="-105.223747">
				<ele>2840.490739</ele>
				<time>2021-11-30T18:17:17Z</time>
			</trkpt>
			<trkpt lat="37.965971" lon="-105.223803">
				<ele>2839.895566</ele>
				<time>2021-11-30T18:17:19Z</time>
			</trkpt>
			<trkpt lat="37.965732" lon="-105.223709">
				<ele>2838.598586</ele>
				<time>2021-11-30T18:17:24Z</time>
			</trkpt>
			<trkpt lat="37.965463" lon="-105.223485">
				<ele>2836.930682</ele>
				<time>2021-11-30T18:17:30Z</time>
			</trkpt>
			<trkpt lat="37.965128" lon="-105.223304">
				<ele>2834.845376</ele>
				<time>2021-11-30T18:17:36Z</time>
			</trkpt>
			<trkpt lat="37.964978" lon="-105.223246">
				<ele>2833.785104</ele>
				<time>2021-11-30T18:17:39Z</time>
			</trkpt>
			<trkpt lat="37.964707" lon="-105.223224">
				<ele>2831.949044</ele>
				<time>2021-11-30T18:17:44Z</time>
			</trkpt>
			<trkpt lat="37.96457" lon="-105.22325">
				<ele>2831.012436</ele>
				<time>2021-11-30T18:17:46Z</time>
			</trkpt>
			<trkpt lat="37.964464" lon="-105.223284">
				<ele>2830.273177</ele>
				<time>2021-11-30T18:17:48Z</time>
			</trkpt>
			<trkpt lat="37.964394" lon="-105.223338">
				<ele>2829.719226</ele>
				<time>2021-11-30T18:17:49Z</time>
			</trkpt>
			<trkpt lat="37.964231" lon="-105.223862">
				<ele>2826.71645</ele>
				<time>2021-11-30T18:17:57Z</time>
			</trkpt>
			<trkpt lat="37.964178" lon="-105.223924">
				<ele>2826.228966</ele>
				<time>2021-11-30T18:17:58Z</time>
			</trkpt>
			<trkpt lat="37.964048" lon="-105.223973">
				<ele>2825.312009</ele>
				<time>2021-11-30T18:18:00Z</time>
			</trkpt>
			<trkpt lat="37.963727" lon="-105.223809">
				<ele>2823.000864</ele>
				<time>2021-11-30T18:18:06Z</time>
			</trkpt>
			<trkpt lat="37.963631" lon="-105.223816">
				<ele>2822.383997</ele>
				<time>2021-11-30T18:18:08Z</time>
			</trkpt>
			<trkpt lat="37.963544" lon="-105.223859">
				<ele>2821.785006</ele>
				<time>2021-11-30T18:18:09Z</time>
			</trkpt>
			<trkpt lat="37.963119" lon="-105.224401">
				<ele>2817.918744</ele>
				<time>2021-11-30T18:18:20Z</time>
			</trkpt>
			<trkpt lat="37.962859" lon="-105.224623">
				<ele>2815.908096</ele>
				<time>2021-11-30T18:18:25Z</time>
			</trkpt>
			<trkpt lat="37.962742" lon="-105.224676">
				<ele>2815.111096</ele>
				<time>2021-11-30T18:18:27Z</time>
			</trkpt>
			<trkpt lat="37.962628" lon="-105.224689">
				<ele>2814.376823</ele>
				<time>2021-11-30T18:18:29Z</time>
			</trkpt>
			<trkpt lat="37.962334" lon="-105.224622">
				<ele>2812.460579</ele>
				<time>2021-11-30T18:18:34Z</time>
			</trkpt>
			<trkpt lat="37.962252" lon="-105.224666">
				<ele>2811.925986</ele>
				<time>2021-11-30T18:18:36Z</time>
			</trkpt>
			<trkpt lat="37.962216" lon="-105.224731">
				<ele>2811.664919</ele>
				<time>2021-11-30T18:18:37Z</time>
			</trkpt>
			<trkpt lat="37.96219" lon="-105.225167">
				<ele>2810.227887</ele>
				<time>2021-11-30T18:18:43Z</time>
			</trkpt>
			<trkpt lat="37.962156" lon="-105.225314">
				<ele>2809.724403</ele>
				<time>2021-11-30T18:18:45Z</time>
			</trkpt>
			<trkpt lat="37.962065" lon="-105.225491">
				<ele>2809.029927</ele>
				<time>2021-11-30T18:18:48Z</time>
			</trkpt>
			<trkpt lat="37.961892" lon="-105.225727">
				<ele>2807.970837</ele>
				<time>2021-11-30T18:18:53Z</time>
			</trkpt>
			<trkpt lat="37.961778" lon="-105.225985">
				<ele>2806.998817</ele>
				<time>2021-11-30T18:18:57Z</time>
			</trkpt>
			<trkpt lat="37.961743" lon="-105.226248">
				<ele>2806.122221</ele>
				<time>2021-11-30T18:19:02Z</time>
			</trkpt>
			<trkpt lat="37.961745" lon="-105.226443">
				<ele>2805.481284</ele>
				<time>2021-11-30T18:19:05Z</time>
			</trkpt>
			<trkpt lat="37.961948" lon="-105.22794">
				<ele>2801.09347</ele>
				<time>2021-11-30T18:19:28Z</time>
			</trkpt>
			<trkpt lat="37.962078" lon="-105.228405">
				<ele>2799.716566</ele>
				<time>2021-11-30T18:19:36Z</time>
			</trkpt>
			<trkpt lat="37.962387" lon="-105.229101">
				<ele>2797.025032</ele>
				<time>2021-11-30T18:19:47Z</time>
			</trkpt>
			<trkpt lat="37.962425" lon="-105.22923">
				<ele>2796.36393</ele>
				<time>2021-11-30T18:19:49Z</time>
			</trkpt>
			<trkpt lat="37.962408" lon="-105.229366">
				<ele>2795.702883</ele>
				<time>2021-11-30T18:19:51Z</time>
			</trkpt>
			<trkpt lat="37.962353" lon="-105.229438">
				<ele>2795.221605</ele>
				<time>2021-11-30T18:19:52Z</time>
			</trkpt>
			<trkpt lat="37.962257" lon="-105.229482">
				<ele>2794.600064</ele>
				<time>2021-11-30T18:19:54Z</time>
			</trkpt>
			<trkpt lat="37.96211" lon="-105.229501">
				<ele>2793.700341</ele>
				<time>2021-11-30T18:19:57Z</time>
			</trkpt>
			<trkpt lat="37.962049" lon="-105.22948">
				<ele>2793.315471</ele>
				<time>2021-11-30T18:19:58Z</time>
			</trkpt>
			<trkpt lat="37.961774" lon="-105.229536">
				<ele>2791.619544</ele>
				<time>2021-11-30T18:20:03Z</time>
			</trkpt>
			<trkpt lat="37.96148" lon="-105.229706">
				<ele>2789.652114</ele>
				<time>2021-11-30T18:20:08Z</time>
			</trkpt>
			<trkpt lat="37.960665" lon="-105.230414">
				<ele>2783.666718</ele>
				<time>2021-11-30T18:20:25Z</time>
			</trkpt>
			<trkpt lat="37.959557" lon="-105.231427">
				<ele>2775.709816</ele>
				<time>2021-11-30T18:20:49Z</time>
			</trkpt>
			<trkpt lat="37.9594" lon="-105.231615">
				<ele>2774.827934</ele>
				<time>2021-11-30T18:20:53Z</time>
			</trkpt>
			<trkpt lat="37.958566" lon="-105.232849">
				<ele>2769.593943</ele>
				<time>2021-11-30T18:21:17Z</time>
			</trkpt>
			<trkpt lat="37.958504" lon="-105.233005">
				<ele>2769.031359</ele>
				<time>2021-11-30T18:21:20Z</time>
			</trkpt>
			<trkpt lat="37.958456" lon="-105.233169">
				<ele>2768.471639</ele>
				<time>2021-11-30T18:21:22Z</time>
			</trkpt>
			<trkpt lat="37.958452" lon="-105.233332">
				<ele>2767.950262</ele>
				<time>2021-11-30T18:21:25Z</time>
			</trkpt>
			<trkpt lat="37.958574" lon="-105.233926">
				<ele>2765.98782</ele>
				<time>2021-11-30T18:21:34Z</time>
			</trkpt>
			<trkpt lat="37.958587" lon="-105.234079">
				<ele>2765.495835</ele>
				<time>2021-11-30T18:21:36Z</time>
			</trkpt>
			<trkpt lat="37.958552" lon="-105.234174">
				<ele>2765.16059</ele>
				<time>2021-11-30T18:21:38Z</time>
			</trkpt>
			<trkpt lat="37.95849" lon="-105.234254">
				<ele>2764.801955</ele>
				<time>2021-11-30T18:21:39Z</time>
			</trkpt>
			<trkpt lat="37.958346" lon="-105.234303">
				<ele>2764.197405</ele>
				<time>2021-11-30T18:21:42Z</time>
			</trkpt>
			<trkpt lat="37.958187" lon="-105.234258">
				<ele>2763.536825</ele>
				<time>2021-11-30T18:21:45Z</time>
			</trkpt>
			<trkpt lat="37.956848" lon="-105.233641">
				<ele>2756.894973</ele>
				<time>2021-11-30T18:22:11Z</time>
			</trkpt>
			<trkpt lat="37.956578" lon="-105.233546">
				<ele>2755.507878</ele>
				<time>2021-11-30T18:22:16Z</time>
			</trkpt>
			<trkpt lat="37.954857" lon="-105.233357">
				<ele>2747.034501</ele>
				<time>2021-11-30T18:22:47Z</time>
			</trkpt>
			<trkpt lat="37.954857" lon="-105.233357">
				<ele>2747.034501</ele>
				<time>2021-11-30T18:22:47Z</time>
			</trkpt>
			<trkpt lat="37.954849" lon="-105.233356">
				<ele>2746.995241</ele>
				<time>2021-11-30T18:22:47Z</time>
			</trkpt>
			<trkpt lat="37.954252" lon="-105.233302">
				<ele>2744.072152</ele>
				<time>2021-11-30T18:23:03Z</time>
			</trkpt>
			<trkpt lat="37.952314" lon="-105.233099">
				<ele>2735.309486</ele>
				<time>2021-11-30T18:23:38Z</time>
			</trkpt>
			<trkpt lat="37.951452" lon="-105.233051">
				<ele>2731.747479</ele>
				<time>2021-11-30T18:23:54Z</time>
			</trkpt>
			<trkpt lat="37.951096" lon="-105.23311">
				<ele>2730.265315</ele>
				<time>2021-11-30T18:24:01Z</time>
			</trkpt>
			<trkpt lat="37.950225" lon="-105.233322">
				<ele>2726.932289</ele>
				<time>2021-11-30T18:24:17Z</time>
			</trkpt>
			<trkpt lat="37.949738" lon="-105.233466">
				<ele>2725.241874</ele>
				<time>2021-11-30T18:24:27Z</time>
			</trkpt>
			<trkpt lat="37.949434" lon="-105.233556">
				<ele>2724.186599</ele>
				<time>2021-11-30T18:24:33Z</time>
			</trkpt>
			<trkpt lat="37.948957" lon="-105.233607">
				<ele>2722.568426</ele>
				<time>2021-11-30T18:24:42Z</time>
			</trkpt>
			<trkpt lat="37.948501" lon="-105.233555">
				<ele>2721.382216</ele>
				<time>2021-11-30T18:24:51Z</time>
			</trkpt>
			<trkpt lat="37.94831" lon="-105.233497">
				<ele>2720.900739</ele>
				<time>2021-11-30T18:24:55Z</time>
			</trkpt>
			<trkpt lat="37.948099" lon="-105.233396">
				<ele>2720.347844</ele>
				<time>2021-11-30T18:25:00Z</time>
			</trkpt>
			<trkpt lat="37.946993" lon="-105.232769">
				<ele>2717.172873</ele>
				<time>2021-11-30T18:25:25Z</time>
			</trkpt>
			<trkpt lat="37.94527" lon="-105.231855">
				<ele>2710.628997</ele>
				<time>2021-11-30T18:26:00Z</time>
			</trkpt>
			<trkpt lat="37.944609" lon="-105.231456">
				<ele>2707.525693</ele>
				<time>2021-11-30T18:26:14Z</time>
			</trkpt>
			<trkpt lat="37.943459" lon="-105.230817">
				<ele>2702.040874</ele>
				<time>2021-11-30T18:26:37Z</time>
			</trkpt>
			<trkpt lat="37.943212" lon="-105.230692">
				<ele>2700.823907</ele>
				<time>2021-11-30T18:26:41Z</time>
			</trkpt>
			<trkpt lat="37.943021" lon="-105.230633">
				<ele>2699.924328</ele>
				<time>2021-11-30T18:26:45Z</time>
			</trkpt>
			<trkpt lat="37.942801" lon="-105.230659">
				<ele>2698.913241</ele>
				<time>2021-11-30T18:26:49Z</time>
			</trkpt>
			<trkpt lat="37.942645" lon="-105.230727">
				<ele>2698.158381</ele>
				<time>2021-11-30T18:26:52Z</time>
			</trkpt>
			<trkpt lat="37.942488" lon="-105.230858">
				<ele>2697.298358</ele>
				<time>2021-11-30T18:26:55Z</time>
			</trkpt>
			<trkpt lat="37.941685" lon="-105.231711">
				<ele>2692.735385</ele>
				<time>2021-11-30T18:27:14Z</time>
			</trkpt>
			<trkpt lat="37.941082" lon="-105.232343">
				<ele>2689.390574</ele>
				<time>2021-11-30T18:27:29Z</time>
			</trkpt>
			<trkpt lat="37.940802" lon="-105.232619">
				<ele>2687.946361</ele>
				<time>2021-11-30T18:27:35Z</time>
			</trkpt>
			<trkpt lat="37.938886" lon="-105.234616">
				<ele>2679.600616</ele>
				<time>2021-11-30T18:28:23Z</time>
			</trkpt>
			<trkpt lat="37.938522" lon="-105.234929">
				<ele>2678.336036</ele>
				<time>2021-11-30T18:28:31Z</time>
			</trkpt>
			<trkpt lat="37.938269" lon="-105.235027">
				<ele>2677.5754</ele>
				<time>2021-11-30T18:28:37Z</time>
			</trkpt>
			<trkpt lat="37.93803" lon="-105.235061">
				<ele>2676.883895</ele>
				<time>2021-11-30T18:28:42Z</time>
			</trkpt>
			<trkpt lat="37.936361" lon="-105.235081">
				<ele>2673.62966</ele>
				<time>2021-11-30T18:29:17Z</time>
			</trkpt>
			<trkpt lat="37.936108" lon="-105.235108">
				<ele>2673.106199</ele>
				<time>2021-11-30T18:29:22Z</time>
			</trkpt>
			<trkpt lat="37.935909" lon="-105.235185">
				<ele>2672.570734</ele>
				<time>2021-11-30T18:29:26Z</time>
			</trkpt>
			<trkpt lat="37.935359" lon="-105.235499">
				<ele>2671.018376</ele>
				<time>2021-11-30T18:29:38Z</time>
			</trkpt>
			<trkpt lat="37.934918" lon="-105.235708">
				<ele>2669.806722</ele>
				<time>2021-11-30T18:29:48Z</time>
			</trkpt>
			<trkpt lat="37.933854" lon="-105.236055">
				<ele>2666.885571</ele>
				<time>2021-11-30T18:30:09Z</time>
			</trkpt>
			<trkpt lat="37.932428" lon="-105.236582">
				<ele>2663.464266</ele>
				<time>2021-11-30T18:30:39Z</time>
			</trkpt>
			<trkpt lat="37.931731" lon="-105.236805">
				<ele>2662.87196</ele>
				<time>2021-11-30T18:30:55Z</time>
			</trkpt>
			<trkpt lat="37.931073" lon="-105.237062">
				<ele>2662.304649</ele>
				<time>2021-11-30T18:31:12Z</time>
			</trkpt>
			<trkpt lat="37.930859" lon="-105.237188">
				<ele>2662.214923</ele>
				<time>2021-11-30T18:31:18Z</time>
			</trkpt>
			<trkpt lat="37.930707" lon="-105.237389">
				<ele>2662.168338</ele>
				<time>2021-11-30T18:31:24Z</time>
			</trkpt>
			<trkpt lat="37.930586" lon="-105.23766">
				<ele>2662.116239</ele>
				<time>2021-11-30T18:31:30Z</time>
			</trkpt>
			<trkpt lat="37.930551" lon="-105.237824">
				<ele>2662.087816</ele>
				<time>2021-11-30T18:31:33Z</time>
			</trkpt>
			<trkpt lat="37.930544" lon="-105.238017">
				<ele>2662.055493</ele>
				<time>2021-11-30T18:31:37Z</time>
			</trkpt>
			<trkpt lat="37.930606" lon="-105.238518">
				<ele>2661.970651</ele>
				<time>2021-11-30T18:31:46Z</time>
			</trkpt>
			<trkpt lat="37.930707" lon="-105.239012">
				<ele>2661.885274</ele>
				<time>2021-11-30T18:31:56Z</time>
			</trkpt>
			<trkpt lat="37.930889" lon="-105.239503">
				<ele>2662.080546</ele>
				<time>2021-11-30T18:32:05Z</time>
			</trkpt>
			<trkpt lat="37.931046" lon="-105.239838">
				<ele>2662.263316</ele>
				<time>2021-11-30T18:32:12Z</time>
			</trkpt>
			<trkpt lat="37.931259" lon="-105.240216">
				<ele>2662.481206</ele>
				<time>2021-11-30T18:32:21Z</time>
			</trkpt>
			<trkpt lat="37.931306" lon="-105.240361">
				<ele>2662.554735</ele>
				<time>2021-11-30T18:32:25Z</time>
			</trkpt>
			<trkpt lat="37.9313" lon="-105.240659">
				<ele>2662.694552</ele>
				<time>2021-11-30T18:32:32Z</time>
			</trkpt>
			<trkpt lat="37.931246" lon="-105.241022">
				<ele>2662.867812</ele>
				<time>2021-11-30T18:32:42Z</time>
			</trkpt>
			<trkpt lat="37.931088" lon="-105.242169">
				<ele>2665.742944</ele>
				<time>2021-11-30T18:33:20Z</time>
			</trkpt>
			<trkpt lat="37.931022" lon="-105.242475">
				<ele>2666.621832</ele>
				<time>2021-11-30T18:33:31Z</time>
			</trkpt>
			<trkpt lat="37.930855" lon="-105.242756">
				<ele>2667.596585</ele>
				<time>2021-11-30T18:33:43Z</time>
			</trkpt>
			<trkpt lat="37.930781" lon="-105.242786">
				<ele>2667.869473</ele>
				<time>2021-11-30T18:33:47Z</time>
			</trkpt>
			<trkpt lat="37.930618" lon="-105.242783">
				<ele>2668.442066</ele>
				<time>2021-11-30T18:33:54Z</time>
			</trkpt>
			<trkpt lat="37.930432" lon="-105.242654">
				<ele>2669.186751</ele>
				<time>2021-11-30T18:34:04Z</time>
			</trkpt>
			<trkpt lat="37.930191" lon="-105.242319">
				<ele>2670.569797</ele>
				<time>2021-11-30T18:34:20Z</time>
			</trkpt>
			<trkpt lat="37.9298" lon="-105.241898">
				<ele>2672.564392</ele>
				<time>2021-11-30T18:34:42Z</time>
			</trkpt>
			<trkpt lat="37.929237" lon="-105.241544">
				<ele>2675.007907</ele>
				<time>2021-11-30T18:35:09Z</time>
			</trkpt>
			<trkpt lat="37.929076" lon="-105.241485">
				<ele>2675.65954</ele>
				<time>2021-11-30T18:35:16Z</time>
			</trkpt>
			<trkpt lat="37.928922" lon="-105.241466">
				<ele>2676.262912</ele>
				<time>2021-11-30T18:35:23Z</time>
			</trkpt>
			<trkpt lat="37.928754" lon="-105.24148">
				<ele>2677.025422</ele>
				<time>2021-11-30T18:35:31Z</time>
			</trkpt>
			<trkpt lat="37.927407" lon="-105.241812">
				<ele>2683.240176</ele>
				<time>2021-11-30T18:36:37Z</time>
			</trkpt>
			<trkpt lat="37.926884" lon="-105.241959">
				<ele>2685.560353</ele>
				<time>2021-11-30T18:37:02Z</time>
			</trkpt>
			<trkpt lat="37.926884" lon="-105.241959">
				<ele>2685.560353</ele>
				<time>2021-11-30T18:37:03Z</time>
			</trkpt>
			<trkpt lat="37.926886" lon="-105.241973">
				<ele>2685.606939</ele>
				<time>2021-11-30T18:37:03Z</time>
			</trkpt>
			<trkpt lat="37.926175" lon="-105.242154">
				<ele>2688.617172</ele>
				<time>2021-11-30T18:37:22Z</time>
			</trkpt>
			<trkpt lat="37.925463" lon="-105.242335">
				<ele>2691.631476</ele>
				<time>2021-11-30T18:37:40Z</time>
			</trkpt>
			<trkpt lat="37.924751" lon="-105.242516">
				<ele>2693.111964</ele>
				<time>2021-11-30T18:37:59Z</time>
			</trkpt>
			<trkpt lat="37.92404" lon="-105.242697">
				<ele>2694.463263</ele>
				<time>2021-11-30T18:38:18Z</time>
			</trkpt>
			<trkpt lat="37.923329" lon="-105.242878">
				<ele>2695.164538</ele>
				<time>2021-11-30T18:38:37Z</time>
			</trkpt>
			<trkpt lat="37.92261" lon="-105.242608">
				<ele>2695.049187</ele>
				<time>2021-11-30T18:38:56Z</time>
			</trkpt>
			<trkpt lat="37.921891" lon="-105.242338">
				<ele>2694.879621</ele>
				<time>2021-11-30T18:39:15Z</time>
			</trkpt>
			<trkpt lat="37.921172" lon="-105.242067">
				<ele>2693.023796</ele>
				<time>2021-11-30T18:39:35Z</time>
			</trkpt>
			<trkpt lat="37.920453" lon="-105.241796">
				<ele>2691.16797</ele>
				<time>2021-11-30T18:39:54Z</time>
			</trkpt>
			<trkpt lat="37.919734" lon="-105.241526">
				<ele>2687.617819</ele>
				<time>2021-11-30T18:40:14Z</time>
			</trkpt>
			<trkpt lat="37.919012" lon="-105.241265">
				<ele>2683.080415</ele>
				<time>2021-11-30T18:40:33Z</time>
			</trkpt>
			<trkpt lat="37.918495" lon="-105.241048">
				<ele>2679.789069</ele>
				<time>2021-11-30T18:40:42Z</time>
			</trkpt>
			<trkpt lat="37.918309" lon="-105.240943">
				<ele>2678.23152</ele>
				<time>2021-11-30T18:40:46Z</time>
			</trkpt>
			<trkpt lat="37.91632" lon="-105.239554">
				<ele>2661.33269</ele>
				<time>2021-11-30T18:41:23Z</time>
			</trkpt>
			<trkpt lat="37.915259" lon="-105.238773">
				<ele>2653.858759</ele>
				<time>2021-11-30T18:41:45Z</time>
			</trkpt>
			<trkpt lat="37.914028" lon="-105.237939">
				<ele>2649.063109</ele>
				<time>2021-11-30T18:42:12Z</time>
			</trkpt>
			<trkpt lat="37.91363" lon="-105.237746">
				<ele>2647.529221</ele>
				<time>2021-11-30T18:42:21Z</time>
			</trkpt>
			<trkpt lat="37.912857" lon="-105.237435">
				<ele>2644.170924</ele>
				<time>2021-11-30T18:42:36Z</time>
			</trkpt>
			<trkpt lat="37.912496" lon="-105.237365">
				<ele>2642.658667</ele>
				<time>2021-11-30T18:42:43Z</time>
			</trkpt>
			<trkpt lat="37.9122" lon="-105.237344">
				<ele>2641.431041</ele>
				<time>2021-11-30T18:42:48Z</time>
			</trkpt>
			<trkpt lat="37.91192" lon="-105.237244">
				<ele>2640.122444</ele>
				<time>2021-11-30T18:42:53Z</time>
			</trkpt>
			<trkpt lat="37.911419" lon="-105.236831">
				<ele>2636.675335</ele>
				<time>2021-11-30T18:43:04Z</time>
			</trkpt>
			<trkpt lat="37.911169" lon="-105.236574">
				<ele>2634.818715</ele>
				<time>2021-11-30T18:43:09Z</time>
			</trkpt>
			<trkpt lat="37.91068" lon="-105.236255">
				<ele>2631.646571</ele>
				<time>2021-11-30T18:43:19Z</time>
			</trkpt>
			<trkpt lat="37.910225" lon="-105.236027">
				<ele>2628.689892</ele>
				<time>2021-11-30T18:43:27Z</time>
			</trkpt>
			<trkpt lat="37.910052" lon="-105.235874">
				<ele>2627.346375</ele>
				<time>2021-11-30T18:43:31Z</time>
			</trkpt>
			<trkpt lat="37.909901" lon="-105.235675">
				<ele>2625.959022</ele>
				<time>2021-11-30T18:43:35Z</time>
			</trkpt>
			<trkpt lat="37.909796" lon="-105.235536">
				<ele>2624.992049</ele>
				<time>2021-11-30T18:43:37Z</time>
			</trkpt>
			<trkpt lat="37.908555" lon="-105.234726">
				<ele>2616.351645</ele>
				<time>2021-11-30T18:44:01Z</time>
			</trkpt>
			<trkpt lat="37.908405" lon="-105.2346">
				<ele>2615.31739</ele>
				<time>2021-11-30T18:44:05Z</time>
			</trkpt>
			<trkpt lat="37.907916" lon="-105.234044">
				<ele>2611.541743</ele>
				<time>2021-11-30T18:44:16Z</time>
			</trkpt>
			<trkpt lat="37.907736" lon="-105.233908">
				<ele>2610.337341</ele>
				<time>2021-11-30T18:44:20Z</time>
			</trkpt>
			<trkpt lat="37.907138" lon="-105.233454">
				<ele>2606.361529</ele>
				<time>2021-11-30T18:44:32Z</time>
			</trkpt>
			<trkpt lat="37.906736" lon="-105.233216">
				<ele>2603.850528</ele>
				<time>2021-11-30T18:44:40Z</time>
			</trkpt>
			<trkpt lat="37.904587" lon="-105.231464">
				<ele>2588.901428</ele>
				<time>2021-11-30T18:45:25Z</time>
			</trkpt>
			<trkpt lat="37.904224" lon="-105.231116">
				<ele>2586.495233</ele>
				<time>2021-11-30T18:45:33Z</time>
			</trkpt>
			<trkpt lat="37.904029" lon="-105.230887">
				<ele>2585.316024</ele>
				<time>2021-11-30T18:45:37Z</time>
			</trkpt>
			<trkpt lat="37.903495" lon="-105.23008">
				<ele>2581.629817</ele>
				<time>2021-11-30T18:45:52Z</time>
			</trkpt>
			<trkpt lat="37.903201" lon="-105.229745">
				<ele>2579.876137</ele>
				<time>2021-11-30T18:46:00Z</time>
			</trkpt>
			<trkpt lat="37.902653" lon="-105.229343">
				<ele>2578.485615</ele>
				<time>2021-11-30T18:46:13Z</time>
			</trkpt>
			<trkpt lat="37.900617" lon="-105.228007">
				<ele>2574.58532</ele>
				<time>2021-11-30T18:47:03Z</time>
			</trkpt>
			<trkpt lat="37.900291" lon="-105.227849">
				<ele>2574.017771</ele>
				<time>2021-11-30T18:47:10Z</time>
			</trkpt>
			<trkpt lat="37.899396" lon="-105.227771">
				<ele>2571.338079</ele>
				<time>2021-11-30T18:47:28Z</time>
			</trkpt>
			<trkpt lat="37.898676" lon="-105.227731">
				<ele>2568.301693</ele>
				<time>2021-11-30T18:47:41Z</time>
			</trkpt>
			<trkpt lat="37.897811" lon="-105.227784">
				<ele>2564.128659</ele>
				<time>2021-11-30T18:47:57Z</time>
			</trkpt>
			<trkpt lat="37.897622" lon="-105.227771">
				<ele>2562.949421</ele>
				<time>2021-11-30T18:48:00Z</time>
			</trkpt>
			<trkpt lat="37.897366" lon="-105.227709">
				<ele>2561.325629</ele>
				<time>2021-11-30T18:48:05Z</time>
			</trkpt>
			<trkpt lat="37.89719" lon="-105.227629">
				<ele>2560.160713</ele>
				<time>2021-11-30T18:48:08Z</time>
			</trkpt>
			<trkpt lat="37.89686" lon="-105.227435">
				<ele>2557.894296</ele>
				<time>2021-11-30T18:48:14Z</time>
			</trkpt>
			<trkpt lat="37.896579" lon="-105.227215">
				<ele>2555.836447</ele>
				<time>2021-11-30T18:48:20Z</time>
			</trkpt>
			<trkpt lat="37.896484" lon="-105.227114">
				<ele>2555.063872</ele>
				<time>2021-11-30T18:48:22Z</time>
			</trkpt>
			<trkpt lat="37.896342" lon="-105.226878">
				<ele>2553.127915</ele>
				<time>2021-11-30T18:48:26Z</time>
			</trkpt>
			<trkpt lat="37.89624" lon="-105.226623">
				<ele>2551.007583</ele>
				<time>2021-11-30T18:48:30Z</time>
			</trkpt>
			<trkpt lat="37.896215" lon="-105.226475">
				<ele>2549.885055</ele>
				<time>2021-11-30T18:48:32Z</time>
			</trkpt>
			<trkpt lat="37.896172" lon="-105.224641">
				<ele>2536.22334</ele>
				<time>2021-11-30T18:48:55Z</time>
			</trkpt>
			<trkpt lat="37.896122" lon="-105.22423">
				<ele>2533.017626</ele>
				<time>2021-11-30T18:49:00Z</time>
			</trkpt>
			<trkpt lat="37.896079" lon="-105.224064">
				<ele>2531.670797</ele>
				<time>2021-11-30T18:49:02Z</time>
			</trkpt>
			<trkpt lat="37.896001" lon="-105.223884">
				<ele>2530.087782</ele>
				<time>2021-11-30T18:49:05Z</time>
			</trkpt>
			<trkpt lat="37.895838" lon="-105.223675">
				<ele>2527.822579</ele>
				<time>2021-11-30T18:49:09Z</time>
			</trkpt>
			<trkpt lat="37.895713" lon="-105.223576">
				<ele>2526.382622</ele>
				<time>2021-11-30T18:49:11Z</time>
			</trkpt>
			<trkpt lat="37.894832" lon="-105.22301">
				<ele>2517.416037</ele>
				<time>2021-11-30T18:49:27Z</time>
			</trkpt>
			<trkpt lat="37.894718" lon="-105.222905">
				<ele>2516.321143</ele>
				<time>2021-11-30T18:49:30Z</time>
			</trkpt>
			<trkpt lat="37.894464" lon="-105.22257">
				<ele>2513.472954</ele>
				<time>2021-11-30T18:49:36Z</time>
			</trkpt>
			<trkpt lat="37.893353" lon="-105.220703">
				<ele>2499.053976</ele>
				<time>2021-11-30T18:50:07Z</time>
			</trkpt>
			<trkpt lat="37.89225" lon="-105.218734">
				<ele>2484.975089</ele>
				<time>2021-11-30T18:50:38Z</time>
			</trkpt>
			<trkpt lat="37.892142" lon="-105.218434">
				<ele>2483.163459</ele>
				<time>2021-11-30T18:50:43Z</time>
			</trkpt>
			<trkpt lat="37.89205" lon="-105.21801">
				<ele>2480.747506</ele>
				<time>2021-11-30T18:50:49Z</time>
			</trkpt>
			<trkpt lat="37.891433" lon="-105.213763">
				<ele>2464.479901</ele>
				<time>2021-11-30T18:51:51Z</time>
			</trkpt>
			<trkpt lat="37.890917" lon="-105.211924">
				<ele>2455.239058</ele>
				<time>2021-11-30T18:52:18Z</time>
			</trkpt>
			<trkpt lat="37.890815" lon="-105.211667">
				<ele>2453.789034</ele>
				<time>2021-11-30T18:52:22Z</time>
			</trkpt>
			<trkpt lat="37.890696" lon="-105.21145">
				<ele>2452.457076</ele>
				<time>2021-11-30T18:52:25Z</time>
			</trkpt>
			<trkpt lat="37.889206" lon="-105.209379">
				<ele>2437.457293</ele>
				<time>2021-11-30T18:53:03Z</time>
			</trkpt>
			<trkpt lat="37.888973" lon="-105.209076">
				<ele>2435.514124</ele>
				<time>2021-11-30T18:53:09Z</time>
			</trkpt>
			<trkpt lat="37.888705" lon="-105.208799">
				<ele>2433.501233</ele>
				<time>2021-11-30T18:53:15Z</time>
			</trkpt>
			<trkpt lat="37.88823" lon="-105.208446">
				<ele>2430.296287</ele>
				<time>2021-11-30T18:53:25Z</time>
			</trkpt>
			<trkpt lat="37.887445" lon="-105.207957">
				<ele>2425.433079</ele>
				<time>2021-11-30T18:53:40Z</time>
			</trkpt>
			<trkpt lat="37.886521" lon="-105.20733">
				<ele>2419.793395</ele>
				<time>2021-11-30T18:53:59Z</time>
			</trkpt>
			<trkpt lat="37.886232" lon="-105.207155">
				<ele>2418.218804</ele>
				<time>2021-11-30T18:54:04Z</time>
			</trkpt>
			<trkpt lat="37.886089" lon="-105.207142">
				<ele>2417.689444</ele>
				<time>2021-11-30T18:54:07Z</time>
			</trkpt>
			<trkpt lat="37.885992" lon="-105.207194">
				<ele>2417.300551</ele>
				<time>2021-11-30T18:54:09Z</time>
			</trkpt>
			<trkpt lat="37.885919" lon="-105.207314">
				<ele>2416.859034</ele>
				<time>2021-11-30T18:54:11Z</time>
			</trkpt>
			<trkpt lat="37.885905" lon="-105.207383">
				<ele>2416.651422</ele>
				<time>2021-11-30T18:54:12Z</time>
			</trkpt>
			<trkpt lat="37.885954" lon="-105.207804">
				<ele>2415.411312</ele>
				<time>2021-11-30T18:54:18Z</time>
			</trkpt>
			<trkpt lat="37.885907" lon="-105.208032">
				<ele>2414.724605</ele>
				<time>2021-11-30T18:54:21Z</time>
			</trkpt>
			<trkpt lat="37.885816" lon="-105.208241">
				<ele>2414.029019</ele>
				<time>2021-11-30T18:54:25Z</time>
			</trkpt>
			<trkpt lat="37.885653" lon="-105.2084">
				<ele>2413.269473</ele>
				<time>2021-11-30T18:54:29Z</time>
			</trkpt>
			<trkpt lat="37.885562" lon="-105.208432">
				<ele>2412.920771</ele>
				<time>2021-11-30T18:54:31Z</time>
			</trkpt>
			<trkpt lat="37.885375" lon="-105.208444">
				<ele>2412.229421</ele>
				<time>2021-11-30T18:54:35Z</time>
			</trkpt>
			<trkpt lat="37.885016" lon="-105.208453">
				<ele>2411.783913</ele>
				<time>2021-11-30T18:54:42Z</time>
			</trkpt>
			<trkpt lat="37.884911" lon="-105.208458">
				<ele>2411.737632</ele>
				<time>2021-11-30T18:54:45Z</time>
			</trkpt>
			<trkpt lat="37.884357" lon="-105.208482">
				<ele>2411.493472</ele>
				<time>2021-11-30T18:54:57Z</time>
			</trkpt>
			<trkpt lat="37.882804" lon="-105.20851">
				<ele>2410.278198</ele>
				<time>2021-11-30T18:55:38Z</time>
			</trkpt>
			<trkpt lat="37.882804" lon="-105.20851">
				<ele>2410.278198</ele>
				<time>2021-11-30T18:55:38Z</time>
			</trkpt>
			<trkpt lat="37.882008" lon="-105.20823">
				<ele>2409.273387</ele>
				<time>2021-11-30T18:55:59Z</time>
			</trkpt>
			<trkpt lat="37.881211" lon="-105.20795">
				<ele>2407.621599</ele>
				<time>2021-11-30T18:56:21Z</time>
			</trkpt>
			<trkpt lat="37.880414" lon="-105.207669">
				<ele>2405.62443</ele>
				<time>2021-11-30T18:56:42Z</time>
			</trkpt>
			<trkpt lat="37.880414" lon="-105.207669">
				<ele>2405.62443</ele>
				<time>2021-11-30T18:56:42Z</time>
			</trkpt>
			<trkpt lat="37.87963" lon="-105.207381">
				<ele>2404.137688</ele>
				<time>2021-11-30T18:57:03Z</time>
			</trkpt>
			<trkpt lat="37.878846" lon="-105.207094">
				<ele>2403.195699</ele>
				<time>2021-11-30T18:57:24Z</time>
			</trkpt>
			<trkpt lat="37.878062" lon="-105.206806">
				<ele>2401.632649</ele>
				<time>2021-11-30T18:57:45Z</time>
			</trkpt>
			<trkpt lat="37.877277" lon="-105.206518">
				<ele>2398.359905</ele>
				<time>2021-11-30T18:58:07Z</time>
			</trkpt>
			<trkpt lat="37.876493" lon="-105.206231">
				<ele>2394.924859</ele>
				<time>2021-11-30T18:58:28Z</time>
			</trkpt>
			<trkpt lat="37.875709" lon="-105.205943">
				<ele>2389.058444</ele>
				<time>2021-11-30T18:58:49Z</time>
			</trkpt>
			<trkpt lat="37.874926" lon="-105.205651">
				<ele>2383.19256</ele>
				<time>2021-11-30T18:59:10Z</time>
			</trkpt>
			<trkpt lat="37.874926" lon="-105.205651">
				<ele>2383.19256</ele>
				<time>2021-11-30T18:59:10Z</time>
			</trkpt>
			<trkpt lat="37.874925" lon="-105.205656">
				<ele>2383.1633</ele>
				<time>2021-11-30T18:59:10Z</time>
			</trkpt>
			<trkpt lat="37.874043" lon="-105.20551">
				<ele>2378.038011</ele>
				<time>2021-11-30T18:59:33Z</time>
			</trkpt>
			<trkpt lat="37.873162" lon="-105.205364">
				<ele>2373.096264</ele>
				<time>2021-11-30T18:59:56Z</time>
			</trkpt>
			<trkpt lat="37.87228" lon="-105.205218">
				<ele>2369.595294</ele>
				<time>2021-11-30T19:00:19Z</time>
			</trkpt>
			<trkpt lat="37.871398" lon="-105.205072">
				<ele>2366.342346</ele>
				<time>2021-11-30T19:00:42Z</time>
			</trkpt>
			<trkpt lat="37.870517" lon="-105.204926">
				<ele>2363.335233</ele>
				<time>2021-11-30T19:01:05Z</time>
			</trkpt>
			<trkpt lat="37.869635" lon="-105.20478">
				<ele>2360.373957</ele>
				<time>2021-11-30T19:01:28Z</time>
			</trkpt>
			<trkpt lat="37.868753" lon="-105.204634">
				<ele>2357.321825</ele>
				<time>2021-11-30T19:01:51Z</time>
			</trkpt>
			<trkpt lat="37.867872" lon="-105.204488">
				<ele>2354.251574</ele>
				<time>2021-11-30T19:02:14Z</time>
			</trkpt>
			<trkpt lat="37.86699" lon="-105.204342">
				<ele>2351.463098</ele>
				<time>2021-11-30T19:02:37Z</time>
			</trkpt>
			<trkpt lat="37.866108" lon="-105.204196">
				<ele>2348.752677</ele>
				<time>2021-11-30T19:03:00Z</time>
			</trkpt>
			<trkpt lat="37.865227" lon="-105.20405">
				<ele>2347.333845</ele>
				<time>2021-11-30T19:03:23Z</time>
			</trkpt>
			<trkpt lat="37.864345" lon="-105.203904">
				<ele>2346.314629</ele>
				<time>2021-11-30T19:03:46Z</time>
			</trkpt>
			<trkpt lat="37.863463" lon="-105.203758">
				<ele>2346.983114</ele>
				<time>2021-11-30T19:04:09Z</time>
			</trkpt>
			<trkpt lat="37.862582" lon="-105.203612">
				<ele>2348.243668</ele>
				<time>2021-11-30T19:04:32Z</time>
			</trkpt>
			<trkpt lat="37.8617" lon="-105.203466">
				<ele>2349.145831</ele>
				<time>2021-11-30T19:04:55Z</time>
			</trkpt>
			<trkpt lat="37.860818" lon="-105.20332">
				<ele>2349.90573</ele>
				<time>2021-11-30T19:05:18Z</time>
			</trkpt>
			<trkpt lat="37.859937" lon="-105.203174">
				<ele>2351.110051</ele>
				<time>2021-11-30T19:05:41Z</time>
			</trkpt>
			<trkpt lat="37.859055" lon="-105.203028">
				<ele>2352.512065</ele>
				<time>2021-11-30T19:06:04Z</time>
			</trkpt>
			<trkpt lat="37.858173" lon="-105.202882">
				<ele>2356.554131</ele>
				<time>2021-11-30T19:06:27Z</time>
			</trkpt>
			<trkpt lat="37.857291" lon="-105.202737">
				<ele>2361.887936</ele>
				<time>2021-11-30T19:06:50Z</time>
			</trkpt>
			<trkpt lat="37.85641" lon="-105.202591">
				<ele>2364.04394</ele>
				<time>2021-11-30T19:07:13Z</time>
			</trkpt>
			<trkpt lat="37.855528" lon="-105.202445">
				<ele>2364.482937</ele>
				<time>2021-11-30T19:07:36Z</time>
			</trkpt>
			<trkpt lat="37.854646" lon="-105.202299">
				<ele>2360.095197</ele>
				<time>2021-11-30T19:07:59Z</time>
			</trkpt>
			<trkpt lat="37.853765" lon="-105.202153">
				<ele>2352.831451</ele>
				<time>2021-11-30T19:08:22Z</time>
			</trkpt>
			<trkpt lat="37.852883" lon="-105.202007">
				<ele>2346.424481</ele>
				<time>2021-11-30T19:08:45Z</time>
			</trkpt>
			<trkpt lat="37.852001" lon="-105.201861">
				<ele>2340.587469</ele>
				<time>2021-11-30T19:09:08Z</time>
			</trkpt>
			<trkpt lat="37.85112" lon="-105.201715">
				<ele>2335.745327</ele>
				<time>2021-11-30T19:09:31Z</time>
			</trkpt>
			<trkpt lat="37.850238" lon="-105.201569">
				<ele>2331.613629</ele>
				<time>2021-11-30T19:09:54Z</time>
			</trkpt>
			<trkpt lat="37.849356" lon="-105.201423">
				<ele>2328.038139</ele>
				<time>2021-11-30T19:10:17Z</time>
			</trkpt>
			<trkpt lat="37.848475" lon="-105.201277">
				<ele>2324.907616</ele>
				<time>2021-11-30T19:10:40Z</time>
			</trkpt>
			<trkpt lat="37.847593" lon="-105.201131">
				<ele>2321.864464</ele>
				<time>2021-11-30T19:11:03Z</time>
			</trkpt>
			<trkpt lat="37.846711" lon="-105.200985">
				<ele>2318.900509</ele>
				<time>2021-11-30T19:11:26Z</time>
			</trkpt>
			<trkpt lat="37.84583" lon="-105.200839">
				<ele>2316.079385</ele>
				<time>2021-11-30T19:11:49Z</time>
			</trkpt>
			<trkpt lat="37.844948" lon="-105.200693">
				<ele>2313.388414</ele>
				<time>2021-11-30T19:12:12Z</time>
			</trkpt>
			<trkpt lat="37.844066" lon="-105.200547">
				<ele>2310.865188</ele>
				<time>2021-11-30T19:12:35Z</time>
			</trkpt>
			<trkpt lat="37.843185" lon="-105.200401">
				<ele>2308.519844</ele>
				<time>2021-11-30T19:12:58Z</time>
			</trkpt>
			<trkpt lat="37.842303" lon="-105.200255">
				<ele>2305.426078</ele>
				<time>2021-11-30T19:13:21Z</time>
			</trkpt>
			<trkpt lat="37.841421" lon="-105.200109">
				<ele>2301.477164</ele>
				<time>2021-11-30T19:13:44Z</time>
			</trkpt>
			<trkpt lat="37.84054" lon="-105.199963">
				<ele>2297.255934</ele>
				<time>2021-11-30T19:14:08Z</time>
			</trkpt>
			<trkpt lat="37.839658" lon="-105.199817">
				<ele>2292.681897</ele>
				<time>2021-11-30T19:14:31Z</time>
			</trkpt>
			<trkpt lat="37.838776" lon="-105.199671">
				<ele>2288.768988</ele>
				<time>2021-11-30T19:14:54Z</time>
			</trkpt>
			<trkpt lat="37.837895" lon="-105.199525">
				<ele>2285.770208</ele>
				<time>2021-11-30T19:15:17Z</time>
			</trkpt>
			<trkpt lat="37.837013" lon="-105.199379">
				<ele>2282.901517</ele>
				<time>2021-11-30T19:15:40Z</time>
			</trkpt>
			<trkpt lat="37.836131" lon="-105.199233">
				<ele>2280.23516</ele>
				<time>2021-11-30T19:16:03Z</time>
			</trkpt>
			<trkpt lat="37.83525" lon="-105.199087">
				<ele>2277.657614</ele>
				<time>2021-11-30T19:16:26Z</time>
			</trkpt>
			<trkpt lat="37.834368" lon="-105.198941">
				<ele>2275.220643</ele>
				<time>2021-11-30T19:16:49Z</time>
			</trkpt>
			<trkpt lat="37.833486" lon="-105.198795">
				<ele>2273.300935</ele>
				<time>2021-11-30T19:17:12Z</time>
			</trkpt>
			<trkpt lat="37.832605" lon="-105.198649">
				<ele>2272.333943</ele>
				<time>2021-11-30T19:17:35Z</time>
			</trkpt>
			<trkpt lat="37.831723" lon="-105.198503">
				<ele>2271.245692</ele>
				<time>2021-11-30T19:17:58Z</time>
			</trkpt>
			<trkpt lat="37.830841" lon="-105.198357">
				<ele>2269.912286</ele>
				<time>2021-11-30T19:18:21Z</time>
			</trkpt>
			<trkpt lat="37.82996" lon="-105.198211">
				<ele>2268.312731</ele>
				<time>2021-11-30T19:18:44Z</time>
			</trkpt>
			<trkpt lat="37.829078" lon="-105.198065">
				<ele>2266.104055</ele>
				<time>2021-11-30T19:19:07Z</time>
			</trkpt>
			<trkpt lat="37.828196" lon="-105.197919">
				<ele>2264.255983</ele>
				<time>2021-11-30T19:19:30Z</time>
			</trkpt>
			<trkpt lat="37.827315" lon="-105.197773">
				<ele>2263.319402</ele>
				<time>2021-11-30T19:19:53Z</time>
			</trkpt>
			<trkpt lat="37.826433" lon="-105.197627">
				<ele>2263.017756</ele>
				<time>2021-11-30T19:20:16Z</time>
			</trkpt>
			<trkpt lat="37.825551" lon="-105.197481">
				<ele>2264.521289</ele>
				<time>2021-11-30T19:20:39Z</time>
			</trkpt>
			<trkpt lat="37.82467" lon="-105.197335">
				<ele>2265.8568</ele>
				<time>2021-11-30T19:21:02Z</time>
			</trkpt>
			<trkpt lat="37.823788" lon="-105.19719">
				<ele>2266.659374</ele>
				<time>2021-11-30T19:21:25Z</time>
			</trkpt>
			<trkpt lat="37.822906" lon="-105.197044">
				<ele>2266.789445</ele>
				<time>2021-11-30T19:21:48Z</time>
			</trkpt>
			<trkpt lat="37.822024" lon="-105.196898">
				<ele>2264.466119</ele>
				<time>2021-11-30T19:22:11Z</time>
			</trkpt>
			<trkpt lat="37.821143" lon="-105.196752">
				<ele>2261.802531</ele>
				<time>2021-11-30T19:22:34Z</time>
			</trkpt>
			<trkpt lat="37.820261" lon="-105.196606">
				<ele>2257.693353</ele>
				<time>2021-11-30T19:22:57Z</time>
			</trkpt>
			<trkpt lat="37.819379" lon="-105.19646">
				<ele>2253.636042</ele>
				<time>2021-11-30T19:23:20Z</time>
			</trkpt>
			<trkpt lat="37.818498" lon="-105.196314">
				<ele>2249.836363</ele>
				<time>2021-11-30T19:23:43Z</time>
			</trkpt>
			<trkpt lat="37.817616" lon="-105.196168">
				<ele>2246.137084</ele>
				<time>2021-11-30T19:24:06Z</time>
			</trkpt>
			<trkpt lat="37.816734" lon="-105.196022">
				<ele>2243.046282</ele>
				<time>2021-11-30T19:24:29Z</time>
			</trkpt>
			<trkpt lat="37.815853" lon="-105.195876">
				<ele>2239.984203</ele>
				<time>2021-11-30T19:24:52Z</time>
			</trkpt>
			<trkpt lat="37.814971" lon="-105.19573">
				<ele>2237.097983</ele>
				<time>2021-11-30T19:25:15Z</time>
			</trkpt>
			<trkpt lat="37.814089" lon="-105.195584">
				<ele>2234.224341</ele>
				<time>2021-11-30T19:25:38Z</time>
			</trkpt>
			<trkpt lat="37.813208" lon="-105.195438">
				<ele>2231.465115</ele>
				<time>2021-11-30T19:26:01Z</time>
			</trkpt>
			<trkpt lat="37.812326" lon="-105.195292">
				<ele>2228.715143</ele>
				<time>2021-11-30T19:26:24Z</time>
			</trkpt>
			<trkpt lat="37.811444" lon="-105.195146">
				<ele>2226.110295</ele>
				<time>2021-11-30T19:26:47Z</time>
			</trkpt>
			<trkpt lat="37.810563" lon="-105.195">
				<ele>2223.553609</ele>
				<time>2021-11-30T19:27:10Z</time>
			</trkpt>
			<trkpt lat="37.809681" lon="-105.194854">
				<ele>2221.769399</ele>
				<time>2021-11-30T19:27:33Z</time>
			</trkpt>
			<trkpt lat="37.808799" lon="-105.194708">
				<ele>2220.00766</ele>
				<time>2021-11-30T19:27:56Z</time>
			</trkpt>
			<trkpt lat="37.807918" lon="-105.194562">
				<ele>2218.903802</ele>
				<time>2021-11-30T19:28:19Z</time>
			</trkpt>
			<trkpt lat="37.807036" lon="-105.194416">
				<ele>2217.798923</ele>
				<time>2021-11-30T19:28:42Z</time>
			</trkpt>
			<trkpt lat="37.806155" lon="-105.194271">
				<ele>2216.716372</ele>
				<time>2021-11-30T19:29:05Z</time>
			</trkpt>
			<trkpt lat="37.806155" lon="-105.194271">
				<ele>2216.716372</ele>
				<time>2021-11-30T19:29:05Z</time>
			</trkpt>
			<trkpt lat="37.805277" lon="-105.19422">
				<ele>2215.64539</ele>
				<time>2021-11-30T19:29:27Z</time>
			</trkpt>
			<trkpt lat="37.8044" lon="-105.19417">
				<ele>2214.705454</ele>
				<time>2021-11-30T19:29:50Z</time>
			</trkpt>
			<trkpt lat="37.803522" lon="-105.194119">
				<ele>2213.767825</ele>
				<time>2021-11-30T19:30:13Z</time>
			</trkpt>
			<trkpt lat="37.802645" lon="-105.194068">
				<ele>2213.6571</ele>
				<time>2021-11-30T19:30:35Z</time>
			</trkpt>
			<trkpt lat="37.801768" lon="-105.194018">
				<ele>2213.611653</ele>
				<time>2021-11-30T19:30:58Z</time>
			</trkpt>
			<trkpt lat="37.80089" lon="-105.193967">
				<ele>2212.50534</ele>
				<time>2021-11-30T19:31:21Z</time>
			</trkpt>
			<trkpt lat="37.800012" lon="-105.19392">
				<ele>2211.251965</ele>
				<time>2021-11-30T19:31:44Z</time>
			</trkpt>
			<trkpt lat="37.800012" lon="-105.19392">
				<ele>2211.251965</ele>
				<time>2021-11-30T19:31:44Z</time>
			</trkpt>
			<trkpt lat="37.800013" lon="-105.193917">
				<ele>2211.248295</ele>
				<time>2021-11-30T19:31:44Z</time>
			</trkpt>
			<trkpt lat="37.799335" lon="-105.193328">
				<ele>2208.297914</ele>
				<time>2021-11-30T19:32:05Z</time>
			</trkpt>
			<trkpt lat="37.798657" lon="-105.192738">
				<ele>2204.963621</ele>
				<time>2021-11-30T19:32:26Z</time>
			</trkpt>
			<trkpt lat="37.797979" lon="-105.192149">
				<ele>2200.616254</ele>
				<time>2021-11-30T19:32:48Z</time>
			</trkpt>
			<trkpt lat="37.797302" lon="-105.19156">
				<ele>2195.694127</ele>
				<time>2021-11-30T19:33:09Z</time>
			</trkpt>
			<trkpt lat="37.796624" lon="-105.19097">
				<ele>2191.045904</ele>
				<time>2021-11-30T19:33:30Z</time>
			</trkpt>
			<trkpt lat="37.795946" lon="-105.190381">
				<ele>2186.746035</ele>
				<time>2021-11-30T19:33:51Z</time>
			</trkpt>
			<trkpt lat="37.795268" lon="-105.189792">
				<ele>2182.840077</ele>
				<time>2021-11-30T19:34:13Z</time>
			</trkpt>
			<trkpt lat="37.79467" lon="-105.19033">
				<ele>2180.346547</ele>
				<time>2021-11-30T19:34:32Z</time>
			</trkpt>
			<trkpt lat="37.794072" lon="-105.190868">
				<ele>2177.853009</ele>
				<time>2021-11-30T19:34:51Z</time>
			</trkpt>
			<trkpt lat="37.793473" lon="-105.191405">
				<ele>2174.048871</ele>
				<time>2021-11-30T19:35:10Z</time>
			</trkpt>
			<trkpt lat="37.792875" lon="-105.191943">
				<ele>2170.001059</ele>
				<time>2021-11-30T19:35:29Z</time>
			</trkpt>
			<trkpt lat="37.792277" lon="-105.192481">
				<ele>2166.034325</ele>
				<time>2021-11-30T19:35:48Z</time>
			</trkpt>
			<trkpt lat="37.792277" lon="-105.192481">
				<ele>2166.034325</ele>
				<time>2021-11-30T19:35:48Z</time>
			</trkpt>
			<trkpt lat="37.791939" lon="-105.191577">
				<ele>2161.897728</ele>
				<time>2021-11-30T19:36:08Z</time>
			</trkpt>
			<trkpt lat="37.7916" lon="-105.190673">
				<ele>2157.932428</ele>
				<time>2021-11-30T19:36:29Z</time>
			</trkpt>
			<trkpt lat="37.791262" lon="-105.189769">
				<ele>2155.774489</ele>
				<time>2021-11-30T19:36:49Z</time>
			</trkpt>
			<trkpt lat="37.790923" lon="-105.188865">
				<ele>2153.615372</ele>
				<time>2021-11-30T19:37:09Z</time>
			</trkpt>
			<trkpt lat="37.790585" lon="-105.187961">
				<ele>2152.160183</ele>
				<time>2021-11-30T19:37:30Z</time>
			</trkpt>
			<trkpt lat="37.790239" lon="-105.187061">
				<ele>2150.866291</ele>
				<time>2021-11-30T19:37:50Z</time>
			</trkpt>
			<trkpt lat="37.789896" lon="-105.185916">
				<ele>2149.618403</ele>
				<time>2021-11-30T19:38:09Z</time>
			</trkpt>
			<trkpt lat="37.789424" lon="-105.184887">
				<ele>2148.603711</ele>
				<time>2021-11-30T19:38:28Z</time>
			</trkpt>
			<trkpt lat="37.789232" lon="-105.184392">
				<ele>2148.078903</ele>
				<time>2021-11-30T19:38:37Z</time>
			</trkpt>
			<trkpt lat="37.787966" lon="-105.181118">
				<ele>2143.648666</ele>
				<time>2021-11-30T19:39:32Z</time>
			</trkpt>
			<trkpt lat="37.787051" lon="-105.178906">
				<ele>2139.435618</ele>
				<time>2021-11-30T19:40:07Z</time>
			</trkpt>
			<trkpt lat="37.786789" lon="-105.178549">
				<ele>2138.562963</ele>
				<time>2021-11-30T19:40:14Z</time>
			</trkpt>
			<trkpt lat="37.78654" lon="-105.178349">
				<ele>2137.981634</ele>
				<time>2021-11-30T19:40:19Z</time>
			</trkpt>
			<trkpt lat="37.786276" lon="-105.178248">
				<ele>2137.438006</ele>
				<time>2021-11-30T19:40:24Z</time>
			</trkpt>
			<trkpt lat="37.786135" lon="-105.178229">
				<ele>2137.158513</ele>
				<time>2021-11-30T19:40:27Z</time>
			</trkpt>
			<trkpt lat="37.78416" lon="-105.178295">
				<ele>2133.315727</ele>
				<time>2021-11-30T19:41:04Z</time>
			</trkpt>
			<trkpt lat="37.783896" lon="-105.178283">
				<ele>2132.809934</ele>
				<time>2021-11-30T19:41:09Z</time>
			</trkpt>
			<trkpt lat="37.78354" lon="-105.178165">
				<ele>2132.10532</ele>
				<time>2021-11-30T19:41:15Z</time>
			</trkpt>
			<trkpt lat="37.782992" lon="-105.177785">
				<ele>2130.976777</ele>
				<time>2021-11-30T19:41:27Z</time>
			</trkpt>
			<trkpt lat="37.782224" lon="-105.177213">
				<ele>2129.434049</ele>
				<time>2021-11-30T19:41:43Z</time>
			</trkpt>
			<trkpt lat="37.781437" lon="-105.176545">
				<ele>2128.094432</ele>
				<time>2021-11-30T19:42:01Z</time>
			</trkpt>
			<trkpt lat="37.781259" lon="-105.176287">
				<ele>2127.824397</ele>
				<time>2021-11-30T19:42:07Z</time>
			</trkpt>
			<trkpt lat="37.781183" lon="-105.175675">
				<ele>2127.33592</ele>
				<time>2021-11-30T19:42:17Z</time>
			</trkpt>
			<trkpt lat="37.781564" lon="-105.173463">
				<ele>2125.525898</ele>
				<time>2021-11-30T19:42:53Z</time>
			</trkpt>
			<trkpt lat="37.78166" lon="-105.172926">
				<ele>2125.082437</ele>
				<time>2021-11-30T19:43:02Z</time>
			</trkpt>
			<trkpt lat="37.781934" lon="-105.171017">
				<ele>2122.658471</ele>
				<time>2021-11-30T19:43:30Z</time>
			</trkpt>
			<trkpt lat="37.782012" lon="-105.170475">
				<ele>2121.933053</ele>
				<time>2021-11-30T19:43:38Z</time>
			</trkpt>
			<trkpt lat="37.782053" lon="-105.170187">
				<ele>2121.684147</ele>
				<time>2021-11-30T19:43:43Z</time>
			</trkpt>
			<trkpt lat="37.782075" lon="-105.170038">
				<ele>2121.566582</ele>
				<time>2021-11-30T19:43:45Z</time>
			</trkpt>
			<trkpt lat="37.782228" lon="-105.168969">
				<ele>2120.723971</ele>
				<time>2021-11-30T19:44:02Z</time>
			</trkpt>
			<trkpt lat="37.782261" lon="-105.168713">
				<ele>2120.522792</ele>
				<time>2021-11-30T19:44:06Z</time>
			</trkpt>
			<trkpt lat="37.782337" lon="-105.168177">
				<ele>2120.115928</ele>
				<time>2021-11-30T19:44:15Z</time>
			</trkpt>
			<trkpt lat="37.78245" lon="-105.167765">
				<ele>2120.148325</ele>
				<time>2021-11-30T19:44:23Z</time>
			</trkpt>
			<trkpt lat="37.782562" lon="-105.167646">
				<ele>2120.162072</ele>
				<time>2021-11-30T19:44:26Z</time>
			</trkpt>
			<trkpt lat="37.782667" lon="-105.167607">
				<ele>2120.172358</ele>
				<time>2021-11-30T19:44:29Z</time>
			</trkpt>
			<trkpt lat="37.782749" lon="-105.167602">
				<ele>2120.180074</ele>
				<time>2021-11-30T19:44:31Z</time>
			</trkpt>
			<trkpt lat="37.783078" lon="-105.167583">
				<ele>2120.211031</ele>
				<time>2021-11-30T19:44:39Z</time>
			</trkpt>
			<trkpt lat="37.783163" lon="-105.167551">
				<ele>2120.219366</ele>
				<time>2021-11-30T19:44:41Z</time>
			</trkpt>
			<trkpt lat="37.783273" lon="-105.167411">
				<ele>2120.234031</ele>
				<time>2021-11-30T19:44:44Z</time>
			</trkpt>
			<trkpt lat="37.78329" lon="-105.167309">
				<ele>2120.241775</ele>
				<time>2021-11-30T19:44:46Z</time>
			</trkpt>
			<trkpt lat="37.783292" lon="-105.167114">
				<ele>2120.256262</ele>
				<time>2021-11-30T19:44:50Z</time>
			</trkpt>
			<trkpt lat="37.783299" lon="-105.166553">
				<ele>2120.14393</ele>
				<time>2021-11-30T19:45:00Z</time>
			</trkpt>
			<trkpt lat="37.783315" lon="-105.165868">
				<ele>2119.646821</ele>
				<time>2021-11-30T19:45:12Z</time>
			</trkpt>
			<trkpt lat="37.783327" lon="-105.165063">
				<ele>2119.062779</ele>
				<time>2021-11-30T19:45:24Z</time>
			</trkpt>
			<trkpt lat="37.783341" lon="-105.164652">
				<ele>2118.764367</ele>
				<time>2021-11-30T19:45:31Z</time>
			</trkpt>
			<trkpt lat="37.783359" lon="-105.164297">
				<ele>2118.408063</ele>
				<time>2021-11-30T19:45:36Z</time>
			</trkpt>
			<trkpt lat="37.783376" lon="-105.163971">
				<ele>2117.986936</ele>
				<time>2021-11-30T19:45:40Z</time>
			</trkpt>
			<trkpt lat="37.783388" lon="-105.163745">
				<ele>2117.694966</ele>
				<time>2021-11-30T19:45:44Z</time>
			</trkpt>
			<trkpt lat="37.783417" lon="-105.16319">
				<ele>2116.978012</ele>
				<time>2021-11-30T19:45:52Z</time>
			</trkpt>
			<trkpt lat="37.783442" lon="-105.162731">
				<ele>2116.38496</ele>
				<time>2021-11-30T19:45:59Z</time>
			</trkpt>
			<trkpt lat="37.783458" lon="-105.16237">
				<ele>2115.918902</ele>
				<time>2021-11-30T19:46:04Z</time>
			</trkpt>
			<trkpt lat="37.783513" lon="-105.161113">
				<ele>2114.91668</ele>
				<time>2021-11-30T19:46:24Z</time>
			</trkpt>
			<trkpt lat="37.783452" lon="-105.159837">
				<ele>2113.991925</ele>
				<time>2021-11-30T19:46:45Z</time>
			</trkpt>
			<trkpt lat="37.783427" lon="-105.159694">
				<ele>2113.877459</ele>
				<time>2021-11-30T19:46:47Z</time>
			</trkpt>
			<trkpt lat="37.782836" lon="-105.155001">
				<ele>2110.217295</ele>
				<time>2021-11-30T19:48:01Z</time>
			</trkpt>
			<trkpt lat="37.782743" lon="-105.154722">
				<ele>2110.08894</ele>
				<time>2021-11-30T19:48:06Z</time>
			</trkpt>
			<trkpt lat="37.781802" lon="-105.152479">
				<ele>2109.333146</ele>
				<time>2021-11-30T19:48:49Z</time>
			</trkpt>
			<trkpt lat="37.781042" lon="-105.150793">
				<ele>2109.25464</ele>
				<time>2021-11-30T19:49:23Z</time>
			</trkpt>
			<trkpt lat="37.781005" lon="-105.150707">
				<ele>2109.262621</ele>
				<time>2021-11-30T19:49:25Z</time>
			</trkpt>
			<trkpt lat="37.780829" lon="-105.150301">
				<ele>2109.300365</ele>
				<time>2021-11-30T19:49:33Z</time>
			</trkpt>
			<trkpt lat="37.780564" lon="-105.149717">
				<ele>2109.355254</ele>
				<time>2021-11-30T19:49:45Z</time>
			</trkpt>
			<trkpt lat="37.779996" lon="-105.148465">
				<ele>2109.893428</ele>
				<time>2021-11-30T19:50:12Z</time>
			</trkpt>
			<trkpt lat="37.77984" lon="-105.14817">
				<ele>2110.061589</ele>
				<time>2021-11-30T19:50:19Z</time>
			</trkpt>
			<trkpt lat="37.779485" lon="-105.147601">
				<ele>2110.405036</ele>
				<time>2021-11-30T19:50:35Z</time>
			</trkpt>
			<trkpt lat="37.77897" lon="-105.146888">
				<ele>2110.745319</ele>
				<time>2021-11-30T19:50:56Z</time>
			</trkpt>
			<trkpt lat="37.778254" lon="-105.146056">
				<ele>2111.156673</ele>
				<time>2021-11-30T19:51:20Z</time>
			</trkpt>
			<trkpt lat="37.777552" lon="-105.145316">
				<ele>2110.238419</ele>
				<time>2021-11-30T19:51:38Z</time>
			</trkpt>
			<trkpt lat="37.776227" lon="-105.14378">
				<ele>2107.94982</ele>
				<time>2021-11-30T19:52:11Z</time>
			</trkpt>
			<trkpt lat="37.775655" lon="-105.142944">
				<ele>2106.881586</ele>
				<time>2021-11-30T19:52:28Z</time>
			</trkpt>
			<trkpt lat="37.775334" lon="-105.142108">
				<ele>2107.378712</ele>
				<time>2021-11-30T19:52:45Z</time>
			</trkpt>
			<trkpt lat="37.774623" lon="-105.138965">
				<ele>2111.36492</ele>
				<time>2021-11-30T19:54:09Z</time>
			</trkpt>
			<trkpt lat="37.774573" lon="-105.138833">
				<ele>2111.573066</ele>
				<time>2021-11-30T19:54:12Z</time>
			</trkpt>
			<trkpt lat="37.774308" lon="-105.138161">
				<ele>2111.690868</ele>
				<time>2021-11-30T19:54:30Z</time>
			</trkpt>
			<trkpt lat="37.773987" lon="-105.137504">
				<ele>2110.534313</ele>
				<time>2021-11-30T19:54:45Z</time>
			</trkpt>
			<trkpt lat="37.767957" lon="-105.1292">
				<ele>2092.916948</ele>
				<time>2021-11-30T19:57:26Z</time>
			</trkpt>
			<trkpt lat="37.766782" lon="-105.127541">
				<ele>2090.057461</ele>
				<time>2021-11-30T19:57:59Z</time>
			</trkpt>
			<trkpt lat="37.766376" lon="-105.1268">
				<ele>2089.165975</ele>
				<time>2021-11-30T19:58:13Z</time>
			</trkpt>
			<trkpt lat="37.766219" lon="-105.126421">
				<ele>2088.746241</ele>
				<time>2021-11-30T19:58:19Z</time>
			</trkpt>
			<trkpt lat="37.765924" lon="-105.125262">
				<ele>2088.905896</ele>
				<time>2021-11-30T19:58:39Z</time>
			</trkpt>
			<trkpt lat="37.765712" lon="-105.124276">
				<ele>2089.03988</ele>
				<time>2021-11-30T19:59:00Z</time>
			</trkpt>
			<trkpt lat="37.764887" lon="-105.11978">
				<ele>2096.659244</ele>
				<time>2021-11-30T20:01:05Z</time>
			</trkpt>
			<trkpt lat="37.763808" lon="-105.113841">
				<ele>2093.515482</ele>
				<time>2021-11-30T20:02:43Z</time>
			</trkpt>
			<trkpt lat="37.761967" lon="-105.103596">
				<ele>2079.956957</ele>
				<time>2021-11-30T20:05:19Z</time>
			</trkpt>
			<trkpt lat="37.761833" lon="-105.102796">
				<ele>2078.826172</ele>
				<time>2021-11-30T20:05:31Z</time>
			</trkpt>
			<trkpt lat="37.761487" lon="-105.100741">
				<ele>2075.807167</ele>
				<time>2021-11-30T20:06:02Z</time>
			</trkpt>
			<trkpt lat="37.761389" lon="-105.100305">
				<ele>2075.142209</ele>
				<time>2021-11-30T20:06:09Z</time>
			</trkpt>
			<trkpt lat="37.761333" lon="-105.100058">
				<ele>2074.765255</ele>
				<time>2021-11-30T20:06:13Z</time>
			</trkpt>
			<trkpt lat="37.761151" lon="-105.099664">
				<ele>2074.117209</ele>
				<time>2021-11-30T20:06:19Z</time>
			</trkpt>
			<trkpt lat="37.757066" lon="-105.089495">
				<ele>2058.390379</ele>
				<time>2021-11-30T20:09:08Z</time>
			</trkpt>
			<trkpt lat="37.756853" lon="-105.088908">
				<ele>2057.484825</ele>
				<time>2021-11-30T20:09:17Z</time>
			</trkpt>
			<trkpt lat="37.756579" lon="-105.088274">
				<ele>2056.471776</ele>
				<time>2021-11-30T20:09:28Z</time>
			</trkpt>
			<trkpt lat="37.755904" lon="-105.086926">
				<ele>2054.182391</ele>
				<time>2021-11-30T20:09:51Z</time>
			</trkpt>
			<trkpt lat="37.755103" lon="-105.085541">
				<ele>2051.63699</ele>
				<time>2021-11-30T20:10:17Z</time>
			</trkpt>
			<trkpt lat="37.754531" lon="-105.084763">
				<ele>2049.967606</ele>
				<time>2021-11-30T20:10:32Z</time>
			</trkpt>
			<trkpt lat="37.75254" lon="-105.082744">
				<ele>2044.706331</ele>
				<time>2021-11-30T20:11:19Z</time>
			</trkpt>
			<trkpt lat="37.752404" lon="-105.082573">
				<ele>2044.278675</ele>
				<time>2021-11-30T20:11:22Z</time>
			</trkpt>
			<trkpt lat="37.751739" lon="-105.081735">
				<ele>2042.185245</ele>
				<time>2021-11-30T20:11:39Z</time>
			</trkpt>
			<trkpt lat="37.751041" lon="-105.080528">
				<ele>2039.883021</ele>
				<time>2021-11-30T20:12:00Z</time>
			</trkpt>
			<trkpt lat="37.750219" lon="-105.078732">
				<ele>2037.267052</ele>
				<time>2021-11-30T20:12:32Z</time>
			</trkpt>
			<trkpt lat="37.748964" lon="-105.076608">
				<ele>2034.402703</ele>
				<time>2021-11-30T20:13:12Z</time>
			</trkpt>
			<trkpt lat="37.74803" lon="-105.075085">
				<ele>2032.187865</ele>
				<time>2021-11-30T20:13:41Z</time>
			</trkpt>
			<trkpt lat="37.747757" lon="-105.074704">
				<ele>2031.562966</ele>
				<time>2021-11-30T20:13:49Z</time>
			</trkpt>
			<trkpt lat="37.747471" lon="-105.074291">
				<ele>2030.895733</ele>
				<time>2021-11-30T20:13:57Z</time>
			</trkpt>
			<trkpt lat="37.747114" lon="-105.073711">
				<ele>2029.943261</ele>
				<time>2021-11-30T20:14:08Z</time>
			</trkpt>
			<trkpt lat="37.746045" lon="-105.072445">
				<ele>2026.942523</ele>
				<time>2021-11-30T20:14:36Z</time>
			</trkpt>
			<trkpt lat="37.745089" lon="-105.071482">
				<ele>2023.950552</ele>
				<time>2021-11-30T20:14:57Z</time>
			</trkpt>
			<trkpt lat="37.744554" lon="-105.070691">
				<ele>2021.966113</ele>
				<time>2021-11-30T20:15:11Z</time>
			</trkpt>
			<trkpt lat="37.744166" lon="-105.070013">
				<ele>2022.690157</ele>
				<time>2021-11-30T20:15:24Z</time>
			</trkpt>
			<trkpt lat="37.743388" lon="-105.067584">
				<ele>2027.427642</ele>
				<time>2021-11-30T20:16:39Z</time>
			</trkpt>
			<trkpt lat="37.743098" lon="-105.066256">
				<ele>2031.255081</ele>
				<time>2021-11-30T20:17:30Z</time>
			</trkpt>
			<trkpt lat="37.743019" lon="-105.065409">
				<ele>2033.304714</ele>
				<time>2021-11-30T20:17:58Z</time>
			</trkpt>
			<trkpt lat="37.743055" lon="-105.064636">
				<ele>2035.165618</ele>
				<time>2021-11-30T20:18:19Z</time>
			</trkpt>
			<trkpt lat="37.743104" lon="-105.064076">
				<ele>2035.860422</ele>
				<time>2021-11-30T20:18:32Z</time>
			</trkpt>
			<trkpt lat="37.743227" lon="-105.063426">
				<ele>2035.613504</ele>
				<time>2021-11-30T20:18:43Z</time>
			</trkpt>
			<trkpt lat="37.743985" lon="-105.060951">
				<ele>2033.938803</ele>
				<time>2021-11-30T20:19:24Z</time>
			</trkpt>
			<trkpt lat="37.744289" lon="-105.059928">
				<ele>2032.952733</ele>
				<time>2021-11-30T20:19:41Z</time>
			</trkpt>
			<trkpt lat="37.74455" lon="-105.058859">
				<ele>2032.01837</ele>
				<time>2021-11-30T20:19:59Z</time>
			</trkpt>
			<trkpt lat="37.744502" lon="-105.056292">
				<ele>2030.335092</ele>
				<time>2021-11-30T20:20:39Z</time>
			</trkpt>
			<trkpt lat="37.74443" lon="-105.054761">
				<ele>2029.65739</ele>
				<time>2021-11-30T20:21:06Z</time>
			</trkpt>
			<trkpt lat="37.744409" lon="-105.054313">
				<ele>2029.498218</ele>
				<time>2021-11-30T20:21:14Z</time>
			</trkpt>
			<trkpt lat="37.744188" lon="-105.051316">
				<ele>2027.554258</ele>
				<time>2021-11-30T20:22:01Z</time>
			</trkpt>
			<trkpt lat="37.744009" lon="-105.050188">
				<ele>2026.595493</ele>
				<time>2021-11-30T20:22:20Z</time>
			</trkpt>
			<trkpt lat="37.743672" lon="-105.049402">
				<ele>2025.839799</ele>
				<time>2021-11-30T20:22:34Z</time>
			</trkpt>
			<trkpt lat="37.742941" lon="-105.04826">
				<ele>2023.700857</ele>
				<time>2021-11-30T20:22:56Z</time>
			</trkpt>
			<trkpt lat="37.741267" lon="-105.045647">
				<ele>2016.148267</ele>
				<time>2021-11-30T20:23:42Z</time>
			</trkpt>
			<trkpt lat="37.739468" lon="-105.043308">
				<ele>2004.729079</ele>
				<time>2021-11-30T20:24:24Z</time>
			</trkpt>
			<trkpt lat="37.738781" lon="-105.042321">
				<ele>2000.082744</ele>
				<time>2021-11-30T20:24:40Z</time>
			</trkpt>
			<trkpt lat="37.738496" lon="-105.041569">
				<ele>1998.034831</ele>
				<time>2021-11-30T20:24:51Z</time>
			</trkpt>
			<trkpt lat="37.738406" lon="-105.040815">
				<ele>1996.482008</ele>
				<time>2021-11-30T20:25:02Z</time>
			</trkpt>
			<trkpt lat="37.738247" lon="-105.035902">
				<ele>1991.198748</ele>
				<time>2021-11-30T20:26:18Z</time>
			</trkpt>
			<trkpt lat="37.73823" lon="-105.034777">
				<ele>1990.615275</ele>
				<time>2021-11-30T20:26:38Z</time>
			</trkpt>
			<trkpt lat="37.738109" lon="-105.034134">
				<ele>1990.377175</ele>
				<time>2021-11-30T20:26:49Z</time>
			</trkpt>
			<trkpt lat="37.73766" lon="-105.033277">
				<ele>1990.006848</ele>
				<time>2021-11-30T20:27:06Z</time>
			</trkpt>
			<trkpt lat="37.736784" lon="-105.031764">
				<ele>1986.767849</ele>
				<time>2021-11-30T20:27:33Z</time>
			</trkpt>
			<trkpt lat="37.736286" lon="-105.030641">
				<ele>1984.644125</ele>
				<time>2021-11-30T20:27:51Z</time>
			</trkpt>
			<trkpt lat="37.735132" lon="-105.027386">
				<ele>1980.491543</ele>
				<time>2021-11-30T20:28:44Z</time>
			</trkpt>
			<trkpt lat="37.734173" lon="-105.025433">
				<ele>1981.297294</ele>
				<time>2021-11-30T20:29:33Z</time>
			</trkpt>
			<trkpt lat="37.733291" lon="-105.024113">
				<ele>1980.702562</ele>
				<time>2021-11-30T20:30:04Z</time>
			</trkpt>
			<trkpt lat="37.731831" lon="-105.022333">
				<ele>1977.819242</ele>
				<time>2021-11-30T20:30:41Z</time>
			</trkpt>
			<trkpt lat="37.730708" lon="-105.020627">
				<ele>1975.271206</ele>
				<time>2021-11-30T20:31:15Z</time>
			</trkpt>
			<trkpt lat="37.729896" lon="-105.019972">
				<ele>1973.325986</ele>
				<time>2021-11-30T20:31:33Z</time>
			</trkpt>
			<trkpt lat="37.729133" lon="-105.019306">
				<ele>1971.191921</ele>
				<time>2021-11-30T20:31:49Z</time>
			</trkpt>
			<trkpt lat="37.728373" lon="-105.018093">
				<ele>1970.215868</ele>
				<time>2021-11-30T20:32:13Z</time>
			</trkpt>
			<trkpt lat="37.727989" lon="-105.017492">
				<ele>1969.920228</ele>
				<time>2021-11-30T20:32:28Z</time>
			</trkpt>
			<trkpt lat="37.727751" lon="-105.017095">
				<ele>1970.128618</ele>
				<time>2021-11-30T20:32:39Z</time>
			</trkpt>
			<trkpt lat="37.727111" lon="-105.016025">
				<ele>1971.546842</ele>
				<time>2021-11-30T20:33:11Z</time>
			</trkpt>
			<trkpt lat="37.726747" lon="-105.015484">
				<ele>1972.373393</ele>
				<time>2021-11-30T20:33:24Z</time>
			</trkpt>
			<trkpt lat="37.725523" lon="-105.01382">
				<ele>1978.065288</ele>
				<time>2021-11-30T20:34:30Z</time>
			</trkpt>
			<trkpt lat="37.724758" lon="-105.014674">
				<ele>1984.928751</ele>
				<time>2021-11-30T20:35:47Z</time>
			</trkpt>
			<trkpt lat="37.723458" lon="-105.016394">
				<ele>1995.55303</ele>
				<time>2021-11-30T20:38:02Z</time>
			</trkpt>
			<trkpt lat="37.723272" lon="-105.016766">
				<ele>1997.277046</ele>
				<time>2021-11-30T20:38:20Z</time>
			</trkpt>
			<trkpt lat="37.723155" lon="-105.01718">
				<ele>1998.750166</ele>
				<time>2021-11-30T20:38:36Z</time>
			</trkpt>
			<trkpt lat="37.722867" lon="-105.017705">
				<ele>1998.315154</ele>
				<time>2021-11-30T20:38:55Z</time>
			</trkpt>
			<trkpt lat="37.722649" lon="-105.017875">
				<ele>1998.094673</ele>
				<time>2021-11-30T20:39:04Z</time>
			</trkpt>
			<trkpt lat="37.722529" lon="-105.017933">
				<ele>1997.984085</ele>
				<time>2021-11-30T20:39:09Z</time>
			</trkpt>
			<trkpt lat="37.722317" lon="-105.017971">
				<ele>1997.799771</ele>
				<time>2021-11-30T20:39:16Z</time>
			</trkpt>
			<trkpt lat="37.719381" lon="-105.017895">
				<ele>1993.426832</ele>
				<time>2021-11-30T20:40:49Z</time>
			</trkpt>
			<trkpt lat="37.718159" lon="-105.017831">
				<ele>1994.675916</ele>
				<time>2021-11-30T20:41:45Z</time>
			</trkpt>
			<trkpt lat="37.717506" lon="-105.018035">
				<ele>1997.958986</ele>
				<time>2021-11-30T20:42:27Z</time>
			</trkpt>
			<trkpt lat="37.717098" lon="-105.017971">
				<ele>2000.208655</ele>
				<time>2021-11-30T20:42:55Z</time>
			</trkpt>
			<trkpt lat="37.715571" lon="-105.017498">
				<ele>2008.817683</ele>
				<time>2021-11-30T20:44:43Z</time>
			</trkpt>
			<trkpt lat="37.713296" lon="-105.015664">
				<ele>2022.607389</ele>
				<time>2021-11-30T20:47:28Z</time>
			</trkpt>
			<trkpt lat="37.712846" lon="-105.015406">
				<ele>2025.413606</ele>
				<time>2021-11-30T20:47:59Z</time>
			</trkpt>
			<trkpt lat="37.712091" lon="-105.015245">
				<ele>2029.982268</ele>
				<time>2021-11-30T20:48:49Z</time>
			</trkpt>
			<trkpt lat="37.710283" lon="-105.015385">
				<ele>2041.313392</ele>
				<time>2021-11-30T20:50:59Z</time>
			</trkpt>
			<trkpt lat="37.709495" lon="-105.015471">
				<ele>2046.134686</ele>
				<time>2021-11-30T20:51:51Z</time>
			</trkpt>
			<trkpt lat="37.708653" lon="-105.01561">
				<ele>2049.937551</ele>
				<time>2021-11-30T20:52:44Z</time>
			</trkpt>
			<trkpt lat="37.70699" lon="-105.015664">
				<ele>2055.609263</ele>
				<time>2021-11-30T20:54:14Z</time>
			</trkpt>
			<trkpt lat="37.706311" lon="-105.015331">
				<ele>2057.343248</ele>
				<time>2021-11-30T20:54:50Z</time>
			</trkpt>
			<trkpt lat="37.705598" lon="-105.014741">
				<ele>2057.435689</ele>
				<time>2021-11-30T20:55:22Z</time>
			</trkpt>
			<trkpt lat="37.705148" lon="-105.014291">
				<ele>2057.037168</ele>
				<time>2021-11-30T20:55:41Z</time>
			</trkpt>
			<trkpt lat="37.704469" lon="-105.013808">
				<ele>2056.384306</ele>
				<time>2021-11-30T20:56:07Z</time>
			</trkpt>
			<trkpt lat="37.703885" lon="-105.013573">
				<ele>2055.586486</ele>
				<time>2021-11-30T20:56:28Z</time>
			</trkpt>
			<trkpt lat="37.703628" lon="-105.013497">
				<ele>2055.242901</ele>
				<time>2021-11-30T20:56:37Z</time>
			</trkpt>
			<trkpt lat="37.700867" lon="-105.013519">
				<ele>2052.458928</ele>
				<time>2021-11-30T20:58:12Z</time>
			</trkpt>
			<trkpt lat="37.693354" lon="-105.013581">
				<ele>2048.698137</ele>
				<time>2021-11-30T21:02:40Z</time>
			</trkpt>
			<trkpt lat="37.692369" lon="-105.013553">
				<ele>2048.54625</ele>
				<time>2021-11-30T21:03:16Z</time>
			</trkpt>
			<trkpt lat="37.68788" lon="-105.013599">
				<ele>2051.74628</ele>
				<time>2021-11-30T21:06:18Z</time>
			</trkpt>
			<trkpt lat="37.686209" lon="-105.013593">
				<ele>2053.71534</ele>
				<time>2021-11-30T21:07:33Z</time>
			</trkpt>
			<trkpt lat="37.686032" lon="-105.013592">
				<ele>2053.897619</ele>
				<time>2021-11-30T21:07:40Z</time>
			</trkpt>
			<trkpt lat="37.683406" lon="-105.013582">
				<ele>2056.216624</ele>
				<time>2021-11-30T21:09:28Z</time>
			</trkpt>
			<trkpt lat="37.680695" lon="-105.01365">
				<ele>2058.352843</ele>
				<time>2021-11-30T21:11:19Z</time>
			</trkpt>
			<trkpt lat="37.679749" lon="-105.013673">
				<ele>2059.053868</ele>
				<time>2021-11-30T21:11:57Z</time>
			</trkpt>
			<trkpt lat="37.678796" lon="-105.013698">
				<ele>2060.356969</ele>
				<time>2021-11-30T21:12:37Z</time>
			</trkpt>
			<trkpt lat="37.678226" lon="-105.0137">
				<ele>2061.256205</ele>
				<time>2021-11-30T21:13:02Z</time>
			</trkpt>
			<trkpt lat="37.672578" lon="-105.013727">
				<ele>2076.076653</ele>
				<time>2021-11-30T21:17:49Z</time>
			</trkpt>
			<trkpt lat="37.671647" lon="-105.013732">
				<ele>2078.101652</ele>
				<time>2021-11-30T21:18:36Z</time>
			</trkpt>
			<trkpt lat="37.671535" lon="-105.013733">
				<ele>2078.320812</ele>
				<time>2021-11-30T21:18:41Z</time>
			</trkpt>
			<trkpt lat="37.669518" lon="-105.013739">
				<ele>2081.443667</ele>
				<time>2021-11-30T21:20:10Z</time>
			</trkpt>
			<trkpt lat="37.666812" lon="-105.01375">
				<ele>2084.374998</ele>
				<time>2021-11-30T21:22:01Z</time>
			</trkpt>
			<trkpt lat="37.665607" lon="-105.013754">
				<ele>2087.409065</ele>
				<time>2021-11-30T21:23:01Z</time>
			</trkpt>
			<trkpt lat="37.664668" lon="-105.013656">
				<ele>2089.885537</ele>
				<time>2021-11-30T21:23:52Z</time>
			</trkpt>
			<trkpt lat="37.664571" lon="-105.013647">
				<ele>2090.152663</ele>
				<time>2021-11-30T21:23:58Z</time>
			</trkpt>
			<trkpt lat="37.663959" lon="-105.013368">
				<ele>2091.939608</ele>
				<time>2021-11-30T21:24:32Z</time>
			</trkpt>
			<trkpt lat="37.663178" lon="-105.012745">
				<ele>2093.644022</ele>
				<time>2021-11-30T21:25:16Z</time>
			</trkpt>
			<trkpt lat="37.66057" lon="-105.009779">
				<ele>2092.975474</ele>
				<time>2021-11-30T21:27:23Z</time>
			</trkpt>
			<trkpt lat="37.659254" lon="-105.008325">
				<ele>2091.861309</ele>
				<time>2021-11-30T21:28:22Z</time>
			</trkpt>
			<trkpt lat="37.658048" lon="-105.006924">
				<ele>2093.831689</ele>
				<time>2021-11-30T21:29:36Z</time>
			</trkpt>
			<trkpt lat="37.655755" lon="-105.004484">
				<ele>2102.213878</ele>
				<time>2021-11-30T21:32:05Z</time>
			</trkpt>
			<trkpt lat="37.653349" lon="-105.001841">
				<ele>2117.002982</ele>
				<time>2021-11-30T21:35:20Z</time>
			</trkpt>
			<trkpt lat="37.652715" lon="-105.001132">
				<ele>2121.480268</ele>
				<time>2021-11-30T21:36:16Z</time>
			</trkpt>
			<trkpt lat="37.650964" lon="-104.999206">
				<ele>2133.179112</ele>
				<time>2021-11-30T21:38:49Z</time>
			</trkpt>
			<trkpt lat="37.650369" lon="-104.998755">
				<ele>2134.7362</ele>
				<time>2021-11-30T21:39:23Z</time>
			</trkpt>
			<trkpt lat="37.650101" lon="-104.9986">
				<ele>2135.397614</ele>
				<time>2021-11-30T21:39:35Z</time>
			</trkpt>
			<trkpt lat="37.649741" lon="-104.998583">
				<ele>2136.205978</ele>
				<time>2021-11-30T21:39:49Z</time>
			</trkpt>
			<trkpt lat="37.64935" lon="-104.998712">
				<ele>2135.763059</ele>
				<time>2021-11-30T21:40:02Z</time>
			</trkpt>
			<trkpt lat="37.648993" lon="-104.998884">
				<ele>2135.132763</ele>
				<time>2021-11-30T21:40:15Z</time>
			</trkpt>
			<trkpt lat="37.646734" lon="-105.000214">
				<ele>2131.160934</ele>
				<time>2021-11-30T21:41:36Z</time>
			</trkpt>
			<trkpt lat="37.646428" lon="-105.0003">
				<ele>2130.674576</ele>
				<time>2021-11-30T21:41:47Z</time>
			</trkpt>
			<trkpt lat="37.646012" lon="-105.000332">
				<ele>2130.419247</ele>
				<time>2021-11-30T21:42:03Z</time>
			</trkpt>
			<trkpt lat="37.644958" lon="-105.00016">
				<ele>2129.944684</ele>
				<time>2021-11-30T21:42:42Z</time>
			</trkpt>
			<trkpt lat="37.644739" lon="-104.999977">
				<ele>2129.827424</ele>
				<time>2021-11-30T21:42:51Z</time>
			</trkpt>
			<trkpt lat="37.644516" lon="-104.99971">
				<ele>2129.282813</ele>
				<time>2021-11-30T21:43:02Z</time>
			</trkpt>
			<trkpt lat="37.644236" lon="-104.999453">
				<ele>2128.378658</ele>
				<time>2021-11-30T21:43:13Z</time>
			</trkpt>
			<trkpt lat="37.644083" lon="-104.99927">
				<ele>2127.828212</ele>
				<time>2021-11-30T21:43:20Z</time>
			</trkpt>
			<trkpt lat="37.643939" lon="-104.999002">
				<ele>2127.158323</ele>
				<time>2021-11-30T21:43:29Z</time>
			</trkpt>
			<trkpt lat="37.643854" lon="-104.998691">
				<ele>2126.477828</ele>
				<time>2021-11-30T21:43:37Z</time>
			</trkpt>
			<trkpt lat="37.643877" lon="-104.997986">
				<ele>2124.975958</ele>
				<time>2021-11-30T21:43:53Z</time>
			</trkpt>
			<trkpt lat="37.644183" lon="-104.997539">
				<ele>2122.851715</ele>
				<time>2021-11-30T21:44:07Z</time>
			</trkpt>
			<trkpt lat="37.64561" lon="-104.995622">
				<ele>2113.839544</ele>
				<time>2021-11-30T21:45:07Z</time>
			</trkpt>
			<trkpt lat="37.645806" lon="-104.995243">
				<ele>2112.418846</ele>
				<time>2021-11-30T21:45:18Z</time>
			</trkpt>
			<trkpt lat="37.645841" lon="-104.994753">
				<ele>2110.874766</ele>
				<time>2021-11-30T21:45:30Z</time>
			</trkpt>
			<trkpt lat="37.645845" lon="-104.993877">
				<ele>2108.722227</ele>
				<time>2021-11-30T21:45:51Z</time>
			</trkpt>
			<trkpt lat="37.645901" lon="-104.992811">
				<ele>2106.578221</ele>
				<time>2021-11-30T21:46:19Z</time>
			</trkpt>
			<trkpt lat="37.645836" lon="-104.992145">
				<ele>2105.231543</ele>
				<time>2021-11-30T21:46:36Z</time>
			</trkpt>
			<trkpt lat="37.645588" lon="-104.990851">
				<ele>2102.529463</ele>
				<time>2021-11-30T21:47:09Z</time>
			</trkpt>
			<trkpt lat="37.645711" lon="-104.988737">
				<ele>2097.745819</ele>
				<time>2021-11-30T21:48:02Z</time>
			</trkpt>
			<trkpt lat="37.645714" lon="-104.988675">
				<ele>2097.59429</ele>
				<time>2021-11-30T21:48:03Z</time>
			</trkpt>
			<trkpt lat="37.645488" lon="-104.986531">
				<ele>2092.745913</ele>
				<time>2021-11-30T21:48:56Z</time>
			</trkpt>
			<trkpt lat="37.645495" lon="-104.985867">
				<ele>2091.377895</ele>
				<time>2021-11-30T21:49:12Z</time>
			</trkpt>
			<trkpt lat="37.645594" lon="-104.985304">
				<ele>2090.274591</ele>
				<time>2021-11-30T21:49:27Z</time>
			</trkpt>
			<trkpt lat="37.645985" lon="-104.984409">
				<ele>2089.059269</ele>
				<time>2021-11-30T21:49:55Z</time>
			</trkpt>
			<trkpt lat="37.646331" lon="-104.983454">
				<ele>2087.81062</ele>
				<time>2021-11-30T21:50:23Z</time>
			</trkpt>
			<trkpt lat="37.64708" lon="-104.982038">
				<ele>2085.209682</ele>
				<time>2021-11-30T21:51:07Z</time>
			</trkpt>
			<trkpt lat="37.64877" lon="-104.979872">
				<ele>2080.323166</ele>
				<time>2021-11-30T21:52:25Z</time>
			</trkpt>
			<trkpt lat="37.649782" lon="-104.978653">
				<ele>2077.736031</ele>
				<time>2021-11-30T21:53:11Z</time>
			</trkpt>
			<trkpt lat="37.650898" lon="-104.976219">
				<ele>2072.613951</ele>
				<time>2021-11-30T21:54:22Z</time>
			</trkpt>
			<trkpt lat="37.651989" lon="-104.973955">
				<ele>2067.873467</ele>
				<time>2021-11-30T21:55:29Z</time>
			</trkpt>
			<trkpt lat="37.652662" lon="-104.971962">
				<ele>2065.072869</ele>
				<time>2021-11-30T21:56:26Z</time>
			</trkpt>
			<trkpt lat="37.653826" lon="-104.970354">
				<ele>2064.430709</ele>
				<time>2021-11-30T21:57:26Z</time>
			</trkpt>
			<trkpt lat="37.654256" lon="-104.969797">
				<ele>2065.775483</ele>
				<time>2021-11-30T21:57:55Z</time>
			</trkpt>
			<trkpt lat="37.654397" lon="-104.969432">
				<ele>2066.477509</ele>
				<time>2021-11-30T21:58:11Z</time>
			</trkpt>
			<trkpt lat="37.654498" lon="-104.968991">
				<ele>2067.27106</ele>
				<time>2021-11-30T21:58:31Z</time>
			</trkpt>
			<trkpt lat="37.654483" lon="-104.968736">
				<ele>2067.713058</ele>
				<time>2021-11-30T21:58:43Z</time>
			</trkpt>
			<trkpt lat="37.654244" lon="-104.96836">
				<ele>2069.073752</ele>
				<time>2021-11-30T21:59:05Z</time>
			</trkpt>
			<trkpt lat="37.6541" lon="-104.968004">
				<ele>2070.261824</ele>
				<time>2021-11-30T21:59:23Z</time>
			</trkpt>
			<trkpt lat="37.653906" lon="-104.967226">
				<ele>2072.685914</ele>
				<time>2021-11-30T22:00:01Z</time>
			</trkpt>
			<trkpt lat="37.65366" lon="-104.966885">
				<ele>2074.056937</ele>
				<time>2021-11-30T22:00:22Z</time>
			</trkpt>
			<trkpt lat="37.653433" lon="-104.966642">
				<ele>2074.691676</ele>
				<time>2021-11-30T22:00:37Z</time>
			</trkpt>
			<trkpt lat="37.653271" lon="-104.966374">
				<ele>2074.89989</ele>
				<time>2021-11-30T22:00:50Z</time>
			</trkpt>
			<trkpt lat="37.652809" lon="-104.965191">
				<ele>2075.714443</ele>
				<time>2021-11-30T22:01:30Z</time>
			</trkpt>
			<trkpt lat="37.652204" lon="-104.963211">
				<ele>2075.048364</ele>
				<time>2021-11-30T22:02:28Z</time>
			</trkpt>
			<trkpt lat="37.652216" lon="-104.962569">
				<ele>2074.823072</ele>
				<time>2021-11-30T22:02:46Z</time>
			</trkpt>
			<trkpt lat="37.652355" lon="-104.96197">
				<ele>2075.399135</ele>
				<time>2021-11-30T22:03:05Z</time>
			</trkpt>
			<trkpt lat="37.65283" lon="-104.961459">
				<ele>2076.126437</ele>
				<time>2021-11-30T22:03:32Z</time>
			</trkpt>
			<trkpt lat="37.654337" lon="-104.960076">
				<ele>2079.696932</ele>
				<time>2021-11-30T22:05:03Z</time>
			</trkpt>
			<trkpt lat="37.65454" lon="-104.959705">
				<ele>2080.513664</ele>
				<time>2021-11-30T22:05:21Z</time>
			</trkpt>
			<trkpt lat="37.654759" lon="-104.958819">
				<ele>2081.810853</ele>
				<time>2021-11-30T22:05:56Z</time>
			</trkpt>
			<trkpt lat="37.655104" lon="-104.957898">
				<ele>2083.083315</ele>
				<time>2021-11-30T22:06:32Z</time>
			</trkpt>
			<trkpt lat="37.655684" lon="-104.957238">
				<ele>2084.080201</ele>
				<time>2021-11-30T22:07:05Z</time>
			</trkpt>
			<trkpt lat="37.65598" lon="-104.95696">
				<ele>2084.399189</ele>
				<time>2021-11-30T22:07:20Z</time>
			</trkpt>
			<trkpt lat="37.656085" lon="-104.956833">
				<ele>2084.52491</ele>
				<time>2021-11-30T22:07:26Z</time>
			</trkpt>
			<trkpt lat="37.656148" lon="-104.956664">
				<ele>2084.652802</ele>
				<time>2021-11-30T22:07:32Z</time>
			</trkpt>
			<trkpt lat="37.656165" lon="-104.955877">
				<ele>2085.191825</ele>
				<time>2021-11-30T22:07:57Z</time>
			</trkpt>
			<trkpt lat="37.656363" lon="-104.954699">
				<ele>2086.432772</ele>
				<time>2021-11-30T22:08:37Z</time>
			</trkpt>
			<trkpt lat="37.656504" lon="-104.954001">
				<ele>2087.234691</ele>
				<time>2021-11-30T22:09:03Z</time>
			</trkpt>
			<trkpt lat="37.657111" lon="-104.953243">
				<ele>2089.113792</ele>
				<time>2021-11-30T22:09:43Z</time>
			</trkpt>
			<trkpt lat="37.657176" lon="-104.952956">
				<ele>2089.852757</ele>
				<time>2021-11-30T22:09:54Z</time>
			</trkpt>
			<trkpt lat="37.657479" lon="-104.94699">
				<ele>2104.793827</ele>
				<time>2021-11-30T22:14:09Z</time>
			</trkpt>
			<trkpt lat="37.657661" lon="-104.943974">
				<ele>2108.781175</ele>
				<time>2021-11-30T22:16:03Z</time>
			</trkpt>
			<trkpt lat="37.657733" lon="-104.942852">
				<ele>2108.693786</ele>
				<time>2021-11-30T22:16:35Z</time>
			</trkpt>
			<trkpt lat="37.65793" lon="-104.942618">
				<ele>2108.667268</ele>
				<time>2021-11-30T22:16:44Z</time>
			</trkpt>
			<trkpt lat="37.658308" lon="-104.942385">
				<ele>2107.795505</ele>
				<time>2021-11-30T22:16:57Z</time>
			</trkpt>
			<trkpt lat="37.66013" lon="-104.941712">
				<ele>2102.893704</ele>
				<time>2021-11-30T22:17:57Z</time>
			</trkpt>
			<trkpt lat="37.660312" lon="-104.941625">
				<ele>2102.332475</ele>
				<time>2021-11-30T22:18:03Z</time>
			</trkpt>
			<trkpt lat="37.6609" lon="-104.940739">
				<ele>2099.692798</ele>
				<time>2021-11-30T22:18:31Z</time>
			</trkpt>
			<trkpt lat="37.661997" lon="-104.938836">
				<ele>2093.605342</ele>
				<time>2021-11-30T22:19:29Z</time>
			</trkpt>
			<trkpt lat="37.665548" lon="-104.930271">
				<ele>2061.460378</ele>
				<time>2021-11-30T22:23:16Z</time>
			</trkpt>
			<trkpt lat="37.665571" lon="-104.929522">
				<ele>2058.163232</ele>
				<time>2021-11-30T22:23:32Z</time>
			</trkpt>
			<trkpt lat="37.665387" lon="-104.928745">
				<ele>2054.595734</ele>
				<time>2021-11-30T22:23:50Z</time>
			</trkpt>
			<trkpt lat="37.664059" lon="-104.926931">
				<ele>2042.364354</ele>
				<time>2021-11-30T22:24:44Z</time>
			</trkpt>
			<trkpt lat="37.663693" lon="-104.926067">
				<ele>2037.654676</ele>
				<time>2021-11-30T22:25:06Z</time>
			</trkpt>
			<trkpt lat="37.663647" lon="-104.925462">
				<ele>2034.760883</ele>
				<time>2021-11-30T22:25:19Z</time>
			</trkpt>
			<trkpt lat="37.663738" lon="-104.924051">
				<ele>2028.458632</ele>
				<time>2021-11-30T22:25:51Z</time>
			</trkpt>
			<trkpt lat="37.66438" lon="-104.921373">
				<ele>2019.077478</ele>
				<time>2021-11-30T22:26:55Z</time>
			</trkpt>
			<trkpt lat="37.666216" lon="-104.917297">
				<ele>2008.678787</ele>
				<time>2021-11-30T22:28:54Z</time>
			</trkpt>
			<trkpt lat="37.66654" lon="-104.916513">
				<ele>2007.056266</ele>
				<time>2021-11-30T22:29:16Z</time>
			</trkpt>
			<trkpt lat="37.669621" lon="-104.909764">
				<ele>1992.470698</ele>
				<time>2021-11-30T22:32:33Z</time>
			</trkpt>
			<trkpt lat="37.66985" lon="-104.908899">
				<ele>1990.729118</ele>
				<time>2021-11-30T22:32:56Z</time>
			</trkpt>
			<trkpt lat="37.670238" lon="-104.906422">
				<ele>1985.614459</ele>
				<time>2021-11-30T22:34:00Z</time>
			</trkpt>
			<trkpt lat="37.670604" lon="-104.905069">
				<ele>1982.415171</ele>
				<time>2021-11-30T22:34:35Z</time>
			</trkpt>
			<trkpt lat="37.671015" lon="-104.904101">
				<ele>1979.909938</ele>
				<time>2021-11-30T22:35:02Z</time>
			</trkpt>
			<trkpt lat="37.672022" lon="-104.902105">
				<ele>1976.275628</ele>
				<time>2021-11-30T22:36:02Z</time>
			</trkpt>
			<trkpt lat="37.673762" lon="-104.898817">
				<ele>1978.027271</ele>
				<time>2021-11-30T22:38:17Z</time>
			</trkpt>
			<trkpt lat="37.674859" lon="-104.895763">
				<ele>1973.784616</ele>
				<time>2021-11-30T22:39:43Z</time>
			</trkpt>
			<trkpt lat="37.675202" lon="-104.894409">
				<ele>1972.171769</ele>
				<time>2021-11-30T22:40:20Z</time>
			</trkpt>
			<trkpt lat="37.675381" lon="-104.893479">
				<ele>1972.731899</ele>
				<time>2021-11-30T22:40:49Z</time>
			</trkpt>
			<trkpt lat="37.675453" lon="-104.890257">
				<ele>1977.570257</ele>
				<time>2021-11-30T22:42:56Z</time>
			</trkpt>
			<trkpt lat="37.675475" lon="-104.889397">
				<ele>1978.633247</ele>
				<time>2021-11-30T22:43:26Z</time>
			</trkpt>
			<trkpt lat="37.675749" lon="-104.888273">
				<ele>1978.453899</ele>
				<time>2021-11-30T22:44:02Z</time>
			</trkpt>
			<trkpt lat="37.676594" lon="-104.885839">
				<ele>1976.190217</ele>
				<time>2021-11-30T22:45:13Z</time>
			</trkpt>
			<trkpt lat="37.678112" lon="-104.881293">
				<ele>1968.956343</ele>
				<time>2021-11-30T22:47:20Z</time>
			</trkpt>
			<trkpt lat="37.67821" lon="-104.880915">
				<ele>1968.629508</ele>
				<time>2021-11-30T22:47:31Z</time>
			</trkpt>
			<trkpt lat="37.678232" lon="-104.880374">
				<ele>1968.317682</ele>
				<time>2021-11-30T22:47:45Z</time>
			</trkpt>
			<trkpt lat="37.677721" lon="-104.875808">
				<ele>1965.850467</ele>
				<time>2021-11-30T22:49:57Z</time>
			</trkpt>
			<trkpt lat="37.677576" lon="-104.87483">
				<ele>1964.598476</ele>
				<time>2021-11-30T22:50:23Z</time>
			</trkpt>
			<trkpt lat="37.677312" lon="-104.87406">
				<ele>1962.36072</ele>
				<time>2021-11-30T22:50:44Z</time>
			</trkpt>
			<trkpt lat="37.674212" lon="-104.866179">
				<ele>1928.934357</ele>
				<time>2021-11-30T22:54:04Z</time>
			</trkpt>
			<trkpt lat="37.673989" lon="-104.862769">
				<ele>1921.991267</ele>
				<time>2021-11-30T22:55:31Z</time>
			</trkpt>
			<trkpt lat="37.67385" lon="-104.859042">
				<ele>1916.346745</ele>
				<time>2021-11-30T22:57:07Z</time>
			</trkpt>
			<trkpt lat="37.673761" lon="-104.857882">
				<ele>1915.053156</ele>
				<time>2021-11-30T22:57:38Z</time>
			</trkpt>
			<trkpt lat="37.674077" lon="-104.856956">
				<ele>1914.165552</ele>
				<time>2021-11-30T22:58:06Z</time>
			</trkpt>
			<trkpt lat="37.674823" lon="-104.855659">
				<ele>1913.30292</ele>
				<time>2021-11-30T22:58:51Z</time>
			</trkpt>
			<trkpt lat="37.675423" lon="-104.85469">
				<ele>1912.522082</ele>
				<time>2021-11-30T22:59:25Z</time>
			</trkpt>
			<trkpt lat="37.675654" lon="-104.853844">
				<ele>1911.930458</ele>
				<time>2021-11-30T22:59:50Z</time>
			</trkpt>
			<trkpt lat="37.675646" lon="-104.853381">
				<ele>1911.613152</ele>
				<time>2021-11-30T23:00:02Z</time>
			</trkpt>
			<trkpt lat="37.675635" lon="-104.853194">
				<ele>1911.448794</ele>
				<time>2021-11-30T23:00:07Z</time>
			</trkpt>
			<trkpt lat="37.675694" lon="-104.852636">
				<ele>1910.955364</ele>
				<time>2021-11-30T23:00:23Z</time>
			</trkpt>
			<trkpt lat="37.675966" lon="-104.851906">
				<ele>1910.248166</ele>
				<time>2021-11-30T23:00:45Z</time>
			</trkpt>
			<trkpt lat="37.676102" lon="-104.851477">
				<ele>1909.843109</ele>
				<time>2021-11-30T23:00:57Z</time>
			</trkpt>
			<trkpt lat="37.676314" lon="-104.850672">
				<ele>1909.069047</ele>
				<time>2021-11-30T23:01:20Z</time>
			</trkpt>
			<trkpt lat="37.676358" lon="-104.850144">
				<ele>1908.578718</ele>
				<time>2021-11-30T23:01:34Z</time>
			</trkpt>
			<trkpt lat="37.676301" lon="-104.849536">
				<ele>1908.013274</ele>
				<time>2021-11-30T23:01:51Z</time>
			</trkpt>
			<trkpt lat="37.675938" lon="-104.848501">
				<ele>1906.902048</ele>
				<time>2021-11-30T23:02:21Z</time>
			</trkpt>
			<trkpt lat="37.676102" lon="-104.845872">
				<ele>1904.332183</ele>
				<time>2021-11-30T23:03:32Z</time>
			</trkpt>
			<trkpt lat="37.676562" lon="-104.844672">
				<ele>1903.172879</ele>
				<time>2021-11-30T23:04:08Z</time>
			</trkpt>
			<trkpt lat="37.676262" lon="-104.844398">
				<ele>1902.959553</ele>
				<time>2021-11-30T23:04:16Z</time>
			</trkpt>
			<trkpt lat="37.676112" lon="-104.844261">
				<ele>1902.85289</ele>
				<time>2021-11-30T23:04:19Z</time>
			</trkpt>
			<trkpt lat="37.673973" lon="-104.842063">
				<ele>1901.552215</ele>
				<time>2021-11-30T23:05:18Z</time>
			</trkpt>
			<trkpt lat="37.673056" lon="-104.84117">
				<ele>1900.99579</ele>
				<time>2021-11-30T23:05:42Z</time>
			</trkpt>
			<trkpt lat="37.668468" lon="-104.836441">
				<ele>1897.884431</ele>
				<time>2021-11-30T23:07:46Z</time>
			</trkpt>
			<trkpt lat="37.668093" lon="-104.836131">
				<ele>1897.635249</ele>
				<time>2021-11-30T23:07:55Z</time>
			</trkpt>
			<trkpt lat="37.667382" lon="-104.835402">
				<ele>1897.213149</ele>
				<time>2021-11-30T23:08:13Z</time>
			</trkpt>
			<trkpt lat="37.666077" lon="-104.834217">
				<ele>1897.377658</ele>
				<time>2021-11-30T23:08:49Z</time>
			</trkpt>
			<trkpt lat="37.665803" lon="-104.833979">
				<ele>1897.586415</ele>
				<time>2021-11-30T23:08:58Z</time>
			</trkpt>
			<trkpt lat="37.662015" lon="-104.830694">
				<ele>1903.944518</ele>
				<time>2021-11-30T23:11:15Z</time>
			</trkpt>
			<trkpt lat="37.659315" lon="-104.828312">
				<ele>1908.421487</ele>
				<time>2021-11-30T23:12:50Z</time>
			</trkpt>
			<trkpt lat="37.652717" lon="-104.822489">
				<ele>1915.115754</ele>
				<time>2021-11-30T23:16:32Z</time>
			</trkpt>
			<trkpt lat="37.648568" lon="-104.818876">
				<ele>1900.998553</ele>
				<time>2021-11-30T23:17:58Z</time>
			</trkpt>
			<trkpt lat="37.648134" lon="-104.818416">
				<ele>1899.036163</ele>
				<time>2021-11-30T23:18:08Z</time>
			</trkpt>
			<trkpt lat="37.647956" lon="-104.818159">
				<ele>1898.09977</ele>
				<time>2021-11-30T23:18:12Z</time>
			</trkpt>
			<trkpt lat="37.647756" lon="-104.817773">
				<ele>1896.834692</ele>
				<time>2021-11-30T23:18:19Z</time>
			</trkpt>
			<trkpt lat="37.647563" lon="-104.817262">
				<ele>1895.503307</ele>
				<time>2021-11-30T23:18:26Z</time>
			</trkpt>
			<trkpt lat="37.647514" lon="-104.817071">
				<ele>1895.038765</ele>
				<time>2021-11-30T23:18:29Z</time>
			</trkpt>
			<trkpt lat="37.647427" lon="-104.816544">
				<ele>1893.793202</ele>
				<time>2021-11-30T23:18:36Z</time>
			</trkpt>
			<trkpt lat="37.647411" lon="-104.816017">
				<ele>1892.572963</ele>
				<time>2021-11-30T23:18:43Z</time>
			</trkpt>
			<trkpt lat="37.647434" lon="-104.815624">
				<ele>1891.661182</ele>
				<time>2021-11-30T23:18:49Z</time>
			</trkpt>
			<trkpt lat="37.647626" lon="-104.814757">
				<ele>1890.305555</ele>
				<time>2021-11-30T23:19:02Z</time>
			</trkpt>
			<trkpt lat="37.651294" lon="-104.800415">
				<ele>1869.10116</ele>
				<time>2021-11-30T23:22:45Z</time>
			</trkpt>
			<trkpt lat="37.652861" lon="-104.794291">
				<ele>1860.291441</ele>
				<time>2021-11-30T23:24:20Z</time>
			</trkpt>
			<trkpt lat="37.653077" lon="-104.793473">
				<ele>1859.316266</ele>
				<time>2021-11-30T23:24:33Z</time>
			</trkpt>
			<trkpt lat="37.653244" lon="-104.792848">
				<ele>1858.688488</ele>
				<time>2021-11-30T23:24:43Z</time>
			</trkpt>
			<trkpt lat="37.650612" lon="-104.791568">
				<ele>1856.418098</ele>
				<time>2021-11-30T23:25:40Z</time>
			</trkpt>
			<trkpt lat="37.650328" lon="-104.791426">
				<ele>1856.726269</ele>
				<time>2021-11-30T23:25:47Z</time>
			</trkpt>
			<trkpt lat="37.649079" lon="-104.79081">
				<ele>1858.079091</ele>
				<time>2021-11-30T23:26:26Z</time>
			</trkpt>
			<trkpt lat="37.648279" lon="-104.790459">
				<ele>1859.565484</ele>
				<time>2021-11-30T23:26:53Z</time>
			</trkpt>
			<trkpt lat="37.647709" lon="-104.790261">
				<ele>1860.62745</ele>
				<time>2021-11-30T23:27:12Z</time>
			</trkpt>
			<trkpt lat="37.647076" lon="-104.790121">
				<ele>1861.77109</ele>
				<time>2021-11-30T23:27:32Z</time>
			</trkpt>
			<trkpt lat="37.646789" lon="-104.790081">
				<ele>1862.276686</ele>
				<time>2021-11-30T23:27:40Z</time>
			</trkpt>
			<trkpt lat="37.645247" lon="-104.789981">
				<ele>1865.279092</ele>
				<time>2021-11-30T23:28:28Z</time>
			</trkpt>
			<trkpt lat="37.642026" lon="-104.789814">
				<ele>1875.843978</ele>
				<time>2021-11-30T23:30:30Z</time>
			</trkpt>
			<trkpt lat="37.636446" lon="-104.789533">
				<ele>1909.426276</ele>
				<time>2021-11-30T23:35:33Z</time>
			</trkpt>
			<trkpt lat="37.635829" lon="-104.789505">
				<ele>1910.261854</ele>
				<time>2021-11-30T23:35:54Z</time>
			</trkpt>
			<trkpt lat="37.635466" lon="-104.789455">
				<ele>1910.756046</ele>
				<time>2021-11-30T23:36:04Z</time>
			</trkpt>
			<trkpt lat="37.634942" lon="-104.789278">
				<ele>1911.490154</ele>
				<time>2021-11-30T23:36:15Z</time>
			</trkpt>
			<trkpt lat="37.634564" lon="-104.789051">
				<ele>1911.380739</ele>
				<time>2021-11-30T23:36:23Z</time>
			</trkpt>
			<trkpt lat="37.634316" lon="-104.788863">
				<ele>1910.928093</ele>
				<time>2021-11-30T23:36:29Z</time>
			</trkpt>
			<trkpt lat="37.634081" lon="-104.788649">
				<ele>1910.474701</ele>
				<time>2021-11-30T23:36:34Z</time>
			</trkpt>
			<trkpt lat="37.63295" lon="-104.787721">
				<ele>1908.55479</ele>
				<time>2021-11-30T23:37:00Z</time>
			</trkpt>
			<trkpt lat="37.632493" lon="-104.787336">
				<ele>1907.985605</ele>
				<time>2021-11-30T23:37:11Z</time>
			</trkpt>
			<trkpt lat="37.632042" lon="-104.78696">
				<ele>1907.425682</ele>
				<time>2021-11-30T23:37:22Z</time>
			</trkpt>
			<trkpt lat="37.63158" lon="-104.786573">
				<ele>1906.698085</ele>
				<time>2021-11-30T23:37:33Z</time>
			</trkpt>
			<trkpt lat="37.630677" lon="-104.78582">
				<ele>1904.773522</ele>
				<time>2021-11-30T23:37:53Z</time>
			</trkpt>
			<trkpt lat="37.630214" lon="-104.785441">
				<ele>1903.707536</ele>
				<time>2021-11-30T23:38:03Z</time>
			</trkpt>
			<trkpt lat="37.62977" lon="-104.785067">
				<ele>1901.672651</ele>
				<time>2021-11-30T23:38:12Z</time>
			</trkpt>
			<trkpt lat="37.629312" lon="-104.784687">
				<ele>1899.583255</ele>
				<time>2021-11-30T23:38:21Z</time>
			</trkpt>
			<trkpt lat="37.628857" lon="-104.784314">
				<ele>1897.514989</ele>
				<time>2021-11-30T23:38:30Z</time>
			</trkpt>
			<trkpt lat="37.628404" lon="-104.783944">
				<ele>1895.277184</ele>
				<time>2021-11-30T23:38:39Z</time>
			</trkpt>
			<trkpt lat="37.62796" lon="-104.783541">
				<ele>1892.949267</ele>
				<time>2021-11-30T23:38:48Z</time>
			</trkpt>
			<trkpt lat="37.627795" lon="-104.783163">
				<ele>1891.494008</ele>
				<time>2021-11-30T23:38:53Z</time>
			</trkpt>
			<trkpt lat="37.627631" lon="-104.782958">
				<ele>1890.511552</ele>
				<time>2021-11-30T23:38:57Z</time>
			</trkpt>
			<trkpt lat="37.627523" lon="-104.782898">
				<ele>1890.009233</ele>
				<time>2021-11-30T23:38:59Z</time>
			</trkpt>
			<trkpt lat="37.6269" lon="-104.782573">
				<ele>1887.738014</ele>
				<time>2021-11-30T23:39:10Z</time>
			</trkpt>
			<trkpt lat="37.626588" lon="-104.782411">
				<ele>1886.690414</ele>
				<time>2021-11-30T23:39:16Z</time>
			</trkpt>
			<trkpt lat="37.626264" lon="-104.782239">
				<ele>1885.598961</ele>
				<time>2021-11-30T23:39:22Z</time>
			</trkpt>
			<trkpt lat="37.625662" lon="-104.78192">
				<ele>1883.653589</ele>
				<time>2021-11-30T23:39:34Z</time>
			</trkpt>
			<trkpt lat="37.625311" lon="-104.781738">
				<ele>1882.97215</ele>
				<time>2021-11-30T23:39:40Z</time>
			</trkpt>
			<trkpt lat="37.625285" lon="-104.781726">
				<ele>1882.922435</ele>
				<time>2021-11-30T23:39:41Z</time>
			</trkpt>
			<trkpt lat="37.624747" lon="-104.78145">
				<ele>1881.879542</ele>
				<time>2021-11-30T23:39:52Z</time>
			</trkpt>
			<trkpt lat="37.624655" lon="-104.781401">
				<ele>1881.700223</ele>
				<time>2021-11-30T23:39:54Z</time>
			</trkpt>
			<trkpt lat="37.624408" lon="-104.781265">
				<ele>1881.216295</ele>
				<time>2021-11-30T23:39:59Z</time>
			</trkpt>
			<trkpt lat="37.623692" lon="-104.780888">
				<ele>1880.365957</ele>
				<time>2021-11-30T23:40:14Z</time>
			</trkpt>
			<trkpt lat="37.623463" lon="-104.780763">
				<ele>1880.259117</ele>
				<time>2021-11-30T23:40:19Z</time>
			</trkpt>
			<trkpt lat="37.62272" lon="-104.780376">
				<ele>1879.914922</ele>
				<time>2021-11-30T23:40:36Z</time>
			</trkpt>
			<trkpt lat="37.622556" lon="-104.780872">
				<ele>1879.802712</ele>
				<time>2021-11-30T23:40:46Z</time>
			</trkpt>
			<trkpt lat="37.622453" lon="-104.781184">
				<ele>1879.931086</ele>
				<time>2021-11-30T23:40:52Z</time>
			</trkpt>
			<trkpt lat="37.622198" lon="-104.781964">
				<ele>1880.251562</ele>
				<time>2021-11-30T23:41:09Z</time>
			</trkpt>
			<trkpt lat="37.622079" lon="-104.782343">
				<ele>1880.406399</ele>
				<time>2021-11-30T23:41:17Z</time>
			</trkpt>
			<trkpt lat="37.621923" lon="-104.782821">
				<ele>1880.602745</ele>
				<time>2021-11-30T23:41:28Z</time>
			</trkpt>
			<trkpt lat="37.62168" lon="-104.783553">
				<ele>1881.093479</ele>
				<time>2021-11-30T23:41:44Z</time>
			</trkpt>
			<trkpt lat="37.621153" lon="-104.785151">
				<ele>1882.215619</ele>
				<time>2021-11-30T23:42:20Z</time>
			</trkpt>
			<trkpt lat="37.620826" lon="-104.786132">
				<ele>1882.976266</ele>
				<time>2021-11-30T23:42:43Z</time>
			</trkpt>
			<trkpt lat="37.620617" lon="-104.786758">
				<ele>1883.461771</ele>
				<time>2021-11-30T23:42:57Z</time>
			</trkpt>
			<trkpt lat="37.620091" lon="-104.78834">
				<ele>1884.460558</ele>
				<time>2021-11-30T23:43:33Z</time>
			</trkpt>
			<trkpt lat="37.619559" lon="-104.789937">
				<ele>1885.170631</ele>
				<time>2021-11-30T23:44:07Z</time>
			</trkpt>
			<trkpt lat="37.619161" lon="-104.791119">
				<ele>1885.505456</ele>
				<time>2021-11-30T23:44:30Z</time>
			</trkpt>
			<trkpt lat="37.6186" lon="-104.79278">
				<ele>1886.444901</ele>
				<time>2021-11-30T23:45:06Z</time>
			</trkpt>
			<trkpt lat="37.61854" lon="-104.792957">
				<ele>1886.549567</ele>
				<time>2021-11-30T23:45:10Z</time>
			</trkpt>
			<trkpt lat="37.617933" lon="-104.79481">
				<ele>1888.555414</ele>
				<time>2021-11-30T23:45:55Z</time>
			</trkpt>
			<trkpt lat="37.617699" lon="-104.795504">
				<ele>1889.483763</ele>
				<time>2021-11-30T23:46:13Z</time>
			</trkpt>
			<trkpt lat="37.617555" lon="-104.795932">
				<ele>1890.574966</ele>
				<time>2021-11-30T23:46:26Z</time>
			</trkpt>
			<trkpt lat="37.617385" lon="-104.79626">
				<ele>1891.494789</ele>
				<time>2021-11-30T23:46:37Z</time>
			</trkpt>
			<trkpt lat="37.617197" lon="-104.796567">
				<ele>1892.405395</ele>
				<time>2021-11-30T23:46:48Z</time>
			</trkpt>
			<trkpt lat="37.616814" lon="-104.796308">
				<ele>1893.692574</ele>
				<time>2021-11-30T23:47:11Z</time>
			</trkpt>
			<trkpt lat="37.616317" lon="-104.796005">
				<ele>1895.851195</ele>
				<time>2021-11-30T23:47:33Z</time>
			</trkpt>
			<trkpt lat="37.615052" lon="-104.795166">
				<ele>1903.379203</ele>
				<time>2021-11-30T23:49:06Z</time>
			</trkpt>
			<trkpt lat="37.61495" lon="-104.795048">
				<ele>1904.108062</ele>
				<time>2021-11-30T23:49:15Z</time>
			</trkpt>
			<trkpt lat="37.614696" lon="-104.794735">
				<ele>1906.242537</ele>
				<time>2021-11-30T23:49:40Z</time>
			</trkpt>
			<trkpt lat="37.614393" lon="-104.794158">
				<ele>1909.545145</ele>
				<time>2021-11-30T23:50:18Z</time>
			</trkpt>
			<trkpt lat="37.614235" lon="-104.793775">
				<ele>1911.605247</ele>
				<time>2021-11-30T23:50:42Z</time>
			</trkpt>
			<trkpt lat="37.613521" lon="-104.791742">
				<ele>1919.754228</ele>
				<time>2021-11-30T23:52:34Z</time>
			</trkpt>
			<trkpt lat="37.613283" lon="-104.791273">
				<ele>1921.509893</ele>
				<time>2021-11-30T23:52:55Z</time>
			</trkpt>
			<trkpt lat="37.613159" lon="-104.791078">
				<ele>1922.160555</ele>
				<time>2021-11-30T23:53:03Z</time>
			</trkpt>
			<trkpt lat="37.612814" lon="-104.790724">
				<ele>1922.562698</ele>
				<time>2021-11-30T23:53:22Z</time>
			</trkpt>
			<trkpt lat="37.611713" lon="-104.789872">
				<ele>1923.730802</ele>
				<time>2021-11-30T23:54:12Z</time>
			</trkpt>
			<trkpt lat="37.611181" lon="-104.789453">
				<ele>1925.601747</ele>
				<time>2021-11-30T23:54:40Z</time>
			</trkpt>
			<trkpt lat="37.609021" lon="-104.787766">
				<ele>1934.824655</ele>
				<time>2021-11-30T23:57:06Z</time>
			</trkpt>
			<trkpt lat="37.608707" lon="-104.78753">
				<ele>1936.340292</ele>
				<time>2021-11-30T23:57:29Z</time>
			</trkpt>
			<trkpt lat="37.608459" lon="-104.787388">
				<ele>1937.155554</ele>
				<time>2021-11-30T23:57:44Z</time>
			</trkpt>
			<trkpt lat="37.608276" lon="-104.787331">
				<ele>1937.624995</ele>
				<time>2021-11-30T23:57:55Z</time>
			</trkpt>
			<trkpt lat="37.60805" lon="-104.787309">
				<ele>1938.189531</ele>
				<time>2021-11-30T23:58:08Z</time>
			</trkpt>
			<trkpt lat="37.607828" lon="-104.787344">
				<ele>1938.746729</ele>
				<time>2021-11-30T23:58:19Z</time>
			</trkpt>
			<trkpt lat="37.607676" lon="-104.7874">
				<ele>1939.141087</ele>
				<time>2021-11-30T23:58:27Z</time>
			</trkpt>
			<trkpt lat="37.6073" lon="-104.787625">
				<ele>1940.177432</ele>
				<time>2021-11-30T23:58:47Z</time>
			</trkpt>
			<trkpt lat="37.606725" lon="-104.788113">
				<ele>1940.799798</ele>
				<time>2021-11-30T23:59:15Z</time>
			</trkpt>
			<trkpt lat="37.606444" lon="-104.788306">
				<ele>1940.408912</ele>
				<time>2021-11-30T23:59:26Z</time>
			</trkpt>
			<trkpt lat="37.603903" lon="-104.789522">
				<ele>1936.300998</ele>
				<time>2021-12-01T00:00:54Z</time>
			</trkpt>
			<trkpt lat="37.603101" lon="-104.789855">
				<ele>1936.204775</ele>
				<time>2021-12-01T00:01:24Z</time>
			</trkpt>
			<trkpt lat="37.602661" lon="-104.789964">
				<ele>1936.481921</ele>
				<time>2021-12-01T00:01:42Z</time>
			</trkpt>
			<trkpt lat="37.601012" lon="-104.789938">
				<ele>1939.177447</ele>
				<time>2021-12-01T00:02:58Z</time>
			</trkpt>
			<trkpt lat="37.600851" lon="-104.79006">
				<ele>1939.651027</ele>
				<time>2021-12-01T00:03:08Z</time>
			</trkpt>
			<trkpt lat="37.600741" lon="-104.790232">
				<ele>1940.092686</ele>
				<time>2021-12-01T00:03:17Z</time>
			</trkpt>
			<trkpt lat="37.600548" lon="-104.790793">
				<ele>1941.314714</ele>
				<time>2021-12-01T00:03:43Z</time>
			</trkpt>
			<trkpt lat="37.600267" lon="-104.791474">
				<ele>1943.359945</ele>
				<time>2021-12-01T00:04:17Z</time>
			</trkpt>
			<trkpt lat="37.599629" lon="-104.792915">
				<ele>1947.865979</ele>
				<time>2021-12-01T00:05:28Z</time>
			</trkpt>
			<trkpt lat="37.599257" lon="-104.79356">
				<ele>1949.581485</ele>
				<time>2021-12-01T00:06:02Z</time>
			</trkpt>
			<trkpt lat="37.599" lon="-104.794131">
				<ele>1950.993606</ele>
				<time>2021-12-01T00:06:29Z</time>
			</trkpt>
			<trkpt lat="37.598818" lon="-104.79482">
				<ele>1952.555354</ele>
				<time>2021-12-01T00:06:56Z</time>
			</trkpt>
			<trkpt lat="37.598407" lon="-104.795546">
				<ele>1953.177422</ele>
				<time>2021-12-01T00:07:27Z</time>
			</trkpt>
			<trkpt lat="37.596431" lon="-104.797903">
				<ele>1954.860886</ele>
				<time>2021-12-01T00:09:12Z</time>
			</trkpt>
			<trkpt lat="37.594898" lon="-104.799847">
				<ele>1957.181767</ele>
				<time>2021-12-01T00:10:48Z</time>
			</trkpt>
			<trkpt lat="37.592661" lon="-104.803361">
				<ele>1956.555131</ele>
				<time>2021-12-01T00:12:57Z</time>
			</trkpt>
			<trkpt lat="37.591943" lon="-104.804516">
				<ele>1955.999212</ele>
				<time>2021-12-01T00:13:39Z</time>
			</trkpt>
			<trkpt lat="37.591452" lon="-104.804857">
				<ele>1955.691777</ele>
				<time>2021-12-01T00:13:59Z</time>
			</trkpt>
			<trkpt lat="37.591077" lon="-104.804906">
				<ele>1955.321302</ele>
				<time>2021-12-01T00:14:12Z</time>
			</trkpt>
			<trkpt lat="37.589509" lon="-104.804935">
				<ele>1953.879247</ele>
				<time>2021-12-01T00:15:06Z</time>
			</trkpt>
			<trkpt lat="37.588893" lon="-104.804992">
				<ele>1953.543972</ele>
				<time>2021-12-01T00:15:27Z</time>
			</trkpt>
			<trkpt lat="37.58805" lon="-104.805317">
				<ele>1953.065496</ele>
				<time>2021-12-01T00:15:59Z</time>
			</trkpt>
			<trkpt lat="37.586226" lon="-104.806589">
				<ele>1954.135683</ele>
				<time>2021-12-01T00:17:21Z</time>
			</trkpt>
			<trkpt lat="37.583737" lon="-104.808291">
				<ele>1957.845724</ele>
				<time>2021-12-01T00:19:25Z</time>
			</trkpt>
			<trkpt lat="37.583211" lon="-104.808751">
				<ele>1958.836145</ele>
				<time>2021-12-01T00:19:55Z</time>
			</trkpt>
			<trkpt lat="37.582918" lon="-104.809127">
				<ele>1959.601118</ele>
				<time>2021-12-01T00:20:14Z</time>
			</trkpt>
			<trkpt lat="37.582509" lon="-104.80965">
				<ele>1960.667028</ele>
				<time>2021-12-01T00:20:42Z</time>
			</trkpt>
			<trkpt lat="37.581489" lon="-104.811597">
				<ele>1963.342438</ele>
				<time>2021-12-01T00:22:05Z</time>
			</trkpt>
			<trkpt lat="37.579507" lon="-104.813774">
				<ele>1966.008526</ele>
				<time>2021-12-01T00:23:51Z</time>
			</trkpt>
			<trkpt lat="37.577966" lon="-104.815041">
				<ele>1970.047095</ele>
				<time>2021-12-01T00:25:22Z</time>
			</trkpt>
			<trkpt lat="37.577655" lon="-104.815533">
				<ele>1971.276387</ele>
				<time>2021-12-01T00:25:48Z</time>
			</trkpt>
			<trkpt lat="37.57655" lon="-104.817569">
				<ele>1975.254835</ele>
				<time>2021-12-01T00:27:23Z</time>
			</trkpt>
			<trkpt lat="37.57571" lon="-104.81864">
				<ele>1976.620291</ele>
				<time>2021-12-01T00:28:12Z</time>
			</trkpt>
			<trkpt lat="37.575028" lon="-104.819309">
				<ele>1976.525633</ele>
				<time>2021-12-01T00:28:43Z</time>
			</trkpt>
			<trkpt lat="37.574342" lon="-104.819545">
				<ele>1976.474141</ele>
				<time>2021-12-01T00:29:09Z</time>
			</trkpt>
			<trkpt lat="37.573907" lon="-104.819775">
				<ele>1976.78636</ele>
				<time>2021-12-01T00:29:26Z</time>
			</trkpt>
			<trkpt lat="37.573358" lon="-104.82035">
				<ele>1977.258678</ele>
				<time>2021-12-01T00:29:54Z</time>
			</trkpt>
			<trkpt lat="37.57262" lon="-104.822243">
				<ele>1979.747047</ele>
				<time>2021-12-01T00:31:11Z</time>
			</trkpt>
			<trkpt lat="37.572395" lon="-104.822648">
				<ele>1980.502115</ele>
				<time>2021-12-01T00:31:29Z</time>
			</trkpt>
			<trkpt lat="37.571876" lon="-104.822997">
				<ele>1981.966504</ele>
				<time>2021-12-01T00:31:58Z</time>
			</trkpt>
			<trkpt lat="37.571158" lon="-104.823637">
				<ele>1984.722668</ele>
				<time>2021-12-01T00:32:44Z</time>
			</trkpt>
			<trkpt lat="37.570793" lon="-104.824204">
				<ele>1986.53779</ele>
				<time>2021-12-01T00:33:16Z</time>
			</trkpt>
			<trkpt lat="37.570312" lon="-104.825182">
				<ele>1989.137862</ele>
				<time>2021-12-01T00:34:07Z</time>
			</trkpt>
			<trkpt lat="37.570015" lon="-104.825556">
				<ele>1990.324449</ele>
				<time>2021-12-01T00:34:29Z</time>
			</trkpt>
			<trkpt lat="37.569694" lon="-104.825757">
				<ele>1991.337804</ele>
				<time>2021-12-01T00:34:46Z</time>
			</trkpt>
			<trkpt lat="37.56903" lon="-104.825757">
				<ele>1991.759651</ele>
				<time>2021-12-01T00:35:13Z</time>
			</trkpt>
			<trkpt lat="37.568557" lon="-104.825653">
				<ele>1991.68882</ele>
				<time>2021-12-01T00:35:31Z</time>
			</trkpt>
			<trkpt lat="37.568379" lon="-104.825554">
				<ele>1991.660122</ele>
				<time>2021-12-01T00:35:37Z</time>
			</trkpt>
			<trkpt lat="37.56811" lon="-104.825458">
				<ele>1991.61888</ele>
				<time>2021-12-01T00:35:47Z</time>
			</trkpt>
			<trkpt lat="37.567932" lon="-104.825317">
				<ele>1991.587874</ele>
				<time>2021-12-01T00:35:54Z</time>
			</trkpt>
			<trkpt lat="37.567107" lon="-104.825325">
				<ele>1991.507226</ele>
				<time>2021-12-01T00:36:23Z</time>
			</trkpt>
			<trkpt lat="37.565208" lon="-104.825581">
				<ele>1991.680875</ele>
				<time>2021-12-01T00:37:37Z</time>
			</trkpt>
			<trkpt lat="37.564131" lon="-104.825727">
				<ele>1992.068879</ele>
				<time>2021-12-01T00:38:19Z</time>
			</trkpt>
			<trkpt lat="37.562089" lon="-104.826288">
				<ele>1993.782393</ele>
				<time>2021-12-01T00:39:42Z</time>
			</trkpt>
			<trkpt lat="37.561363" lon="-104.826567">
				<ele>1995.313763</ele>
				<time>2021-12-01T00:40:18Z</time>
			</trkpt>
			<trkpt lat="37.559323" lon="-104.826906">
				<ele>1999.668939</ele>
				<time>2021-12-01T00:42:03Z</time>
			</trkpt>
			<trkpt lat="37.55582" lon="-104.827106">
				<ele>2002.818082</ele>
				<time>2021-12-01T00:44:22Z</time>
			</trkpt>
			<trkpt lat="37.553138" lon="-104.827787">
				<ele>2007.417382</ele>
				<time>2021-12-01T00:46:29Z</time>
			</trkpt>
			<trkpt lat="37.55125" lon="-104.828455">
				<ele>2011.468328</ele>
				<time>2021-12-01T00:48:02Z</time>
			</trkpt>
			<trkpt lat="37.549685" lon="-104.829239">
				<ele>2014.847409</ele>
				<time>2021-12-01T00:49:22Z</time>
			</trkpt>
			<trkpt lat="37.545093" lon="-104.832034">
				<ele>2024.090369</ele>
				<time>2021-12-01T00:53:16Z</time>
			</trkpt>
			<trkpt lat="37.544453" lon="-104.833003">
				<ele>2026.365447</ele>
				<time>2021-12-01T00:54:05Z</time>
			</trkpt>
			<trkpt lat="37.544225" lon="-104.833267">
				<ele>2027.069659</ele>
				<time>2021-12-01T00:54:20Z</time>
			</trkpt>
			<trkpt lat="37.543695" lon="-104.833696">
				<ele>2028.40763</ele>
				<time>2021-12-01T00:54:51Z</time>
			</trkpt>
			<trkpt lat="37.541991" lon="-104.834969">
				<ele>2032.083241</ele>
				<time>2021-12-01T00:56:23Z</time>
			</trkpt>
			<trkpt lat="37.540843" lon="-104.835758">
				<ele>2034.02705</ele>
				<time>2021-12-01T00:57:20Z</time>
			</trkpt>
			<trkpt lat="37.539147" lon="-104.837034">
				<ele>2036.79451</ele>
				<time>2021-12-01T00:58:47Z</time>
			</trkpt>
			<trkpt lat="37.537723" lon="-104.838311">
				<ele>2039.323134</ele>
				<time>2021-12-01T01:00:04Z</time>
			</trkpt>
			<trkpt lat="37.535773" lon="-104.840004">
				<ele>2043.840739</ele>
				<time>2021-12-01T01:01:53Z</time>
			</trkpt>
			<trkpt lat="37.533919" lon="-104.842193">
				<ele>2049.873958</ele>
				<time>2021-12-01T01:04:00Z</time>
			</trkpt>
			<trkpt lat="37.532872" lon="-104.843124">
				<ele>2052.309918</ele>
				<time>2021-12-01T01:05:00Z</time>
			</trkpt>
			<trkpt lat="37.53232" lon="-104.843712">
				<ele>2053.537114</ele>
				<time>2021-12-01T01:05:32Z</time>
			</trkpt>
			<trkpt lat="37.531802" lon="-104.844425">
				<ele>2054.788833</ele>
				<time>2021-12-01T01:06:06Z</time>
			</trkpt>
			<trkpt lat="37.531113" lon="-104.845616">
				<ele>2056.679266</ele>
				<time>2021-12-01T01:06:58Z</time>
			</trkpt>
			<trkpt lat="37.530876" lon="-104.845973">
				<ele>2057.714045</ele>
				<time>2021-12-01T01:07:16Z</time>
			</trkpt>
			<trkpt lat="37.530541" lon="-104.846593">
				<ele>2059.39559</ele>
				<time>2021-12-01T01:07:47Z</time>
			</trkpt>
			<trkpt lat="37.529913" lon="-104.848666">
				<ele>2064.348424</ele>
				<time>2021-12-01T01:09:21Z</time>
			</trkpt>
			<trkpt lat="37.529421" lon="-104.849563">
				<ele>2066.773183</ele>
				<time>2021-12-01T01:10:04Z</time>
			</trkpt>
			<trkpt lat="37.528904" lon="-104.850357">
				<ele>2067.819589</ele>
				<time>2021-12-01T01:10:41Z</time>
			</trkpt>
			<trkpt lat="37.528146" lon="-104.851115">
				<ele>2069.03342</ele>
				<time>2021-12-01T01:11:21Z</time>
			</trkpt>
			<trkpt lat="37.527685" lon="-104.851718">
				<ele>2069.527815</ele>
				<time>2021-12-01T01:11:47Z</time>
			</trkpt>
			<trkpt lat="37.52693" lon="-104.853565">
				<ele>2071.625656</ele>
				<time>2021-12-01T01:12:54Z</time>
			</trkpt>
			<trkpt lat="37.526468" lon="-104.854212">
				<ele>2073.432529</ele>
				<time>2021-12-01T01:13:28Z</time>
			</trkpt>
			<trkpt lat="37.526261" lon="-104.854465">
				<ele>2074.186949</ele>
				<time>2021-12-01T01:13:44Z</time>
			</trkpt>
			<trkpt lat="37.526071" lon="-104.854788">
				<ele>2075.021577</ele>
				<time>2021-12-01T01:14:02Z</time>
			</trkpt>
			<trkpt lat="37.526218" lon="-104.855504">
				<ele>2078.458717</ele>
				<time>2021-12-01T01:14:39Z</time>
			</trkpt>
			<trkpt lat="37.526232" lon="-104.855836">
				<ele>2080.033269</ele>
				<time>2021-12-01T01:14:57Z</time>
			</trkpt>
			<trkpt lat="37.526201" lon="-104.856159">
				<ele>2081.574137</ele>
				<time>2021-12-01T01:15:15Z</time>
			</trkpt>
			<trkpt lat="37.526148" lon="-104.856427">
				<ele>2082.882234</ele>
				<time>2021-12-01T01:15:31Z</time>
			</trkpt>
			<trkpt lat="37.525914" lon="-104.857194">
				<ele>2086.702642</ele>
				<time>2021-12-01T01:16:18Z</time>
			</trkpt>
			<trkpt lat="37.525859" lon="-104.857402">
				<ele>2087.663674</ele>
				<time>2021-12-01T01:16:29Z</time>
			</trkpt>
			<trkpt lat="37.525838" lon="-104.857588">
				<ele>2088.487159</ele>
				<time>2021-12-01T01:16:39Z</time>
			</trkpt>
			<trkpt lat="37.525817" lon="-104.857918">
				<ele>2089.938246</ele>
				<time>2021-12-01T01:16:57Z</time>
			</trkpt>
			<trkpt lat="37.525825" lon="-104.858523">
				<ele>2092.590419</ele>
				<time>2021-12-01T01:17:27Z</time>
			</trkpt>
			<trkpt lat="37.525951" lon="-104.859489">
				<ele>2096.622686</ele>
				<time>2021-12-01T01:18:15Z</time>
			</trkpt>
			<trkpt lat="37.525939" lon="-104.860197">
				<ele>2099.014213</ele>
				<time>2021-12-01T01:18:49Z</time>
			</trkpt>
			<trkpt lat="37.525876" lon="-104.861425">
				<ele>2103.169951</ele>
				<time>2021-12-01T01:19:45Z</time>
			</trkpt>
			<trkpt lat="37.525818" lon="-104.861953">
				<ele>2104.347607</ele>
				<time>2021-12-01T01:20:08Z</time>
			</trkpt>
			<trkpt lat="37.525646" lon="-104.86303">
				<ele>2106.574377</ele>
				<time>2021-12-01T01:20:51Z</time>
			</trkpt>
			<trkpt lat="37.525491" lon="-104.863736">
				<ele>2108.04741</ele>
				<time>2021-12-01T01:21:17Z</time>
			</trkpt>
			<trkpt lat="37.525463" lon="-104.863948">
				<ele>2108.378822</ele>
				<time>2021-12-01T01:21:25Z</time>
			</trkpt>
			<trkpt lat="37.525454" lon="-104.864135">
				<ele>2108.667712</ele>
				<time>2021-12-01T01:21:32Z</time>
			</trkpt>
			<trkpt lat="37.525502" lon="-104.864798">
				<ele>2109.69433</ele>
				<time>2021-12-01T01:21:57Z</time>
			</trkpt>
			<trkpt lat="37.525505" lon="-104.865167">
				<ele>2110.263369</ele>
				<time>2021-12-01T01:22:10Z</time>
			</trkpt>
			<trkpt lat="37.525482" lon="-104.865493">
				<ele>2110.768056</ele>
				<time>2021-12-01T01:22:22Z</time>
			</trkpt>
			<trkpt lat="37.525477" lon="-104.865905">
				<ele>2111.403447</ele>
				<time>2021-12-01T01:22:38Z</time>
			</trkpt>
			<trkpt lat="37.525481" lon="-104.86663">
				<ele>2112.920918</ele>
				<time>2021-12-01T01:23:06Z</time>
			</trkpt>
			<trkpt lat="37.525395" lon="-104.868135">
				<ele>2116.164101</ele>
				<time>2021-12-01T01:24:08Z</time>
			</trkpt>
			<trkpt lat="37.525415" lon="-104.868342">
				<ele>2116.706894</ele>
				<time>2021-12-01T01:24:16Z</time>
			</trkpt>
			<trkpt lat="37.525598" lon="-104.86887">
				<ele>2118.4535</ele>
				<time>2021-12-01T01:24:40Z</time>
			</trkpt>
			<trkpt lat="37.525688" lon="-104.869221">
				<ele>2119.571657</ele>
				<time>2021-12-01T01:24:56Z</time>
			</trkpt>
			<trkpt lat="37.525678" lon="-104.869579">
				<ele>2120.657481</ele>
				<time>2021-12-01T01:25:12Z</time>
			</trkpt>
			<trkpt lat="37.525652" lon="-104.869755">
				<ele>2121.200139</ele>
				<time>2021-12-01T01:25:20Z</time>
			</trkpt>
			<trkpt lat="37.5253" lon="-104.871061">
				<ele>2125.968646</ele>
				<time>2021-12-01T01:26:27Z</time>
			</trkpt>
			<trkpt lat="37.525063" lon="-104.872352">
				<ele>2131.095761</ele>
				<time>2021-12-01T01:27:32Z</time>
			</trkpt>
			<trkpt lat="37.524924" lon="-104.873729">
				<ele>2136.070628</ele>
				<time>2021-12-01T01:28:38Z</time>
			</trkpt>
			<trkpt lat="37.524575" lon="-104.875976">
				<ele>2144.837391</ele>
				<time>2021-12-01T01:30:24Z</time>
			</trkpt>
			<trkpt lat="37.524506" lon="-104.876295">
				<ele>2146.200219</ele>
				<time>2021-12-01T01:30:40Z</time>
			</trkpt>
			<trkpt lat="37.5239" lon="-104.878416">
				<ele>2157.907638</ele>
				<time>2021-12-01T01:32:47Z</time>
			</trkpt>
			<trkpt lat="37.523791" lon="-104.878591">
				<ele>2159.186615</ele>
				<time>2021-12-01T01:33:01Z</time>
			</trkpt>
			<trkpt lat="37.523281" lon="-104.879209">
				<ele>2164.23057</ele>
				<time>2021-12-01T01:33:57Z</time>
			</trkpt>
			<trkpt lat="37.52284" lon="-104.87966">
				<ele>2168.168115</ele>
				<time>2021-12-01T01:34:40Z</time>
			</trkpt>
			<trkpt lat="37.522458" lon="-104.879964">
				<ele>2171.300583</ele>
				<time>2021-12-01T01:35:13Z</time>
			</trkpt>
			<trkpt lat="37.522161" lon="-104.880176">
				<ele>2173.667253</ele>
				<time>2021-12-01T01:35:36Z</time>
			</trkpt>
			<trkpt lat="37.521578" lon="-104.880455">
				<ele>2176.22666</ele>
				<time>2021-12-01T01:36:14Z</time>
			</trkpt>
			<trkpt lat="37.521125" lon="-104.880519">
				<ele>2177.596028</ele>
				<time>2021-12-01T01:36:38Z</time>
			</trkpt>
			<trkpt lat="37.52093" lon="-104.880579">
				<ele>2178.199017</ele>
				<time>2021-12-01T01:36:47Z</time>
			</trkpt>
			<trkpt lat="37.520803" lon="-104.880653">
				<ele>2178.619307</ele>
				<time>2021-12-01T01:36:54Z</time>
			</trkpt>
			<trkpt lat="37.520545" lon="-104.880954">
				<ele>2179.675267</ele>
				<time>2021-12-01T01:37:10Z</time>
			</trkpt>
			<trkpt lat="37.520376" lon="-104.881233">
				<ele>2180.419614</ele>
				<time>2021-12-01T01:37:22Z</time>
			</trkpt>
			<trkpt lat="37.519456" lon="-104.883176">
				<ele>2183.683425</ele>
				<time>2021-12-01T01:38:44Z</time>
			</trkpt>
			<trkpt lat="37.519221" lon="-104.883596">
				<ele>2184.559496</ele>
				<time>2021-12-01T01:39:05Z</time>
			</trkpt>
			<trkpt lat="37.518767" lon="-104.884375">
				<ele>2186.20717</ele>
				<time>2021-12-01T01:39:42Z</time>
			</trkpt>
			<trkpt lat="37.518428" lon="-104.884907">
				<ele>2187.370336</ele>
				<time>2021-12-01T01:40:08Z</time>
			</trkpt>
			<trkpt lat="37.517999" lon="-104.885458">
				<ele>2188.943225</ele>
				<time>2021-12-01T01:40:35Z</time>
			</trkpt>
			<trkpt lat="37.517762" lon="-104.885885">
				<ele>2190.007806</ele>
				<time>2021-12-01T01:40:54Z</time>
			</trkpt>
			<trkpt lat="37.517415" lon="-104.88665">
				<ele>2191.807961</ele>
				<time>2021-12-01T01:41:30Z</time>
			</trkpt>
			<trkpt lat="37.517299" lon="-104.887016">
				<ele>2193.444033</ele>
				<time>2021-12-01T01:41:48Z</time>
			</trkpt>
			<trkpt lat="37.517137" lon="-104.888587">
				<ele>2201.24585</ele>
				<time>2021-12-01T01:43:16Z</time>
			</trkpt>
			<trkpt lat="37.517249" lon="-104.889825">
				<ele>2207.239544</ele>
				<time>2021-12-01T01:44:30Z</time>
			</trkpt>
			<trkpt lat="37.517246" lon="-104.890012">
				<ele>2208.129302</ele>
				<time>2021-12-01T01:44:41Z</time>
			</trkpt>
			<trkpt lat="37.517205" lon="-104.890293">
				<ele>2209.488474</ele>
				<time>2021-12-01T01:44:57Z</time>
			</trkpt>
			<trkpt lat="37.517113" lon="-104.89056">
				<ele>2210.873294</ele>
				<time>2021-12-01T01:45:12Z</time>
			</trkpt>
			<trkpt lat="37.517047" lon="-104.89068">
				<ele>2211.567961</ele>
				<time>2021-12-01T01:45:19Z</time>
			</trkpt>
			<trkpt lat="37.516561" lon="-104.89139">
				<ele>2214.612404</ele>
				<time>2021-12-01T01:46:02Z</time>
			</trkpt>
			<trkpt lat="37.516337" lon="-104.891938">
				<ele>2215.518244</ele>
				<time>2021-12-01T01:46:25Z</time>
			</trkpt>
			<trkpt lat="37.516273" lon="-104.892272">
				<ele>2216.023127</ele>
				<time>2021-12-01T01:46:37Z</time>
			</trkpt>
			<trkpt lat="37.516239" lon="-104.892608">
				<ele>2216.520833</ele>
				<time>2021-12-01T01:46:48Z</time>
			</trkpt>
			<trkpt lat="37.516226" lon="-104.893466">
				<ele>2217.127155</ele>
				<time>2021-12-01T01:47:15Z</time>
			</trkpt>
			<trkpt lat="37.516059" lon="-104.894727">
				<ele>2216.392921</ele>
				<time>2021-12-01T01:47:50Z</time>
			</trkpt>
			<trkpt lat="37.516031" lon="-104.895595">
				<ele>2215.582661</ele>
				<time>2021-12-01T01:48:14Z</time>
			</trkpt>
			<trkpt lat="37.51591" lon="-104.897129">
				<ele>2212.295826</ele>
				<time>2021-12-01T01:48:53Z</time>
			</trkpt>
			<trkpt lat="37.515919" lon="-104.90016">
				<ele>2202.988901</ele>
				<time>2021-12-01T01:50:04Z</time>
			</trkpt>
			<trkpt lat="37.515899" lon="-104.903357">
				<ele>2192.425919</ele>
				<time>2021-12-01T01:51:18Z</time>
			</trkpt>
			<trkpt lat="37.515921" lon="-104.905545">
				<ele>2187.355097</ele>
				<time>2021-12-01T01:52:12Z</time>
			</trkpt>
			<trkpt lat="37.515876" lon="-104.907078">
				<ele>2185.00635</ele>
				<time>2021-12-01T01:52:53Z</time>
			</trkpt>
			<trkpt lat="37.515805" lon="-104.907974">
				<ele>2184.085131</ele>
				<time>2021-12-01T01:53:18Z</time>
			</trkpt>
			<trkpt lat="37.514721" lon="-104.914707">
				<ele>2176.552901</ele>
				<time>2021-12-01T01:56:21Z</time>
			</trkpt>
			<trkpt lat="37.514048" lon="-104.918923">
				<ele>2172.674347</ele>
				<time>2021-12-01T01:58:18Z</time>
			</trkpt>
			<trkpt lat="37.513853" lon="-104.922226">
				<ele>2169.98189</ele>
				<time>2021-12-01T01:59:48Z</time>
			</trkpt>
			<trkpt lat="37.513821" lon="-104.923826">
				<ele>2169.527408</ele>
				<time>2021-12-01T02:00:34Z</time>
			</trkpt>
			<trkpt lat="37.513861" lon="-104.924151">
				<ele>2169.448975</ele>
				<time>2021-12-01T02:00:44Z</time>
			</trkpt>
			<trkpt lat="37.513932" lon="-104.924421">
				<ele>2169.38114</ele>
				<time>2021-12-01T02:00:53Z</time>
			</trkpt>
			<trkpt lat="37.514341" lon="-104.925345">
				<ele>2167.423386</ele>
				<time>2021-12-01T02:01:22Z</time>
			</trkpt>
			<trkpt lat="37.514415" lon="-104.925601">
				<ele>2166.823301</ele>
				<time>2021-12-01T02:01:29Z</time>
			</trkpt>
			<trkpt lat="37.514452" lon="-104.925848">
				<ele>2166.269694</ele>
				<time>2021-12-01T02:01:35Z</time>
			</trkpt>
			<trkpt lat="37.514455" lon="-104.926131">
				<ele>2165.646361</ele>
				<time>2021-12-01T02:01:42Z</time>
			</trkpt>
			<trkpt lat="37.514292" lon="-104.927419">
				<ele>2160.904079</ele>
				<time>2021-12-01T02:02:11Z</time>
			</trkpt>
			<trkpt lat="37.514116" lon="-104.928213">
				<ele>2156.92327</ele>
				<time>2021-12-01T02:02:29Z</time>
			</trkpt>
			<trkpt lat="37.513419" lon="-104.930673">
				<ele>2145.079058</ele>
				<time>2021-12-01T02:03:27Z</time>
			</trkpt>
			<trkpt lat="37.513266" lon="-104.931309">
				<ele>2142.554382</ele>
				<time>2021-12-01T02:03:43Z</time>
			</trkpt>
			<trkpt lat="37.513188" lon="-104.931801">
				<ele>2141.081475</ele>
				<time>2021-12-01T02:03:54Z</time>
			</trkpt>
			<trkpt lat="37.513166" lon="-104.932229">
				<ele>2139.82238</ele>
				<time>2021-12-01T02:04:05Z</time>
			</trkpt>
			<trkpt lat="37.51319" lon="-104.932684">
				<ele>2138.483707</ele>
				<time>2021-12-01T02:04:16Z</time>
			</trkpt>
			<trkpt lat="37.513735" lon="-104.936451">
				<ele>2129.571737</ele>
				<time>2021-12-01T02:05:49Z</time>
			</trkpt>
			<trkpt lat="37.513831" lon="-104.937331">
				<ele>2128.169885</ele>
				<time>2021-12-01T02:06:12Z</time>
			</trkpt>
			<trkpt lat="37.513841" lon="-104.937706">
				<ele>2127.577742</ele>
				<time>2021-12-01T02:06:23Z</time>
			</trkpt>
			<trkpt lat="37.513876" lon="-104.941559">
				<ele>2131.2037</ele>
				<time>2021-12-01T02:08:33Z</time>
			</trkpt>
			<trkpt lat="37.51393" lon="-104.943463">
				<ele>2134.647417</ele>
				<time>2021-12-01T02:09:54Z</time>
			</trkpt>
			<trkpt lat="37.514036" lon="-104.951008">
				<ele>2144.67016</ele>
				<time>2021-12-01T02:14:29Z</time>
			</trkpt>
			<trkpt lat="37.513914" lon="-104.95963">
				<ele>2130.706849</ele>
				<time>2021-12-01T02:18:08Z</time>
			</trkpt>
			<trkpt lat="37.513897" lon="-104.965538">
				<ele>2126.120982</ele>
				<time>2021-12-01T02:20:49Z</time>
			</trkpt>
			<trkpt lat="37.513906" lon="-104.971423">
				<ele>2131.575901</ele>
				<time>2021-12-01T02:24:15Z</time>
			</trkpt>
			<trkpt lat="37.513898" lon="-104.971719">
				<ele>2131.914664</ele>
				<time>2021-12-01T02:24:25Z</time>
			</trkpt>
			<trkpt lat="37.513859" lon="-104.971915">
				<ele>2132.136162</ele>
				<time>2021-12-01T02:24:33Z</time>
			</trkpt>
			<trkpt lat="37.513758" lon="-104.972098">
				<ele>2132.377786</ele>
				<time>2021-12-01T02:24:41Z</time>
			</trkpt>
			<trkpt lat="37.513687" lon="-104.972172">
				<ele>2132.503657</ele>
				<time>2021-12-01T02:24:45Z</time>
			</trkpt>
			<trkpt lat="37.512751" lon="-104.973053">
				<ele>2134.099699</ele>
				<time>2021-12-01T02:25:36Z</time>
			</trkpt>
			<trkpt lat="37.512373" lon="-104.973512">
				<ele>2134.674002</ele>
				<time>2021-12-01T02:25:58Z</time>
			</trkpt>
			<trkpt lat="37.511864" lon="-104.974188">
				<ele>2135.320896</ele>
				<time>2021-12-01T02:26:29Z</time>
			</trkpt>
			<trkpt lat="37.51166" lon="-104.974351">
				<ele>2135.532222</ele>
				<time>2021-12-01T02:26:39Z</time>
			</trkpt>
			<trkpt lat="37.511551" lon="-104.974404">
				<ele>2135.634442</ele>
				<time>2021-12-01T02:26:44Z</time>
			</trkpt>
			<trkpt lat="37.510666" lon="-104.974738">
				<ele>2136.112531</ele>
				<time>2021-12-01T02:27:21Z</time>
			</trkpt>
			<trkpt lat="37.510564" lon="-104.974799">
				<ele>2136.138705</ele>
				<time>2021-12-01T02:27:25Z</time>
			</trkpt>
			<trkpt lat="37.510504" lon="-104.974876">
				<ele>2136.158555</ele>
				<time>2021-12-01T02:27:28Z</time>
			</trkpt>
			<trkpt lat="37.510454" lon="-104.974997">
				<ele>2136.183646</ele>
				<time>2021-12-01T02:27:33Z</time>
			</trkpt>
			<trkpt lat="37.51044" lon="-104.975158">
				<ele>2136.213433</ele>
				<time>2021-12-01T02:27:38Z</time>
			</trkpt>
			<trkpt lat="37.510453" lon="-104.977567">
				<ele>2136.077471</ele>
				<time>2021-12-01T02:28:48Z</time>
			</trkpt>
			<trkpt lat="37.510462" lon="-104.979422">
				<ele>2135.866242</ele>
				<time>2021-12-01T02:29:40Z</time>
			</trkpt>
			<trkpt lat="37.510463" lon="-104.979667">
				<ele>2135.871619</ele>
				<time>2021-12-01T02:29:47Z</time>
			</trkpt>
			<trkpt lat="37.510486" lon="-104.980713">
				<ele>2135.894586</ele>
				<time>2021-12-01T02:30:19Z</time>
			</trkpt>
			<trkpt lat="37.510487" lon="-104.980757">
				<ele>2135.895552</ele>
				<time>2021-12-01T02:30:21Z</time>
			</trkpt>
			<trkpt lat="37.510489" lon="-104.980859">
				<ele>2136.0517</ele>
				<time>2021-12-01T02:30:24Z</time>
			</trkpt>
			<trkpt lat="37.51049" lon="-104.980892">
				<ele>2136.105865</ele>
				<time>2021-12-01T02:30:25Z</time>
			</trkpt>
			<trkpt lat="37.510482" lon="-104.981437">
				<ele>2136.999915</ele>
				<time>2021-12-01T02:30:44Z</time>
			</trkpt>
			<trkpt lat="37.510471" lon="-104.982204">
				<ele>2138.258138</ele>
				<time>2021-12-01T02:31:13Z</time>
			</trkpt>
			<trkpt lat="37.510474" lon="-104.983202">
				<ele>2139.897687</ele>
				<time>2021-12-01T02:31:55Z</time>
			</trkpt>
			<trkpt lat="37.510478" lon="-104.985016">
				<ele>2142.900993</ele>
				<time>2021-12-01T02:33:03Z</time>
			</trkpt>
			<trkpt lat="37.510475" lon="-104.985127">
				<ele>2143.084873</ele>
				<time>2021-12-01T02:33:07Z</time>
			</trkpt>
			<trkpt lat="37.510447" lon="-104.986436">
				<ele>2145.124381</ele>
				<time>2021-12-01T02:33:52Z</time>
			</trkpt>
			<trkpt lat="37.510466" lon="-104.987961">
				<ele>2148.083633</ele>
				<time>2021-12-01T02:34:51Z</time>
			</trkpt>
			<trkpt lat="37.510469" lon="-104.988165">
				<ele>2148.711025</ele>
				<time>2021-12-01T02:35:01Z</time>
			</trkpt>
			<trkpt lat="37.510471" lon="-104.989987">
				<ele>2154.166621</ele>
				<time>2021-12-01T02:36:26Z</time>
			</trkpt>
			<trkpt lat="37.510542" lon="-104.990244">
				<ele>2154.744321</ele>
				<time>2021-12-01T02:36:39Z</time>
			</trkpt>
			<trkpt lat="37.510801" lon="-104.990782">
				<ele>2156.080252</ele>
				<time>2021-12-01T02:37:07Z</time>
			</trkpt>
			<trkpt lat="37.510855" lon="-104.990992">
				<ele>2156.548876</ele>
				<time>2021-12-01T02:37:16Z</time>
			</trkpt>
			<trkpt lat="37.510851" lon="-104.991115">
				<ele>2156.810198</ele>
				<time>2021-12-01T02:37:21Z</time>
			</trkpt>
			<trkpt lat="37.510783" lon="-104.991349">
				<ele>2157.339215</ele>
				<time>2021-12-01T02:37:30Z</time>
			</trkpt>
			<trkpt lat="37.510669" lon="-104.991739">
				<ele>2158.221525</ele>
				<time>2021-12-01T02:37:45Z</time>
			</trkpt>
			<trkpt lat="37.510534" lon="-104.992256">
				<ele>2157.762934</ele>
				<time>2021-12-01T02:38:01Z</time>
			</trkpt>
			<trkpt lat="37.510463" lon="-104.992527">
				<ele>2157.01912</ele>
				<time>2021-12-01T02:38:09Z</time>
			</trkpt>
			<trkpt lat="37.510461" lon="-104.992801">
				<ele>2156.304983</ele>
				<time>2021-12-01T02:38:17Z</time>
			</trkpt>
			<trkpt lat="37.510423" lon="-104.998589">
				<ele>2140.025465</ele>
				<time>2021-12-01T02:40:33Z</time>
			</trkpt>
			<trkpt lat="37.510364" lon="-104.999104">
				<ele>2138.815168</ele>
				<time>2021-12-01T02:40:46Z</time>
			</trkpt>
			<trkpt lat="37.510335" lon="-104.999281">
				<ele>2138.436851</ele>
				<time>2021-12-01T02:40:48Z</time>
			</trkpt>
			<trkpt lat="37.51026" lon="-104.999536">
				<ele>2137.867576</ele>
				<time>2021-12-01T02:40:52Z</time>
			</trkpt>
			<trkpt lat="37.510201" lon="-104.999865">
				<ele>2137.161533</ele>
				<time>2021-12-01T02:40:57Z</time>
			</trkpt>
			<trkpt lat="37.510189" lon="-105.00037">
				<ele>2136.10399</ele>
				<time>2021-12-01T02:41:04Z</time>
			</trkpt>
			<trkpt lat="37.510181" lon="-105.001117">
				<ele>2134.746532</ele>
				<time>2021-12-01T02:41:15Z</time>
			</trkpt>
			<trkpt lat="37.510175" lon="-105.001694">
				<ele>2134.193766</ele>
				<time>2021-12-01T02:41:24Z</time>
			</trkpt>
			<trkpt lat="37.510185" lon="-105.00222">
				<ele>2133.689757</ele>
				<time>2021-12-01T02:41:32Z</time>
			</trkpt>
			<trkpt lat="37.510191" lon="-105.002574">
				<ele>2133.350576</ele>
				<time>2021-12-01T02:41:37Z</time>
			</trkpt>
			<trkpt lat="37.510199" lon="-105.002991">
				<ele>2132.951008</ele>
				<time>2021-12-01T02:41:44Z</time>
			</trkpt>
			<trkpt lat="37.510218" lon="-105.003545">
				<ele>2132.774886</ele>
				<time>2021-12-01T02:41:53Z</time>
			</trkpt>
			<trkpt lat="37.510229" lon="-105.003881">
				<ele>2132.800664</ele>
				<time>2021-12-01T02:41:59Z</time>
			</trkpt>
			<trkpt lat="37.510244" lon="-105.004308">
				<ele>2132.833428</ele>
				<time>2021-12-01T02:42:06Z</time>
			</trkpt>
			<trkpt lat="37.510244" lon="-105.005627">
				<ele>2133.040365</ele>
				<time>2021-12-01T02:42:32Z</time>
			</trkpt>
			<trkpt lat="37.510229" lon="-105.006285">
				<ele>2133.530488</ele>
				<time>2021-12-01T02:42:46Z</time>
			</trkpt>
			<trkpt lat="37.510185" lon="-105.006947">
				<ele>2134.025114</ele>
				<time>2021-12-01T02:43:00Z</time>
			</trkpt>
			<trkpt lat="37.510117" lon="-105.007542">
				<ele>2134.472702</ele>
				<time>2021-12-01T02:43:13Z</time>
			</trkpt>
			<trkpt lat="37.510068" lon="-105.007977">
				<ele>2134.885268</ele>
				<time>2021-12-01T02:43:23Z</time>
			</trkpt>
			<trkpt lat="37.510054" lon="-105.008101">
				<ele>2135.020635</ele>
				<time>2021-12-01T02:43:26Z</time>
			</trkpt>
			<trkpt lat="37.510013" lon="-105.00847">
				<ele>2135.423337</ele>
				<time>2021-12-01T02:43:35Z</time>
			</trkpt>
			<trkpt lat="37.509987" lon="-105.008736">
				<ele>2135.712999</ele>
				<time>2021-12-01T02:43:41Z</time>
			</trkpt>
			<trkpt lat="37.509956" lon="-105.009055">
				<ele>2136.060346</ele>
				<time>2021-12-01T02:43:48Z</time>
			</trkpt>
			<trkpt lat="37.509715" lon="-105.009061">
				<ele>2136.388768</ele>
				<time>2021-12-01T02:43:55Z</time>
			</trkpt>
			<trkpt lat="37.509683" lon="-105.009061">
				<ele>2136.432367</ele>
				<time>2021-12-01T02:43:56Z</time>
			</trkpt>
			<trkpt lat="37.509651" lon="-105.009061">
				<ele>2136.475966</ele>
				<time>2021-12-01T02:43:57Z</time>
			</trkpt>
			<trkpt lat="37.509579" lon="-105.009061">
				<ele>2136.574065</ele>
				<time>2021-12-01T02:43:59Z</time>
			</trkpt>
			<trkpt lat="37.509549" lon="-105.009062">
				<ele>2136.614953</ele>
				<time>2021-12-01T02:44:00Z</time>
			</trkpt>
			<trkpt lat="37.509399" lon="-105.009063">
				<ele>2136.819328</ele>
				<time>2021-12-01T02:44:04Z</time>
			</trkpt>
			<trkpt lat="37.50911" lon="-105.009068">
				<ele>2137.263095</ele>
				<time>2021-12-01T02:44:13Z</time>
			</trkpt>
			<trkpt lat="37.508541" lon="-105.009069">
				<ele>2138.293458</ele>
				<time>2021-12-01T02:44:30Z</time>
			</trkpt>
			<trkpt lat="37.508011" lon="-105.009073">
				<ele>2139.253214</ele>
				<time>2021-12-01T02:44:47Z</time>
			</trkpt>
			<trkpt lat="37.507439" lon="-105.009077">
				<ele>2140.289023</ele>
				<time>2021-12-01T02:45:05Z</time>
			</trkpt>
			<trkpt lat="37.5069" lon="-105.009081">
				<ele>2141.712212</ele>
				<time>2021-12-01T02:45:24Z</time>
			</trkpt>
			<trkpt lat="37.50657" lon="-105.009084">
				<ele>2142.592021</ele>
				<time>2021-12-01T02:45:35Z</time>
			</trkpt>
			<trkpt lat="37.506355" lon="-105.009085">
				<ele>2143.16522</ele>
				<time>2021-12-01T02:45:43Z</time>
			</trkpt>
			<trkpt lat="37.505809" lon="-105.00909">
				<ele>2144.620906</ele>
				<time>2021-12-01T02:46:02Z</time>
			</trkpt>
			<trkpt lat="37.505411" lon="-105.009092">
				<ele>2145.719296</ele>
				<time>2021-12-01T02:46:18Z</time>
			</trkpt>
			<trkpt lat="37.505245" lon="-105.009093">
				<ele>2146.190902</ele>
				<time>2021-12-01T02:46:25Z</time>
			</trkpt>
			<trkpt lat="37.504704" lon="-105.009097">
				<ele>2147.727894</ele>
				<time>2021-12-01T02:46:46Z</time>
			</trkpt>
			<trkpt lat="37.504471" lon="-105.009099">
				<ele>2148.389856</ele>
				<time>2021-12-01T02:46:54Z</time>
			</trkpt>
			<trkpt lat="37.504139" lon="-105.009101">
				<ele>2149.333069</ele>
				<time>2021-12-01T02:47:06Z</time>
			</trkpt>
			<trkpt lat="37.503628" lon="-105.009111">
				<ele>2150.537157</ele>
				<time>2021-12-01T02:47:23Z</time>
			</trkpt>
			<trkpt lat="37.503627" lon="-105.00922">
				<ele>2150.674417</ele>
				<time>2021-12-01T02:47:25Z</time>
			</trkpt>
			<trkpt lat="37.503624" lon="-105.009497">
				<ele>2151.023245</ele>
				<time>2021-12-01T02:47:32Z</time>
			</trkpt>
			<trkpt lat="37.503621" lon="-105.009828">
				<ele>2151.440063</ele>
				<time>2021-12-01T02:47:40Z</time>
			</trkpt>
			<trkpt lat="37.503622" lon="-105.010135">
				<ele>2151.826638</ele>
				<time>2021-12-01T02:47:48Z</time>
			</trkpt>
			<trkpt lat="37.503622" lon="-105.010196">
				<ele>2151.903448</ele>
				<time>2021-12-01T02:47:49Z</time>
			</trkpt>
			<trkpt lat="37.503622" lon="-105.01075">
				<ele>2152.601038</ele>
				<time>2021-12-01T02:48:02Z</time>
			</trkpt>
			<trkpt lat="37.503623" lon="-105.011">
				<ele>2152.915839</ele>
				<time>2021-12-01T02:48:07Z</time>
			</trkpt>
			<trkpt lat="37.503623" lon="-105.011239">
				<ele>2153.250913</ele>
				<time>2021-12-01T02:48:12Z</time>
			</trkpt>
			<trkpt lat="37.503623" lon="-105.011371">
				<ele>2153.458087</ele>
				<time>2021-12-01T02:48:15Z</time>
			</trkpt>
			<trkpt lat="37.503529" lon="-105.011372">
				<ele>2153.644064</ele>
				<time>2021-12-01T02:48:17Z</time>
			</trkpt>
			<trkpt lat="37.503062" lon="-105.011378">
				<ele>2154.568028</ele>
				<time>2021-12-01T02:48:31Z</time>
			</trkpt>
			<trkpt lat="37.502518" lon="-105.011385">
				<ele>2155.644338</ele>
				<time>2021-12-01T02:48:49Z</time>
			</trkpt>
			<trkpt lat="37.501975" lon="-105.01139">
				<ele>2156.736915</ele>
				<time>2021-12-01T02:49:09Z</time>
			</trkpt>
			<trkpt lat="37.50142" lon="-105.011396">
				<ele>2158.079986</ele>
				<time>2021-12-01T02:49:30Z</time>
			</trkpt>
			<trkpt lat="37.500891" lon="-105.011406">
				<ele>2159.360235</ele>
				<time>2021-12-01T02:49:49Z</time>
			</trkpt>
			<trkpt lat="37.500805" lon="-105.011408">
				<ele>2159.568379</ele>
				<time>2021-12-01T02:49:52Z</time>
			</trkpt>
			<trkpt lat="37.500376" lon="-105.011416">
				<ele>2160.606612</ele>
				<time>2021-12-01T02:50:06Z</time>
			</trkpt>
			<trkpt lat="37.500324" lon="-105.011423">
				<ele>2160.73316</ele>
				<time>2021-12-01T02:50:07Z</time>
			</trkpt>
			<trkpt lat="37.500097" lon="-105.011481">
				<ele>2161.02698</ele>
				<time>2021-12-01T02:50:14Z</time>
			</trkpt>
			<trkpt lat="37.499955" lon="-105.011572">
				<ele>2161.074806</ele>
				<time>2021-12-01T02:50:19Z</time>
			</trkpt>
			<trkpt lat="37.49986" lon="-105.011669">
				<ele>2161.111511</ele>
				<time>2021-12-01T02:50:22Z</time>
			</trkpt>
			<trkpt lat="37.49978" lon="-105.011793">
				<ele>2161.14958</ele>
				<time>2021-12-01T02:50:25Z</time>
			</trkpt>
			<trkpt lat="37.499716" lon="-105.011958">
				<ele>2161.193327</ele>
				<time>2021-12-01T02:50:29Z</time>
			</trkpt>
			<trkpt lat="37.499696" lon="-105.012089">
				<ele>2161.225102</ele>
				<time>2021-12-01T02:50:32Z</time>
			</trkpt>
			<trkpt lat="37.499689" lon="-105.01213">
				<ele>2161.235091</ele>
				<time>2021-12-01T02:50:33Z</time>
			</trkpt>
			<trkpt lat="37.499686" lon="-105.012277">
				<ele>2161.270116</ele>
				<time>2021-12-01T02:50:36Z</time>
			</trkpt>
			<trkpt lat="37.499677" lon="-105.012608">
				<ele>2161.349003</ele>
				<time>2021-12-01T02:50:42Z</time>
			</trkpt>
			<trkpt lat="37.499675" lon="-105.013288">
				<ele>2161.510972</ele>
				<time>2021-12-01T02:50:53Z</time>
			</trkpt>
			<trkpt lat="37.499641" lon="-105.014633">
				<ele>2160.88285</ele>
				<time>2021-12-01T02:51:14Z</time>
			</trkpt>
			<trkpt lat="37.499582" lon="-105.016145">
				<ele>2160.753203</ele>
				<time>2021-12-01T02:51:40Z</time>
			</trkpt>
			<trkpt lat="37.499577" lon="-105.01626">
				<ele>2160.837754</ele>
				<time>2021-12-01T02:51:42Z</time>
			</trkpt>
			<trkpt lat="37.499558" lon="-105.01667">
				<ele>2161.139259</ele>
				<time>2021-12-01T02:51:50Z</time>
			</trkpt>
			<trkpt lat="37.499522" lon="-105.017471">
				<ele>2161.728236</ele>
				<time>2021-12-01T02:52:08Z</time>
			</trkpt>
			<trkpt lat="37.499516" lon="-105.018024">
				<ele>2162.262328</ele>
				<time>2021-12-01T02:52:22Z</time>
			</trkpt>
			<trkpt lat="37.499515" lon="-105.018148">
				<ele>2162.475656</ele>
				<time>2021-12-01T02:52:25Z</time>
			</trkpt>
			<trkpt lat="37.499504" lon="-105.019394">
				<ele>2164.619284</ele>
				<time>2021-12-01T02:52:59Z</time>
			</trkpt>
			<trkpt lat="37.499415" lon="-105.019875">
				<ele>2165.468955</ele>
				<time>2021-12-01T02:53:12Z</time>
			</trkpt>
			<trkpt lat="37.499351" lon="-105.020022">
				<ele>2165.757416</ele>
				<time>2021-12-01T02:53:17Z</time>
			</trkpt>
			<trkpt lat="37.49912" lon="-105.020297">
				<ele>2166.422326</ele>
				<time>2021-12-01T02:53:27Z</time>
			</trkpt>
			<trkpt lat="37.498994" lon="-105.020387">
				<ele>2166.721459</ele>
				<time>2021-12-01T02:53:32Z</time>
			</trkpt>
			<trkpt lat="37.498816" lon="-105.020461">
				<ele>2167.108595</ele>
				<time>2021-12-01T02:53:38Z</time>
			</trkpt>
			<trkpt lat="37.498605" lon="-105.020498">
				<ele>2167.548607</ele>
				<time>2021-12-01T02:53:45Z</time>
			</trkpt>
			<trkpt lat="37.492277" lon="-105.020542">
				<ele>2180.622885</ele>
				<time>2021-12-01T02:57:10Z</time>
			</trkpt>
			<trkpt lat="37.488684" lon="-105.020561">
				<ele>2188.27303</ele>
				<time>2021-12-01T02:59:09Z</time>
			</trkpt>
			<trkpt lat="37.488595" lon="-105.020561">
				<ele>2188.462351</ele>
				<time>2021-12-01T02:59:12Z</time>
			</trkpt>
			<trkpt lat="37.485789" lon="-105.020609">
				<ele>2194.096859</ele>
				<time>2021-12-01T03:00:42Z</time>
			</trkpt>
			<trkpt lat="37.482772" lon="-105.020681">
				<ele>2200.237905</ele>
				<time>2021-12-01T03:02:19Z</time>
			</trkpt>
			<trkpt lat="37.482126" lon="-105.020723">
				<ele>2201.702342</ele>
				<time>2021-12-01T03:02:41Z</time>
			</trkpt>
			<trkpt lat="37.481835" lon="-105.02079">
				<ele>2202.372049</ele>
				<time>2021-12-01T03:02:51Z</time>
			</trkpt>
			<trkpt lat="37.481575" lon="-105.020859">
				<ele>2202.973579</ele>
				<time>2021-12-01T03:03:00Z</time>
			</trkpt>
			<trkpt lat="37.480123" lon="-105.021387">
				<ele>2206.755221</ele>
				<time>2021-12-01T03:03:53Z</time>
			</trkpt>
			<trkpt lat="37.469691" lon="-105.025597">
				<ele>2235.707521</ele>
				<time>2021-12-01T03:10:21Z</time>
			</trkpt>
			<trkpt lat="37.466147" lon="-105.026984">
				<ele>2246.536458</ele>
				<time>2021-12-01T03:12:39Z</time>
			</trkpt>
			<trkpt lat="37.46525" lon="-105.027495">
				<ele>2249.432004</ele>
				<time>2021-12-01T03:13:14Z</time>
			</trkpt>
			<trkpt lat="37.464037" lon="-105.028473">
				<ele>2253.832735</ele>
				<time>2021-12-01T03:14:08Z</time>
			</trkpt>
			<trkpt lat="37.462869" lon="-105.030139">
				<ele>2259.283456</ele>
				<time>2021-12-01T03:15:18Z</time>
			</trkpt>
			<trkpt lat="37.461748" lon="-105.031346">
				<ele>2262.692747</ele>
				<time>2021-12-01T03:16:07Z</time>
			</trkpt>
			<trkpt lat="37.459834" lon="-105.031882">
				<ele>2264.564078</ele>
				<time>2021-12-01T03:16:57Z</time>
			</trkpt>
			<trkpt lat="37.459694" lon="-105.031932">
				<ele>2264.749582</ele>
				<time>2021-12-01T03:17:01Z</time>
			</trkpt>
			<trkpt lat="37.459051" lon="-105.031903">
				<ele>2265.5698</ele>
				<time>2021-12-01T03:17:18Z</time>
			</trkpt>
			<trkpt lat="37.458111" lon="-105.031866">
				<ele>2267.217226</ele>
				<time>2021-12-01T03:17:47Z</time>
			</trkpt>
			<trkpt lat="37.457738" lon="-105.031866">
				<ele>2268.601753</ele>
				<time>2021-12-01T03:18:01Z</time>
			</trkpt>
			<trkpt lat="37.45724" lon="-105.031909">
				<ele>2270.4546</ele>
				<time>2021-12-01T03:18:21Z</time>
			</trkpt>
			<trkpt lat="37.45664" lon="-105.032099">
				<ele>2272.751007</ele>
				<time>2021-12-01T03:18:49Z</time>
			</trkpt>
			<trkpt lat="37.456103" lon="-105.032249">
				<ele>2275.313226</ele>
				<time>2021-12-01T03:19:16Z</time>
			</trkpt>
			<trkpt lat="37.455571" lon="-105.032459">
				<ele>2278.063391</ele>
				<time>2021-12-01T03:19:42Z</time>
			</trkpt>
			<trkpt lat="37.453882" lon="-105.032993">
				<ele>2285.70677</ele>
				<time>2021-12-01T03:21:03Z</time>
			</trkpt>
			<trkpt lat="37.453666" lon="-105.033088">
				<ele>2286.601572</ele>
				<time>2021-12-01T03:21:12Z</time>
			</trkpt>
			<trkpt lat="37.453443" lon="-105.033236">
				<ele>2287.587385</ele>
				<time>2021-12-01T03:21:22Z</time>
			</trkpt>
			<trkpt lat="37.453283" lon="-105.033447">
				<ele>2288.493344</ele>
				<time>2021-12-01T03:21:30Z</time>
			</trkpt>
			<trkpt lat="37.453166" lon="-105.033701">
				<ele>2289.303571</ele>
				<time>2021-12-01T03:21:38Z</time>
			</trkpt>
			<trkpt lat="37.453053" lon="-105.034065">
				<ele>2290.088391</ele>
				<time>2021-12-01T03:21:49Z</time>
			</trkpt>
			<trkpt lat="37.452882" lon="-105.034641">
				<ele>2291.323245</ele>
				<time>2021-12-01T03:22:06Z</time>
			</trkpt>
			<trkpt lat="37.452744" lon="-105.034956">
				<ele>2292.0457</ele>
				<time>2021-12-01T03:22:16Z</time>
			</trkpt>
			<trkpt lat="37.452568" lon="-105.035223">
				<ele>2292.74258</ele>
				<time>2021-12-01T03:22:25Z</time>
			</trkpt>
			<trkpt lat="37.452372" lon="-105.035395">
				<ele>2293.346801</ele>
				<time>2021-12-01T03:22:33Z</time>
			</trkpt>
			<trkpt lat="37.452094" lon="-105.03555">
				<ele>2294.191718</ele>
				<time>2021-12-01T03:22:44Z</time>
			</trkpt>
			<trkpt lat="37.450657" lon="-105.036047">
				<ele>2298.599146</ele>
				<time>2021-12-01T03:23:39Z</time>
			</trkpt>
			<trkpt lat="37.449361" lon="-105.036533">
				<ele>2303.507001</ele>
				<time>2021-12-01T03:24:32Z</time>
			</trkpt>
			<trkpt lat="37.449024" lon="-105.036608">
				<ele>2304.773781</ele>
				<time>2021-12-01T03:24:47Z</time>
			</trkpt>
			<trkpt lat="37.448859" lon="-105.036604">
				<ele>2305.384668</ele>
				<time>2021-12-01T03:24:54Z</time>
			</trkpt>
			<trkpt lat="37.448527" lon="-105.036582">
				<ele>2306.959977</ele>
				<time>2021-12-01T03:25:09Z</time>
			</trkpt>
			<trkpt lat="37.447935" lon="-105.036488">
				<ele>2309.953241</ele>
				<time>2021-12-01T03:25:38Z</time>
			</trkpt>
			<trkpt lat="37.44766" lon="-105.036478">
				<ele>2311.333349</ele>
				<time>2021-12-01T03:25:51Z</time>
			</trkpt>
			<trkpt lat="37.447117" lon="-105.036521">
				<ele>2314.06268</ele>
				<time>2021-12-01T03:26:18Z</time>
			</trkpt>
			<trkpt lat="37.446855" lon="-105.036547">
				<ele>2315.175934</ele>
				<time>2021-12-01T03:26:31Z</time>
			</trkpt>
			<trkpt lat="37.446126" lon="-105.036551">
				<ele>2317.781114</ele>
				<time>2021-12-01T03:27:03Z</time>
			</trkpt>
			<trkpt lat="37.443383" lon="-105.036353">
				<ele>2325.723163</ele>
				<time>2021-12-01T03:28:38Z</time>
			</trkpt>
			<trkpt lat="37.442919" lon="-105.03629">
				<ele>2327.33263</ele>
				<time>2021-12-01T03:28:55Z</time>
			</trkpt>
			<trkpt lat="37.442089" lon="-105.036083">
				<ele>2330.250625</ele>
				<time>2021-12-01T03:29:29Z</time>
			</trkpt>
			<trkpt lat="37.441446" lon="-105.036028">
				<ele>2332.4965</ele>
				<time>2021-12-01T03:29:57Z</time>
			</trkpt>
			<trkpt lat="37.441024" lon="-105.036063">
				<ele>2334.009628</ele>
				<time>2021-12-01T03:30:15Z</time>
			</trkpt>
			<trkpt lat="37.440748" lon="-105.036135">
				<ele>2335.018077</ele>
				<time>2021-12-01T03:30:27Z</time>
			</trkpt>
			<trkpt lat="37.44005" lon="-105.036441">
				<ele>2337.662389</ele>
				<time>2021-12-01T03:30:56Z</time>
			</trkpt>
			<trkpt lat="37.439326" lon="-105.036715">
				<ele>2339.910535</ele>
				<time>2021-12-01T03:31:23Z</time>
			</trkpt>
			<trkpt lat="37.43904" lon="-105.036756">
				<ele>2340.714258</ele>
				<time>2021-12-01T03:31:33Z</time>
			</trkpt>
			<trkpt lat="37.438136" lon="-105.036809">
				<ele>2343.241135</ele>
				<time>2021-12-01T03:32:06Z</time>
			</trkpt>
			<trkpt lat="37.437721" lon="-105.036836">
				<ele>2343.961461</ele>
				<time>2021-12-01T03:32:21Z</time>
			</trkpt>
			<trkpt lat="37.437501" lon="-105.036889">
				<ele>2344.334805</ele>
				<time>2021-12-01T03:32:28Z</time>
			</trkpt>
			<trkpt lat="37.437263" lon="-105.036985">
				<ele>2344.751354</ele>
				<time>2021-12-01T03:32:36Z</time>
			</trkpt>
			<trkpt lat="37.43705" lon="-105.037115">
				<ele>2345.145875</ele>
				<time>2021-12-01T03:32:43Z</time>
			</trkpt>
			<trkpt lat="37.436903" lon="-105.037226">
				<ele>2345.43156</ele>
				<time>2021-12-01T03:32:48Z</time>
			</trkpt>
			<trkpt lat="37.435211" lon="-105.038773">
				<ele>2348.386267</ele>
				<time>2021-12-01T03:33:43Z</time>
			</trkpt>
			<trkpt lat="37.43458" lon="-105.039384">
				<ele>2350.75116</ele>
				<time>2021-12-01T03:34:13Z</time>
			</trkpt>
			<trkpt lat="37.434244" lon="-105.039754">
				<ele>2352.381694</ele>
				<time>2021-12-01T03:34:33Z</time>
			</trkpt>
			<trkpt lat="37.434054" lon="-105.040002">
				<ele>2353.381353</ele>
				<time>2021-12-01T03:34:46Z</time>
			</trkpt>
			<trkpt lat="37.433076" lon="-105.041322">
				<ele>2358.289789</ele>
				<time>2021-12-01T03:35:44Z</time>
			</trkpt>
			<trkpt lat="37.432631" lon="-105.041974">
				<ele>2360.539223</ele>
				<time>2021-12-01T03:36:08Z</time>
			</trkpt>
			<trkpt lat="37.43159" lon="-105.043595">
				<ele>2365.624944</ele>
				<time>2021-12-01T03:37:12Z</time>
			</trkpt>
			<trkpt lat="37.43126" lon="-105.044052">
				<ele>2366.703362</ele>
				<time>2021-12-01T03:37:30Z</time>
			</trkpt>
			<trkpt lat="37.431082" lon="-105.044213">
				<ele>2366.760703</ele>
				<time>2021-12-01T03:37:37Z</time>
			</trkpt>
			<trkpt lat="37.430757" lon="-105.044416">
				<ele>2366.855622</ele>
				<time>2021-12-01T03:37:47Z</time>
			</trkpt>
			<trkpt lat="37.429967" lon="-105.04474">
				<ele>2367.073008</ele>
				<time>2021-12-01T03:38:05Z</time>
			</trkpt>
			<trkpt lat="37.429395" lon="-105.04504">
				<ele>2366.996951</ele>
				<time>2021-12-01T03:38:16Z</time>
			</trkpt>
			<trkpt lat="37.429167" lon="-105.04519">
				<ele>2366.904083</ele>
				<time>2021-12-01T03:38:21Z</time>
			</trkpt>
			<trkpt lat="37.428362" lon="-105.045842">
				<ele>2366.558541</ele>
				<time>2021-12-01T03:38:40Z</time>
			</trkpt>
			<trkpt lat="37.426395" lon="-105.047478">
				<ele>2372.354953</ele>
				<time>2021-12-01T03:40:12Z</time>
			</trkpt>
			<trkpt lat="37.424643" lon="-105.04864">
				<ele>2375.276245</ele>
				<time>2021-12-01T03:41:10Z</time>
			</trkpt>
			<trkpt lat="37.423999" lon="-105.049159">
				<ele>2375.592226</ele>
				<time>2021-12-01T03:41:27Z</time>
			</trkpt>
			<trkpt lat="37.423557" lon="-105.049553">
				<ele>2375.877454</ele>
				<time>2021-12-01T03:41:38Z</time>
			</trkpt>
			<trkpt lat="37.42304" lon="-105.050055">
				<ele>2377.020001</ele>
				<time>2021-12-01T03:41:53Z</time>
			</trkpt>
			<trkpt lat="37.419672" lon="-105.052569">
				<ele>2386.901878</ele>
				<time>2021-12-01T03:44:03Z</time>
			</trkpt>
			<trkpt lat="37.418951" lon="-105.053125">
				<ele>2391.066408</ele>
				<time>2021-12-01T03:44:55Z</time>
			</trkpt>
			<trkpt lat="37.418613" lon="-105.053472">
				<ele>2394.263726</ele>
				<time>2021-12-01T03:45:23Z</time>
			</trkpt>
			<trkpt lat="37.418336" lon="-105.053799">
				<ele>2397.047509</ele>
				<time>2021-12-01T03:45:49Z</time>
			</trkpt>
			<trkpt lat="37.417907" lon="-105.054472">
				<ele>2402.072281</ele>
				<time>2021-12-01T03:46:30Z</time>
			</trkpt>
			<trkpt lat="37.417372" lon="-105.054876">
				<ele>2404.409672</ele>
				<time>2021-12-01T03:46:59Z</time>
			</trkpt>
			<trkpt lat="37.417094" lon="-105.055156">
				<ele>2404.97884</ele>
				<time>2021-12-01T03:47:11Z</time>
			</trkpt>
			<trkpt lat="37.416827" lon="-105.055521">
				<ele>2405.608942</ele>
				<time>2021-12-01T03:47:20Z</time>
			</trkpt>
			<trkpt lat="37.416275" lon="-105.056376">
				<ele>2406.960853</ele>
				<time>2021-12-01T03:47:37Z</time>
			</trkpt>
			<trkpt lat="37.4161" lon="-105.056575">
				<ele>2407.286481</ele>
				<time>2021-12-01T03:47:43Z</time>
			</trkpt>
			<trkpt lat="37.415452" lon="-105.057201">
				<ele>2408.414351</ele>
				<time>2021-12-01T03:48:06Z</time>
			</trkpt>
			<trkpt lat="37.415297" lon="-105.05743">
				<ele>2408.744343</ele>
				<time>2021-12-01T03:48:14Z</time>
			</trkpt>
			<trkpt lat="37.415171" lon="-105.057852">
				<ele>2409.565257</ele>
				<time>2021-12-01T03:48:27Z</time>
			</trkpt>
			<trkpt lat="37.415084" lon="-105.058311">
				<ele>2411.890705</ele>
				<time>2021-12-01T03:48:43Z</time>
			</trkpt>
			<trkpt lat="37.415045" lon="-105.059083">
				<ele>2415.702776</ele>
				<time>2021-12-01T03:49:19Z</time>
			</trkpt>
			<trkpt lat="37.415015" lon="-105.059335">
				<ele>2416.958494</ele>
				<time>2021-12-01T03:49:33Z</time>
			</trkpt>
			<trkpt lat="37.414969" lon="-105.059496">
				<ele>2417.801669</ele>
				<time>2021-12-01T03:49:42Z</time>
			</trkpt>
			<trkpt lat="37.414854" lon="-105.059704">
				<ele>2419.050576</ele>
				<time>2021-12-01T03:49:55Z</time>
			</trkpt>
			<trkpt lat="37.414452" lon="-105.060166">
				<ele>2421.865035</ele>
				<time>2021-12-01T03:50:23Z</time>
			</trkpt>
			<trkpt lat="37.414285" lon="-105.060421">
				<ele>2423.062059</ele>
				<time>2021-12-01T03:50:36Z</time>
			</trkpt>
			<trkpt lat="37.41411" lon="-105.060785">
				<ele>2424.603103</ele>
				<time>2021-12-01T03:50:51Z</time>
			</trkpt>
			<trkpt lat="37.413927" lon="-105.061187">
				<ele>2426.281257</ele>
				<time>2021-12-01T03:51:06Z</time>
			</trkpt>
			<trkpt lat="37.413859" lon="-105.061469">
				<ele>2427.348645</ele>
				<time>2021-12-01T03:51:16Z</time>
			</trkpt>
			<trkpt lat="37.413861" lon="-105.061778">
				<ele>2428.467827</ele>
				<time>2021-12-01T03:51:26Z</time>
			</trkpt>
			<trkpt lat="37.413906" lon="-105.062053">
				<ele>2428.74066</ele>
				<time>2021-12-01T03:51:34Z</time>
			</trkpt>
			<trkpt lat="37.413939" lon="-105.062485">
				<ele>2429.116556</ele>
				<time>2021-12-01T03:51:45Z</time>
			</trkpt>
			<trkpt lat="37.41389" lon="-105.062864">
				<ele>2429.449142</ele>
				<time>2021-12-01T03:51:52Z</time>
			</trkpt>
			<trkpt lat="37.413745" lon="-105.063339">
				<ele>2429.889895</ele>
				<time>2021-12-01T03:52:02Z</time>
			</trkpt>
			<trkpt lat="37.413593" lon="-105.063688">
				<ele>2430.234639</ele>
				<time>2021-12-01T03:52:10Z</time>
			</trkpt>
			<trkpt lat="37.413043" lon="-105.064695">
				<ele>2428.944426</ele>
				<time>2021-12-01T03:52:31Z</time>
			</trkpt>
			<trkpt lat="37.412929" lon="-105.065077">
				<ele>2428.291597</ele>
				<time>2021-12-01T03:52:37Z</time>
			</trkpt>
			<trkpt lat="37.412851" lon="-105.065576">
				<ele>2427.477993</ele>
				<time>2021-12-01T03:52:43Z</time>
			</trkpt>
			<trkpt lat="37.412788" lon="-105.065988">
				<ele>2426.806479</ele>
				<time>2021-12-01T03:52:49Z</time>
			</trkpt>
			<trkpt lat="37.412673" lon="-105.066414">
				<ele>2426.081114</ele>
				<time>2021-12-01T03:52:55Z</time>
			</trkpt>
			<trkpt lat="37.412662" lon="-105.066993">
				<ele>2425.147403</ele>
				<time>2021-12-01T03:53:02Z</time>
			</trkpt>
			<trkpt lat="37.412676" lon="-105.068231">
				<ele>2423.275553</ele>
				<time>2021-12-01T03:53:22Z</time>
			</trkpt>
			<trkpt lat="37.412622" lon="-105.068682">
				<ele>2424.645584</ele>
				<time>2021-12-01T03:53:33Z</time>
			</trkpt>
			<trkpt lat="37.412507" lon="-105.068938">
				<ele>2425.529029</ele>
				<time>2021-12-01T03:53:42Z</time>
			</trkpt>
			<trkpt lat="37.412378" lon="-105.069144">
				<ele>2426.317003</ele>
				<time>2021-12-01T03:53:51Z</time>
			</trkpt>
			<trkpt lat="37.411409" lon="-105.070556">
				<ele>2432.145507</ele>
				<time>2021-12-01T03:55:05Z</time>
			</trkpt>
			<trkpt lat="37.411225" lon="-105.070786">
				<ele>2433.239783</ele>
				<time>2021-12-01T03:55:17Z</time>
			</trkpt>
			<trkpt lat="37.41109" lon="-105.07087">
				<ele>2433.875309</ele>
				<time>2021-12-01T03:55:24Z</time>
			</trkpt>
			<trkpt lat="37.410912" lon="-105.07093">
				<ele>2434.652981</ele>
				<time>2021-12-01T03:55:32Z</time>
			</trkpt>
			<trkpt lat="37.410157" lon="-105.071052">
				<ele>2437.687767</ele>
				<time>2021-12-01T03:56:01Z</time>
			</trkpt>
			<trkpt lat="37.40967" lon="-105.071161">
				<ele>2438.440015</ele>
				<time>2021-12-01T03:56:17Z</time>
			</trkpt>
			<trkpt lat="37.408921" lon="-105.071453">
				<ele>2439.632468</ele>
				<time>2021-12-01T03:56:38Z</time>
			</trkpt>
			<trkpt lat="37.408646" lon="-105.071594">
				<ele>2440.084046</ele>
				<time>2021-12-01T03:56:46Z</time>
			</trkpt>
			<trkpt lat="37.40856" lon="-105.071667">
				<ele>2440.241788</ele>
				<time>2021-12-01T03:56:49Z</time>
			</trkpt>
			<trkpt lat="37.408135" lon="-105.072188">
				<ele>2441.720863</ele>
				<time>2021-12-01T03:57:06Z</time>
			</trkpt>
			<trkpt lat="37.406126" lon="-105.074874">
				<ele>2450.351257</ele>
				<time>2021-12-01T03:58:58Z</time>
			</trkpt>
			<trkpt lat="37.404979" lon="-105.076394">
				<ele>2455.505513</ele>
				<time>2021-12-01T04:00:01Z</time>
			</trkpt>
			<trkpt lat="37.404958" lon="-105.07642">
				<ele>2455.596388</ele>
				<time>2021-12-01T04:00:02Z</time>
			</trkpt>
			<trkpt lat="37.404539" lon="-105.076975">
				<ele>2457.634929</ele>
				<time>2021-12-01T04:00:25Z</time>
			</trkpt>
			<trkpt lat="37.404417" lon="-105.077104">
				<ele>2458.194885</ele>
				<time>2021-12-01T04:00:31Z</time>
			</trkpt>
			<trkpt lat="37.404234" lon="-105.077258">
				<ele>2458.968515</ele>
				<time>2021-12-01T04:00:40Z</time>
			</trkpt>
			<trkpt lat="37.40385" lon="-105.077481">
				<ele>2460.454775</ele>
				<time>2021-12-01T04:00:56Z</time>
			</trkpt>
			<trkpt lat="37.403801" lon="-105.07751">
				<ele>2460.64507</ele>
				<time>2021-12-01T04:00:59Z</time>
			</trkpt>
			<trkpt lat="37.403526" lon="-105.077725">
				<ele>2461.782792</ele>
				<time>2021-12-01T04:01:12Z</time>
			</trkpt>
			<trkpt lat="37.403116" lon="-105.078163">
				<ele>2464.04223</ele>
				<time>2021-12-01T04:01:35Z</time>
			</trkpt>
			<trkpt lat="37.402638" lon="-105.078823">
				<ele>2467.419237</ele>
				<time>2021-12-01T04:02:06Z</time>
			</trkpt>
			<trkpt lat="37.402005" lon="-105.079881">
				<ele>2472.665331</ele>
				<time>2021-12-01T04:02:58Z</time>
			</trkpt>
			<trkpt lat="37.401604" lon="-105.080561">
				<ele>2476.483776</ele>
				<time>2021-12-01T04:03:33Z</time>
			</trkpt>
			<trkpt lat="37.401425" lon="-105.080885">
				<ele>2478.263191</ele>
				<time>2021-12-01T04:03:49Z</time>
			</trkpt>
			<trkpt lat="37.401139" lon="-105.081412">
				<ele>2481.1409</ele>
				<time>2021-12-01T04:04:16Z</time>
			</trkpt>
			<trkpt lat="37.4011" lon="-105.081565">
				<ele>2481.723152</ele>
				<time>2021-12-01T04:04:22Z</time>
			</trkpt>
			<trkpt lat="37.401131" lon="-105.081822">
				<ele>2482.537251</ele>
				<time>2021-12-01T04:04:32Z</time>
			</trkpt>
			<trkpt lat="37.401429" lon="-105.08278">
				<ele>2485.759323</ele>
				<time>2021-12-01T04:05:06Z</time>
			</trkpt>
			<trkpt lat="37.401525" lon="-105.083159">
				<ele>2487.005147</ele>
				<time>2021-12-01T04:05:18Z</time>
			</trkpt>
			<trkpt lat="37.401617" lon="-105.083706">
				<ele>2488.677925</ele>
				<time>2021-12-01T04:05:35Z</time>
			</trkpt>
			<trkpt lat="37.401636" lon="-105.083967">
				<ele>2489.256922</ele>
				<time>2021-12-01T04:05:42Z</time>
			</trkpt>
			<trkpt lat="37.40162" lon="-105.084507">
				<ele>2490.450678</ele>
				<time>2021-12-01T04:05:57Z</time>
			</trkpt>
			<trkpt lat="37.401574" lon="-105.085212">
				<ele>2492.013354</ele>
				<time>2021-12-01T04:06:17Z</time>
			</trkpt>
			<trkpt lat="37.401473" lon="-105.085784">
				<ele>2493.307813</ele>
				<time>2021-12-01T04:06:34Z</time>
			</trkpt>
			<trkpt lat="37.401423" lon="-105.08593">
				<ele>2493.703603</ele>
				<time>2021-12-01T04:06:38Z</time>
			</trkpt>
			<trkpt lat="37.401237" lon="-105.086223">
				<ele>2494.753606</ele>
				<time>2021-12-01T04:06:50Z</time>
			</trkpt>
			<trkpt lat="37.399597" lon="-105.087777">
				<ele>2502.112073</ele>
				<time>2021-12-01T04:08:13Z</time>
			</trkpt>
			<trkpt lat="37.399404" lon="-105.087926">
				<ele>2502.956008</ele>
				<time>2021-12-01T04:08:23Z</time>
			</trkpt>
			<trkpt lat="37.39922" lon="-105.088014">
				<ele>2503.689705</ele>
				<time>2021-12-01T04:08:31Z</time>
			</trkpt>
			<trkpt lat="37.398943" lon="-105.08808">
				<ele>2504.74056</ele>
				<time>2021-12-01T04:08:43Z</time>
			</trkpt>
			<trkpt lat="37.398609" lon="-105.088104">
				<ele>2505.987575</ele>
				<time>2021-12-01T04:08:56Z</time>
			</trkpt>
			<trkpt lat="37.398411" lon="-105.088154">
				<ele>2506.753117</ele>
				<time>2021-12-01T04:09:04Z</time>
			</trkpt>
			<trkpt lat="37.397548" lon="-105.088525">
				<ele>2510.364545</ele>
				<time>2021-12-01T04:09:41Z</time>
			</trkpt>
			<trkpt lat="37.39668" lon="-105.088687">
				<ele>2513.908816</ele>
				<time>2021-12-01T04:10:19Z</time>
			</trkpt>
			<trkpt lat="37.396449" lon="-105.088742">
				<ele>2515.195719</ele>
				<time>2021-12-01T04:10:30Z</time>
			</trkpt>
			<trkpt lat="37.395724" lon="-105.088839">
				<ele>2519.186684</ele>
				<time>2021-12-01T04:11:05Z</time>
			</trkpt>
			<trkpt lat="37.394626" lon="-105.089163">
				<ele>2525.556917</ele>
				<time>2021-12-01T04:12:05Z</time>
			</trkpt>
			<trkpt lat="37.394341" lon="-105.089219">
				<ele>2527.303381</ele>
				<time>2021-12-01T04:12:21Z</time>
			</trkpt>
			<trkpt lat="37.393932" lon="-105.089245">
				<ele>2529.782875</ele>
				<time>2021-12-01T04:12:43Z</time>
			</trkpt>
			<trkpt lat="37.393503" lon="-105.089228">
				<ele>2532.381592</ele>
				<time>2021-12-01T04:13:05Z</time>
			</trkpt>
			<trkpt lat="37.392891" lon="-105.089338">
				<ele>2535.76263</ele>
				<time>2021-12-01T04:13:37Z</time>
			</trkpt>
			<trkpt lat="37.391611" lon="-105.089286">
				<ele>2541.89469</ele>
				<time>2021-12-01T04:14:35Z</time>
			</trkpt>
			<trkpt lat="37.391452" lon="-105.089383">
				<ele>2542.740727</ele>
				<time>2021-12-01T04:14:43Z</time>
			</trkpt>
			<trkpt lat="37.39127" lon="-105.089554">
				<ele>2543.615562</ele>
				<time>2021-12-01T04:14:53Z</time>
			</trkpt>
			<trkpt lat="37.390853" lon="-105.09001">
				<ele>2545.576263</ele>
				<time>2021-12-01T04:15:15Z</time>
			</trkpt>
			<trkpt lat="37.390512" lon="-105.090335">
				<ele>2547.09447</ele>
				<time>2021-12-01T04:15:33Z</time>
			</trkpt>
			<trkpt lat="37.390294" lon="-105.090609">
				<ele>2548.18799</ele>
				<time>2021-12-01T04:15:45Z</time>
			</trkpt>
			<trkpt lat="37.390163" lon="-105.090888">
				<ele>2549.101913</ele>
				<time>2021-12-01T04:15:55Z</time>
			</trkpt>
			<trkpt lat="37.389769" lon="-105.092003">
				<ele>2551.57389</ele>
				<time>2021-12-01T04:16:29Z</time>
			</trkpt>
			<trkpt lat="37.389683" lon="-105.092197">
				<ele>2552.007762</ele>
				<time>2021-12-01T04:16:35Z</time>
			</trkpt>
			<trkpt lat="37.389499" lon="-105.092451">
				<ele>2552.679069</ele>
				<time>2021-12-01T04:16:44Z</time>
			</trkpt>
			<trkpt lat="37.389339" lon="-105.092583">
				<ele>2553.149328</ele>
				<time>2021-12-01T04:16:50Z</time>
			</trkpt>
			<trkpt lat="37.388421" lon="-105.093052">
				<ele>2555.305652</ele>
				<time>2021-12-01T04:17:22Z</time>
			</trkpt>
			<trkpt lat="37.38763" lon="-105.093623">
				<ele>2557.19436</ele>
				<time>2021-12-01T04:17:51Z</time>
			</trkpt>
			<trkpt lat="37.386933" lon="-105.09405">
				<ele>2559.083982</ele>
				<time>2021-12-01T04:18:18Z</time>
			</trkpt>
			<trkpt lat="37.385901" lon="-105.094775">
				<ele>2562.082523</ele>
				<time>2021-12-01T04:19:01Z</time>
			</trkpt>
			<trkpt lat="37.385532" lon="-105.095069">
				<ele>2562.870758</ele>
				<time>2021-12-01T04:19:15Z</time>
			</trkpt>
			<trkpt lat="37.385266" lon="-105.095381">
				<ele>2563.522662</ele>
				<time>2021-12-01T04:19:27Z</time>
			</trkpt>
			<trkpt lat="37.385058" lon="-105.095768">
				<ele>2564.188246</ele>
				<time>2021-12-01T04:19:38Z</time>
			</trkpt>
			<trkpt lat="37.384923" lon="-105.096026">
				<ele>2564.62832</ele>
				<time>2021-12-01T04:19:45Z</time>
			</trkpt>
			<trkpt lat="37.384676" lon="-105.096278">
				<ele>2565.198388</ele>
				<time>2021-12-01T04:19:54Z</time>
			</trkpt>
			<trkpt lat="37.383747" lon="-105.097088">
				<ele>2567.043223</ele>
				<time>2021-12-01T04:20:27Z</time>
			</trkpt>
			<trkpt lat="37.383148" lon="-105.09749">
				<ele>2568.144074</ele>
				<time>2021-12-01T04:20:47Z</time>
			</trkpt>
			<trkpt lat="37.382029" lon="-105.098318">
				<ele>2571.684299</ele>
				<time>2021-12-01T04:21:35Z</time>
			</trkpt>
			<trkpt lat="37.380661" lon="-105.09932">
				<ele>2576.072972</ele>
				<time>2021-12-01T04:22:35Z</time>
			</trkpt>
			<trkpt lat="37.380405" lon="-105.099486">
				<ele>2576.870121</ele>
				<time>2021-12-01T04:22:45Z</time>
			</trkpt>
			<trkpt lat="37.380315" lon="-105.099589">
				<ele>2577.206852</ele>
				<time>2021-12-01T04:22:49Z</time>
			</trkpt>
			<trkpt lat="37.380069" lon="-105.10007">
				<ele>2578.399893</ele>
				<time>2021-12-01T04:23:04Z</time>
			</trkpt>
			<trkpt lat="37.379658" lon="-105.100645">
				<ele>2579.643563</ele>
				<time>2021-12-01T04:23:24Z</time>
			</trkpt>
			<trkpt lat="37.379459" lon="-105.100911">
				<ele>2580.23105</ele>
				<time>2021-12-01T04:23:33Z</time>
			</trkpt>
			<trkpt lat="37.378982" lon="-105.101554">
				<ele>2581.645587</ele>
				<time>2021-12-01T04:23:55Z</time>
			</trkpt>
			<trkpt lat="37.378908" lon="-105.101655">
				<ele>2581.868832</ele>
				<time>2021-12-01T04:23:58Z</time>
			</trkpt>
			<trkpt lat="37.378437" lon="-105.102248">
				<ele>2584.038044</ele>
				<time>2021-12-01T04:24:22Z</time>
			</trkpt>
			<trkpt lat="37.378218" lon="-105.10253">
				<ele>2585.058205</ele>
				<time>2021-12-01T04:24:34Z</time>
			</trkpt>
			<trkpt lat="37.37815" lon="-105.102609">
				<ele>2585.359524</ele>
				<time>2021-12-01T04:24:37Z</time>
			</trkpt>
			<trkpt lat="37.378045" lon="-105.10275">
				<ele>2585.859476</ele>
				<time>2021-12-01T04:24:43Z</time>
			</trkpt>
			<trkpt lat="37.377832" lon="-105.102964">
				<ele>2586.746881</ele>
				<time>2021-12-01T04:24:55Z</time>
			</trkpt>
			<trkpt lat="37.377249" lon="-105.10329">
				<ele>2589.130418</ele>
				<time>2021-12-01T04:25:23Z</time>
			</trkpt>
			<trkpt lat="37.376483" lon="-105.103959">
				<ele>2593.007865</ele>
				<time>2021-12-01T04:26:04Z</time>
			</trkpt>
			<trkpt lat="37.37632" lon="-105.104106">
				<ele>2593.841803</ele>
				<time>2021-12-01T04:26:13Z</time>
			</trkpt>
			<trkpt lat="37.376022" lon="-105.104302">
				<ele>2595.226732</ele>
				<time>2021-12-01T04:26:27Z</time>
			</trkpt>
			<trkpt lat="37.37599" lon="-105.104316">
				<ele>2595.322328</ele>
				<time>2021-12-01T04:26:28Z</time>
			</trkpt>
			<trkpt lat="37.375665" lon="-105.104463">
				<ele>2596.29682</ele>
				<time>2021-12-01T04:26:42Z</time>
			</trkpt>
			<trkpt lat="37.375297" lon="-105.104563">
				<ele>2597.35914</ele>
				<time>2021-12-01T04:26:56Z</time>
			</trkpt>
			<trkpt lat="37.375186" lon="-105.10459">
				<ele>2597.678147</ele>
				<time>2021-12-01T04:27:00Z</time>
			</trkpt>
			<trkpt lat="37.375158" lon="-105.104597">
				<ele>2597.758698</ele>
				<time>2021-12-01T04:27:01Z</time>
			</trkpt>
			<trkpt lat="37.374928" lon="-105.104653">
				<ele>2598.419726</ele>
				<time>2021-12-01T04:27:09Z</time>
			</trkpt>
			<trkpt lat="37.374068" lon="-105.104859">
				<ele>2600.853147</ele>
				<time>2021-12-01T04:27:38Z</time>
			</trkpt>
			<trkpt lat="37.373082" lon="-105.105097">
				<ele>2603.516829</ele>
				<time>2021-12-01T04:28:14Z</time>
			</trkpt>
			<trkpt lat="37.37275" lon="-105.105143">
				<ele>2604.402992</ele>
				<time>2021-12-01T04:28:26Z</time>
			</trkpt>
			<trkpt lat="37.372331" lon="-105.105159">
				<ele>2605.642331</ele>
				<time>2021-12-01T04:28:41Z</time>
			</trkpt>
			<trkpt lat="37.372231" lon="-105.105163">
				<ele>2605.979692</ele>
				<time>2021-12-01T04:28:45Z</time>
			</trkpt>
			<trkpt lat="37.37211" lon="-105.10516">
				<ele>2606.387771</ele>
				<time>2021-12-01T04:28:49Z</time>
			</trkpt>
			<trkpt lat="37.370862" lon="-105.105283">
				<ele>2610.608791</ele>
				<time>2021-12-01T04:29:39Z</time>
			</trkpt>
			<trkpt lat="37.370515" lon="-105.105226">
				<ele>2611.965382</ele>
				<time>2021-12-01T04:29:53Z</time>
			</trkpt>
			<trkpt lat="37.369933" lon="-105.105143">
				<ele>2614.454749</ele>
				<time>2021-12-01T04:30:18Z</time>
			</trkpt>
			<trkpt lat="37.369385" lon="-105.105177">
				<ele>2616.786607</ele>
				<time>2021-12-01T04:30:43Z</time>
			</trkpt>
			<trkpt lat="37.367505" lon="-105.105087">
				<ele>2625.124963</ele>
				<time>2021-12-01T04:32:08Z</time>
			</trkpt>
			<trkpt lat="37.366691" lon="-105.105103">
				<ele>2628.539803</ele>
				<time>2021-12-01T04:32:43Z</time>
			</trkpt>
			<trkpt lat="37.362978" lon="-105.105733">
				<ele>2642.699388</ele>
				<time>2021-12-01T04:35:18Z</time>
			</trkpt>
			<trkpt lat="37.361676" lon="-105.105899">
				<ele>2647.069114</ele>
				<time>2021-12-01T04:36:07Z</time>
			</trkpt>
			<trkpt lat="37.361067" lon="-105.105909">
				<ele>2649.116446</ele>
				<time>2021-12-01T04:36:30Z</time>
			</trkpt>
			<trkpt lat="37.36079" lon="-105.105909">
				<ele>2650.047584</ele>
				<time>2021-12-01T04:36:41Z</time>
			</trkpt>
			<trkpt lat="37.360612" lon="-105.105937">
				<ele>2650.650591</ele>
				<time>2021-12-01T04:36:48Z</time>
			</trkpt>
			<trkpt lat="37.359885" lon="-105.106143">
				<ele>2653.200703</ele>
				<time>2021-12-01T04:37:18Z</time>
			</trkpt>
			<trkpt lat="37.359646" lon="-105.106112">
				<ele>2654.111483</ele>
				<time>2021-12-01T04:37:28Z</time>
			</trkpt>
			<trkpt lat="37.359089" lon="-105.105927">
				<ele>2656.295242</ele>
				<time>2021-12-01T04:37:52Z</time>
			</trkpt>
			<trkpt lat="37.357847" lon="-105.105881">
				<ele>2660.979745</ele>
				<time>2021-12-01T04:38:43Z</time>
			</trkpt>
			<trkpt lat="37.35739" lon="-105.10603">
				<ele>2662.736254</ele>
				<time>2021-12-01T04:39:03Z</time>
			</trkpt>
			<trkpt lat="37.357231" lon="-105.10604">
				<ele>2663.328576</ele>
				<time>2021-12-01T04:39:09Z</time>
			</trkpt>
			<trkpt lat="37.356238" lon="-105.105899">
				<ele>2667.097371</ele>
				<time>2021-12-01T04:39:50Z</time>
			</trkpt>
			<trkpt lat="37.35606" lon="-105.105895">
				<ele>2667.805543</ele>
				<time>2021-12-01T04:39:57Z</time>
			</trkpt>
			<trkpt lat="37.355943" lon="-105.105906">
				<ele>2668.27225</ele>
				<time>2021-12-01T04:40:02Z</time>
			</trkpt>
			<trkpt lat="37.355716" lon="-105.105984">
				<ele>2669.208298</ele>
				<time>2021-12-01T04:40:11Z</time>
			</trkpt>
			<trkpt lat="37.355326" lon="-105.106202">
				<ele>2670.905905</ele>
				<time>2021-12-01T04:40:29Z</time>
			</trkpt>
			<trkpt lat="37.355081" lon="-105.106272">
				<ele>2671.905298</ele>
				<time>2021-12-01T04:40:40Z</time>
			</trkpt>
			<trkpt lat="37.354852" lon="-105.106292">
				<ele>2672.81842</ele>
				<time>2021-12-01T04:40:50Z</time>
			</trkpt>
			<trkpt lat="37.354256" lon="-105.106252">
				<ele>2675.462024</ele>
				<time>2021-12-01T04:41:17Z</time>
			</trkpt>
			<trkpt lat="37.353563" lon="-105.106377">
				<ele>2678.681823</ele>
				<time>2021-12-01T04:41:48Z</time>
			</trkpt>
			<trkpt lat="37.353378" lon="-105.106387">
				<ele>2679.533449</ele>
				<time>2021-12-01T04:41:56Z</time>
			</trkpt>
			<trkpt lat="37.353196" lon="-105.106367">
				<ele>2680.37368</ele>
				<time>2021-12-01T04:42:05Z</time>
			</trkpt>
			<trkpt lat="37.352815" lon="-105.106244">
				<ele>2682.230462</ele>
				<time>2021-12-01T04:42:23Z</time>
			</trkpt>
			<trkpt lat="37.352542" lon="-105.106054">
				<ele>2683.819968</ele>
				<time>2021-12-01T04:42:38Z</time>
			</trkpt>
			<trkpt lat="37.352026" lon="-105.105468">
				<ele>2687.361578</ele>
				<time>2021-12-01T04:43:11Z</time>
			</trkpt>
			<trkpt lat="37.3519" lon="-105.105287">
				<ele>2688.33595</ele>
				<time>2021-12-01T04:43:20Z</time>
			</trkpt>
			<trkpt lat="37.351397" lon="-105.104716">
				<ele>2691.845669</ele>
				<time>2021-12-01T04:43:53Z</time>
			</trkpt>
			<trkpt lat="37.350281" lon="-105.10386">
				<ele>2698.941283</ele>
				<time>2021-12-01T04:44:58Z</time>
			</trkpt>
			<trkpt lat="37.350357" lon="-105.10364">
				<ele>2699.976437</ele>
				<time>2021-12-01T04:45:07Z</time>
			</trkpt>
			<trkpt lat="37.349768" lon="-105.103234">
				<ele>2703.754081</ele>
				<time>2021-12-01T04:45:42Z</time>
			</trkpt>
			<trkpt lat="37.349649" lon="-105.103047">
				<ele>2704.833837</ele>
				<time>2021-12-01T04:45:52Z</time>
			</trkpt>
			<trkpt lat="37.3495" lon="-105.102734">
				<ele>2706.478375</ele>
				<time>2021-12-01T04:46:05Z</time>
			</trkpt>
			<trkpt lat="37.349341" lon="-105.102547">
				<ele>2707.712646</ele>
				<time>2021-12-01T04:46:16Z</time>
			</trkpt>
			<trkpt lat="37.349122" lon="-105.102434">
				<ele>2709.054877</ele>
				<time>2021-12-01T04:46:28Z</time>
			</trkpt>
			<trkpt lat="37.348848" lon="-105.101955">
				<ele>2711.9377</ele>
				<time>2021-12-01T04:46:54Z</time>
			</trkpt>
			<trkpt lat="37.348675" lon="-105.101834">
				<ele>2713.354695</ele>
				<time>2021-12-01T04:47:06Z</time>
			</trkpt>
			<trkpt lat="37.348576" lon="-105.101597">
				<ele>2714.878275</ele>
				<time>2021-12-01T04:47:18Z</time>
			</trkpt>
			<trkpt lat="37.348437" lon="-105.101409">
				<ele>2716.339348</ele>
				<time>2021-12-01T04:47:30Z</time>
			</trkpt>
			<trkpt lat="37.34822" lon="-105.101184">
				<ele>2718.352457</ele>
				<time>2021-12-01T04:47:47Z</time>
			</trkpt>
			<trkpt lat="37.347878" lon="-105.100904">
				<ele>2721.273571</ele>
				<time>2021-12-01T04:48:12Z</time>
			</trkpt>
			<trkpt lat="37.347762" lon="-105.100778">
				<ele>2722.370711</ele>
				<time>2021-12-01T04:48:21Z</time>
			</trkpt>
			<trkpt lat="37.347678" lon="-105.100997">
				<ele>2723.753779</ele>
				<time>2021-12-01T04:48:33Z</time>
			</trkpt>
			<trkpt lat="37.346752" lon="-105.100153">
				<ele>2731.470196</ele>
				<time>2021-12-01T04:49:41Z</time>
			</trkpt>
			<trkpt lat="37.345429" lon="-105.098634">
				<ele>2741.651281</ele>
				<time>2021-12-01T04:51:10Z</time>
			</trkpt>
			<trkpt lat="37.344357" lon="-105.097403">
				<ele>2748.750671</ele>
				<time>2021-12-01T04:52:14Z</time>
			</trkpt>
			<trkpt lat="37.344111" lon="-105.097158">
				<ele>2750.237674</ele>
				<time>2021-12-01T04:52:28Z</time>
			</trkpt>
			<trkpt lat="37.343916" lon="-105.097017">
				<ele>2751.303607</ele>
				<time>2021-12-01T04:52:38Z</time>
			</trkpt>
			<trkpt lat="37.343636" lon="-105.096871">
				<ele>2752.740051</ele>
				<time>2021-12-01T04:52:53Z</time>
			</trkpt>
			<trkpt lat="37.342877" lon="-105.096608">
				<ele>2757.141025</ele>
				<time>2021-12-01T04:53:32Z</time>
			</trkpt>
			<trkpt lat="37.341747" lon="-105.096257">
				<ele>2763.912505</ele>
				<time>2021-12-01T04:54:35Z</time>
			</trkpt>
			<trkpt lat="37.341257" lon="-105.096105">
				<ele>2766.310733</ele>
				<time>2021-12-01T04:54:59Z</time>
			</trkpt>
			<trkpt lat="37.340739" lon="-105.095889">
				<ele>2768.887996</ele>
				<time>2021-12-01T04:55:24Z</time>
			</trkpt>
			<trkpt lat="37.339998" lon="-105.095517">
				<ele>2772.644887</ele>
				<time>2021-12-01T04:55:58Z</time>
			</trkpt>
			<trkpt lat="37.339715" lon="-105.095401">
				<ele>2773.959535</ele>
				<time>2021-12-01T04:56:11Z</time>
			</trkpt>
			<trkpt lat="37.33939" lon="-105.095348">
				<ele>2775.407002</ele>
				<time>2021-12-01T04:56:24Z</time>
			</trkpt>
			<trkpt lat="37.338776" lon="-105.095368">
				<ele>2778.119814</ele>
				<time>2021-12-01T04:56:51Z</time>
			</trkpt>
			<trkpt lat="37.337792" lon="-105.095616">
				<ele>2783.186373</ele>
				<time>2021-12-01T04:57:39Z</time>
			</trkpt>
			<trkpt lat="37.337233" lon="-105.095689">
				<ele>2786.410092</ele>
				<time>2021-12-01T04:58:08Z</time>
			</trkpt>
			<trkpt lat="37.335265" lon="-105.095781">
				<ele>2798.457494</ele>
				<time>2021-12-01T04:59:52Z</time>
			</trkpt>
			<trkpt lat="37.334693" lon="-105.095871">
				<ele>2802.120909</ele>
				<time>2021-12-01T05:00:24Z</time>
			</trkpt>
			<trkpt lat="37.334212" lon="-105.09598">
				<ele>2806.42243</ele>
				<time>2021-12-01T05:00:52Z</time>
			</trkpt>
			<trkpt lat="37.333672" lon="-105.096097">
				<ele>2811.269849</ele>
				<time>2021-12-01T05:01:26Z</time>
			</trkpt>
			<trkpt lat="37.333093" lon="-105.09626">
				<ele>2816.518661</ele>
				<time>2021-12-01T05:02:07Z</time>
			</trkpt>
			<trkpt lat="37.332946" lon="-105.096331">
				<ele>2817.91168</ele>
				<time>2021-12-01T05:02:20Z</time>
			</trkpt>
			<trkpt lat="37.33281" lon="-105.096444">
				<ele>2819.730605</ele>
				<time>2021-12-01T05:02:34Z</time>
			</trkpt>
			<trkpt lat="37.332454" lon="-105.096833">
				<ele>2825.145948</ele>
				<time>2021-12-01T05:03:16Z</time>
			</trkpt>
			<trkpt lat="37.332271" lon="-105.096941">
				<ele>2827.467189</ele>
				<time>2021-12-01T05:03:34Z</time>
			</trkpt>
			<trkpt lat="37.332099" lon="-105.096953">
				<ele>2829.445292</ele>
				<time>2021-12-01T05:03:48Z</time>
			</trkpt>
			<trkpt lat="37.331989" lon="-105.096886">
				<ele>2830.848756</ele>
				<time>2021-12-01T05:03:59Z</time>
			</trkpt>
			<trkpt lat="37.331839" lon="-105.09665">
				<ele>2833.607371</ele>
				<time>2021-12-01T05:04:18Z</time>
			</trkpt>
			<trkpt lat="37.331795" lon="-105.096459">
				<ele>2835.423015</ele>
				<time>2021-12-01T05:04:31Z</time>
			</trkpt>
			<trkpt lat="37.331816" lon="-105.096286">
				<ele>2837.020894</ele>
				<time>2021-12-01T05:04:40Z</time>
			</trkpt>
			<trkpt lat="37.331867" lon="-105.096168">
				<ele>2838.24717</ele>
				<time>2021-12-01T05:04:48Z</time>
			</trkpt>
			<trkpt lat="37.332095" lon="-105.095854">
				<ele>2840.386005</ele>
				<time>2021-12-01T05:05:10Z</time>
			</trkpt>
			<trkpt lat="37.332592" lon="-105.095241">
				<ele>2844.264508</ele>
				<time>2021-12-01T05:05:53Z</time>
			</trkpt>
			<trkpt lat="37.333003" lon="-105.094809">
				<ele>2847.248877</ele>
				<time>2021-12-01T05:06:13Z</time>
			</trkpt>
			<trkpt lat="37.333143" lon="-105.094601">
				<ele>2848.45616</ele>
				<time>2021-12-01T05:06:20Z</time>
			</trkpt>
			<trkpt lat="37.33319" lon="-105.094429">
				<ele>2848.868053</ele>
				<time>2021-12-01T05:06:23Z</time>
			</trkpt>
			<trkpt lat="37.333187" lon="-105.094221">
				<ele>2849.060885</ele>
				<time>2021-12-01T05:06:27Z</time>
			</trkpt>
			<trkpt lat="37.332919" lon="-105.093281">
				<ele>2849.986518</ele>
				<time>2021-12-01T05:06:44Z</time>
			</trkpt>
			<trkpt lat="37.332898" lon="-105.093157">
				<ele>2850.104035</ele>
				<time>2021-12-01T05:06:47Z</time>
			</trkpt>
			<trkpt lat="37.332918" lon="-105.092969">
				<ele>2850.279851</ele>
				<time>2021-12-01T05:06:51Z</time>
			</trkpt>
			<trkpt lat="37.332968" lon="-105.092853">
				<ele>2850.402158</ele>
				<time>2021-12-01T05:06:54Z</time>
			</trkpt>
			<trkpt lat="37.333083" lon="-105.092711">
				<ele>2850.590035</ele>
				<time>2021-12-01T05:06:59Z</time>
			</trkpt>
			<trkpt lat="37.333396" lon="-105.092466">
				<ele>2851.711038</ele>
				<time>2021-12-01T05:07:12Z</time>
			</trkpt>
			<trkpt lat="37.333515" lon="-105.092234">
				<ele>2853.078254</ele>
				<time>2021-12-01T05:07:21Z</time>
			</trkpt>
			<trkpt lat="37.333544" lon="-105.091987">
				<ele>2854.314697</ele>
				<time>2021-12-01T05:07:30Z</time>
			</trkpt>
			<trkpt lat="37.333486" lon="-105.091739">
				<ele>2855.594854</ele>
				<time>2021-12-01T05:07:40Z</time>
			</trkpt>
			<trkpt lat="37.333393" lon="-105.091588">
				<ele>2856.540721</ele>
				<time>2021-12-01T05:07:48Z</time>
			</trkpt>
			<trkpt lat="37.333245" lon="-105.091463">
				<ele>2857.651059</ele>
				<time>2021-12-01T05:07:58Z</time>
			</trkpt>
			<trkpt lat="37.333152" lon="-105.091424">
				<ele>2858.261631</ele>
				<time>2021-12-01T05:08:04Z</time>
			</trkpt>
			<trkpt lat="37.333037" lon="-105.0914">
				<ele>2858.987666</ele>
				<time>2021-12-01T05:08:11Z</time>
			</trkpt>
			<trkpt lat="37.33291" lon="-105.091411">
				<ele>2859.78052</ele>
				<time>2021-12-01T05:08:20Z</time>
			</trkpt>
			<trkpt lat="37.332265" lon="-105.091531">
				<ele>2864.65795</ele>
				<time>2021-12-01T05:09:05Z</time>
			</trkpt>
			<trkpt lat="37.33158" lon="-105.091601">
				<ele>2870.903509</ele>
				<time>2021-12-01T05:09:52Z</time>
			</trkpt>
			<trkpt lat="37.331444" lon="-105.091565">
				<ele>2872.166509</ele>
				<time>2021-12-01T05:10:02Z</time>
			</trkpt>
			<trkpt lat="37.331305" lon="-105.091468">
				<ele>2873.611127</ele>
				<time>2021-12-01T05:10:13Z</time>
			</trkpt>
			<trkpt lat="37.331202" lon="-105.09133">
				<ele>2874.978799</ele>
				<time>2021-12-01T05:10:23Z</time>
			</trkpt>
			<trkpt lat="37.331171" lon="-105.091249">
				<ele>2875.628373</ele>
				<time>2021-12-01T05:10:28Z</time>
			</trkpt>
			<trkpt lat="37.331146" lon="-105.090753">
				<ele>2879.130623</ele>
				<time>2021-12-01T05:10:55Z</time>
			</trkpt>
			<trkpt lat="37.331124" lon="-105.090603">
				<ele>2880.111845</ele>
				<time>2021-12-01T05:11:02Z</time>
			</trkpt>
			<trkpt lat="37.331048" lon="-105.090417">
				<ele>2881.457114</ele>
				<time>2021-12-01T05:11:13Z</time>
			</trkpt>
			<trkpt lat="37.330862" lon="-105.090207">
				<ele>2883.479345</ele>
				<time>2021-12-01T05:11:27Z</time>
			</trkpt>
			<trkpt lat="37.330445" lon="-105.089949">
				<ele>2887.239164</ele>
				<time>2021-12-01T05:11:52Z</time>
			</trkpt>
			<trkpt lat="37.330231" lon="-105.089656">
				<ele>2889.798511</ele>
				<time>2021-12-01T05:12:12Z</time>
			</trkpt>
			<trkpt lat="37.330125" lon="-105.089359">
				<ele>2891.892761</ele>
				<time>2021-12-01T05:12:29Z</time>
			</trkpt>
			<trkpt lat="37.329866" lon="-105.08833">
				<ele>2899.102193</ele>
				<time>2021-12-01T05:13:31Z</time>
			</trkpt>
			<trkpt lat="37.329774" lon="-105.088182">
				<ele>2900.365421</ele>
				<time>2021-12-01T05:13:42Z</time>
			</trkpt>
			<trkpt lat="37.329698" lon="-105.088115">
				<ele>2901.150311</ele>
				<time>2021-12-01T05:13:48Z</time>
			</trkpt>
			<trkpt lat="37.329617" lon="-105.088082">
				<ele>2901.870348</ele>
				<time>2021-12-01T05:13:54Z</time>
			</trkpt>
			<trkpt lat="37.329456" lon="-105.088085">
				<ele>2903.23202</ele>
				<time>2021-12-01T05:14:04Z</time>
			</trkpt>
			<trkpt lat="37.32934" lon="-105.088142">
				<ele>2904.285216</ele>
				<time>2021-12-01T05:14:12Z</time>
			</trkpt>
			<trkpt lat="37.329248" lon="-105.08823">
				<ele>2905.262698</ele>
				<time>2021-12-01T05:14:19Z</time>
			</trkpt>
			<trkpt lat="37.329163" lon="-105.08852">
				<ele>2907.341048</ele>
				<time>2021-12-01T05:14:33Z</time>
			</trkpt>
			<trkpt lat="37.32915" lon="-105.088627">
				<ele>2908.068914</ele>
				<time>2021-12-01T05:14:37Z</time>
			</trkpt>
			<trkpt lat="37.329167" lon="-105.088756">
				<ele>2908.636887</ele>
				<time>2021-12-01T05:14:43Z</time>
			</trkpt>
			<trkpt lat="37.329304" lon="-105.089496">
				<ele>2911.700913</ele>
				<time>2021-12-01T05:15:13Z</time>
			</trkpt>
			<trkpt lat="37.329448" lon="-105.090555">
				<ele>2916.033543</ele>
				<time>2021-12-01T05:15:49Z</time>
			</trkpt>
			<trkpt lat="37.329457" lon="-105.090777">
				<ele>2916.929966</ele>
				<time>2021-12-01T05:15:57Z</time>
			</trkpt>
			<trkpt lat="37.329435" lon="-105.090991">
				<ele>2917.931954</ele>
				<time>2021-12-01T05:16:05Z</time>
			</trkpt>
			<trkpt lat="37.329337" lon="-105.091363">
				<ele>2919.922549</ele>
				<time>2021-12-01T05:16:21Z</time>
			</trkpt>
			<trkpt lat="37.329235" lon="-105.091551">
				<ele>2921.078619</ele>
				<time>2021-12-01T05:16:30Z</time>
			</trkpt>
			<trkpt lat="37.329138" lon="-105.091664">
				<ele>2921.923261</ele>
				<time>2021-12-01T05:16:37Z</time>
			</trkpt>
			<trkpt lat="37.328944" lon="-105.091763">
				<ele>2923.260688</ele>
				<time>2021-12-01T05:16:48Z</time>
			</trkpt>
			<trkpt lat="37.328737" lon="-105.091731">
				<ele>2924.592969</ele>
				<time>2021-12-01T05:17:00Z</time>
			</trkpt>
			<trkpt lat="37.328582" lon="-105.091562">
				<ele>2925.903439</ele>
				<time>2021-12-01T05:17:12Z</time>
			</trkpt>
			<trkpt lat="37.328524" lon="-105.09138">
				<ele>2926.899408</ele>
				<time>2021-12-01T05:17:21Z</time>
			</trkpt>
			<trkpt lat="37.328521" lon="-105.091192">
				<ele>2927.854565</ele>
				<time>2021-12-01T05:17:31Z</time>
			</trkpt>
			<trkpt lat="37.328564" lon="-105.091069">
				<ele>2928.537073</ele>
				<time>2021-12-01T05:17:37Z</time>
			</trkpt>
			<trkpt lat="37.328818" lon="-105.090603">
				<ele>2931.25525</ele>
				<time>2021-12-01T05:18:05Z</time>
			</trkpt>
			<trkpt lat="37.328861" lon="-105.090419">
				<ele>2932.17314</ele>
				<time>2021-12-01T05:18:14Z</time>
			</trkpt>
			<trkpt lat="37.328848" lon="-105.090181">
				<ele>2933.314918</ele>
				<time>2021-12-01T05:18:24Z</time>
			</trkpt>
			<trkpt lat="37.328511" lon="-105.089057">
				<ele>2939.064225</ele>
				<time>2021-12-01T05:19:11Z</time>
			</trkpt>
			<trkpt lat="37.328255" lon="-105.08834">
				<ele>2941.755133</ele>
				<time>2021-12-01T05:19:38Z</time>
			</trkpt>
			<trkpt lat="37.327812" lon="-105.087468">
				<ele>2945.059553</ele>
				<time>2021-12-01T05:20:12Z</time>
			</trkpt>
			<trkpt lat="37.327756" lon="-105.087242">
				<ele>2945.815487</ele>
				<time>2021-12-01T05:20:19Z</time>
			</trkpt>
			<trkpt lat="37.327687" lon="-105.086598">
				<ele>2948.219159</ele>
				<time>2021-12-01T05:20:40Z</time>
			</trkpt>
			<trkpt lat="37.327619" lon="-105.086342">
				<ele>2949.348439</ele>
				<time>2021-12-01T05:20:49Z</time>
			</trkpt>
			<trkpt lat="37.327534" lon="-105.08616">
				<ele>2950.231552</ele>
				<time>2021-12-01T05:20:55Z</time>
			</trkpt>
			<trkpt lat="37.326873" lon="-105.085084">
				<ele>2955.920513</ele>
				<time>2021-12-01T05:21:50Z</time>
			</trkpt>
			<trkpt lat="37.326669" lon="-105.084902">
				<ele>2957.741109</ele>
				<time>2021-12-01T05:22:05Z</time>
			</trkpt>
			<trkpt lat="37.326441" lon="-105.084819">
				<ele>2959.659505</ele>
				<time>2021-12-01T05:22:21Z</time>
			</trkpt>
			<trkpt lat="37.325444" lon="-105.084658">
				<ele>2967.783619</ele>
				<time>2021-12-01T05:23:27Z</time>
			</trkpt>
			<trkpt lat="37.325239" lon="-105.084557">
				<ele>2969.56309</ele>
				<time>2021-12-01T05:23:41Z</time>
			</trkpt>
			<trkpt lat="37.325153" lon="-105.084473">
				<ele>2970.443192</ele>
				<time>2021-12-01T05:23:48Z</time>
			</trkpt>
			<trkpt lat="37.325037" lon="-105.084309">
				<ele>2971.631153</ele>
				<time>2021-12-01T05:23:59Z</time>
			</trkpt>
			<trkpt lat="37.324969" lon="-105.084135">
				<ele>2972.605555</ele>
				<time>2021-12-01T05:24:08Z</time>
			</trkpt>
			<trkpt lat="37.324891" lon="-105.08361">
				<ele>2975.289797</ele>
				<time>2021-12-01T05:24:33Z</time>
			</trkpt>
			<trkpt lat="37.32481" lon="-105.083323">
				<ele>2976.820378</ele>
				<time>2021-12-01T05:24:46Z</time>
			</trkpt>
			<trkpt lat="37.324655" lon="-105.083029">
				<ele>2978.593232</ele>
				<time>2021-12-01T05:25:00Z</time>
			</trkpt>
			<trkpt lat="37.324288" lon="-105.082432">
				<ele>2982.367958</ele>
				<time>2021-12-01T05:25:28Z</time>
			</trkpt>
			<trkpt lat="37.323734" lon="-105.081794">
				<ele>2986.661492</ele>
				<time>2021-12-01T05:26:03Z</time>
			</trkpt>
			<trkpt lat="37.323264" lon="-105.081326">
				<ele>2990.087949</ele>
				<time>2021-12-01T05:26:34Z</time>
			</trkpt>
			<trkpt lat="37.323035" lon="-105.081017">
				<ele>2992.007719</ele>
				<time>2021-12-01T05:26:53Z</time>
			</trkpt>
			<trkpt lat="37.322556" lon="-105.080224">
				<ele>2997.453376</ele>
				<time>2021-12-01T05:27:39Z</time>
			</trkpt>
			<trkpt lat="37.321106" lon="-105.07863">
				<ele>3010.483079</ele>
				<time>2021-12-01T05:29:30Z</time>
			</trkpt>
			<trkpt lat="37.320898" lon="-105.078326">
				<ele>3012.538214</ele>
				<time>2021-12-01T05:29:47Z</time>
			</trkpt>
			<trkpt lat="37.320589" lon="-105.077521">
				<ele>3016.967181</ele>
				<time>2021-12-01T05:30:24Z</time>
			</trkpt>
			<trkpt lat="37.320517" lon="-105.077396">
				<ele>3017.482905</ele>
				<time>2021-12-01T05:30:30Z</time>
			</trkpt>
			<trkpt lat="37.319812" lon="-105.076445">
				<ele>3021.827122</ele>
				<time>2021-12-01T05:31:16Z</time>
			</trkpt>
			<trkpt lat="37.319703" lon="-105.07607">
				<ele>3023.161234</ele>
				<time>2021-12-01T05:31:29Z</time>
			</trkpt>
			<trkpt lat="37.319695" lon="-105.075894">
				<ele>3023.750287</ele>
				<time>2021-12-01T05:31:34Z</time>
			</trkpt>
			<trkpt lat="37.319721" lon="-105.075721">
				<ele>3024.296181</ele>
				<time>2021-12-01T05:31:39Z</time>
			</trkpt>
			<trkpt lat="37.319771" lon="-105.07559">
				<ele>3024.572733</ele>
				<time>2021-12-01T05:31:43Z</time>
			</trkpt>
			<trkpt lat="37.319919" lon="-105.075352">
				<ele>3025.147743</ele>
				<time>2021-12-01T05:31:52Z</time>
			</trkpt>
			<trkpt lat="37.320477" lon="-105.074751">
				<ele>3026.906064</ele>
				<time>2021-12-01T05:32:15Z</time>
			</trkpt>
			<trkpt lat="37.320602" lon="-105.07447">
				<ele>3027.51885</ele>
				<time>2021-12-01T05:32:24Z</time>
			</trkpt>
			<trkpt lat="37.320629" lon="-105.074336">
				<ele>3027.781939</ele>
				<time>2021-12-01T05:32:27Z</time>
			</trkpt>
			<trkpt lat="37.320633" lon="-105.074082">
				<ele>3028.265451</ele>
				<time>2021-12-01T05:32:34Z</time>
			</trkpt>
			<trkpt lat="37.320589" lon="-105.073881">
				<ele>3028.677624</ele>
				<time>2021-12-01T05:32:40Z</time>
			</trkpt>
			<trkpt lat="37.320446" lon="-105.073582">
				<ele>3029.428597</ele>
				<time>2021-12-01T05:32:50Z</time>
			</trkpt>
			<trkpt lat="37.321154" lon="-105.073072">
				<ele>3031.636947</ele>
				<time>2021-12-01T05:33:31Z</time>
			</trkpt>
			<trkpt lat="37.321435" lon="-105.072964">
				<ele>3032.432208</ele>
				<time>2021-12-01T05:33:46Z</time>
			</trkpt>
			<trkpt lat="37.321734" lon="-105.072954">
				<ele>3033.241741</ele>
				<time>2021-12-01T05:34:01Z</time>
			</trkpt>
			<trkpt lat="37.32203" lon="-105.073044">
				<ele>3034.154267</ele>
				<time>2021-12-01T05:34:17Z</time>
			</trkpt>
			<trkpt lat="37.323116" lon="-105.073823">
				<ele>3037.995543</ele>
				<time>2021-12-01T05:35:23Z</time>
			</trkpt>
			<trkpt lat="37.323637" lon="-105.074136">
				<ele>3040.02562</ele>
				<time>2021-12-01T05:35:53Z</time>
			</trkpt>
			<trkpt lat="37.324009" lon="-105.074315">
				<ele>3041.62655</ele>
				<time>2021-12-01T05:36:15Z</time>
			</trkpt>
			<trkpt lat="37.324439" lon="-105.074331">
				<ele>3043.355635</ele>
				<time>2021-12-01T05:36:40Z</time>
			</trkpt>
			<trkpt lat="37.325054" lon="-105.074297">
				<ele>3045.829934</ele>
				<time>2021-12-01T05:37:17Z</time>
			</trkpt>
			<trkpt lat="37.325403" lon="-105.074241">
				<ele>3047.342158</ele>
				<time>2021-12-01T05:37:38Z</time>
			</trkpt>
			<trkpt lat="37.325616" lon="-105.074102">
				<ele>3048.39463</ele>
				<time>2021-12-01T05:37:53Z</time>
			</trkpt>
			<trkpt lat="37.325804" lon="-105.073887">
				<ele>3049.509129</ele>
				<time>2021-12-01T05:38:08Z</time>
			</trkpt>
			<trkpt lat="37.327007" lon="-105.071731">
				<ele>3058.224405</ele>
				<time>2021-12-01T05:40:10Z</time>
			</trkpt>
			<trkpt lat="37.327271" lon="-105.071216">
				<ele>3060.144637</ele>
				<time>2021-12-01T05:40:38Z</time>
			</trkpt>
			<trkpt lat="37.327292" lon="-105.070608">
				<ele>3061.401919</ele>
				<time>2021-12-01T05:41:05Z</time>
			</trkpt>
			<trkpt lat="37.327471" lon="-105.069339">
				<ele>3062.545676</ele>
				<time>2021-12-01T05:41:50Z</time>
			</trkpt>
			<trkpt lat="37.327524" lon="-105.069183">
				<ele>3062.696225</ele>
				<time>2021-12-01T05:41:55Z</time>
			</trkpt>
			<trkpt lat="37.327622" lon="-105.069078">
				<ele>3062.839908</ele>
				<time>2021-12-01T05:42:00Z</time>
			</trkpt>
			<trkpt lat="37.328865" lon="-105.068944">
				<ele>3061.421754</ele>
				<time>2021-12-01T05:42:42Z</time>
			</trkpt>
			<trkpt lat="37.329074" lon="-105.068836">
				<ele>3061.017519</ele>
				<time>2021-12-01T05:42:49Z</time>
			</trkpt>
			<trkpt lat="37.329189" lon="-105.068686">
				<ele>3060.72111</ele>
				<time>2021-12-01T05:42:54Z</time>
			</trkpt>
			<trkpt lat="37.329268" lon="-105.068391">
				<ele>3060.278298</ele>
				<time>2021-12-01T05:43:02Z</time>
			</trkpt>
			<trkpt lat="37.329337" lon="-105.067969">
				<ele>3059.464763</ele>
				<time>2021-12-01T05:43:13Z</time>
			</trkpt>
			<trkpt lat="37.329519" lon="-105.067416">
				<ele>3057.979054</ele>
				<time>2021-12-01T05:43:28Z</time>
			</trkpt>
			<trkpt lat="37.329734" lon="-105.067098">
				<ele>3056.942871</ele>
				<time>2021-12-01T05:43:38Z</time>
			</trkpt>
			<trkpt lat="37.330026" lon="-105.066558">
				<ele>3055.321786</ele>
				<time>2021-12-01T05:43:54Z</time>
			</trkpt>
			<trkpt lat="37.330275" lon="-105.065724">
				<ele>3052.707435</ele>
				<time>2021-12-01T05:44:15Z</time>
			</trkpt>
			<trkpt lat="37.330425" lon="-105.064936">
				<ele>3050.025861</ele>
				<time>2021-12-01T05:44:34Z</time>
			</trkpt>
			<trkpt lat="37.330397" lon="-105.064637">
				<ele>3049.029482</ele>
				<time>2021-12-01T05:44:41Z</time>
			</trkpt>
			<trkpt lat="37.330287" lon="-105.06431">
				<ele>3047.854416</ele>
				<time>2021-12-01T05:44:49Z</time>
			</trkpt>
			<trkpt lat="37.330134" lon="-105.064003">
				<ele>3046.729631</ele>
				<time>2021-12-01T05:44:58Z</time>
			</trkpt>
			<trkpt lat="37.329265" lon="-105.062934">
				<ele>3043.780515</ele>
				<time>2021-12-01T05:45:36Z</time>
			</trkpt>
			<trkpt lat="37.328977" lon="-105.06254">
				<ele>3042.748099</ele>
				<time>2021-12-01T05:45:50Z</time>
			</trkpt>
			<trkpt lat="37.328659" lon="-105.062172">
				<ele>3043.34076</ele>
				<time>2021-12-01T05:46:06Z</time>
			</trkpt>
			<trkpt lat="37.328218" lon="-105.061506">
				<ele>3045.231267</ele>
				<time>2021-12-01T05:46:38Z</time>
			</trkpt>
			<trkpt lat="37.328189" lon="-105.061243">
				<ele>3045.810446</ele>
				<time>2021-12-01T05:46:49Z</time>
			</trkpt>
			<trkpt lat="37.328305" lon="-105.060906">
				<ele>3046.611472</ele>
				<time>2021-12-01T05:47:06Z</time>
			</trkpt>
			<trkpt lat="37.328511" lon="-105.060689">
				<ele>3047.348626</ele>
				<time>2021-12-01T05:47:23Z</time>
			</trkpt>
			<trkpt lat="37.330472" lon="-105.059256">
				<ele>3065.01959</ele>
				<time>2021-12-01T05:50:19Z</time>
			</trkpt>
			<trkpt lat="37.330946" lon="-105.059373">
				<ele>3069.065137</ele>
				<time>2021-12-01T05:50:59Z</time>
			</trkpt>
			<trkpt lat="37.331246" lon="-105.059256">
				<ele>3071.69571</ele>
				<time>2021-12-01T05:51:26Z</time>
			</trkpt>
			<trkpt lat="37.331681" lon="-105.058562">
				<ele>3077.023543</ele>
				<time>2021-12-01T05:52:21Z</time>
			</trkpt>
			<trkpt lat="37.332253" lon="-105.057629">
				<ele>3081.398763</ele>
				<time>2021-12-01T05:53:19Z</time>
			</trkpt>
			<trkpt lat="37.332443" lon="-105.057467">
				<ele>3082.470874</ele>
				<time>2021-12-01T05:53:31Z</time>
			</trkpt>
			<trkpt lat="37.33267" lon="-105.057492">
				<ele>3083.535141</ele>
				<time>2021-12-01T05:53:43Z</time>
			</trkpt>
			<trkpt lat="37.333437" lon="-105.058142">
				<ele>3087.185771</ele>
				<time>2021-12-01T05:54:28Z</time>
			</trkpt>
			<trkpt lat="37.333914" lon="-105.058335">
				<ele>3089.026298</ele>
				<time>2021-12-01T05:54:53Z</time>
			</trkpt>
			<trkpt lat="37.334615" lon="-105.058405">
				<ele>3091.744308</ele>
				<time>2021-12-01T05:55:37Z</time>
			</trkpt>
			<trkpt lat="37.335111" lon="-105.058126">
				<ele>3094.699955</ele>
				<time>2021-12-01T05:56:17Z</time>
			</trkpt>
			<trkpt lat="37.335278" lon="-105.057832">
				<ele>3096.262698</ele>
				<time>2021-12-01T05:56:37Z</time>
			</trkpt>
			<trkpt lat="37.33524" lon="-105.056902">
				<ele>3100.290356</ele>
				<time>2021-12-01T05:57:24Z</time>
			</trkpt>
			<trkpt lat="37.335404" lon="-105.05675">
				<ele>3101.251515</ele>
				<time>2021-12-01T05:57:36Z</time>
			</trkpt>
			<trkpt lat="37.335605" lon="-105.05675">
				<ele>3101.782755</ele>
				<time>2021-12-01T05:57:47Z</time>
			</trkpt>
			<trkpt lat="37.335752" lon="-105.056807">
				<ele>3102.189318</ele>
				<time>2021-12-01T05:57:54Z</time>
			</trkpt>
			<trkpt lat="37.337196" lon="-105.057969">
				<ele>3107.49523</ele>
				<time>2021-12-01T05:59:14Z</time>
			</trkpt>
			<trkpt lat="37.338485" lon="-105.059798">
				<ele>3119.011587</ele>
				<time>2021-12-01T06:01:23Z</time>
			</trkpt>
			<trkpt lat="37.33874" lon="-105.059833">
				<ele>3121.247124</ele>
				<time>2021-12-01T06:01:45Z</time>
			</trkpt>
			<trkpt lat="37.338919" lon="-105.059576">
				<ele>3123.614549</ele>
				<time>2021-12-01T06:02:07Z</time>
			</trkpt>
			<trkpt lat="37.339468" lon="-105.058089">
				<ele>3135.148263</ele>
				<time>2021-12-01T06:04:03Z</time>
			</trkpt>
			<trkpt lat="37.339826" lon="-105.057268">
				<ele>3141.894483</ele>
				<time>2021-12-01T06:05:05Z</time>
			</trkpt>
			<trkpt lat="37.340028" lon="-105.056897">
				<ele>3145.134095</ele>
				<time>2021-12-01T06:05:33Z</time>
			</trkpt>
			<trkpt lat="37.340815" lon="-105.056308">
				<ele>3151.423008</ele>
				<time>2021-12-01T06:06:40Z</time>
			</trkpt>
			<trkpt lat="37.341172" lon="-105.055818">
				<ele>3154.735873</ele>
				<time>2021-12-01T06:07:16Z</time>
			</trkpt>
			<trkpt lat="37.34171" lon="-105.055312">
				<ele>3158.609813</ele>
				<time>2021-12-01T06:07:59Z</time>
			</trkpt>
			<trkpt lat="37.342165" lon="-105.05493">
				<ele>3160.51605</ele>
				<time>2021-12-01T06:08:30Z</time>
			</trkpt>
			<trkpt lat="37.342794" lon="-105.054187">
				<ele>3163.522859</ele>
				<time>2021-12-01T06:09:13Z</time>
			</trkpt>
			<trkpt lat="37.342936" lon="-105.054123">
				<ele>3164.048478</ele>
				<time>2021-12-01T06:09:21Z</time>
			</trkpt>
			<trkpt lat="37.343133" lon="-105.054372">
				<ele>3165.189211</ele>
				<time>2021-12-01T06:09:36Z</time>
			</trkpt>
			<trkpt lat="37.34346" lon="-105.05468">
				<ele>3167.033468</ele>
				<time>2021-12-01T06:09:58Z</time>
			</trkpt>
			<trkpt lat="37.343863" lon="-105.054867">
				<ele>3168.972657</ele>
				<time>2021-12-01T06:10:23Z</time>
			</trkpt>
			<trkpt lat="37.344506" lon="-105.055058">
				<ele>3171.95532</ele>
				<time>2021-12-01T06:11:04Z</time>
			</trkpt>
			<trkpt lat="37.34487" lon="-105.055125">
				<ele>3173.868176</ele>
				<time>2021-12-01T06:11:30Z</time>
			</trkpt>
			<trkpt lat="37.345612" lon="-105.055076">
				<ele>3178.034496</ele>
				<time>2021-12-01T06:12:24Z</time>
			</trkpt>
			<trkpt lat="37.346588" lon="-105.054732">
				<ele>3183.137476</ele>
				<time>2021-12-01T06:13:25Z</time>
			</trkpt>
			<trkpt lat="37.346902" lon="-105.054776">
				<ele>3183.936861</ele>
				<time>2021-12-01T06:13:42Z</time>
			</trkpt>
			<trkpt lat="37.347248" lon="-105.054967">
				<ele>3184.892885</ele>
				<time>2021-12-01T06:14:01Z</time>
			</trkpt>
			<trkpt lat="37.34789" lon="-105.055597">
				<ele>3186.953057</ele>
				<time>2021-12-01T06:14:38Z</time>
			</trkpt>
			<trkpt lat="37.348263" lon="-105.056182">
				<ele>3188.097557</ele>
				<time>2021-12-01T06:15:03Z</time>
			</trkpt>
			<trkpt lat="37.348554" lon="-105.056796">
				<ele>3189.116956</ele>
				<time>2021-12-01T06:15:29Z</time>
			</trkpt>
			<trkpt lat="37.348852" lon="-105.057692">
				<ele>3190.538226</ele>
				<time>2021-12-01T06:16:05Z</time>
			</trkpt>
			<trkpt lat="37.348549" lon="-105.061313">
				<ele>3199.955411</ele>
				<time>2021-12-01T06:18:35Z</time>
			</trkpt>
			<trkpt lat="37.348639" lon="-105.061744">
				<ele>3201.35737</ele>
				<time>2021-12-01T06:18:57Z</time>
			</trkpt>
			<trkpt lat="37.348753" lon="-105.061815">
				<ele>3201.860797</ele>
				<time>2021-12-01T06:19:05Z</time>
			</trkpt>
			<trkpt lat="37.348893" lon="-105.061768">
				<ele>3202.434243</ele>
				<time>2021-12-01T06:19:14Z</time>
			</trkpt>
			<trkpt lat="37.348998" lon="-105.061543">
				<ele>3203.968912</ele>
				<time>2021-12-01T06:19:28Z</time>
			</trkpt>
			<trkpt lat="37.348973" lon="-105.061352">
				<ele>3205.236227</ele>
				<time>2021-12-01T06:19:39Z</time>
			</trkpt>
			<trkpt lat="37.348872" lon="-105.061127">
				<ele>3206.92793</ele>
				<time>2021-12-01T06:19:54Z</time>
			</trkpt>
			<trkpt lat="37.349041" lon="-105.060585">
				<ele>3210.739609</ele>
				<time>2021-12-01T06:20:30Z</time>
			</trkpt>
			<trkpt lat="37.349439" lon="-105.059891">
				<ele>3216.342142</ele>
				<time>2021-12-01T06:21:26Z</time>
			</trkpt>
			<trkpt lat="37.350187" lon="-105.058826">
				<ele>3229.174266</ele>
				<time>2021-12-01T06:23:11Z</time>
			</trkpt>
			<trkpt lat="37.350441" lon="-105.058107">
				<ele>3236.531327</ele>
				<time>2021-12-01T06:24:15Z</time>
			</trkpt>
			<trkpt lat="37.350842" lon="-105.057543">
				<ele>3243.245675</ele>
				<time>2021-12-01T06:25:17Z</time>
			</trkpt>
			<trkpt lat="37.351482" lon="-105.056196">
				<ele>3256.868526</ele>
				<time>2021-12-01T06:27:12Z</time>
			</trkpt>
			<trkpt lat="37.352121" lon="-105.055089">
				<ele>3264.421364</ele>
				<time>2021-12-01T06:28:32Z</time>
			</trkpt>
			<trkpt lat="37.352202" lon="-105.054603">
				<ele>3266.963535</ele>
				<time>2021-12-01T06:28:57Z</time>
			</trkpt>
			<trkpt lat="37.352093" lon="-105.054267">
				<ele>3268.821411</ele>
				<time>2021-12-01T06:29:14Z</time>
			</trkpt>
			<trkpt lat="37.351758" lon="-105.053827">
				<ele>3271.64769</ele>
				<time>2021-12-01T06:29:42Z</time>
			</trkpt>
			<trkpt lat="37.351542" lon="-105.05344">
				<ele>3273.738846</ele>
				<time>2021-12-01T06:30:04Z</time>
			</trkpt>
			<trkpt lat="37.351302" lon="-105.052796">
				<ele>3276.88425</ele>
				<time>2021-12-01T06:30:41Z</time>
			</trkpt>
			<trkpt lat="37.35092" lon="-105.052333">
				<ele>3279.850829</ele>
				<time>2021-12-01T06:31:19Z</time>
			</trkpt>
			<trkpt lat="37.350452" lon="-105.05195">
				<ele>3284.201139</ele>
				<time>2021-12-01T06:32:00Z</time>
			</trkpt>
			<trkpt lat="37.350334" lon="-105.051558">
				<ele>3286.797443</ele>
				<time>2021-12-01T06:32:25Z</time>
			</trkpt>
			<trkpt lat="37.350527" lon="-105.050893">
				<ele>3291.182389</ele>
				<time>2021-12-01T06:33:09Z</time>
			</trkpt>
			<trkpt lat="37.350763" lon="-105.050255">
				<ele>3295.293625</ele>
				<time>2021-12-01T06:33:54Z</time>
			</trkpt>
			<trkpt lat="37.350751" lon="-105.049666">
				<ele>3298.421122</ele>
				<time>2021-12-01T06:34:31Z</time>
			</trkpt>
			<trkpt lat="37.350674" lon="-105.049211">
				<ele>3300.89043</ele>
				<time>2021-12-01T06:34:57Z</time>
			</trkpt>
			<trkpt lat="37.35056" lon="-105.048804">
				<ele>3303.181017</ele>
				<time>2021-12-01T06:35:20Z</time>
			</trkpt>
			<trkpt lat="37.350306" lon="-105.048346">
				<ele>3306.116703</ele>
				<time>2021-12-01T06:35:46Z</time>
			</trkpt>
			<trkpt lat="37.350185" lon="-105.047719">
				<ele>3309.239258</ele>
				<time>2021-12-01T06:36:17Z</time>
			</trkpt>
			<trkpt lat="37.350125" lon="-105.046768">
				<ele>3313.856183</ele>
				<time>2021-12-01T06:37:09Z</time>
			</trkpt>
			<trkpt lat="37.350014" lon="-105.04652">
				<ele>3315.233567</ele>
				<time>2021-12-01T06:37:25Z</time>
			</trkpt>
			<trkpt lat="37.349781" lon="-105.046165">
				<ele>3317.54908</ele>
				<time>2021-12-01T06:37:52Z</time>
			</trkpt>
			<trkpt lat="37.349374" lon="-105.046031">
				<ele>3320.43525</ele>
				<time>2021-12-01T06:38:25Z</time>
			</trkpt>
			<trkpt lat="37.349168" lon="-105.045696">
				<ele>3322.744991</ele>
				<time>2021-12-01T06:38:51Z</time>
			</trkpt>
			<trkpt lat="37.348915" lon="-105.044364">
				<ele>3329.703802</ele>
				<time>2021-12-01T06:40:07Z</time>
			</trkpt>
			<trkpt lat="37.348903" lon="-105.043649">
				<ele>3331.801274</ele>
				<time>2021-12-01T06:40:36Z</time>
			</trkpt>
			<trkpt lat="37.349071" lon="-105.042584">
				<ele>3334.985684</ele>
				<time>2021-12-01T06:41:18Z</time>
			</trkpt>
			<trkpt lat="37.349029" lon="-105.042517">
				<ele>3335.235931</ele>
				<time>2021-12-01T06:41:22Z</time>
			</trkpt>
			<trkpt lat="37.348946" lon="-105.042474">
				<ele>3335.5671</ele>
				<time>2021-12-01T06:41:27Z</time>
			</trkpt>
			<trkpt lat="37.348016" lon="-105.042173">
				<ele>3342.51309</ele>
				<time>2021-12-01T06:42:30Z</time>
			</trkpt>
			<trkpt lat="37.347514" lon="-105.041836">
				<ele>3346.736407</ele>
				<time>2021-12-01T06:43:17Z</time>
			</trkpt>
			<trkpt lat="37.34694" lon="-105.041326">
				<ele>3353.394445</ele>
				<time>2021-12-01T06:44:19Z</time>
			</trkpt>
			<trkpt lat="37.346819" lon="-105.040595">
				<ele>3360.024799</ele>
				<time>2021-12-01T06:45:18Z</time>
			</trkpt>
			<trkpt lat="37.346686" lon="-105.040049">
				<ele>3365.095677</ele>
				<time>2021-12-01T06:46:03Z</time>
			</trkpt>
			<trkpt lat="37.346472" lon="-105.039734">
				<ele>3368.775059</ele>
				<time>2021-12-01T06:46:34Z</time>
			</trkpt>
			<trkpt lat="37.346021" lon="-105.039387">
				<ele>3373.13385</ele>
				<time>2021-12-01T06:47:18Z</time>
			</trkpt>
			<trkpt lat="37.345798" lon="-105.039111">
				<ele>3375.644567</ele>
				<time>2021-12-01T06:47:42Z</time>
			</trkpt>
			<trkpt lat="37.345777" lon="-105.038795">
				<ele>3377.667714</ele>
				<time>2021-12-01T06:48:01Z</time>
			</trkpt>
			<trkpt lat="37.345954" lon="-105.038438">
				<ele>3380.35206</ele>
				<time>2021-12-01T06:48:27Z</time>
			</trkpt>
			<trkpt lat="37.346145" lon="-105.037939">
				<ele>3383.748408</ele>
				<time>2021-12-01T06:48:58Z</time>
			</trkpt>
			<trkpt lat="37.346185" lon="-105.037541">
				<ele>3384.977392</ele>
				<time>2021-12-01T06:49:18Z</time>
			</trkpt>
			<trkpt lat="37.346107" lon="-105.037083">
				<ele>3386.412316</ele>
				<time>2021-12-01T06:49:39Z</time>
			</trkpt>
			<trkpt lat="37.34619" lon="-105.036592">
				<ele>3387.95013</ele>
				<time>2021-12-01T06:49:58Z</time>
			</trkpt>
			<trkpt lat="37.346054" lon="-105.03615">
				<ele>3389.402087</ele>
				<time>2021-12-01T06:50:17Z</time>
			</trkpt>
			<trkpt lat="37.345725" lon="-105.035455">
				<ele>3392.179055</ele>
				<time>2021-12-01T06:50:52Z</time>
			</trkpt>
			<trkpt lat="37.345258" lon="-105.034662">
				<ele>3395.883351</ele>
				<time>2021-12-01T06:51:39Z</time>
			</trkpt>
			<trkpt lat="37.344917" lon="-105.033782">
				<ele>3399.785118</ele>
				<time>2021-12-01T06:52:29Z</time>
			</trkpt>
			<trkpt lat="37.344211" lon="-105.032654">
				<ele>3407.560697</ele>
				<time>2021-12-01T06:53:50Z</time>
			</trkpt>
			<trkpt lat="37.343482" lon="-105.030977">
				<ele>3418.028938</ele>
				<time>2021-12-01T06:55:45Z</time>
			</trkpt>
			<trkpt lat="37.34344" lon="-105.030679">
				<ele>3419.696917</ele>
				<time>2021-12-01T06:56:03Z</time>
			</trkpt>
			<trkpt lat="37.343487" lon="-105.030419">
				<ele>3421.166434</ele>
				<time>2021-12-01T06:56:18Z</time>
			</trkpt>
			<trkpt lat="37.343615" lon="-105.030047">
				<ele>3423.400424</ele>
				<time>2021-12-01T06:56:39Z</time>
			</trkpt>
			<trkpt lat="37.344103" lon="-105.029248">
				<ele>3426.12083</ele>
				<time>2021-12-01T06:57:27Z</time>
			</trkpt>
			<trkpt lat="37.34475" lon="-105.028312">
				<ele>3429.222633</ele>
				<time>2021-12-01T06:58:14Z</time>
			</trkpt>
			<trkpt lat="37.345782" lon="-105.027754">
				<ele>3430.544696</ele>
				<time>2021-12-01T06:59:02Z</time>
			</trkpt>
			<trkpt lat="37.34641" lon="-105.027352">
				<ele>3431.289444</ele>
				<time>2021-12-01T06:59:30Z</time>
			</trkpt>
			<trkpt lat="37.346946" lon="-105.026837">
				<ele>3431.414089</ele>
				<time>2021-12-01T06:59:58Z</time>
			</trkpt>
			<trkpt lat="37.347277" lon="-105.026347">
				<ele>3431.483974</ele>
				<time>2021-12-01T07:00:19Z</time>
			</trkpt>
			<trkpt lat="37.3479" lon="-105.025733">
				<ele>3431.16611</ele>
				<time>2021-12-01T07:00:47Z</time>
			</trkpt>
			<trkpt lat="37.348101" lon="-105.025487">
				<ele>3430.370072</ele>
				<time>2021-12-01T07:00:56Z</time>
			</trkpt>
			<trkpt lat="37.348281" lon="-105.025192">
				<ele>3429.53091</ele>
				<time>2021-12-01T07:01:06Z</time>
			</trkpt>
			<trkpt lat="37.348442" lon="-105.02486">
				<ele>3428.653348</ele>
				<time>2021-12-01T07:01:15Z</time>
			</trkpt>
			<trkpt lat="37.348488" lon="-105.024766">
				<ele>3428.404265</ele>
				<time>2021-12-01T07:01:18Z</time>
			</trkpt>
			<trkpt lat="37.348534" lon="-105.02461">
				<ele>3428.028809</ele>
				<time>2021-12-01T07:01:22Z</time>
			</trkpt>
			<trkpt lat="37.348495" lon="-105.024296">
				<ele>3427.31166</ele>
				<time>2021-12-01T07:01:30Z</time>
			</trkpt>
			<trkpt lat="37.348388" lon="-105.02403">
				<ele>3426.638951</ele>
				<time>2021-12-01T07:01:37Z</time>
			</trkpt>
			<trkpt lat="37.348237" lon="-105.023752">
				<ele>3425.311917</ele>
				<time>2021-12-01T07:01:45Z</time>
			</trkpt>
			<trkpt lat="37.3473" lon="-105.022429">
				<ele>3417.455283</ele>
				<time>2021-12-01T07:02:24Z</time>
			</trkpt>
			<trkpt lat="37.347159" lon="-105.022102">
				<ele>3415.635926</ele>
				<time>2021-12-01T07:02:32Z</time>
			</trkpt>
			<trkpt lat="37.346544" lon="-105.020618">
				<ele>3406.211567</ele>
				<time>2021-12-01T07:03:09Z</time>
			</trkpt>
			<trkpt lat="37.345911" lon="-105.019069">
				<ele>3393.554857</ele>
				<time>2021-12-01T07:03:45Z</time>
			</trkpt>
			<trkpt lat="37.345692" lon="-105.018329">
				<ele>3387.370678</ele>
				<time>2021-12-01T07:04:01Z</time>
			</trkpt>
			<trkpt lat="37.345455" lon="-105.017172">
				<ele>3378.360092</ele>
				<time>2021-12-01T07:04:25Z</time>
			</trkpt>
			<trkpt lat="37.345232" lon="-105.016887">
				<ele>3375.364689</ele>
				<time>2021-12-01T07:04:33Z</time>
			</trkpt>
			<trkpt lat="37.345036" lon="-105.016849">
				<ele>3373.496115</ele>
				<time>2021-12-01T07:04:38Z</time>
			</trkpt>
			<trkpt lat="37.344327" lon="-105.016492">
				<ele>3368.493764</ele>
				<time>2021-12-01T07:04:59Z</time>
			</trkpt>
			<trkpt lat="37.343588" lon="-105.015911">
				<ele>3366.888187</ele>
				<time>2021-12-01T07:05:30Z</time>
			</trkpt>
			<trkpt lat="37.343287" lon="-105.015787">
				<ele>3366.304652</ele>
				<time>2021-12-01T07:05:42Z</time>
			</trkpt>
			<trkpt lat="37.343105" lon="-105.015681">
				<ele>3365.935141</ele>
				<time>2021-12-01T07:05:50Z</time>
			</trkpt>
			<trkpt lat="37.342965" lon="-105.015469">
				<ele>3365.240743</ele>
				<time>2021-12-01T07:05:59Z</time>
			</trkpt>
			<trkpt lat="37.34287" lon="-105.015132">
				<ele>3363.878902</ele>
				<time>2021-12-01T07:06:10Z</time>
			</trkpt>
			<trkpt lat="37.342867" lon="-105.014745">
				<ele>3362.404854</ele>
				<time>2021-12-01T07:06:20Z</time>
			</trkpt>
			<trkpt lat="37.342926" lon="-105.014135">
				<ele>3360.064401</ele>
				<time>2021-12-01T07:06:34Z</time>
			</trkpt>
			<trkpt lat="37.34305" lon="-105.013452">
				<ele>3357.396076</ele>
				<time>2021-12-01T07:06:49Z</time>
			</trkpt>
			<trkpt lat="37.343314" lon="-105.012854">
				<ele>3350.763499</ele>
				<time>2021-12-01T07:07:03Z</time>
			</trkpt>
			<trkpt lat="37.343592" lon="-105.012222">
				<ele>3343.206868</ele>
				<time>2021-12-01T07:07:17Z</time>
			</trkpt>
			<trkpt lat="37.343881" lon="-105.011733">
				<ele>3336.832184</ele>
				<time>2021-12-01T07:07:28Z</time>
			</trkpt>
			<trkpt lat="37.343974" lon="-105.011287">
				<ele>3332.373609</ele>
				<time>2021-12-01T07:07:37Z</time>
			</trkpt>
			<trkpt lat="37.343967" lon="-105.011133">
				<ele>3331.175414</ele>
				<time>2021-12-01T07:07:40Z</time>
			</trkpt>
			<trkpt lat="37.343869" lon="-105.011017">
				<ele>3329.860582</ele>
				<time>2021-12-01T07:07:44Z</time>
			</trkpt>
			<trkpt lat="37.343662" lon="-105.010951">
				<ele>3327.774077</ele>
				<time>2021-12-01T07:07:49Z</time>
			</trkpt>
			<trkpt lat="37.343601" lon="-105.010937">
				<ele>3327.168223</ele>
				<time>2021-12-01T07:07:51Z</time>
			</trkpt>
			<trkpt lat="37.343341" lon="-105.010878">
				<ele>3324.586826</ele>
				<time>2021-12-01T07:07:57Z</time>
			</trkpt>
			<trkpt lat="37.343006" lon="-105.010897">
				<ele>3321.310309</ele>
				<time>2021-12-01T07:08:06Z</time>
			</trkpt>
			<trkpt lat="37.342638" lon="-105.010831">
				<ele>3317.678318</ele>
				<time>2021-12-01T07:08:16Z</time>
			</trkpt>
			<trkpt lat="37.341724" lon="-105.010122">
				<ele>3309.373558</ele>
				<time>2021-12-01T07:08:46Z</time>
			</trkpt>
			<trkpt lat="37.341582" lon="-105.009915">
				<ele>3307.785773</ele>
				<time>2021-12-01T07:08:52Z</time>
			</trkpt>
			<trkpt lat="37.341325" lon="-105.009396">
				<ele>3304.234872</ele>
				<time>2021-12-01T07:09:05Z</time>
			</trkpt>
			<trkpt lat="37.340851" lon="-105.008812">
				<ele>3298.476025</ele>
				<time>2021-12-01T07:09:22Z</time>
			</trkpt>
			<trkpt lat="37.340486" lon="-105.008261">
				<ele>3293.16877</ele>
				<time>2021-12-01T07:09:37Z</time>
			</trkpt>
			<trkpt lat="37.339531" lon="-105.007635">
				<ele>3283.517266</ele>
				<time>2021-12-01T07:10:05Z</time>
			</trkpt>
			<trkpt lat="37.338172" lon="-105.006791">
				<ele>3271.274548</ele>
				<time>2021-12-01T07:10:46Z</time>
			</trkpt>
			<trkpt lat="37.337297" lon="-105.005979">
				<ele>3262.929275</ele>
				<time>2021-12-01T07:11:15Z</time>
			</trkpt>
			<trkpt lat="37.336468" lon="-105.005741">
				<ele>3256.228995</ele>
				<time>2021-12-01T07:11:38Z</time>
			</trkpt>
			<trkpt lat="37.336291" lon="-105.005861">
				<ele>3254.466462</ele>
				<time>2021-12-01T07:11:43Z</time>
			</trkpt>
			<trkpt lat="37.335479" lon="-105.00714">
				<ele>3243.059661</ele>
				<time>2021-12-01T07:12:17Z</time>
			</trkpt>
			<trkpt lat="37.334814" lon="-105.00832">
				<ele>3232.207887</ele>
				<time>2021-12-01T07:12:47Z</time>
			</trkpt>
			<trkpt lat="37.334486" lon="-105.008998">
				<ele>3226.196333</ele>
				<time>2021-12-01T07:13:03Z</time>
			</trkpt>
			<trkpt lat="37.333891" lon="-105.010467">
				<ele>3216.227096</ele>
				<time>2021-12-01T07:13:38Z</time>
			</trkpt>
			<trkpt lat="37.333592" lon="-105.010976">
				<ele>3212.528921</ele>
				<time>2021-12-01T07:13:52Z</time>
			</trkpt>
			<trkpt lat="37.33227" lon="-105.012385">
				<ele>3205.745096</ele>
				<time>2021-12-01T07:14:46Z</time>
			</trkpt>
			<trkpt lat="37.332037" lon="-105.012722">
				<ele>3204.061736</ele>
				<time>2021-12-01T07:14:56Z</time>
			</trkpt>
			<trkpt lat="37.331975" lon="-105.013017">
				<ele>3202.541721</ele>
				<time>2021-12-01T07:15:03Z</time>
			</trkpt>
			<trkpt lat="37.331893" lon="-105.013221">
				<ele>3201.40302</ele>
				<time>2021-12-01T07:15:08Z</time>
			</trkpt>
			<trkpt lat="37.331783" lon="-105.013246">
				<ele>3200.702708</ele>
				<time>2021-12-01T07:15:12Z</time>
			</trkpt>
			<trkpt lat="37.331749" lon="-105.013072">
				<ele>3199.810133</ele>
				<time>2021-12-01T07:15:16Z</time>
			</trkpt>
			<trkpt lat="37.33176" lon="-105.012889">
				<ele>3198.895911</ele>
				<time>2021-12-01T07:15:20Z</time>
			</trkpt>
			<trkpt lat="37.331899" lon="-105.01235">
				<ele>3196.073182</ele>
				<time>2021-12-01T07:15:32Z</time>
			</trkpt>
			<trkpt lat="37.332115" lon="-105.011779">
				<ele>3192.505424</ele>
				<time>2021-12-01T07:15:46Z</time>
			</trkpt>
			<trkpt lat="37.332848" lon="-105.010323">
				<ele>3179.516357</ele>
				<time>2021-12-01T07:16:21Z</time>
			</trkpt>
			<trkpt lat="37.333036" lon="-105.009863">
				<ele>3175.869704</ele>
				<time>2021-12-01T07:16:31Z</time>
			</trkpt>
			<trkpt lat="37.333048" lon="-105.009701">
				<ele>3174.931943</ele>
				<time>2021-12-01T07:16:35Z</time>
			</trkpt>
			<trkpt lat="37.332989" lon="-105.009513">
				<ele>3173.767022</ele>
				<time>2021-12-01T07:16:39Z</time>
			</trkpt>
			<trkpt lat="37.332904" lon="-105.009104">
				<ele>3171.330478</ele>
				<time>2021-12-01T07:16:48Z</time>
			</trkpt>
			<trkpt lat="37.332899" lon="-105.008559">
				<ele>3168.189053</ele>
				<time>2021-12-01T07:17:00Z</time>
			</trkpt>
			<trkpt lat="37.332974" lon="-105.007933">
				<ele>3164.54025</ele>
				<time>2021-12-01T07:17:14Z</time>
			</trkpt>
			<trkpt lat="37.333078" lon="-105.007346">
				<ele>3161.646121</ele>
				<time>2021-12-01T07:17:27Z</time>
			</trkpt>
			<trkpt lat="37.333213" lon="-105.007041">
				<ele>3160.081092</ele>
				<time>2021-12-01T07:17:35Z</time>
			</trkpt>
			<trkpt lat="37.333254" lon="-105.006768">
				<ele>3158.835488</ele>
				<time>2021-12-01T07:17:41Z</time>
			</trkpt>
			<trkpt lat="37.333179" lon="-105.006405">
				<ele>3157.153974</ele>
				<time>2021-12-01T07:17:50Z</time>
			</trkpt>
			<trkpt lat="37.333163" lon="-105.006106">
				<ele>3155.810411</ele>
				<time>2021-12-01T07:17:57Z</time>
			</trkpt>
			<trkpt lat="37.333241" lon="-105.005783">
				<ele>3154.296964</ele>
				<time>2021-12-01T07:18:05Z</time>
			</trkpt>
			<trkpt lat="37.333514" lon="-105.005329">
				<ele>3151.781945</ele>
				<time>2021-12-01T07:18:17Z</time>
			</trkpt>
			<trkpt lat="37.333553" lon="-105.004961">
				<ele>3150.15238</ele>
				<time>2021-12-01T07:18:25Z</time>
			</trkpt>
			<trkpt lat="37.333538" lon="-105.004589">
				<ele>3148.517445</ele>
				<time>2021-12-01T07:18:34Z</time>
			</trkpt>
			<trkpt lat="37.333483" lon="-105.004256">
				<ele>3147.02459</ele>
				<time>2021-12-01T07:18:42Z</time>
			</trkpt>
			<trkpt lat="37.333273" lon="-105.003559">
				<ele>3143.752933</ele>
				<time>2021-12-01T07:18:58Z</time>
			</trkpt>
			<trkpt lat="37.333595" lon="-105.00269">
				<ele>3140.222277</ele>
				<time>2021-12-01T07:19:20Z</time>
			</trkpt>
			<trkpt lat="37.333262" lon="-105.001717">
				<ele>3136.353588</ele>
				<time>2021-12-01T07:19:45Z</time>
			</trkpt>
			<trkpt lat="37.333456" lon="-105.000584">
				<ele>3132.497602</ele>
				<time>2021-12-01T07:20:12Z</time>
			</trkpt>
			<trkpt lat="37.333329" lon="-105.000142">
				<ele>3130.983498</ele>
				<time>2021-12-01T07:20:23Z</time>
			</trkpt>
			<trkpt lat="37.332984" lon="-104.999583">
				<ele>3128.703724</ele>
				<time>2021-12-01T07:20:40Z</time>
			</trkpt>
			<trkpt lat="37.33294" lon="-104.999325">
				<ele>3128.036633</ele>
				<time>2021-12-01T07:20:47Z</time>
			</trkpt>
			<trkpt lat="37.332954" lon="-104.99901">
				<ele>3128.078316</ele>
				<time>2021-12-01T07:20:54Z</time>
			</trkpt>
			<trkpt lat="37.333006" lon="-104.998807">
				<ele>3128.106495</ele>
				<time>2021-12-01T07:21:00Z</time>
			</trkpt>
			<trkpt lat="37.333104" lon="-104.998712">
				<ele>3128.127055</ele>
				<time>2021-12-01T07:21:03Z</time>
			</trkpt>
			<trkpt lat="37.334563" lon="-104.998914">
				<ele>3127.567702</ele>
				<time>2021-12-01T07:22:14Z</time>
			</trkpt>
			<trkpt lat="37.334784" lon="-104.999279">
				<ele>3126.486977</ele>
				<time>2021-12-01T07:22:29Z</time>
			</trkpt>
			<trkpt lat="37.334963" lon="-104.999714">
				<ele>3125.33318</ele>
				<time>2021-12-01T07:22:42Z</time>
			</trkpt>
			<trkpt lat="37.335354" lon="-105.000535">
				<ele>3123.078823</ele>
				<time>2021-12-01T07:23:03Z</time>
			</trkpt>
			<trkpt lat="37.335703" lon="-105.000709">
				<ele>3118.797523</ele>
				<time>2021-12-01T07:23:13Z</time>
			</trkpt>
			<trkpt lat="37.336224" lon="-105.000797">
				<ele>3112.461989</ele>
				<time>2021-12-01T07:23:26Z</time>
			</trkpt>
			<trkpt lat="37.336405" lon="-105.000574">
				<ele>3109.408299</ele>
				<time>2021-12-01T07:23:32Z</time>
			</trkpt>
			<trkpt lat="37.337099" lon="-104.999229">
				<ele>3098.218901</ele>
				<time>2021-12-01T07:24:04Z</time>
			</trkpt>
			<trkpt lat="37.337509" lon="-104.998828">
				<ele>3095.550125</ele>
				<time>2021-12-01T07:24:20Z</time>
			</trkpt>
			<trkpt lat="37.337796" lon="-104.99878">
				<ele>3094.062413</ele>
				<time>2021-12-01T07:24:30Z</time>
			</trkpt>
			<trkpt lat="37.338143" lon="-104.999007">
				<ele>3092.067742</ele>
				<time>2021-12-01T07:24:44Z</time>
			</trkpt>
			<trkpt lat="37.338361" lon="-104.999536">
				<ele>3090.987789</ele>
				<time>2021-12-01T07:25:04Z</time>
			</trkpt>
			<trkpt lat="37.338498" lon="-104.999949">
				<ele>3090.176689</ele>
				<time>2021-12-01T07:25:18Z</time>
			</trkpt>
			<trkpt lat="37.338651" lon="-105.000124">
				<ele>3089.705242</ele>
				<time>2021-12-01T07:25:25Z</time>
			</trkpt>
			<trkpt lat="37.339263" lon="-104.999892">
				<ele>3088.248091</ele>
				<time>2021-12-01T07:25:44Z</time>
			</trkpt>
			<trkpt lat="37.339715" lon="-105.000066">
				<ele>3084.457954</ele>
				<time>2021-12-01T07:25:57Z</time>
			</trkpt>
			<trkpt lat="37.340053" lon="-105.000236">
				<ele>3080.84559</ele>
				<time>2021-12-01T07:26:06Z</time>
			</trkpt>
			<trkpt lat="37.340294" lon="-105.000311">
				<ele>3078.381915</ele>
				<time>2021-12-01T07:26:12Z</time>
			</trkpt>
			<trkpt lat="37.340415" lon="-105.000198">
				<ele>3076.886388</ele>
				<time>2021-12-01T07:26:16Z</time>
			</trkpt>
			<trkpt lat="37.340418" lon="-105.000063">
				<ele>3075.820873</ele>
				<time>2021-12-01T07:26:19Z</time>
			</trkpt>
			<trkpt lat="37.340186" lon="-104.999428">
				<ele>3070.307287</ele>
				<time>2021-12-01T07:26:33Z</time>
			</trkpt>
			<trkpt lat="37.340062" lon="-104.998901">
				<ele>3066.44273</ele>
				<time>2021-12-01T07:26:44Z</time>
			</trkpt>
			<trkpt lat="37.340029" lon="-104.998367">
				<ele>3062.69601</ele>
				<time>2021-12-01T07:26:55Z</time>
			</trkpt>
			<trkpt lat="37.339952" lon="-104.997824">
				<ele>3058.837654</ele>
				<time>2021-12-01T07:27:07Z</time>
			</trkpt>
			<trkpt lat="37.339815" lon="-104.997394">
				<ele>3055.597166</ele>
				<time>2021-12-01T07:27:17Z</time>
			</trkpt>
			<trkpt lat="37.339504" lon="-104.997003">
				<ele>3052.355267</ele>
				<time>2021-12-01T07:27:29Z</time>
			</trkpt>
			<trkpt lat="37.339327" lon="-104.996533">
				<ele>3049.602429</ele>
				<time>2021-12-01T07:27:41Z</time>
			</trkpt>
			<trkpt lat="37.339139" lon="-104.995988">
				<ele>3046.457738</ele>
				<time>2021-12-01T07:27:54Z</time>
			</trkpt>
			<trkpt lat="37.339186" lon="-104.995686">
				<ele>3044.828815</ele>
				<time>2021-12-01T07:28:01Z</time>
			</trkpt>
			<trkpt lat="37.339418" lon="-104.995668">
				<ele>3043.281275</ele>
				<time>2021-12-01T07:28:07Z</time>
			</trkpt>
			<trkpt lat="37.340095" lon="-104.995813">
				<ele>3038.270607</ele>
				<time>2021-12-01T07:28:25Z</time>
			</trkpt>
			<trkpt lat="37.340889" lon="-104.99554">
				<ele>3032.12683</ele>
				<time>2021-12-01T07:28:47Z</time>
			</trkpt>
			<trkpt lat="37.341556" lon="-104.995263">
				<ele>3028.109351</ele>
				<time>2021-12-01T07:29:06Z</time>
			</trkpt>
			<trkpt lat="37.34209" lon="-104.995371">
				<ele>3026.519423</ele>
				<time>2021-12-01T07:29:22Z</time>
			</trkpt>
			<trkpt lat="37.342465" lon="-104.995549">
				<ele>3025.341178</ele>
				<time>2021-12-01T07:29:35Z</time>
			</trkpt>
			<trkpt lat="37.342574" lon="-104.99566">
				<ele>3024.928909</ele>
				<time>2021-12-01T07:29:40Z</time>
			</trkpt>
			<trkpt lat="37.343102" lon="-104.9955">
				<ele>3023.578861</ele>
				<time>2021-12-01T07:30:04Z</time>
			</trkpt>
			<trkpt lat="37.343556" lon="-104.995959">
				<ele>3023.343592</ele>
				<time>2021-12-01T07:30:30Z</time>
			</trkpt>
			<trkpt lat="37.343953" lon="-104.996468">
				<ele>3023.11462</ele>
				<time>2021-12-01T07:30:51Z</time>
			</trkpt>
			<trkpt lat="37.344132" lon="-104.996816">
				<ele>3022.981522</ele>
				<time>2021-12-01T07:31:03Z</time>
			</trkpt>
			<trkpt lat="37.344481" lon="-104.997128">
				<ele>3021.407651</ele>
				<time>2021-12-01T07:31:16Z</time>
			</trkpt>
			<trkpt lat="37.345018" lon="-104.997913">
				<ele>3015.465401</ele>
				<time>2021-12-01T07:31:39Z</time>
			</trkpt>
			<trkpt lat="37.345121" lon="-104.998121">
				<ele>3014.059324</ele>
				<time>2021-12-01T07:31:44Z</time>
			</trkpt>
			<trkpt lat="37.345523" lon="-104.998299">
				<ele>3010.983367</ele>
				<time>2021-12-01T07:31:55Z</time>
			</trkpt>
			<trkpt lat="37.345837" lon="-104.998549">
				<ele>3007.445568</ele>
				<time>2021-12-01T07:32:04Z</time>
			</trkpt>
			<trkpt lat="37.346013" lon="-104.998626">
				<ele>3005.385254</ele>
				<time>2021-12-01T07:32:09Z</time>
			</trkpt>
			<trkpt lat="37.346176" lon="-104.998538">
				<ele>3003.424038</ele>
				<time>2021-12-01T07:32:14Z</time>
			</trkpt>
			<trkpt lat="37.346132" lon="-104.998208">
				<ele>3000.482865</ele>
				<time>2021-12-01T07:32:20Z</time>
			</trkpt>
			<trkpt lat="37.345994" lon="-104.997929">
				<ele>2997.594564</ele>
				<time>2021-12-01T07:32:27Z</time>
			</trkpt>
			<trkpt lat="37.345564" lon="-104.997239">
				<ele>2989.912747</ele>
				<time>2021-12-01T07:32:44Z</time>
			</trkpt>
			<trkpt lat="37.345468" lon="-104.996816">
				<ele>2986.751677</ele>
				<time>2021-12-01T07:32:53Z</time>
			</trkpt>
			<trkpt lat="37.345476" lon="-104.996379">
				<ele>2983.610603</ele>
				<time>2021-12-01T07:33:02Z</time>
			</trkpt>
			<trkpt lat="37.345004" lon="-104.994894">
				<ele>2973.095492</ele>
				<time>2021-12-01T07:33:36Z</time>
			</trkpt>
			<trkpt lat="37.344688" lon="-104.994047">
				<ele>2970.361927</ele>
				<time>2021-12-01T07:33:57Z</time>
			</trkpt>
			<trkpt lat="37.344519" lon="-104.993436">
				<ele>2968.471848</ele>
				<time>2021-12-01T07:34:12Z</time>
			</trkpt>
			<trkpt lat="37.343929" lon="-104.992576">
				<ele>2967.951556</ele>
				<time>2021-12-01T07:35:02Z</time>
			</trkpt>
			<trkpt lat="37.343792" lon="-104.992077">
				<ele>2968.565247</ele>
				<time>2021-12-01T07:35:28Z</time>
			</trkpt>
			<trkpt lat="37.343795" lon="-104.991635">
				<ele>2969.07908</ele>
				<time>2021-12-01T07:35:44Z</time>
			</trkpt>
			<trkpt lat="37.343938" lon="-104.991314">
				<ele>2969.506825</ele>
				<time>2021-12-01T07:35:55Z</time>
			</trkpt>
			<trkpt lat="37.34391" lon="-104.990943">
				<ele>2968.773105</ele>
				<time>2021-12-01T07:36:05Z</time>
			</trkpt>
			<trkpt lat="37.34367" lon="-104.991025">
				<ele>2966.399561</ele>
				<time>2021-12-01T07:36:12Z</time>
			</trkpt>
			<trkpt lat="37.343545" lon="-104.991291">
				<ele>2964.055051</ele>
				<time>2021-12-01T07:36:19Z</time>
			</trkpt>
			<trkpt lat="37.34357" lon="-104.991637">
				<ele>2961.418936</ele>
				<time>2021-12-01T07:36:26Z</time>
			</trkpt>
			<trkpt lat="37.343423" lon="-104.991995">
				<ele>2958.361675</ele>
				<time>2021-12-01T07:36:34Z</time>
			</trkpt>
			<trkpt lat="37.343375" lon="-104.992345">
				<ele>2955.6668</ele>
				<time>2021-12-01T07:36:41Z</time>
			</trkpt>
			<trkpt lat="37.343556" lon="-104.992837">
				<ele>2951.298627</ele>
				<time>2021-12-01T07:36:51Z</time>
			</trkpt>
			<trkpt lat="37.343518" lon="-104.992993">
				<ele>2949.764617</ele>
				<time>2021-12-01T07:36:54Z</time>
			</trkpt>
			<trkpt lat="37.343411" lon="-104.993082">
				<ele>2948.247569</ele>
				<time>2021-12-01T07:36:57Z</time>
			</trkpt>
			<trkpt lat="37.343271" lon="-104.993096">
				<ele>2946.586678</ele>
				<time>2021-12-01T07:37:01Z</time>
			</trkpt>
			<trkpt lat="37.34155" lon="-104.992826">
				<ele>2929.018547</ele>
				<time>2021-12-01T07:37:46Z</time>
			</trkpt>
			<trkpt lat="37.341275" lon="-104.992717">
				<ele>2927.511945</ele>
				<time>2021-12-01T07:37:54Z</time>
			</trkpt>
			<trkpt lat="37.340925" lon="-104.992488">
				<ele>2925.450469</ele>
				<time>2021-12-01T07:38:06Z</time>
			</trkpt>
			<trkpt lat="37.340462" lon="-104.991911">
				<ele>2922.044777</ele>
				<time>2021-12-01T07:38:26Z</time>
			</trkpt>
			<trkpt lat="37.339563" lon="-104.990381">
				<ele>2915.834159</ele>
				<time>2021-12-01T07:39:13Z</time>
			</trkpt>
			<trkpt lat="37.339265" lon="-104.989509">
				<ele>2910.055278</ele>
				<time>2021-12-01T07:39:33Z</time>
			</trkpt>
			<trkpt lat="37.339056" lon="-104.988665">
				<ele>2902.979455</ele>
				<time>2021-12-01T07:39:51Z</time>
			</trkpt>
			<trkpt lat="37.338981" lon="-104.988275">
				<ele>2899.767707</ele>
				<time>2021-12-01T07:39:59Z</time>
			</trkpt>
			<trkpt lat="37.338649" lon="-104.987445">
				<ele>2891.149716</ele>
				<time>2021-12-01T07:40:18Z</time>
			</trkpt>
			<trkpt lat="37.338267" lon="-104.986618">
				<ele>2881.3155</ele>
				<time>2021-12-01T07:40:36Z</time>
			</trkpt>
			<trkpt lat="37.337616" lon="-104.985508">
				<ele>2868.746894</ele>
				<time>2021-12-01T07:41:04Z</time>
			</trkpt>
			<trkpt lat="37.337081" lon="-104.984722">
				<ele>2860.928752</ele>
				<time>2021-12-01T07:41:25Z</time>
			</trkpt>
			<trkpt lat="37.336599" lon="-104.984166">
				<ele>2854.912088</ele>
				<time>2021-12-01T07:41:43Z</time>
			</trkpt>
			<trkpt lat="37.335895" lon="-104.983469">
				<ele>2847.595634</ele>
				<time>2021-12-01T07:42:07Z</time>
			</trkpt>
			<trkpt lat="37.335475" lon="-104.98273">
				<ele>2841.697646</ele>
				<time>2021-12-01T07:42:26Z</time>
			</trkpt>
			<trkpt lat="37.335003" lon="-104.981809">
				<ele>2833.509887</ele>
				<time>2021-12-01T07:42:48Z</time>
			</trkpt>
			<trkpt lat="37.334393" lon="-104.981014">
				<ele>2825.213349</ele>
				<time>2021-12-01T07:43:11Z</time>
			</trkpt>
			<trkpt lat="37.333129" lon="-104.979615">
				<ele>2810.799029</ele>
				<time>2021-12-01T07:43:55Z</time>
			</trkpt>
			<trkpt lat="37.332436" lon="-104.978944">
				<ele>2804.209146</ele>
				<time>2021-12-01T07:44:19Z</time>
			</trkpt>
			<trkpt lat="37.331775" lon="-104.978135">
				<ele>2797.520239</ele>
				<time>2021-12-01T07:44:44Z</time>
			</trkpt>
			<trkpt lat="37.331345" lon="-104.977649">
				<ele>2792.979681</ele>
				<time>2021-12-01T07:45:00Z</time>
			</trkpt>
			<trkpt lat="37.330275" lon="-104.975735">
				<ele>2777.487842</ele>
				<time>2021-12-01T07:45:49Z</time>
			</trkpt>
			<trkpt lat="37.328905" lon="-104.973717">
				<ele>2759.166333</ele>
				<time>2021-12-01T07:46:45Z</time>
			</trkpt>
			<trkpt lat="37.32799" lon="-104.972129">
				<ele>2747.072165</ele>
				<time>2021-12-01T07:47:26Z</time>
			</trkpt>
			<trkpt lat="37.327494" lon="-104.971058">
				<ele>2740.706421</ele>
				<time>2021-12-01T07:47:53Z</time>
			</trkpt>
			<trkpt lat="37.327196" lon="-104.970312">
				<ele>2737.090436</ele>
				<time>2021-12-01T07:48:13Z</time>
			</trkpt>
			<trkpt lat="37.326667" lon="-104.969499">
				<ele>2733.231107</ele>
				<time>2021-12-01T07:48:37Z</time>
			</trkpt>
			<trkpt lat="37.326614" lon="-104.969124">
				<ele>2731.831821</ele>
				<time>2021-12-01T07:48:46Z</time>
			</trkpt>
			<trkpt lat="37.326833" lon="-104.968098">
				<ele>2727.068901</ele>
				<time>2021-12-01T07:49:11Z</time>
			</trkpt>
			<trkpt lat="37.327273" lon="-104.966607">
				<ele>2719.206147</ele>
				<time>2021-12-01T07:49:46Z</time>
			</trkpt>
			<trkpt lat="37.327483" lon="-104.965806">
				<ele>2713.2965</ele>
				<time>2021-12-01T07:50:03Z</time>
			</trkpt>
			<trkpt lat="37.32769" lon="-104.964714">
				<ele>2705.430659</ele>
				<time>2021-12-01T07:50:27Z</time>
			</trkpt>
			<trkpt lat="37.327792" lon="-104.963876">
				<ele>2701.610041</ele>
				<time>2021-12-01T07:50:44Z</time>
			</trkpt>
			<trkpt lat="37.327813" lon="-104.963308">
				<ele>2699.734487</ele>
				<time>2021-12-01T07:50:57Z</time>
			</trkpt>
			<trkpt lat="37.327807" lon="-104.962759">
				<ele>2697.923457</ele>
				<time>2021-12-01T07:51:10Z</time>
			</trkpt>
			<trkpt lat="37.3277" lon="-104.962278">
				<ele>2696.275979</ele>
				<time>2021-12-01T07:51:25Z</time>
			</trkpt>
			<trkpt lat="37.327549" lon="-104.961874">
				<ele>2697.703905</ele>
				<time>2021-12-01T07:51:44Z</time>
			</trkpt>
			<trkpt lat="37.32725" lon="-104.962097">
				<ele>2699.659926</ele>
				<time>2021-12-01T07:52:01Z</time>
			</trkpt>
			<trkpt lat="37.326857" lon="-104.962125">
				<ele>2701.874789</ele>
				<time>2021-12-01T07:52:24Z</time>
			</trkpt>
			<trkpt lat="37.325969" lon="-104.962073">
				<ele>2706.795621</ele>
				<time>2021-12-01T07:53:18Z</time>
			</trkpt>
			<trkpt lat="37.325741" lon="-104.961839">
				<ele>2708.265403</ele>
				<time>2021-12-01T07:53:35Z</time>
			</trkpt>
			<trkpt lat="37.325941" lon="-104.961577">
				<ele>2709.70776</ele>
				<time>2021-12-01T07:53:51Z</time>
			</trkpt>
			<trkpt lat="37.326167" lon="-104.961419">
				<ele>2710.999161</ele>
				<time>2021-12-01T07:54:04Z</time>
			</trkpt>
			<trkpt lat="37.326262" lon="-104.961215">
				<ele>2711.938036</ele>
				<time>2021-12-01T07:54:13Z</time>
			</trkpt>
			<trkpt lat="37.326141" lon="-104.960903">
				<ele>2713.31663</ele>
				<time>2021-12-01T07:54:25Z</time>
			</trkpt>
			<trkpt lat="37.325917" lon="-104.960575">
				<ele>2715.033714</ele>
				<time>2021-12-01T07:54:38Z</time>
			</trkpt>
			<trkpt lat="37.324505" lon="-104.959286">
				<ele>2715.904471</ele>
				<time>2021-12-01T07:55:26Z</time>
			</trkpt>
			<trkpt lat="37.323876" lon="-104.959007">
				<ele>2712.383148</ele>
				<time>2021-12-01T07:55:38Z</time>
			</trkpt>
			<trkpt lat="37.323731" lon="-104.958875">
				<ele>2711.308929</ele>
				<time>2021-12-01T07:55:41Z</time>
			</trkpt>
			<trkpt lat="37.323569" lon="-104.958727">
				<ele>2710.107298</ele>
				<time>2021-12-01T07:55:44Z</time>
			</trkpt>
			<trkpt lat="37.323398" lon="-104.958505">
				<ele>2708.632382</ele>
				<time>2021-12-01T07:55:48Z</time>
			</trkpt>
			<trkpt lat="37.322742" lon="-104.958064">
				<ele>2703.435339</ele>
				<time>2021-12-01T07:55:59Z</time>
			</trkpt>
			<trkpt lat="37.32265" lon="-104.957864">
				<ele>2701.504057</ele>
				<time>2021-12-01T07:56:02Z</time>
			</trkpt>
			<trkpt lat="37.32265" lon="-104.957175">
				<ele>2695.744891</ele>
				<time>2021-12-01T07:56:10Z</time>
			</trkpt>
			<trkpt lat="37.322376" lon="-104.956773">
				<ele>2691.31933</ele>
				<time>2021-12-01T07:56:16Z</time>
			</trkpt>
			<trkpt lat="37.321437" lon="-104.9564">
				<ele>2680.941932</ele>
				<time>2021-12-01T07:56:31Z</time>
			</trkpt>
			<trkpt lat="37.320887" lon="-104.95597">
				<ele>2674.099981</ele>
				<time>2021-12-01T07:56:40Z</time>
			</trkpt>
			<trkpt lat="37.318965" lon="-104.953246">
				<ele>2645.666502</ele>
				<time>2021-12-01T07:57:23Z</time>
			</trkpt>
			<trkpt lat="37.31853" lon="-104.95296">
				<ele>2641.616804</ele>
				<time>2021-12-01T07:57:31Z</time>
			</trkpt>
			<trkpt lat="37.318507" lon="-104.952788">
				<ele>2640.472469</ele>
				<time>2021-12-01T07:57:33Z</time>
			</trkpt>
			<trkpt lat="37.318209" lon="-104.952759">
				<ele>2638.006629</ele>
				<time>2021-12-01T07:57:37Z</time>
			</trkpt>
			<trkpt lat="37.317454" lon="-104.952185">
				<ele>2631.674784</ele>
				<time>2021-12-01T07:57:51Z</time>
			</trkpt>
			<trkpt lat="37.316858" lon="-104.951469">
				<ele>2626.571799</ele>
				<time>2021-12-01T07:58:05Z</time>
			</trkpt>
			<trkpt lat="37.316469" lon="-104.949806">
				<ele>2618.994015</ele>
				<time>2021-12-01T07:58:27Z</time>
			</trkpt>
			<trkpt lat="37.316286" lon="-104.94929">
				<ele>2616.709854</ele>
				<time>2021-12-01T07:58:35Z</time>
			</trkpt>
			<trkpt lat="37.315599" lon="-104.948802">
				<ele>2612.978724</ele>
				<time>2021-12-01T07:58:48Z</time>
			</trkpt>
			<trkpt lat="37.313768" lon="-104.948258">
				<ele>2605.812645</ele>
				<time>2021-12-01T07:59:20Z</time>
			</trkpt>
			<trkpt lat="37.312211" lon="-104.947483">
				<ele>2602.210197</ele>
				<time>2021-12-01T07:59:53Z</time>
			</trkpt>
			<trkpt lat="37.311272" lon="-104.947225">
				<ele>2601.654613</ele>
				<time>2021-12-01T08:00:15Z</time>
			</trkpt>
			<trkpt lat="37.310723" lon="-104.946681">
				<ele>2600.911536</ele>
				<time>2021-12-01T08:00:30Z</time>
			</trkpt>
			<trkpt lat="37.310356" lon="-104.945821">
				<ele>2598.341202</ele>
				<time>2021-12-01T08:00:46Z</time>
			</trkpt>
			<trkpt lat="37.30999" lon="-104.944216">
				<ele>2591.991883</ele>
				<time>2021-12-01T08:01:08Z</time>
			</trkpt>
			<trkpt lat="37.309692" lon="-104.943384">
				<ele>2586.291376</ele>
				<time>2021-12-01T08:01:19Z</time>
			</trkpt>
			<trkpt lat="37.309349" lon="-104.942725">
				<ele>2581.371192</ele>
				<time>2021-12-01T08:01:28Z</time>
			</trkpt>
			<trkpt lat="37.308914" lon="-104.942266">
				<ele>2579.034833</ele>
				<time>2021-12-01T08:01:37Z</time>
			</trkpt>
			<trkpt lat="37.30841" lon="-104.942037">
				<ele>2576.891391</ele>
				<time>2021-12-01T08:01:46Z</time>
			</trkpt>
			<trkpt lat="37.307792" lon="-104.942037">
				<ele>2574.419587</ele>
				<time>2021-12-01T08:01:59Z</time>
			</trkpt>
			<trkpt lat="37.307701" lon="-104.942238">
				<ele>2574.232531</ele>
				<time>2021-12-01T08:02:04Z</time>
			</trkpt>
			<trkpt lat="37.306991" lon="-104.942983">
				<ele>2576.155384</ele>
				<time>2021-12-01T08:02:42Z</time>
			</trkpt>
			<trkpt lat="37.306579" lon="-104.943012">
				<ele>2577.013368</ele>
				<time>2021-12-01T08:02:59Z</time>
			</trkpt>
			<trkpt lat="37.305846" lon="-104.942639">
				<ele>2576.059999</ele>
				<time>2021-12-01T08:03:21Z</time>
			</trkpt>
			<trkpt lat="37.304861" lon="-104.942753">
				<ele>2571.996522</ele>
				<time>2021-12-01T08:03:38Z</time>
			</trkpt>
			<trkpt lat="37.303877" lon="-104.942209">
				<ele>2566.275696</ele>
				<time>2021-12-01T08:03:54Z</time>
			</trkpt>
			<trkpt lat="37.303625" lon="-104.941865">
				<ele>2564.039186</ele>
				<time>2021-12-01T08:04:00Z</time>
			</trkpt>
			<trkpt lat="37.303556" lon="-104.941492">
				<ele>2562.207756</ele>
				<time>2021-12-01T08:04:05Z</time>
			</trkpt>
			<trkpt lat="37.303534" lon="-104.939027">
				<ele>2556.303476</ele>
				<time>2021-12-01T08:04:42Z</time>
			</trkpt>
			<trkpt lat="37.303327" lon="-104.938196">
				<ele>2554.896147</ele>
				<time>2021-12-01T08:04:56Z</time>
			</trkpt>
			<trkpt lat="37.302801" lon="-104.938082">
				<ele>2553.853462</ele>
				<time>2021-12-01T08:05:07Z</time>
			</trkpt>
			<trkpt lat="37.30216" lon="-104.937795">
				<ele>2552.52424</ele>
				<time>2021-12-01T08:05:20Z</time>
			</trkpt>
			<trkpt lat="37.299824" lon="-104.93748">
				<ele>2545.027712</ele>
				<time>2021-12-01T08:06:02Z</time>
			</trkpt>
			<trkpt lat="37.299664" lon="-104.937365">
				<ele>2544.284021</ele>
				<time>2021-12-01T08:06:05Z</time>
			</trkpt>
			<trkpt lat="37.299527" lon="-104.937365">
				<ele>2543.731211</ele>
				<time>2021-12-01T08:06:08Z</time>
			</trkpt>
			<trkpt lat="37.29813" lon="-104.936505">
				<ele>2537.07356</ele>
				<time>2021-12-01T08:06:34Z</time>
			</trkpt>
			<trkpt lat="37.296962" lon="-104.935216">
				<ele>2529.494657</ele>
				<time>2021-12-01T08:07:00Z</time>
			</trkpt>
			<trkpt lat="37.296069" lon="-104.934557">
				<ele>2524.333371</ele>
				<time>2021-12-01T08:07:17Z</time>
			</trkpt>
			<trkpt lat="37.295131" lon="-104.934127">
				<ele>2519.609756</ele>
				<time>2021-12-01T08:07:34Z</time>
			</trkpt>
			<trkpt lat="37.294535" lon="-104.934041">
				<ele>2516.954071</ele>
				<time>2021-12-01T08:07:44Z</time>
			</trkpt>
			<trkpt lat="37.294215" lon="-104.933497">
				<ele>2514.571453</ele>
				<time>2021-12-01T08:08:00Z</time>
			</trkpt>
			<trkpt lat="37.293574" lon="-104.932723">
				<ele>2510.634195</ele>
				<time>2021-12-01T08:08:26Z</time>
			</trkpt>
			<trkpt lat="37.293395" lon="-104.931989">
				<ele>2507.92823</ele>
				<time>2021-12-01T08:08:44Z</time>
			</trkpt>
			<trkpt lat="37.293122" lon="-104.930599">
				<ele>2503.171919</ele>
				<time>2021-12-01T08:09:17Z</time>
			</trkpt>
			<trkpt lat="37.293143" lon="-104.929834">
				<ele>2500.753039</ele>
				<time>2021-12-01T08:09:35Z</time>
			</trkpt>
			<trkpt lat="37.292901" lon="-104.924945">
				<ele>2490.16834</ele>
				<time>2021-12-01T08:11:37Z</time>
			</trkpt>
			<trkpt lat="37.293183" lon="-104.923909">
				<ele>2488.038651</ele>
				<time>2021-12-01T08:12:09Z</time>
			</trkpt>
			<trkpt lat="37.293141" lon="-104.923253">
				<ele>2486.709711</ele>
				<time>2021-12-01T08:12:27Z</time>
			</trkpt>
			<trkpt lat="37.293196" lon="-104.922916">
				<ele>2486.015037</ele>
				<time>2021-12-01T08:12:36Z</time>
			</trkpt>
			<trkpt lat="37.293185" lon="-104.922836">
				<ele>2485.851099</ele>
				<time>2021-12-01T08:12:38Z</time>
			</trkpt>
			<trkpt lat="37.29357" lon="-104.920615">
				<ele>2474.705631</ele>
				<time>2021-12-01T08:13:27Z</time>
			</trkpt>
			<trkpt lat="37.2935" lon="-104.920149">
				<ele>2472.035468</ele>
				<time>2021-12-01T08:13:37Z</time>
			</trkpt>
			<trkpt lat="37.293197" lon="-104.919753">
				<ele>2468.67207</ele>
				<time>2021-12-01T08:13:49Z</time>
			</trkpt>
			<trkpt lat="37.293324" lon="-104.919118">
				<ele>2464.66392</ele>
				<time>2021-12-01T08:14:02Z</time>
			</trkpt>
			<trkpt lat="37.292978" lon="-104.91782">
				<ele>2457.055822</ele>
				<time>2021-12-01T08:14:32Z</time>
			</trkpt>
			<trkpt lat="37.292978" lon="-104.917047">
				<ele>2453.84224</ele>
				<time>2021-12-01T08:14:50Z</time>
			</trkpt>
			<trkpt lat="37.293092" lon="-104.91633">
				<ele>2450.802521</ele>
				<time>2021-12-01T08:15:07Z</time>
			</trkpt>
			<trkpt lat="37.293229" lon="-104.914296">
				<ele>2443.654667</ele>
				<time>2021-12-01T08:15:55Z</time>
			</trkpt>
			<trkpt lat="37.293137" lon="-104.913264">
				<ele>2440.178545</ele>
				<time>2021-12-01T08:16:19Z</time>
			</trkpt>
			<trkpt lat="37.292862" lon="-104.911946">
				<ele>2435.638619</ele>
				<time>2021-12-01T08:16:51Z</time>
			</trkpt>
			<trkpt lat="37.292862" lon="-104.911602">
				<ele>2434.492454</ele>
				<time>2021-12-01T08:16:59Z</time>
			</trkpt>
			<trkpt lat="37.293274" lon="-104.910026">
				<ele>2430.317487</ele>
				<time>2021-12-01T08:17:40Z</time>
			</trkpt>
			<trkpt lat="37.293319" lon="-104.908793">
				<ele>2426.946282</ele>
				<time>2021-12-01T08:18:11Z</time>
			</trkpt>
			<trkpt lat="37.293204" lon="-104.907533">
				<ele>2423.037813</ele>
				<time>2021-12-01T08:18:41Z</time>
			</trkpt>
			<trkpt lat="37.292792" lon="-104.905212">
				<ele>2414.627505</ele>
				<time>2021-12-01T08:19:36Z</time>
			</trkpt>
			<trkpt lat="37.292814" lon="-104.904065">
				<ele>2410.556669</ele>
				<time>2021-12-01T08:20:03Z</time>
			</trkpt>
			<trkpt lat="37.29302" lon="-104.903091">
				<ele>2407.022577</ele>
				<time>2021-12-01T08:20:26Z</time>
			</trkpt>
			<trkpt lat="37.293203" lon="-104.902862">
				<ele>2405.884383</ele>
				<time>2021-12-01T08:20:34Z</time>
			</trkpt>
			<trkpt lat="37.293569" lon="-104.901858">
				<ele>2402.153602</ele>
				<time>2021-12-01T08:21:00Z</time>
			</trkpt>
			<trkpt lat="37.293683" lon="-104.901085">
				<ele>2399.510529</ele>
				<time>2021-12-01T08:21:18Z</time>
			</trkpt>
			<trkpt lat="37.293637" lon="-104.900024">
				<ele>2396.510743</ele>
				<time>2021-12-01T08:21:43Z</time>
			</trkpt>
			<trkpt lat="37.293431" lon="-104.898848">
				<ele>2393.67457</ele>
				<time>2021-12-01T08:22:13Z</time>
			</trkpt>
			<trkpt lat="37.293499" lon="-104.898046">
				<ele>2392.0835</ele>
				<time>2021-12-01T08:22:34Z</time>
			</trkpt>
			<trkpt lat="37.294395" lon="-104.894669">
				<ele>2386.570515</ele>
				<time>2021-12-01T08:24:08Z</time>
			</trkpt>
			<trkpt lat="37.294553" lon="-104.893604">
				<ele>2383.860882</ele>
				<time>2021-12-01T08:24:35Z</time>
			</trkpt>
			<trkpt lat="37.294642" lon="-104.893317">
				<ele>2382.749006</ele>
				<time>2021-12-01T08:24:42Z</time>
			</trkpt>
			<trkpt lat="37.29467" lon="-104.892359">
				<ele>2379.288694</ele>
				<time>2021-12-01T08:25:04Z</time>
			</trkpt>
			<trkpt lat="37.294758" lon="-104.891767">
				<ele>2377.086193</ele>
				<time>2021-12-01T08:25:17Z</time>
			</trkpt>
			<trkpt lat="37.294775" lon="-104.891506">
				<ele>2375.984474</ele>
				<time>2021-12-01T08:25:23Z</time>
			</trkpt>
			<trkpt lat="37.294758" lon="-104.891182">
				<ele>2374.618422</ele>
				<time>2021-12-01T08:25:31Z</time>
			</trkpt>
			<trkpt lat="37.294708" lon="-104.890989">
				<ele>2373.764487</ele>
				<time>2021-12-01T08:25:35Z</time>
			</trkpt>
			<trkpt lat="37.294619" lon="-104.890801">
				<ele>2372.844108</ele>
				<time>2021-12-01T08:25:40Z</time>
			</trkpt>
			<trkpt lat="37.29441" lon="-104.89057">
				<ele>2371.372342</ele>
				<time>2021-12-01T08:25:48Z</time>
			</trkpt>
			<trkpt lat="37.293977" lon="-104.889879">
				<ele>2367.687016</ele>
				<time>2021-12-01T08:26:08Z</time>
			</trkpt>
			<trkpt lat="37.293839" lon="-104.888761">
				<ele>2363.626662</ele>
				<time>2021-12-01T08:26:34Z</time>
			</trkpt>
			<trkpt lat="37.294068" lon="-104.888016">
				<ele>2360.760323</ele>
				<time>2021-12-01T08:26:53Z</time>
			</trkpt>
			<trkpt lat="37.294686" lon="-104.886812">
				<ele>2356.109771</ele>
				<time>2021-12-01T08:27:27Z</time>
			</trkpt>
			<trkpt lat="37.294932" lon="-104.885704">
				<ele>2352.50033</ele>
				<time>2021-12-01T08:27:54Z</time>
			</trkpt>
			<trkpt lat="37.294977" lon="-104.885239">
				<ele>2351.512375</ele>
				<time>2021-12-01T08:28:06Z</time>
			</trkpt>
			<trkpt lat="37.295238" lon="-104.884839">
				<ele>2350.421264</ele>
				<time>2021-12-01T08:28:18Z</time>
			</trkpt>
			<trkpt lat="37.295888" lon="-104.884593">
				<ele>2348.621588</ele>
				<time>2021-12-01T08:28:40Z</time>
			</trkpt>
			<trkpt lat="37.296027" lon="-104.884073">
				<ele>2347.522496</ele>
				<time>2021-12-01T08:28:55Z</time>
			</trkpt>
			<trkpt lat="37.29592" lon="-104.88299">
				<ele>2345.662922</ele>
				<time>2021-12-01T08:29:23Z</time>
			</trkpt>
			<trkpt lat="37.29598" lon="-104.881824">
				<ele>2343.599775</ele>
				<time>2021-12-01T08:29:53Z</time>
			</trkpt>
			<trkpt lat="37.295514" lon="-104.879113">
				<ele>2337.411857</ele>
				<time>2021-12-01T08:31:02Z</time>
			</trkpt>
			<trkpt lat="37.295649" lon="-104.878491">
				<ele>2335.936707</ele>
				<time>2021-12-01T08:31:18Z</time>
			</trkpt>
			<trkpt lat="37.296231" lon="-104.876725">
				<ele>2331.527845</ele>
				<time>2021-12-01T08:32:05Z</time>
			</trkpt>
			<trkpt lat="37.29633" lon="-104.875634">
				<ele>2328.97468</ele>
				<time>2021-12-01T08:32:32Z</time>
			</trkpt>
			<trkpt lat="37.29615" lon="-104.874796">
				<ele>2326.95045</ele>
				<time>2021-12-01T08:32:54Z</time>
			</trkpt>
			<trkpt lat="37.296288" lon="-104.872746">
				<ele>2322.357389</ele>
				<time>2021-12-01T08:33:45Z</time>
			</trkpt>
			<trkpt lat="37.296314" lon="-104.872047">
				<ele>2321.048732</ele>
				<time>2021-12-01T08:34:02Z</time>
			</trkpt>
			<trkpt lat="37.296917" lon="-104.870844">
				<ele>2318.501125</ele>
				<time>2021-12-01T08:34:39Z</time>
			</trkpt>
			<trkpt lat="37.296923" lon="-104.869608">
				<ele>2316.631892</ele>
				<time>2021-12-01T08:35:11Z</time>
			</trkpt>
			<trkpt lat="37.29718" lon="-104.86687">
				<ele>2312.056417</ele>
				<time>2021-12-01T08:36:23Z</time>
			</trkpt>
			<trkpt lat="37.297021" lon="-104.864893">
				<ele>2307.686491</ele>
				<time>2021-12-01T08:37:12Z</time>
			</trkpt>
			<trkpt lat="37.296747" lon="-104.863259">
				<ele>2304.335026</ele>
				<time>2021-12-01T08:37:53Z</time>
			</trkpt>
			<trkpt lat="37.29645" lon="-104.862198">
				<ele>2302.255748</ele>
				<time>2021-12-01T08:38:22Z</time>
			</trkpt>
			<trkpt lat="37.296656" lon="-104.860565">
				<ele>2301.446398</ele>
				<time>2021-12-01T08:39:09Z</time>
			</trkpt>
			<trkpt lat="37.296748" lon="-104.860479">
				<ele>2301.375851</ele>
				<time>2021-12-01T08:39:13Z</time>
			</trkpt>
			<trkpt lat="37.296621" lon="-104.859763">
				<ele>2300.703507</ele>
				<time>2021-12-01T08:39:35Z</time>
			</trkpt>
			<trkpt lat="37.29652" lon="-104.859189">
				<ele>2299.826503</ele>
				<time>2021-12-01T08:39:52Z</time>
			</trkpt>
			<trkpt lat="37.296176" lon="-104.858559">
				<ele>2298.686554</ele>
				<time>2021-12-01T08:40:11Z</time>
			</trkpt>
			<trkpt lat="37.295192" lon="-104.857211">
				<ele>2294.612004</ele>
				<time>2021-12-01T08:40:55Z</time>
			</trkpt>
			<trkpt lat="37.294986" lon="-104.856523">
				<ele>2292.713321</ele>
				<time>2021-12-01T08:41:13Z</time>
			</trkpt>
			<trkpt lat="37.294918" lon="-104.855004">
				<ele>2289.405415</ele>
				<time>2021-12-01T08:41:52Z</time>
			</trkpt>
			<trkpt lat="37.294781" lon="-104.854517">
				<ele>2288.332598</ele>
				<time>2021-12-01T08:42:05Z</time>
			</trkpt>
			<trkpt lat="37.294507" lon="-104.854144">
				<ele>2287.278167</ele>
				<time>2021-12-01T08:42:18Z</time>
			</trkpt>
			<trkpt lat="37.2943" lon="-104.854058">
				<ele>2286.633937</ele>
				<time>2021-12-01T08:42:24Z</time>
			</trkpt>
			<trkpt lat="37.294232" lon="-104.853858">
				<ele>2286.120826</ele>
				<time>2021-12-01T08:42:30Z</time>
			</trkpt>
			<trkpt lat="37.293751" lon="-104.853283">
				<ele>2284.152404</ele>
				<time>2021-12-01T08:42:50Z</time>
			</trkpt>
			<trkpt lat="37.293614" lon="-104.852853">
				<ele>2283.059643</ele>
				<time>2021-12-01T08:43:01Z</time>
			</trkpt>
			<trkpt lat="37.293707" lon="-104.849214">
				<ele>2277.585849</ele>
				<time>2021-12-01T08:44:36Z</time>
			</trkpt>
			<trkpt lat="37.293181" lon="-104.846778">
				<ele>2274.510842</ele>
				<time>2021-12-01T08:45:46Z</time>
			</trkpt>
			<trkpt lat="37.292586" lon="-104.845861">
				<ele>2272.695145</ele>
				<time>2021-12-01T08:46:16Z</time>
			</trkpt>
			<trkpt lat="37.29238" lon="-104.845173">
				<ele>2270.595843</ele>
				<time>2021-12-01T08:46:33Z</time>
			</trkpt>
			<trkpt lat="37.292197" lon="-104.844829">
				<ele>2269.414068</ele>
				<time>2021-12-01T08:46:43Z</time>
			</trkpt>
			<trkpt lat="37.291327" lon="-104.843826">
				<ele>2265.127379</ele>
				<time>2021-12-01T08:47:19Z</time>
			</trkpt>
			<trkpt lat="37.290961" lon="-104.84308">
				<ele>2262.530477</ele>
				<time>2021-12-01T08:47:39Z</time>
			</trkpt>
			<trkpt lat="37.290664" lon="-104.842013">
				<ele>2259.233385</ele>
				<time>2021-12-01T08:48:07Z</time>
			</trkpt>
			<trkpt lat="37.290594" lon="-104.840874">
				<ele>2256.141935</ele>
				<time>2021-12-01T08:48:34Z</time>
			</trkpt>
			<trkpt lat="37.290367" lon="-104.838266">
				<ele>2249.797059</ele>
				<time>2021-12-01T08:49:38Z</time>
			</trkpt>
			<trkpt lat="37.290573" lon="-104.836289">
				<ele>2246.512635</ele>
				<time>2021-12-01T08:50:30Z</time>
			</trkpt>
			<trkpt lat="37.290619" lon="-104.834484">
				<ele>2244.665272</ele>
				<time>2021-12-01T08:51:19Z</time>
			</trkpt>
			<trkpt lat="37.290574" lon="-104.833509">
				<ele>2243.98063</ele>
				<time>2021-12-01T08:51:46Z</time>
			</trkpt>
			<trkpt lat="37.290414" lon="-104.832535">
				<ele>2243.660033</ele>
				<time>2021-12-01T08:52:17Z</time>
			</trkpt>
			<trkpt lat="37.289864" lon="-104.830901">
				<ele>2243.021142</ele>
				<time>2021-12-01T08:53:09Z</time>
			</trkpt>
			<trkpt lat="37.289747" lon="-104.828694">
				<ele>2239.087333</ele>
				<time>2021-12-01T08:54:04Z</time>
			</trkpt>
			<trkpt lat="37.289742" lon="-104.828443">
				<ele>2238.822084</ele>
				<time>2021-12-01T08:54:10Z</time>
			</trkpt>
			<trkpt lat="37.289773" lon="-104.828006">
				<ele>2238.358589</ele>
				<time>2021-12-01T08:54:21Z</time>
			</trkpt>
			<trkpt lat="37.289476" lon="-104.827949">
				<ele>2237.959637</ele>
				<time>2021-12-01T08:54:31Z</time>
			</trkpt>
			<trkpt lat="37.289257" lon="-104.827864">
				<ele>2237.655283</ele>
				<time>2021-12-01T08:54:36Z</time>
			</trkpt>
			<trkpt lat="37.289093" lon="-104.827745">
				<ele>2237.403827</ele>
				<time>2021-12-01T08:54:42Z</time>
			</trkpt>
			<trkpt lat="37.288913" lon="-104.827659">
				<ele>2237.148124</ele>
				<time>2021-12-01T08:54:50Z</time>
			</trkpt>
			<trkpt lat="37.288814" lon="-104.827642">
				<ele>2237.015442</ele>
				<time>2021-12-01T08:54:53Z</time>
			</trkpt>
			<trkpt lat="37.288621" lon="-104.827743">
				<ele>2236.996096</ele>
				<time>2021-12-01T08:55:02Z</time>
			</trkpt>
			<trkpt lat="37.288422" lon="-104.827957">
				<ele>2237.32748</ele>
				<time>2021-12-01T08:55:12Z</time>
			</trkpt>
			<trkpt lat="37.288154" lon="-104.828337">
				<ele>2237.838691</ele>
				<time>2021-12-01T08:55:31Z</time>
			</trkpt>
			<trkpt lat="37.287978" lon="-104.828539">
				<ele>2238.140266</ele>
				<time>2021-12-01T08:55:42Z</time>
			</trkpt>
			<trkpt lat="37.287766" lon="-104.828734">
				<ele>2238.472674</ele>
				<time>2021-12-01T08:55:54Z</time>
			</trkpt>
			<trkpt lat="37.287249" lon="-104.82914">
				<ele>2239.266225</ele>
				<time>2021-12-01T08:56:21Z</time>
			</trkpt>
			<trkpt lat="37.286845" lon="-104.829637">
				<ele>2240.143342</ele>
				<time>2021-12-01T08:56:46Z</time>
			</trkpt>
			<trkpt lat="37.286608" lon="-104.82988">
				<ele>2240.617899</ele>
				<time>2021-12-01T08:56:59Z</time>
			</trkpt>
			<trkpt lat="37.285047" lon="-104.831354">
				<ele>2243.821072</ele>
				<time>2021-12-01T08:58:28Z</time>
			</trkpt>
			<trkpt lat="37.284852" lon="-104.831488">
				<ele>2244.200933</ele>
				<time>2021-12-01T08:58:38Z</time>
			</trkpt>
			<trkpt lat="37.284566" lon="-104.831622">
				<ele>2244.72263</ele>
				<time>2021-12-01T08:58:52Z</time>
			</trkpt>
			<trkpt lat="37.284302" lon="-104.831787">
				<ele>2245.248923</ele>
				<time>2021-12-01T08:59:06Z</time>
			</trkpt>
			<trkpt lat="37.283392" lon="-104.832659">
				<ele>2247.407535</ele>
				<time>2021-12-01T08:59:58Z</time>
			</trkpt>
			<trkpt lat="37.282832" lon="-104.833088">
				<ele>2248.63144</ele>
				<time>2021-12-01T09:00:29Z</time>
			</trkpt>
			<trkpt lat="37.282562" lon="-104.83337">
				<ele>2249.257282</ele>
				<time>2021-12-01T09:00:46Z</time>
			</trkpt>
			<trkpt lat="37.28204" lon="-104.834032">
				<ele>2250.579286</ele>
				<time>2021-12-01T09:01:20Z</time>
			</trkpt>
			<trkpt lat="37.281876" lon="-104.834194">
				<ele>2250.951146</ele>
				<time>2021-12-01T09:01:30Z</time>
			</trkpt>
			<trkpt lat="37.281667" lon="-104.834295">
				<ele>2251.350326</ele>
				<time>2021-12-01T09:01:40Z</time>
			</trkpt>
			<trkpt lat="37.2815" lon="-104.83434">
				<ele>2251.654434</ele>
				<time>2021-12-01T09:01:47Z</time>
			</trkpt>
			<trkpt lat="37.280931" lon="-104.8344">
				<ele>2252.663866</ele>
				<time>2021-12-01T09:02:13Z</time>
			</trkpt>
			<trkpt lat="37.28035" lon="-104.834738">
				<ele>2253.795679</ele>
				<time>2021-12-01T09:02:42Z</time>
			</trkpt>
			<trkpt lat="37.27801" lon="-104.835817">
				<ele>2258.955768</ele>
				<time>2021-12-01T09:04:40Z</time>
			</trkpt>
			<trkpt lat="37.277722" lon="-104.835983">
				<ele>2259.830507</ele>
				<time>2021-12-01T09:04:56Z</time>
			</trkpt>
			<trkpt lat="37.27751" lon="-104.836223">
				<ele>2260.61824</ele>
				<time>2021-12-01T09:05:10Z</time>
			</trkpt>
			<trkpt lat="37.277409" lon="-104.836395">
				<ele>2261.087834</ele>
				<time>2021-12-01T09:05:19Z</time>
			</trkpt>
			<trkpt lat="37.277274" lon="-104.83671">
				<ele>2261.873807</ele>
				<time>2021-12-01T09:05:33Z</time>
			</trkpt>
			<trkpt lat="37.277156" lon="-104.837097">
				<ele>2262.784242</ele>
				<time>2021-12-01T09:05:50Z</time>
			</trkpt>
			<trkpt lat="37.277028" lon="-104.83784">
				<ele>2265.48255</ele>
				<time>2021-12-01T09:06:22Z</time>
			</trkpt>
			<trkpt lat="37.276938" lon="-104.839002">
				<ele>2270.991856</ele>
				<time>2021-12-01T09:07:23Z</time>
			</trkpt>
			<trkpt lat="37.276848" lon="-104.839223">
				<ele>2272.163386</ele>
				<time>2021-12-01T09:07:38Z</time>
			</trkpt>
			<trkpt lat="37.276739" lon="-104.839357">
				<ele>2273.067655</ele>
				<time>2021-12-01T09:07:51Z</time>
			</trkpt>
			<trkpt lat="37.276554" lon="-104.839465">
				<ele>2274.277576</ele>
				<time>2021-12-01T09:08:08Z</time>
			</trkpt>
			<trkpt lat="37.276452" lon="-104.839491">
				<ele>2274.897176</ele>
				<time>2021-12-01T09:08:16Z</time>
			</trkpt>
			<trkpt lat="37.275424" lon="-104.839492">
				<ele>2281.017158</ele>
				<time>2021-12-01T09:09:31Z</time>
			</trkpt>
			<trkpt lat="37.275279" lon="-104.839545">
				<ele>2281.916156</ele>
				<time>2021-12-01T09:09:42Z</time>
			</trkpt>
			<trkpt lat="37.27522" lon="-104.839604">
				<ele>2282.365033</ele>
				<time>2021-12-01T09:09:46Z</time>
			</trkpt>
			<trkpt lat="37.275157" lon="-104.839748">
				<ele>2283.143503</ele>
				<time>2021-12-01T09:09:54Z</time>
			</trkpt>
			<trkpt lat="37.27471" lon="-104.841459">
				<ele>2286.255366</ele>
				<time>2021-12-01T09:11:01Z</time>
			</trkpt>
			<trkpt lat="37.27433" lon="-104.843358">
				<ele>2287.565014</ele>
				<time>2021-12-01T09:11:56Z</time>
			</trkpt>
			<trkpt lat="37.274156" lon="-104.843889">
				<ele>2287.837437</ele>
				<time>2021-12-01T09:12:16Z</time>
			</trkpt>
			<trkpt lat="37.274009" lon="-104.844123">
				<ele>2287.978868</ele>
				<time>2021-12-01T09:12:27Z</time>
			</trkpt>
			<trkpt lat="37.273925" lon="-104.844178">
				<ele>2288.035335</ele>
				<time>2021-12-01T09:12:31Z</time>
			</trkpt>
			<trkpt lat="37.273843" lon="-104.844189">
				<ele>2288.084498</ele>
				<time>2021-12-01T09:12:35Z</time>
			</trkpt>
			<trkpt lat="37.272588" lon="-104.844119">
				<ele>2291.722793</ele>
				<time>2021-12-01T09:13:38Z</time>
			</trkpt>
			<trkpt lat="37.272357" lon="-104.844127">
				<ele>2292.407454</ele>
				<time>2021-12-01T09:13:51Z</time>
			</trkpt>
			<trkpt lat="37.272046" lon="-104.84423">
				<ele>2293.360342</ele>
				<time>2021-12-01T09:14:10Z</time>
			</trkpt>
			<trkpt lat="37.271467" lon="-104.844345">
				<ele>2294.734193</ele>
				<time>2021-12-01T09:14:43Z</time>
			</trkpt>
			<trkpt lat="37.271279" lon="-104.84442">
				<ele>2295.19103</ele>
				<time>2021-12-01T09:14:54Z</time>
			</trkpt>
			<trkpt lat="37.270389" lon="-104.845149">
				<ele>2297.587031</ele>
				<time>2021-12-01T09:15:42Z</time>
			</trkpt>
			<trkpt lat="37.269838" lon="-104.84546">
				<ele>2297.223613</ele>
				<time>2021-12-01T09:16:03Z</time>
			</trkpt>
			<trkpt lat="37.269543" lon="-104.845795">
				<ele>2296.984386</ele>
				<time>2021-12-01T09:16:17Z</time>
			</trkpt>
			<trkpt lat="37.269126" lon="-104.846415">
				<ele>2296.595711</ele>
				<time>2021-12-01T09:16:38Z</time>
			</trkpt>
			<trkpt lat="37.269014" lon="-104.846545">
				<ele>2296.558802</ele>
				<time>2021-12-01T09:16:44Z</time>
			</trkpt>
			<trkpt lat="37.268749" lon="-104.84679">
				<ele>2297.125239</ele>
				<time>2021-12-01T09:16:56Z</time>
			</trkpt>
			<trkpt lat="37.268209" lon="-104.847141">
				<ele>2298.171981</ele>
				<time>2021-12-01T09:17:22Z</time>
			</trkpt>
			<trkpt lat="37.268051" lon="-104.847211">
				<ele>2298.460424</ele>
				<time>2021-12-01T09:17:30Z</time>
			</trkpt>
			<trkpt lat="37.267702" lon="-104.847293">
				<ele>2299.071713</ele>
				<time>2021-12-01T09:17:48Z</time>
			</trkpt>
			<trkpt lat="37.267339" lon="-104.847541">
				<ele>2300.078886</ele>
				<time>2021-12-01T09:18:11Z</time>
			</trkpt>
			<trkpt lat="37.267022" lon="-104.847802">
				<ele>2301.87899</ele>
				<time>2021-12-01T09:18:34Z</time>
			</trkpt>
			<trkpt lat="37.266092" lon="-104.848419">
				<ele>2306.874161</ele>
				<time>2021-12-01T09:19:40Z</time>
			</trkpt>
			<trkpt lat="37.265613" lon="-104.848809">
				<ele>2309.636661</ele>
				<time>2021-12-01T09:20:15Z</time>
			</trkpt>
			<trkpt lat="37.265155" lon="-104.848998">
				<ele>2312.008987</ele>
				<time>2021-12-01T09:20:45Z</time>
			</trkpt>
			<trkpt lat="37.264973" lon="-104.849216">
				<ele>2313.246382</ele>
				<time>2021-12-01T09:21:01Z</time>
			</trkpt>
			<trkpt lat="37.2648" lon="-104.849361">
				<ele>2314.269765</ele>
				<time>2021-12-01T09:21:14Z</time>
			</trkpt>
			<trkpt lat="37.264529" lon="-104.849486">
				<ele>2315.690415</ele>
				<time>2021-12-01T09:21:32Z</time>
			</trkpt>
			<trkpt lat="37.264066" lon="-104.849576">
				<ele>2317.930121</ele>
				<time>2021-12-01T09:22:00Z</time>
			</trkpt>
			<trkpt lat="37.263941" lon="-104.849623">
				<ele>2318.529332</ele>
				<time>2021-12-01T09:22:08Z</time>
			</trkpt>
			<trkpt lat="37.263269" lon="-104.850045">
				<ele>2321.97944</ele>
				<time>2021-12-01T09:22:52Z</time>
			</trkpt>
			<trkpt lat="37.263167" lon="-104.85014">
				<ele>2322.562529</ele>
				<time>2021-12-01T09:23:00Z</time>
			</trkpt>
			<trkpt lat="37.262869" lon="-104.850528">
				<ele>2324.533329</ele>
				<time>2021-12-01T09:23:25Z</time>
			</trkpt>
			<trkpt lat="37.262613" lon="-104.850779">
				<ele>2326.325504</ele>
				<time>2021-12-01T09:23:45Z</time>
			</trkpt>
			<trkpt lat="37.262378" lon="-104.850901">
				<ele>2327.958695</ele>
				<time>2021-12-01T09:24:01Z</time>
			</trkpt>
			<trkpt lat="37.262063" lon="-104.851016">
				<ele>2330.065643</ele>
				<time>2021-12-01T09:24:22Z</time>
			</trkpt>
			<trkpt lat="37.26182" lon="-104.851219">
				<ele>2331.939948</ele>
				<time>2021-12-01T09:24:42Z</time>
			</trkpt>
			<trkpt lat="37.261674" lon="-104.851377">
				<ele>2333.177601</ele>
				<time>2021-12-01T09:24:56Z</time>
			</trkpt>
			<trkpt lat="37.26154" lon="-104.851625">
				<ele>2334.709936</ele>
				<time>2021-12-01T09:25:13Z</time>
			</trkpt>
			<trkpt lat="37.261495" lon="-104.851768">
				<ele>2335.496021</ele>
				<time>2021-12-01T09:25:22Z</time>
			</trkpt>
			<trkpt lat="37.261438" lon="-104.852189">
				<ele>2338.036699</ele>
				<time>2021-12-01T09:25:49Z</time>
			</trkpt>
			<trkpt lat="37.2614" lon="-104.85233">
				<ele>2339.115391</ele>
				<time>2021-12-01T09:25:59Z</time>
			</trkpt>
			<trkpt lat="37.261324" lon="-104.852503">
				<ele>2340.547262</ele>
				<time>2021-12-01T09:26:12Z</time>
			</trkpt>
			<trkpt lat="37.26105" lon="-104.852932">
				<ele>2344.533065</ele>
				<time>2021-12-01T09:26:49Z</time>
			</trkpt>
			<trkpt lat="37.260921" lon="-104.852978">
				<ele>2345.753934</ele>
				<time>2021-12-01T09:27:01Z</time>
			</trkpt>
			<trkpt lat="37.260842" lon="-104.852975">
				<ele>2346.47352</ele>
				<time>2021-12-01T09:27:08Z</time>
			</trkpt>
			<trkpt lat="37.260605" lon="-104.852859">
				<ele>2348.789234</ele>
				<time>2021-12-01T09:27:30Z</time>
			</trkpt>
			<trkpt lat="37.260529" lon="-104.852845">
				<ele>2349.488576</ele>
				<time>2021-12-01T09:27:37Z</time>
			</trkpt>
			<trkpt lat="37.260451" lon="-104.852871">
				<ele>2350.223296</ele>
				<time>2021-12-01T09:27:44Z</time>
			</trkpt>
			<trkpt lat="37.260377" lon="-104.852929">
				<ele>2351.017372</ele>
				<time>2021-12-01T09:27:51Z</time>
			</trkpt>
			<trkpt lat="37.260318" lon="-104.85303">
				<ele>2351.925216</ele>
				<time>2021-12-01T09:27:59Z</time>
			</trkpt>
			<trkpt lat="37.260207" lon="-104.853348">
				<ele>2353.930906</ele>
				<time>2021-12-01T09:28:22Z</time>
			</trkpt>
			<trkpt lat="37.26008" lon="-104.85346">
				<ele>2354.763443</ele>
				<time>2021-12-01T09:28:34Z</time>
			</trkpt>
			<trkpt lat="37.259904" lon="-104.853492">
				<ele>2355.71763</ele>
				<time>2021-12-01T09:28:47Z</time>
			</trkpt>
			<trkpt lat="37.259832" lon="-104.853468">
				<ele>2356.11732</ele>
				<time>2021-12-01T09:28:52Z</time>
			</trkpt>
			<trkpt lat="37.259732" lon="-104.853302">
				<ele>2357.006388</ele>
				<time>2021-12-01T09:29:04Z</time>
			</trkpt>
			<trkpt lat="37.259628" lon="-104.852804">
				<ele>2359.205091</ele>
				<time>2021-12-01T09:29:31Z</time>
			</trkpt>
			<trkpt lat="37.259591" lon="-104.852716">
				<ele>2359.630111</ele>
				<time>2021-12-01T09:29:36Z</time>
			</trkpt>
			<trkpt lat="37.259418" lon="-104.852564">
				<ele>2360.762811</ele>
				<time>2021-12-01T09:29:48Z</time>
			</trkpt>
			<trkpt lat="37.259292" lon="-104.852387">
				<ele>2361.776926</ele>
				<time>2021-12-01T09:29:57Z</time>
			</trkpt>
			<trkpt lat="37.259241" lon="-104.852159">
				<ele>2362.788329</ele>
				<time>2021-12-01T09:30:06Z</time>
			</trkpt>
			<trkpt lat="37.259238" lon="-104.851825">
				<ele>2362.724176</ele>
				<time>2021-12-01T09:30:17Z</time>
			</trkpt>
			<trkpt lat="37.259212" lon="-104.85165">
				<ele>2362.65459</ele>
				<time>2021-12-01T09:30:23Z</time>
			</trkpt>
			<trkpt lat="37.259103" lon="-104.851324">
				<ele>2362.516374</ele>
				<time>2021-12-01T09:30:33Z</time>
			</trkpt>
			<trkpt lat="37.258997" lon="-104.851231">
				<ele>2362.452879</ele>
				<time>2021-12-01T09:30:38Z</time>
			</trkpt>
			<trkpt lat="37.258907" lon="-104.851291">
				<ele>2362.402842</ele>
				<time>2021-12-01T09:30:41Z</time>
			</trkpt>
			<trkpt lat="37.258864" lon="-104.851517">
				<ele>2362.312012</ele>
				<time>2021-12-01T09:30:48Z</time>
			</trkpt>
			<trkpt lat="37.258917" lon="-104.851992">
				<ele>2362.124526</ele>
				<time>2021-12-01T09:31:01Z</time>
			</trkpt>
			<trkpt lat="37.259042" lon="-104.852683">
				<ele>2360.863627</ele>
				<time>2021-12-01T09:31:19Z</time>
			</trkpt>
			<trkpt lat="37.259028" lon="-104.852995">
				<ele>2359.725439</ele>
				<time>2021-12-01T09:31:27Z</time>
			</trkpt>
			<trkpt lat="37.258937" lon="-104.853376">
				<ele>2358.276601</ele>
				<time>2021-12-01T09:31:36Z</time>
			</trkpt>
			<trkpt lat="37.258817" lon="-104.853496">
				<ele>2357.57475</ele>
				<time>2021-12-01T09:31:41Z</time>
			</trkpt>
			<trkpt lat="37.258732" lon="-104.853516">
				<ele>2357.179007</ele>
				<time>2021-12-01T09:31:43Z</time>
			</trkpt>
			<trkpt lat="37.258262" lon="-104.853529">
				<ele>2355.027656</ele>
				<time>2021-12-01T09:31:56Z</time>
			</trkpt>
			<trkpt lat="37.257841" lon="-104.853458">
				<ele>2352.73521</ele>
				<time>2021-12-01T09:32:08Z</time>
			</trkpt>
			<trkpt lat="37.257734" lon="-104.853487">
				<ele>2351.966087</ele>
				<time>2021-12-01T09:32:11Z</time>
			</trkpt>
			<trkpt lat="37.2577" lon="-104.853475">
				<ele>2351.717941</ele>
				<time>2021-12-01T09:32:12Z</time>
			</trkpt>
			<trkpt lat="37.257648" lon="-104.853376">
				<ele>2351.05459</ele>
				<time>2021-12-01T09:32:15Z</time>
			</trkpt>
			<trkpt lat="37.257645" lon="-104.853285">
				<ele>2350.545236</ele>
				<time>2021-12-01T09:32:17Z</time>
			</trkpt>
			<trkpt lat="37.257716" lon="-104.852976">
				<ele>2348.746587</ele>
				<time>2021-12-01T09:32:24Z</time>
			</trkpt>
			<trkpt lat="37.2577" lon="-104.852803">
				<ele>2347.772576</ele>
				<time>2021-12-01T09:32:27Z</time>
			</trkpt>
			<trkpt lat="37.25762" lon="-104.852722">
				<ele>2347.050651</ele>
				<time>2021-12-01T09:32:30Z</time>
			</trkpt>
			<trkpt lat="37.257559" lon="-104.852718">
				<ele>2346.621455</ele>
				<time>2021-12-01T09:32:32Z</time>
			</trkpt>
			<trkpt lat="37.257486" lon="-104.852733">
				<ele>2346.10171</ele>
				<time>2021-12-01T09:32:34Z</time>
			</trkpt>
			<trkpt lat="37.257351" lon="-104.852823">
				<ele>2345.027875</ele>
				<time>2021-12-01T09:32:38Z</time>
			</trkpt>
			<trkpt lat="37.25723" lon="-104.852954">
				<ele>2343.905569</ele>
				<time>2021-12-01T09:32:42Z</time>
			</trkpt>
			<trkpt lat="37.257166" lon="-104.853125">
				<ele>2342.848793</ele>
				<time>2021-12-01T09:32:46Z</time>
			</trkpt>
			<trkpt lat="37.257143" lon="-104.853402">
				<ele>2341.291255</ele>
				<time>2021-12-01T09:32:52Z</time>
			</trkpt>
			<trkpt lat="37.257198" lon="-104.853897">
				<ele>2338.573086</ele>
				<time>2021-12-01T09:33:03Z</time>
			</trkpt>
			<trkpt lat="37.257148" lon="-104.854099">
				<ele>2337.425044</ele>
				<time>2021-12-01T09:33:08Z</time>
			</trkpt>
			<trkpt lat="37.257088" lon="-104.854218">
				<ele>2336.660556</ele>
				<time>2021-12-01T09:33:11Z</time>
			</trkpt>
			<trkpt lat="37.256949" lon="-104.854364">
				<ele>2335.425214</ele>
				<time>2021-12-01T09:33:16Z</time>
			</trkpt>
			<trkpt lat="37.256632" lon="-104.854561">
				<ele>2333.013803</ele>
				<time>2021-12-01T09:33:25Z</time>
			</trkpt>
			<trkpt lat="37.256452" lon="-104.854624">
				<ele>2331.739746</ele>
				<time>2021-12-01T09:33:31Z</time>
			</trkpt>
			<trkpt lat="37.256204" lon="-104.854588">
				<ele>2330.037518</ele>
				<time>2021-12-01T09:33:37Z</time>
			</trkpt>
			<trkpt lat="37.256137" lon="-104.854601">
				<ele>2329.575265</ele>
				<time>2021-12-01T09:33:39Z</time>
			</trkpt>
			<trkpt lat="37.256028" lon="-104.85471">
				<ele>2328.714666</ele>
				<time>2021-12-01T09:33:43Z</time>
			</trkpt>
			<trkpt lat="37.255994" lon="-104.854806">
				<ele>2328.389943</ele>
				<time>2021-12-01T09:33:45Z</time>
			</trkpt>
			<trkpt lat="37.256009" lon="-104.855144">
				<ele>2327.343767</ele>
				<time>2021-12-01T09:33:53Z</time>
			</trkpt>
			<trkpt lat="37.255974" lon="-104.855328">
				<ele>2326.759122</ele>
				<time>2021-12-01T09:33:57Z</time>
			</trkpt>
			<trkpt lat="37.255874" lon="-104.855497">
				<ele>2326.108332</ele>
				<time>2021-12-01T09:34:02Z</time>
			</trkpt>
			<trkpt lat="37.255692" lon="-104.855718">
				<ele>2325.125572</ele>
				<time>2021-12-01T09:34:10Z</time>
			</trkpt>
			<trkpt lat="37.255317" lon="-104.856383">
				<ele>2322.606937</ele>
				<time>2021-12-01T09:34:30Z</time>
			</trkpt>
			<trkpt lat="37.255253" lon="-104.856543">
				<ele>2322.053541</ele>
				<time>2021-12-01T09:34:35Z</time>
			</trkpt>
			<trkpt lat="37.255207" lon="-104.856779">
				<ele>2321.800467</ele>
				<time>2021-12-01T09:34:41Z</time>
			</trkpt>
			<trkpt lat="37.255128" lon="-104.856895">
				<ele>2321.758429</ele>
				<time>2021-12-01T09:34:46Z</time>
			</trkpt>
			<trkpt lat="37.255049" lon="-104.856906">
				<ele>2321.730932</ele>
				<time>2021-12-01T09:34:49Z</time>
			</trkpt>
			<trkpt lat="37.254914" lon="-104.856831">
				<ele>2321.679866</ele>
				<time>2021-12-01T09:34:54Z</time>
			</trkpt>
			<trkpt lat="37.254759" lon="-104.856432">
				<ele>2321.55761</ele>
				<time>2021-12-01T09:35:07Z</time>
			</trkpt>
			<trkpt lat="37.254648" lon="-104.856243">
				<ele>2321.492933</ele>
				<time>2021-12-01T09:35:15Z</time>
			</trkpt>
			<trkpt lat="37.254387" lon="-104.856064">
				<ele>2321.390063</ele>
				<time>2021-12-01T09:35:26Z</time>
			</trkpt>
			<trkpt lat="37.253958" lon="-104.855825">
				<ele>2321.227713</ele>
				<time>2021-12-01T09:35:44Z</time>
			</trkpt>
			<trkpt lat="37.253701" lon="-104.855598">
				<ele>2320.658865</ele>
				<time>2021-12-01T09:35:55Z</time>
			</trkpt>
			<trkpt lat="37.253571" lon="-104.855375">
				<ele>2320.258115</ele>
				<time>2021-12-01T09:36:03Z</time>
			</trkpt>
			<trkpt lat="37.253308" lon="-104.85455">
				<ele>2318.96964</ele>
				<time>2021-12-01T09:36:26Z</time>
			</trkpt>
			<trkpt lat="37.25199" lon="-104.852543">
				<ele>2312.66465</ele>
				<time>2021-12-01T09:37:29Z</time>
			</trkpt>
			<trkpt lat="37.251572" lon="-104.852032">
				<ele>2310.576433</ele>
				<time>2021-12-01T09:37:47Z</time>
			</trkpt>
			<trkpt lat="37.251434" lon="-104.851655">
				<ele>2309.367129</ele>
				<time>2021-12-01T09:37:56Z</time>
			</trkpt>
			<trkpt lat="37.251277" lon="-104.851362">
				<ele>2308.337783</ele>
				<time>2021-12-01T09:38:05Z</time>
			</trkpt>
			<trkpt lat="37.251195" lon="-104.851263">
				<ele>2307.921398</ele>
				<time>2021-12-01T09:38:08Z</time>
			</trkpt>
			<trkpt lat="37.251075" lon="-104.851178">
				<ele>2307.417023</ele>
				<time>2021-12-01T09:38:12Z</time>
			</trkpt>
			<trkpt lat="37.250346" lon="-104.85083">
				<ele>2304.822499</ele>
				<time>2021-12-01T09:38:36Z</time>
			</trkpt>
			<trkpt lat="37.249971" lon="-104.850769">
				<ele>2304.14032</ele>
				<time>2021-12-01T09:38:48Z</time>
			</trkpt>
			<trkpt lat="37.249721" lon="-104.85079">
				<ele>2303.688293</ele>
				<time>2021-12-01T09:38:56Z</time>
			</trkpt>
			<trkpt lat="37.249384" lon="-104.850906">
				<ele>2303.057909</ele>
				<time>2021-12-01T09:39:07Z</time>
			</trkpt>
			<trkpt lat="37.249099" lon="-104.851048">
				<ele>2302.504783</ele>
				<time>2021-12-01T09:39:18Z</time>
			</trkpt>
			<trkpt lat="37.248419" lon="-104.851619">
				<ele>2302.146653</ele>
				<time>2021-12-01T09:39:48Z</time>
			</trkpt>
			<trkpt lat="37.247924" lon="-104.851905">
				<ele>2302.533831</ele>
				<time>2021-12-01T09:40:09Z</time>
			</trkpt>
			<trkpt lat="37.247718" lon="-104.851979">
				<ele>2302.686087</ele>
				<time>2021-12-01T09:40:18Z</time>
			</trkpt>
			<trkpt lat="37.247535" lon="-104.85194">
				<ele>2302.817988</ele>
				<time>2021-12-01T09:40:26Z</time>
			</trkpt>
			<trkpt lat="37.247418" lon="-104.851866">
				<ele>2302.911074</ele>
				<time>2021-12-01T09:40:32Z</time>
			</trkpt>
			<trkpt lat="37.246633" lon="-104.851167">
				<ele>2304.214224</ele>
				<time>2021-12-01T09:41:17Z</time>
			</trkpt>
			<trkpt lat="37.246198" lon="-104.850876">
				<ele>2305.010957</ele>
				<time>2021-12-01T09:41:40Z</time>
			</trkpt>
			<trkpt lat="37.246048" lon="-104.850715">
				<ele>2305.329913</ele>
				<time>2021-12-01T09:41:48Z</time>
			</trkpt>
			<trkpt lat="37.24594" lon="-104.850556">
				<ele>2305.598898</ele>
				<time>2021-12-01T09:41:56Z</time>
			</trkpt>
			<trkpt lat="37.245698" lon="-104.849689">
				<ele>2306.02232</ele>
				<time>2021-12-01T09:42:27Z</time>
			</trkpt>
			<trkpt lat="37.245531" lon="-104.849244">
				<ele>2306.026911</ele>
				<time>2021-12-01T09:42:43Z</time>
			</trkpt>
			<trkpt lat="37.245102" lon="-104.848097">
				<ele>2305.911048</ele>
				<time>2021-12-01T09:43:18Z</time>
			</trkpt>
			<trkpt lat="37.245046" lon="-104.84791">
				<ele>2305.641056</ele>
				<time>2021-12-01T09:43:24Z</time>
			</trkpt>
			<trkpt lat="37.244967" lon="-104.847406">
				<ele>2304.946895</ele>
				<time>2021-12-01T09:43:37Z</time>
			</trkpt>
			<trkpt lat="37.244858" lon="-104.846962">
				<ele>2304.319009</ele>
				<time>2021-12-01T09:43:50Z</time>
			</trkpt>
			<trkpt lat="37.244282" lon="-104.845144">
				<ele>2301.380216</ele>
				<time>2021-12-01T09:44:40Z</time>
			</trkpt>
			<trkpt lat="37.243717" lon="-104.843513">
				<ele>2298.125585</ele>
				<time>2021-12-01T09:45:26Z</time>
			</trkpt>
			<trkpt lat="37.243323" lon="-104.842542">
				<ele>2295.629317</ele>
				<time>2021-12-01T09:45:53Z</time>
			</trkpt>
			<trkpt lat="37.243097" lon="-104.84192">
				<ele>2294.061275</ele>
				<time>2021-12-01T09:46:10Z</time>
			</trkpt>
			<trkpt lat="37.242622" lon="-104.84119">
				<ele>2291.202357</ele>
				<time>2021-12-01T09:46:32Z</time>
			</trkpt>
			<trkpt lat="37.242042" lon="-104.840107">
				<ele>2287.244414</ele>
				<time>2021-12-01T09:47:03Z</time>
			</trkpt>
			<trkpt lat="37.241682" lon="-104.839334">
				<ele>2284.652624</ele>
				<time>2021-12-01T09:47:25Z</time>
			</trkpt>
			<trkpt lat="37.241415" lon="-104.838843">
				<ele>2282.932568</ele>
				<time>2021-12-01T09:47:39Z</time>
			</trkpt>
			<trkpt lat="37.241355" lon="-104.838742">
				<ele>2282.568022</ele>
				<time>2021-12-01T09:47:42Z</time>
			</trkpt>
			<trkpt lat="37.241001" lon="-104.838333">
				<ele>2280.820337</ele>
				<time>2021-12-01T09:47:56Z</time>
			</trkpt>
			<trkpt lat="37.240723" lon="-104.837964">
				<ele>2279.665854</ele>
				<time>2021-12-01T09:48:09Z</time>
			</trkpt>
			<trkpt lat="37.240456" lon="-104.837432">
				<ele>2278.277041</ele>
				<time>2021-12-01T09:48:25Z</time>
			</trkpt>
			<trkpt lat="37.240301" lon="-104.837273">
				<ele>2277.721921</ele>
				<time>2021-12-01T09:48:31Z</time>
			</trkpt>
			<trkpt lat="37.240164" lon="-104.837202">
				<ele>2277.310816</ele>
				<time>2021-12-01T09:48:36Z</time>
			</trkpt>
			<trkpt lat="37.239982" lon="-104.837136">
				<ele>2276.785339</ele>
				<time>2021-12-01T09:48:42Z</time>
			</trkpt>
			<trkpt lat="37.239499" lon="-104.837037">
				<ele>2275.489642</ele>
				<time>2021-12-01T09:48:57Z</time>
			</trkpt>
			<trkpt lat="37.2393" lon="-104.836903">
				<ele>2275.009162</ele>
				<time>2021-12-01T09:49:04Z</time>
			</trkpt>
			<trkpt lat="37.23868" lon="-104.836275">
				<ele>2273.314283</ele>
				<time>2021-12-01T09:49:30Z</time>
			</trkpt>
			<trkpt lat="37.238518" lon="-104.83607">
				<ele>2272.824937</ele>
				<time>2021-12-01T09:49:38Z</time>
			</trkpt>
			<trkpt lat="37.238338" lon="-104.83591">
				<ele>2272.355689</ele>
				<time>2021-12-01T09:49:45Z</time>
			</trkpt>
			<trkpt lat="37.236589" lon="-104.834976">
				<ele>2268.521034</ele>
				<time>2021-12-01T09:50:47Z</time>
			</trkpt>
			<trkpt lat="37.236356" lon="-104.834808">
				<ele>2267.880418</ele>
				<time>2021-12-01T09:50:56Z</time>
			</trkpt>
			<trkpt lat="37.236074" lon="-104.834558">
				<ele>2266.936832</ele>
				<time>2021-12-01T09:51:07Z</time>
			</trkpt>
			<trkpt lat="37.235832" lon="-104.834286">
				<ele>2266.049073</ele>
				<time>2021-12-01T09:51:17Z</time>
			</trkpt>
			<trkpt lat="37.235644" lon="-104.834038">
				<ele>2265.303772</ele>
				<time>2021-12-01T09:51:26Z</time>
			</trkpt>
			<trkpt lat="37.235357" lon="-104.833565">
				<ele>2264.009415</ele>
				<time>2021-12-01T09:51:40Z</time>
			</trkpt>
			<trkpt lat="37.235222" lon="-104.83341">
				<ele>2263.509409</ele>
				<time>2021-12-01T09:51:46Z</time>
			</trkpt>
			<trkpt lat="37.235008" lon="-104.833316">
				<ele>2262.88313</ele>
				<time>2021-12-01T09:51:53Z</time>
			</trkpt>
			<trkpt lat="37.234691" lon="-104.833284">
				<ele>2262.001352</ele>
				<time>2021-12-01T09:52:02Z</time>
			</trkpt>
			<trkpt lat="37.234476" lon="-104.83323">
				<ele>2261.393422</ele>
				<time>2021-12-01T09:52:09Z</time>
			</trkpt>
			<trkpt lat="37.234216" lon="-104.83306">
				<ele>2260.580691</ele>
				<time>2021-12-01T09:52:18Z</time>
			</trkpt>
			<trkpt lat="37.233972" lon="-104.832853">
				<ele>2259.764287</ele>
				<time>2021-12-01T09:52:27Z</time>
			</trkpt>
			<trkpt lat="37.233881" lon="-104.83281">
				<ele>2259.494707</ele>
				<time>2021-12-01T09:52:30Z</time>
			</trkpt>
			<trkpt lat="37.233674" lon="-104.832756">
				<ele>2258.908511</ele>
				<time>2021-12-01T09:52:37Z</time>
			</trkpt>
			<trkpt lat="37.232571" lon="-104.832923">
				<ele>2256.751169</ele>
				<time>2021-12-01T09:53:14Z</time>
			</trkpt>
			<trkpt lat="37.23221" lon="-104.83295">
				<ele>2256.114018</ele>
				<time>2021-12-01T09:53:26Z</time>
			</trkpt>
			<trkpt lat="37.231482" lon="-104.832863">
				<ele>2254.727092</ele>
				<time>2021-12-01T09:53:50Z</time>
			</trkpt>
			<trkpt lat="37.23125" lon="-104.832875">
				<ele>2254.207731</ele>
				<time>2021-12-01T09:53:58Z</time>
			</trkpt>
			<trkpt lat="37.230315" lon="-104.833161">
				<ele>2252.055264</ele>
				<time>2021-12-01T09:54:29Z</time>
			</trkpt>
			<trkpt lat="37.229421" lon="-104.833617">
				<ele>2249.854425</ele>
				<time>2021-12-01T09:54:59Z</time>
			</trkpt>
			<trkpt lat="37.228346" lon="-104.833921">
				<ele>2247.307154</ele>
				<time>2021-12-01T09:55:35Z</time>
			</trkpt>
			<trkpt lat="37.228164" lon="-104.833997">
				<ele>2246.892159</ele>
				<time>2021-12-01T09:55:41Z</time>
			</trkpt>
			<trkpt lat="37.227291" lon="-104.834552">
				<ele>2245.068779</ele>
				<time>2021-12-01T09:56:13Z</time>
			</trkpt>
			<trkpt lat="37.226996" lon="-104.834712">
				<ele>2244.469976</ele>
				<time>2021-12-01T09:56:23Z</time>
			</trkpt>
			<trkpt lat="37.226492" lon="-104.834864">
				<ele>2243.510462</ele>
				<time>2021-12-01T09:56:40Z</time>
			</trkpt>
			<trkpt lat="37.226175" lon="-104.834997">
				<ele>2242.913415</ele>
				<time>2021-12-01T09:56:52Z</time>
			</trkpt>
			<trkpt lat="37.226046" lon="-104.835073">
				<ele>2242.658876</ele>
				<time>2021-12-01T09:56:56Z</time>
			</trkpt>
			<trkpt lat="37.225709" lon="-104.835403">
				<ele>2241.895495</ele>
				<time>2021-12-01T09:57:10Z</time>
			</trkpt>
			<trkpt lat="37.225607" lon="-104.835475">
				<ele>2241.686475</ele>
				<time>2021-12-01T09:57:14Z</time>
			</trkpt>
			<trkpt lat="37.225158" lon="-104.835698">
				<ele>2240.823946</ele>
				<time>2021-12-01T09:57:30Z</time>
			</trkpt>
			<trkpt lat="37.224942" lon="-104.835751">
				<ele>2240.428494</ele>
				<time>2021-12-01T09:57:37Z</time>
			</trkpt>
			<trkpt lat="37.224059" lon="-104.835778">
				<ele>2238.601328</ele>
				<time>2021-12-01T09:58:06Z</time>
			</trkpt>
			<trkpt lat="37.22391" lon="-104.835825">
				<ele>2238.283524</ele>
				<time>2021-12-01T09:58:11Z</time>
			</trkpt>
			<trkpt lat="37.223782" lon="-104.8359">
				<ele>2237.991333</ele>
				<time>2021-12-01T09:58:15Z</time>
			</trkpt>
			<trkpt lat="37.22338" lon="-104.836239">
				<ele>2236.989643</ele>
				<time>2021-12-01T09:58:31Z</time>
			</trkpt>
			<trkpt lat="37.22309" lon="-104.836442">
				<ele>2236.619116</ele>
				<time>2021-12-01T09:58:42Z</time>
			</trkpt>
			<trkpt lat="37.222825" lon="-104.836549">
				<ele>2236.475148</ele>
				<time>2021-12-01T09:58:51Z</time>
			</trkpt>
			<trkpt lat="37.222645" lon="-104.836595">
				<ele>2236.380144</ele>
				<time>2021-12-01T09:58:57Z</time>
			</trkpt>
			<trkpt lat="37.222261" lon="-104.836633">
				<ele>2236.180923</ele>
				<time>2021-12-01T09:59:11Z</time>
			</trkpt>
			<trkpt lat="37.222083" lon="-104.836698">
				<ele>2236.085048</ele>
				<time>2021-12-01T09:59:18Z</time>
			</trkpt>
			<trkpt lat="37.221941" lon="-104.836888">
				<ele>2235.977731</ele>
				<time>2021-12-01T09:59:26Z</time>
			</trkpt>
			<trkpt lat="37.221868" lon="-104.837163">
				<ele>2235.858346</ele>
				<time>2021-12-01T09:59:35Z</time>
			</trkpt>
			<trkpt lat="37.221897" lon="-104.837708">
				<ele>2236.040685</ele>
				<time>2021-12-01T09:59:54Z</time>
			</trkpt>
			<trkpt lat="37.221888" lon="-104.837987">
				<ele>2236.216781</ele>
				<time>2021-12-01T10:00:03Z</time>
			</trkpt>
			<trkpt lat="37.221863" lon="-104.838092">
				<ele>2236.285896</ele>
				<time>2021-12-01T10:00:07Z</time>
			</trkpt>
			<trkpt lat="37.221703" lon="-104.838391">
				<ele>2236.513083</ele>
				<time>2021-12-01T10:00:19Z</time>
			</trkpt>
			<trkpt lat="37.221478" lon="-104.838593">
				<ele>2236.732132</ele>
				<time>2021-12-01T10:00:32Z</time>
			</trkpt>
			<trkpt lat="37.221306" lon="-104.83864">
				<ele>2236.871539</ele>
				<time>2021-12-01T10:00:39Z</time>
			</trkpt>
			<trkpt lat="37.220813" lon="-104.838624">
				<ele>2237.147889</ele>
				<time>2021-12-01T10:00:59Z</time>
			</trkpt>
			<trkpt lat="37.220101" lon="-104.838898">
				<ele>2236.183084</ele>
				<time>2021-12-01T10:01:25Z</time>
			</trkpt>
			<trkpt lat="37.219749" lon="-104.838994">
				<ele>2235.716404</ele>
				<time>2021-12-01T10:01:36Z</time>
			</trkpt>
			<trkpt lat="37.219144" lon="-104.83906">
				<ele>2234.929617</ele>
				<time>2021-12-01T10:01:56Z</time>
			</trkpt>
			<trkpt lat="37.218806" lon="-104.839049">
				<ele>2234.505554</ele>
				<time>2021-12-01T10:02:07Z</time>
			</trkpt>
			<trkpt lat="37.21874" lon="-104.838724">
				<ele>2234.171714</ele>
				<time>2021-12-01T10:02:16Z</time>
			</trkpt>
			<trkpt lat="37.218374" lon="-104.837352">
				<ele>2232.731511</ele>
				<time>2021-12-01T10:02:55Z</time>
			</trkpt>
			<trkpt lat="37.218274" lon="-104.837098">
				<ele>2232.593186</ele>
				<time>2021-12-01T10:03:04Z</time>
			</trkpt>
			<trkpt lat="37.218212" lon="-104.837">
				<ele>2232.562415</ele>
				<time>2021-12-01T10:03:07Z</time>
			</trkpt>
			<trkpt lat="37.218131" lon="-104.836921">
				<ele>2232.530752</ele>
				<time>2021-12-01T10:03:11Z</time>
			</trkpt>
			<trkpt lat="37.217959" lon="-104.836837">
				<ele>2232.473777</ele>
				<time>2021-12-01T10:03:17Z</time>
			</trkpt>
			<trkpt lat="37.21739" lon="-104.836812">
				<ele>2232.298005</ele>
				<time>2021-12-01T10:03:38Z</time>
			</trkpt>
			<trkpt lat="37.217212" lon="-104.836768">
				<ele>2232.241997</ele>
				<time>2021-12-01T10:03:44Z</time>
			</trkpt>
			<trkpt lat="37.21687" lon="-104.836485">
				<ele>2232.11555</ele>
				<time>2021-12-01T10:03:59Z</time>
			</trkpt>
			<trkpt lat="37.216784" lon="-104.836379">
				<ele>2232.135577</ele>
				<time>2021-12-01T10:04:04Z</time>
			</trkpt>
			<trkpt lat="37.216665" lon="-104.836155">
				<ele>2232.635673</ele>
				<time>2021-12-01T10:04:12Z</time>
			</trkpt>
			<trkpt lat="37.216549" lon="-104.835843">
				<ele>2233.275172</ele>
				<time>2021-12-01T10:04:23Z</time>
			</trkpt>
			<trkpt lat="37.216519" lon="-104.835691">
				<ele>2233.566013</ele>
				<time>2021-12-01T10:04:29Z</time>
			</trkpt>
			<trkpt lat="37.216511" lon="-104.834528">
				<ele>2235.726062</ele>
				<time>2021-12-01T10:05:20Z</time>
			</trkpt>
			<trkpt lat="37.216435" lon="-104.834217">
				<ele>2236.298756</ele>
				<time>2021-12-01T10:05:34Z</time>
			</trkpt>
			<trkpt lat="37.216315" lon="-104.834004">
				<ele>2236.480935</ele>
				<time>2021-12-01T10:05:45Z</time>
			</trkpt>
			<trkpt lat="37.216101" lon="-104.833887">
				<ele>2236.68558</ele>
				<time>2021-12-01T10:05:57Z</time>
			</trkpt>
			<trkpt lat="37.215786" lon="-104.833826">
				<ele>2236.965033</ele>
				<time>2021-12-01T10:06:11Z</time>
			</trkpt>
			<trkpt lat="37.215426" lon="-104.833851">
				<ele>2237.281159</ele>
				<time>2021-12-01T10:06:26Z</time>
			</trkpt>
			<trkpt lat="37.214725" lon="-104.833999">
				<ele>2237.671418</ele>
				<time>2021-12-01T10:06:52Z</time>
			</trkpt>
			<trkpt lat="37.214526" lon="-104.833987">
				<ele>2236.991088</ele>
				<time>2021-12-01T10:06:58Z</time>
			</trkpt>
			<trkpt lat="37.214229" lon="-104.833833">
				<ele>2235.893821</ele>
				<time>2021-12-01T10:07:08Z</time>
			</trkpt>
			<trkpt lat="37.212853" lon="-104.832842">
				<ele>2230.800638</ele>
				<time>2021-12-01T10:07:55Z</time>
			</trkpt>
			<trkpt lat="37.212665" lon="-104.832649">
				<ele>2230.18821</ele>
				<time>2021-12-01T10:08:02Z</time>
			</trkpt>
			<trkpt lat="37.212546" lon="-104.832418">
				<ele>2229.63564</ele>
				<time>2021-12-01T10:08:09Z</time>
			</trkpt>
			<trkpt lat="37.212422" lon="-104.831365">
				<ele>2227.497684</ele>
				<time>2021-12-01T10:08:37Z</time>
			</trkpt>
			<trkpt lat="37.212283" lon="-104.830627">
				<ele>2226.111179</ele>
				<time>2021-12-01T10:08:57Z</time>
			</trkpt>
			<trkpt lat="37.212184" lon="-104.830301">
				<ele>2225.489952</ele>
				<time>2021-12-01T10:09:06Z</time>
			</trkpt>
			<trkpt lat="37.212138" lon="-104.830218">
				<ele>2225.309904</ele>
				<time>2021-12-01T10:09:09Z</time>
			</trkpt>
			<trkpt lat="37.211998" lon="-104.830082">
				<ele>2224.914163</ele>
				<time>2021-12-01T10:09:15Z</time>
			</trkpt>
			<trkpt lat="37.211789" lon="-104.830002">
				<ele>2224.425663</ele>
				<time>2021-12-01T10:09:22Z</time>
			</trkpt>
			<trkpt lat="37.211602" lon="-104.829986">
				<ele>2224.006609</ele>
				<time>2021-12-01T10:09:28Z</time>
			</trkpt>
			<trkpt lat="37.209791" lon="-104.830079">
				<ele>2218.520129</ele>
				<time>2021-12-01T10:10:24Z</time>
			</trkpt>
			<trkpt lat="37.209364" lon="-104.830147">
				<ele>2217.119145</ele>
				<time>2021-12-01T10:10:37Z</time>
			</trkpt>
			<trkpt lat="37.209133" lon="-104.830151">
				<ele>2216.343416</ele>
				<time>2021-12-01T10:10:43Z</time>
			</trkpt>
			<trkpt lat="37.208063" lon="-104.829959">
				<ele>2212.714049</ele>
				<time>2021-12-01T10:11:16Z</time>
			</trkpt>
			<trkpt lat="37.207708" lon="-104.829851">
				<ele>2211.487532</ele>
				<time>2021-12-01T10:11:28Z</time>
			</trkpt>
			<trkpt lat="37.207535" lon="-104.829705">
				<ele>2211.025196</ele>
				<time>2021-12-01T10:11:34Z</time>
			</trkpt>
			<trkpt lat="37.20711" lon="-104.829203">
				<ele>2209.981642</ele>
				<time>2021-12-01T10:11:53Z</time>
			</trkpt>
			<trkpt lat="37.207015" lon="-104.829072">
				<ele>2209.729285</ele>
				<time>2021-12-01T10:11:57Z</time>
			</trkpt>
			<trkpt lat="37.206905" lon="-104.828789">
				<ele>2209.280738</ele>
				<time>2021-12-01T10:12:06Z</time>
			</trkpt>
			<trkpt lat="37.206783" lon="-104.828643">
				<ele>2208.979319</ele>
				<time>2021-12-01T10:12:11Z</time>
			</trkpt>
			<trkpt lat="37.206544" lon="-104.828495">
				<ele>2208.502727</ele>
				<time>2021-12-01T10:12:21Z</time>
			</trkpt>
			<trkpt lat="37.205775" lon="-104.828338">
				<ele>2207.527134</ele>
				<time>2021-12-01T10:12:48Z</time>
			</trkpt>
			<trkpt lat="37.20571" lon="-104.828306">
				<ele>2207.456055</ele>
				<time>2021-12-01T10:12:50Z</time>
			</trkpt>
			<trkpt lat="37.2055" lon="-104.828114">
				<ele>2207.191585</ele>
				<time>2021-12-01T10:13:00Z</time>
			</trkpt>
			<trkpt lat="37.205085" lon="-104.827586">
				<ele>2206.590089</ele>
				<time>2021-12-01T10:13:20Z</time>
			</trkpt>
			<trkpt lat="37.20375" lon="-104.826163">
				<ele>2204.438123</ele>
				<time>2021-12-01T10:14:18Z</time>
			</trkpt>
			<trkpt lat="37.202462" lon="-104.824698">
				<ele>2203.924175</ele>
				<time>2021-12-01T10:15:22Z</time>
			</trkpt>
			<trkpt lat="37.202168" lon="-104.824364">
				<ele>2203.917233</ele>
				<time>2021-12-01T10:15:38Z</time>
			</trkpt>
			<trkpt lat="37.202042" lon="-104.824139">
				<ele>2203.915782</ele>
				<time>2021-12-01T10:15:47Z</time>
			</trkpt>
			<trkpt lat="37.201917" lon="-104.823975">
				<ele>2203.91513</ele>
				<time>2021-12-01T10:15:53Z</time>
			</trkpt>
			<trkpt lat="37.201836" lon="-104.823932">
				<ele>2203.914812</ele>
				<time>2021-12-01T10:15:57Z</time>
			</trkpt>
			<trkpt lat="37.20173" lon="-104.823918">
				<ele>2203.914427</ele>
				<time>2021-12-01T10:16:01Z</time>
			</trkpt>
			<trkpt lat="37.201634" lon="-104.823934">
				<ele>2203.914078</ele>
				<time>2021-12-01T10:16:05Z</time>
			</trkpt>
			<trkpt lat="37.201394" lon="-104.824056">
				<ele>2203.913143</ele>
				<time>2021-12-01T10:16:15Z</time>
			</trkpt>
			<trkpt lat="37.201058" lon="-104.824472">
				<ele>2203.91144</ele>
				<time>2021-12-01T10:16:33Z</time>
			</trkpt>
			<trkpt lat="37.200931" lon="-104.824509">
				<ele>2203.910969</ele>
				<time>2021-12-01T10:16:38Z</time>
			</trkpt>
			<trkpt lat="37.200802" lon="-104.824483">
				<ele>2203.910498</ele>
				<time>2021-12-01T10:16:43Z</time>
			</trkpt>
			<trkpt lat="37.200654" lon="-104.824354">
				<ele>2203.922003</ele>
				<time>2021-12-01T10:16:49Z</time>
			</trkpt>
			<trkpt lat="37.200195" lon="-104.823736">
				<ele>2204.397691</ele>
				<time>2021-12-01T10:17:12Z</time>
			</trkpt>
			<trkpt lat="37.199958" lon="-104.823544">
				<ele>2204.597042</ele>
				<time>2021-12-01T10:17:22Z</time>
			</trkpt>
			<trkpt lat="37.199495" lon="-104.822986">
				<ele>2205.050651</ele>
				<time>2021-12-01T10:17:51Z</time>
			</trkpt>
			<trkpt lat="37.199569" lon="-104.822554">
				<ele>2205.818691</ele>
				<time>2021-12-01T10:18:11Z</time>
			</trkpt>
			<trkpt lat="37.199404" lon="-104.822159">
				<ele>2207.172147</ele>
				<time>2021-12-01T10:18:31Z</time>
			</trkpt>
			<trkpt lat="37.199297" lon="-104.8218">
				<ele>2208.335305</ele>
				<time>2021-12-01T10:18:49Z</time>
			</trkpt>
			<trkpt lat="37.199243" lon="-104.821456">
				<ele>2209.399258</ele>
				<time>2021-12-01T10:19:06Z</time>
			</trkpt>
			<trkpt lat="37.199228" lon="-104.821032">
				<ele>2210.687163</ele>
				<time>2021-12-01T10:19:26Z</time>
			</trkpt>
			<trkpt lat="37.199181" lon="-104.820754">
				<ele>2211.549552</ele>
				<time>2021-12-01T10:19:39Z</time>
			</trkpt>
			<trkpt lat="37.198738" lon="-104.819411">
				<ele>2214.547956</ele>
				<time>2021-12-01T10:20:37Z</time>
			</trkpt>
			<trkpt lat="37.198701" lon="-104.81911">
				<ele>2215.139735</ele>
				<time>2021-12-01T10:20:48Z</time>
			</trkpt>
			<trkpt lat="37.198699" lon="-104.81876">
				<ele>2215.819817</ele>
				<time>2021-12-01T10:21:00Z</time>
			</trkpt>
			<trkpt lat="37.198752" lon="-104.818317">
				<ele>2216.720237</ele>
				<time>2021-12-01T10:21:17Z</time>
			</trkpt>
			<trkpt lat="37.198828" lon="-104.817911">
				<ele>2217.620825</ele>
				<time>2021-12-01T10:21:34Z</time>
			</trkpt>
			<trkpt lat="37.198909" lon="-104.817591">
				<ele>2218.345874</ele>
				<time>2021-12-01T10:21:47Z</time>
			</trkpt>
			<trkpt lat="37.198963" lon="-104.817469">
				<ele>2218.647258</ele>
				<time>2021-12-01T10:21:53Z</time>
			</trkpt>
			<trkpt lat="37.199045" lon="-104.817334">
				<ele>2219.013859</ele>
				<time>2021-12-01T10:22:01Z</time>
			</trkpt>
			<trkpt lat="37.199243" lon="-104.817093">
				<ele>2219.761481</ele>
				<time>2021-12-01T10:22:15Z</time>
			</trkpt>
			<trkpt lat="37.199975" lon="-104.816408">
				<ele>2221.637774</ele>
				<time>2021-12-01T10:23:02Z</time>
			</trkpt>
			<trkpt lat="37.200084" lon="-104.816186">
				<ele>2221.842103</ele>
				<time>2021-12-01T10:23:12Z</time>
			</trkpt>
			<trkpt lat="37.20011" lon="-104.816048">
				<ele>2221.95321</ele>
				<time>2021-12-01T10:23:18Z</time>
			</trkpt>
			<trkpt lat="37.200155" lon="-104.813667">
				<ele>2221.524072</ele>
				<time>2021-12-01T10:24:28Z</time>
			</trkpt>
			<trkpt lat="37.200237" lon="-104.813022">
				<ele>2220.47641</ele>
				<time>2021-12-01T10:24:44Z</time>
			</trkpt>
			<trkpt lat="37.200234" lon="-104.812732">
				<ele>2220.011217</ele>
				<time>2021-12-01T10:24:51Z</time>
			</trkpt>
			<trkpt lat="37.200156" lon="-104.812373">
				<ele>2219.391534</ele>
				<time>2021-12-01T10:25:00Z</time>
			</trkpt>
			<trkpt lat="37.199782" lon="-104.811464">
				<ele>2216.491451</ele>
				<time>2021-12-01T10:25:24Z</time>
			</trkpt>
			<trkpt lat="37.199489" lon="-104.809962">
				<ele>2212.997373</ele>
				<time>2021-12-01T10:26:01Z</time>
			</trkpt>
			<trkpt lat="37.199336" lon="-104.809599">
				<ele>2212.940189</ele>
				<time>2021-12-01T10:26:12Z</time>
			</trkpt>
			<trkpt lat="37.199062" lon="-104.809087">
				<ele>2212.854304</ele>
				<time>2021-12-01T10:26:30Z</time>
			</trkpt>
			<trkpt lat="37.198959" lon="-104.808721">
				<ele>2212.800256</ele>
				<time>2021-12-01T10:26:43Z</time>
			</trkpt>
			<trkpt lat="37.198894" lon="-104.808415">
				<ele>2212.75616</ele>
				<time>2021-12-01T10:26:54Z</time>
			</trkpt>
			<trkpt lat="37.198681" lon="-104.806729">
				<ele>2215.963246</ele>
				<time>2021-12-01T10:28:06Z</time>
			</trkpt>
			<trkpt lat="37.198681" lon="-104.806484">
				<ele>2216.487567</ele>
				<time>2021-12-01T10:28:17Z</time>
			</trkpt>
			<trkpt lat="37.19875" lon="-104.805537">
				<ele>2217.687041</ele>
				<time>2021-12-01T10:28:53Z</time>
			</trkpt>
			<trkpt lat="37.198792" lon="-104.80525">
				<ele>2217.768695</ele>
				<time>2021-12-01T10:29:02Z</time>
			</trkpt>
			<trkpt lat="37.198823" lon="-104.805157">
				<ele>2217.796906</ele>
				<time>2021-12-01T10:29:06Z</time>
			</trkpt>
			<trkpt lat="37.199247" lon="-104.804428">
				<ele>2218.04949</ele>
				<time>2021-12-01T10:29:32Z</time>
			</trkpt>
			<trkpt lat="37.199618" lon="-104.803922">
				<ele>2218.183912</ele>
				<time>2021-12-01T10:29:51Z</time>
			</trkpt>
			<trkpt lat="37.199948" lon="-104.803629">
				<ele>2218.156841</ele>
				<time>2021-12-01T10:30:05Z</time>
			</trkpt>
			<trkpt lat="37.20035" lon="-104.803382">
				<ele>2218.126865</ele>
				<time>2021-12-01T10:30:21Z</time>
			</trkpt>
			<trkpt lat="37.200862" lon="-104.803169">
				<ele>2218.090739</ele>
				<time>2021-12-01T10:30:41Z</time>
			</trkpt>
			<trkpt lat="37.201406" lon="-104.803026">
				<ele>2218.743559</ele>
				<time>2021-12-01T10:31:06Z</time>
			</trkpt>
			<trkpt lat="37.201837" lon="-104.803014">
				<ele>2219.751232</ele>
				<time>2021-12-01T10:31:26Z</time>
			</trkpt>
			<trkpt lat="37.202397" lon="-104.803134">
				<ele>2221.079112</ele>
				<time>2021-12-01T10:31:53Z</time>
			</trkpt>
			<trkpt lat="37.203038" lon="-104.803231">
				<ele>2223.111131</ele>
				<time>2021-12-01T10:32:27Z</time>
			</trkpt>
			<trkpt lat="37.203377" lon="-104.803316">
				<ele>2225.276283</ele>
				<time>2021-12-01T10:32:48Z</time>
			</trkpt>
			<trkpt lat="37.203552" lon="-104.80338">
				<ele>2226.417896</ele>
				<time>2021-12-01T10:33:00Z</time>
			</trkpt>
			<trkpt lat="37.203838" lon="-104.803539">
				<ele>2228.376929</ele>
				<time>2021-12-01T10:33:21Z</time>
			</trkpt>
			<trkpt lat="37.203937" lon="-104.803556">
				<ele>2229.002758</ele>
				<time>2021-12-01T10:33:28Z</time>
			</trkpt>
			<trkpt lat="37.204271" lon="-104.803535">
				<ele>2231.097288</ele>
				<time>2021-12-01T10:33:54Z</time>
			</trkpt>
			<trkpt lat="37.20446" lon="-104.803458">
				<ele>2232.341795</ele>
				<time>2021-12-01T10:34:10Z</time>
			</trkpt>
			<trkpt lat="37.204618" lon="-104.803231">
				<ele>2233.90561</ele>
				<time>2021-12-01T10:34:29Z</time>
			</trkpt>
			<trkpt lat="37.205293" lon="-104.801945">
				<ele>2243.106333</ele>
				<time>2021-12-01T10:36:06Z</time>
			</trkpt>
			<trkpt lat="37.206157" lon="-104.800803">
				<ele>2249.97236</ele>
				<time>2021-12-01T10:37:27Z</time>
			</trkpt>
			<trkpt lat="37.206474" lon="-104.800206">
				<ele>2252.27032</ele>
				<time>2021-12-01T10:37:57Z</time>
			</trkpt>
			<trkpt lat="37.206793" lon="-104.799516">
				<ele>2254.549212</ele>
				<time>2021-12-01T10:38:29Z</time>
			</trkpt>
			<trkpt lat="37.207259" lon="-104.798228">
				<ele>2256.844884</ele>
				<time>2021-12-01T10:39:26Z</time>
			</trkpt>
			<trkpt lat="37.207394" lon="-104.798013">
				<ele>2257.289164</ele>
				<time>2021-12-01T10:39:35Z</time>
			</trkpt>
			<trkpt lat="37.207569" lon="-104.797849">
				<ele>2257.734093</ele>
				<time>2021-12-01T10:39:45Z</time>
			</trkpt>
			<trkpt lat="37.207834" lon="-104.797752">
				<ele>2257.936559</ele>
				<time>2021-12-01T10:39:56Z</time>
			</trkpt>
			<trkpt lat="37.208916" lon="-104.797543">
				<ele>2257.97554</ele>
				<time>2021-12-01T10:40:36Z</time>
			</trkpt>
			<trkpt lat="37.20942" lon="-104.797491">
				<ele>2257.993547</ele>
				<time>2021-12-01T10:40:54Z</time>
			</trkpt>
			<trkpt lat="37.209694" lon="-104.797461">
				<ele>2258.392257</ele>
				<time>2021-12-01T10:41:04Z</time>
			</trkpt>
			<trkpt lat="37.209841" lon="-104.797354">
				<ele>2258.655812</ele>
				<time>2021-12-01T10:41:10Z</time>
			</trkpt>
			<trkpt lat="37.209892" lon="-104.797265">
				<ele>2258.791258</ele>
				<time>2021-12-01T10:41:14Z</time>
			</trkpt>
			<trkpt lat="37.210147" lon="-104.796633">
				<ele>2259.666462</ele>
				<time>2021-12-01T10:41:38Z</time>
			</trkpt>
			<trkpt lat="37.21017" lon="-104.796582">
				<ele>2259.738864</ele>
				<time>2021-12-01T10:41:41Z</time>
			</trkpt>
			<trkpt lat="37.210507" lon="-104.795834">
				<ele>2260.833164</ele>
				<time>2021-12-01T10:42:15Z</time>
			</trkpt>
			<trkpt lat="37.210745" lon="-104.795134">
				<ele>2263.644314</ele>
				<time>2021-12-01T10:42:49Z</time>
			</trkpt>
			<trkpt lat="37.210794" lon="-104.794609">
				<ele>2265.596635</ele>
				<time>2021-12-01T10:43:13Z</time>
			</trkpt>
			<trkpt lat="37.210806" lon="-104.793687">
				<ele>2269.002431</ele>
				<time>2021-12-01T10:44:01Z</time>
			</trkpt>
			<trkpt lat="37.210747" lon="-104.793417">
				<ele>2270.541166</ele>
				<time>2021-12-01T10:44:17Z</time>
			</trkpt>
			<trkpt lat="37.210483" lon="-104.79279">
				<ele>2274.611576</ele>
				<time>2021-12-01T10:44:58Z</time>
			</trkpt>
			<trkpt lat="37.21034" lon="-104.792415">
				<ele>2276.997757</ele>
				<time>2021-12-01T10:45:23Z</time>
			</trkpt>
			<trkpt lat="37.210248" lon="-104.792057">
				<ele>2279.156704</ele>
				<time>2021-12-01T10:45:45Z</time>
			</trkpt>
			<trkpt lat="37.210225" lon="-104.791885">
				<ele>2280.157665</ele>
				<time>2021-12-01T10:45:56Z</time>
			</trkpt>
			<trkpt lat="37.210218" lon="-104.791667">
				<ele>2281.409828</ele>
				<time>2021-12-01T10:46:09Z</time>
			</trkpt>
			<trkpt lat="37.210253" lon="-104.790965">
				<ele>2284.984695</ele>
				<time>2021-12-01T10:46:51Z</time>
			</trkpt>
			<trkpt lat="37.2103" lon="-104.790672">
				<ele>2286.464205</ele>
				<time>2021-12-01T10:47:09Z</time>
			</trkpt>
			<trkpt lat="37.210433" lon="-104.790272">
				<ele>2288.609882</ele>
				<time>2021-12-01T10:47:34Z</time>
			</trkpt>
			<trkpt lat="37.210815" lon="-104.789617">
				<ele>2292.628572</ele>
				<time>2021-12-01T10:48:14Z</time>
			</trkpt>
			<trkpt lat="37.210856" lon="-104.789512">
				<ele>2293.207441</ele>
				<time>2021-12-01T10:48:20Z</time>
			</trkpt>
			<trkpt lat="37.2109" lon="-104.789233">
				<ele>2293.733642</ele>
				<time>2021-12-01T10:48:32Z</time>
			</trkpt>
			<trkpt lat="37.210892" lon="-104.788673">
				<ele>2294.694233</ele>
				<time>2021-12-01T10:48:57Z</time>
			</trkpt>
			<trkpt lat="37.210911" lon="-104.788576">
				<ele>2294.865552</ele>
				<time>2021-12-01T10:49:01Z</time>
			</trkpt>
			<trkpt lat="37.210954" lon="-104.788498">
				<ele>2295.02825</ele>
				<time>2021-12-01T10:49:05Z</time>
			</trkpt>
			<trkpt lat="37.211391" lon="-104.788224">
				<ele>2296.080128</ele>
				<time>2021-12-01T10:49:29Z</time>
			</trkpt>
			<trkpt lat="37.211651" lon="-104.787891">
				<ele>2296.879917</ele>
				<time>2021-12-01T10:49:45Z</time>
			</trkpt>
			<trkpt lat="37.2118" lon="-104.787741">
				<ele>2296.743922</ele>
				<time>2021-12-01T10:49:51Z</time>
			</trkpt>
			<trkpt lat="37.211964" lon="-104.787665">
				<ele>2295.761641</ele>
				<time>2021-12-01T10:49:57Z</time>
			</trkpt>
			<trkpt lat="37.212369" lon="-104.787637">
				<ele>2293.482479</ele>
				<time>2021-12-01T10:50:09Z</time>
			</trkpt>
			<trkpt lat="37.212573" lon="-104.787558">
				<ele>2292.282917</ele>
				<time>2021-12-01T10:50:15Z</time>
			</trkpt>
			<trkpt lat="37.212781" lon="-104.787401">
				<ele>2290.91924</ele>
				<time>2021-12-01T10:50:22Z</time>
			</trkpt>
			<trkpt lat="37.213142" lon="-104.787036">
				<ele>2288.314899</ele>
				<time>2021-12-01T10:50:35Z</time>
			</trkpt>
			<trkpt lat="37.213522" lon="-104.78685">
				<ele>2285.246582</ele>
				<time>2021-12-01T10:50:45Z</time>
			</trkpt>
			<trkpt lat="37.2136" lon="-104.786783">
				<ele>2284.307145</ele>
				<time>2021-12-01T10:50:47Z</time>
			</trkpt>
			<trkpt lat="37.213836" lon="-104.786461">
				<ele>2280.842771</ele>
				<time>2021-12-01T10:50:56Z</time>
			</trkpt>
			<trkpt lat="37.214041" lon="-104.786263">
				<ele>2278.271818</ele>
				<time>2021-12-01T10:51:03Z</time>
			</trkpt>
			<trkpt lat="37.214335" lon="-104.785908">
				<ele>2274.21724</ele>
				<time>2021-12-01T10:51:13Z</time>
			</trkpt>
			<trkpt lat="37.214386" lon="-104.785833">
				<ele>2273.436502</ele>
				<time>2021-12-01T10:51:15Z</time>
			</trkpt>
			<trkpt lat="37.214428" lon="-104.785673">
				<ele>2272.102821</ele>
				<time>2021-12-01T10:51:19Z</time>
			</trkpt>
			<trkpt lat="37.214561" lon="-104.785094">
				<ele>2267.924793</ele>
				<time>2021-12-01T10:51:31Z</time>
			</trkpt>
			<trkpt lat="37.214737" lon="-104.78476">
				<ele>2265.785946</ele>
				<time>2021-12-01T10:51:40Z</time>
			</trkpt>
			<trkpt lat="37.214766" lon="-104.784595">
				<ele>2264.883563</ele>
				<time>2021-12-01T10:51:44Z</time>
			</trkpt>
			<trkpt lat="37.214714" lon="-104.784419">
				<ele>2263.881037</ele>
				<time>2021-12-01T10:51:48Z</time>
			</trkpt>
			<trkpt lat="37.214652" lon="-104.784345">
				<ele>2263.307412</ele>
				<time>2021-12-01T10:51:50Z</time>
			</trkpt>
			<trkpt lat="37.214494" lon="-104.784308">
				<ele>2262.229598</ele>
				<time>2021-12-01T10:51:55Z</time>
			</trkpt>
			<trkpt lat="37.214407" lon="-104.784338">
				<ele>2261.624578</ele>
				<time>2021-12-01T10:51:57Z</time>
			</trkpt>
			<trkpt lat="37.214313" lon="-104.784303">
				<ele>2260.967086</ele>
				<time>2021-12-01T10:52:00Z</time>
			</trkpt>
			<trkpt lat="37.21428" lon="-104.784191">
				<ele>2260.329323</ele>
				<time>2021-12-01T10:52:03Z</time>
			</trkpt>
			<trkpt lat="37.21429" lon="-104.784098">
				<ele>2259.828149</ele>
				<time>2021-12-01T10:52:05Z</time>
			</trkpt>
			<trkpt lat="37.214469" lon="-104.783667">
				<ele>2257.232194</ele>
				<time>2021-12-01T10:52:16Z</time>
			</trkpt>
			<trkpt lat="37.214566" lon="-104.783496">
				<ele>2256.163852</ele>
				<time>2021-12-01T10:52:20Z</time>
			</trkpt>
			<trkpt lat="37.214754" lon="-104.783322">
				<ele>2254.682116</ele>
				<time>2021-12-01T10:52:27Z</time>
			</trkpt>
			<trkpt lat="37.214861" lon="-104.783164">
				<ele>2253.634202</ele>
				<time>2021-12-01T10:52:32Z</time>
			</trkpt>
			<trkpt lat="37.214883" lon="-104.783053">
				<ele>2253.056264</ele>
				<time>2021-12-01T10:52:34Z</time>
			</trkpt>
			<trkpt lat="37.21488" lon="-104.782899">
				<ele>2252.277943</ele>
				<time>2021-12-01T10:52:38Z</time>
			</trkpt>
			<trkpt lat="37.214813" lon="-104.782269">
				<ele>2249.066595</ele>
				<time>2021-12-01T10:52:52Z</time>
			</trkpt>
			<trkpt lat="37.214861" lon="-104.781697">
				<ele>2246.16055</ele>
				<time>2021-12-01T10:53:04Z</time>
			</trkpt>
			<trkpt lat="37.214785" lon="-104.781276">
				<ele>2244.346125</ele>
				<time>2021-12-01T10:53:13Z</time>
			</trkpt>
			<trkpt lat="37.214851" lon="-104.780719">
				<ele>2242.11431</ele>
				<time>2021-12-01T10:53:26Z</time>
			</trkpt>
			<trkpt lat="37.214832" lon="-104.780621">
				<ele>2241.71457</ele>
				<time>2021-12-01T10:53:28Z</time>
			</trkpt>
			<trkpt lat="37.214554" lon="-104.779902">
				<ele>2238.546916</ele>
				<time>2021-12-01T10:53:47Z</time>
			</trkpt>
			<trkpt lat="37.214507" lon="-104.779427">
				<ele>2236.686739</ele>
				<time>2021-12-01T10:53:59Z</time>
			</trkpt>
			<trkpt lat="37.214536" lon="-104.779006">
				<ele>2235.791711</ele>
				<time>2021-12-01T10:54:09Z</time>
			</trkpt>
			<trkpt lat="37.214604" lon="-104.778797">
				<ele>2235.31352</ele>
				<time>2021-12-01T10:54:15Z</time>
			</trkpt>
			<trkpt lat="37.214801" lon="-104.778421">
				<ele>2234.36024</ele>
				<time>2021-12-01T10:54:26Z</time>
			</trkpt>
			<trkpt lat="37.214879" lon="-104.778161">
				<ele>2233.771771</ele>
				<time>2021-12-01T10:54:33Z</time>
			</trkpt>
			<trkpt lat="37.214892" lon="-104.778033">
				<ele>2233.498466</ele>
				<time>2021-12-01T10:54:36Z</time>
			</trkpt>
			<trkpt lat="37.214849" lon="-104.777734">
				<ele>2232.854929</ele>
				<time>2021-12-01T10:54:44Z</time>
			</trkpt>
			<trkpt lat="37.214635" lon="-104.777309">
				<ele>2231.726795</ele>
				<time>2021-12-01T10:54:57Z</time>
			</trkpt>
			<trkpt lat="37.214533" lon="-104.777011">
				<ele>2230.760741</ele>
				<time>2021-12-01T10:55:05Z</time>
			</trkpt>
			<trkpt lat="37.214504" lon="-104.776851">
				<ele>2230.272018</ele>
				<time>2021-12-01T10:55:09Z</time>
			</trkpt>
			<trkpt lat="37.214495" lon="-104.776698">
				<ele>2229.815088</ele>
				<time>2021-12-01T10:55:13Z</time>
			</trkpt>
			<trkpt lat="37.2146" lon="-104.775637">
				<ele>2226.630749</ele>
				<time>2021-12-01T10:55:38Z</time>
			</trkpt>
			<trkpt lat="37.214652" lon="-104.775347">
				<ele>2225.745405</ele>
				<time>2021-12-01T10:55:45Z</time>
			</trkpt>
			<trkpt lat="37.214886" lon="-104.774427">
				<ele>2222.639174</ele>
				<time>2021-12-01T10:56:08Z</time>
			</trkpt>
			<trkpt lat="37.214939" lon="-104.774122">
				<ele>2221.618476</ele>
				<time>2021-12-01T10:56:15Z</time>
			</trkpt>
			<trkpt lat="37.214957" lon="-104.773867">
				<ele>2220.781454</ele>
				<time>2021-12-01T10:56:21Z</time>
			</trkpt>
			<trkpt lat="37.214941" lon="-104.773465">
				<ele>2219.465427</ele>
				<time>2021-12-01T10:56:31Z</time>
			</trkpt>
			<trkpt lat="37.214826" lon="-104.772646">
				<ele>2217.374693</ele>
				<time>2021-12-01T10:56:51Z</time>
			</trkpt>
			<trkpt lat="37.21492" lon="-104.77202">
				<ele>2216.495113</ele>
				<time>2021-12-01T10:57:07Z</time>
			</trkpt>
			<trkpt lat="37.214954" lon="-104.771094">
				<ele>2215.215183</ele>
				<time>2021-12-01T10:57:32Z</time>
			</trkpt>
			<trkpt lat="37.214954" lon="-104.770244">
				<ele>2214.451946</ele>
				<time>2021-12-01T10:57:57Z</time>
			</trkpt>
			<trkpt lat="37.21507" lon="-104.768443">
				<ele>2213.470174</ele>
				<time>2021-12-01T10:58:47Z</time>
			</trkpt>
			<trkpt lat="37.215107" lon="-104.767511">
				<ele>2212.812435</ele>
				<time>2021-12-01T10:59:14Z</time>
			</trkpt>
			<trkpt lat="37.215182" lon="-104.766561">
				<ele>2212.139543</ele>
				<time>2021-12-01T10:59:40Z</time>
			</trkpt>
			<trkpt lat="37.215215" lon="-104.76573">
				<ele>2210.999744</ele>
				<time>2021-12-01T11:00:03Z</time>
			</trkpt>
			<trkpt lat="37.215142" lon="-104.763443">
				<ele>2206.675175</ele>
				<time>2021-12-01T11:01:00Z</time>
			</trkpt>
			<trkpt lat="37.215148" lon="-104.762699">
				<ele>2205.088394</ele>
				<time>2021-12-01T11:01:18Z</time>
			</trkpt>
			<trkpt lat="37.21523" lon="-104.761897">
				<ele>2203.363963</ele>
				<time>2021-12-01T11:01:38Z</time>
			</trkpt>
			<trkpt lat="37.215212" lon="-104.761395">
				<ele>2202.769029</ele>
				<time>2021-12-01T11:01:52Z</time>
			</trkpt>
			<trkpt lat="37.215197" lon="-104.760609">
				<ele>2202.246885</ele>
				<time>2021-12-01T11:02:14Z</time>
			</trkpt>
			<trkpt lat="37.215236" lon="-104.759252">
				<ele>2201.071258</ele>
				<time>2021-12-01T11:02:53Z</time>
			</trkpt>
			<trkpt lat="37.21523" lon="-104.758183">
				<ele>2198.968583</ele>
				<time>2021-12-01T11:03:21Z</time>
			</trkpt>
			<trkpt lat="37.215198" lon="-104.757909">
				<ele>2198.423886</ele>
				<time>2021-12-01T11:03:27Z</time>
			</trkpt>
			<trkpt lat="37.215023" lon="-104.757325">
				<ele>2197.196583</ele>
				<time>2021-12-01T11:03:42Z</time>
			</trkpt>
			<trkpt lat="37.214843" lon="-104.756881">
				<ele>2196.357673</ele>
				<time>2021-12-01T11:03:54Z</time>
			</trkpt>
			<trkpt lat="37.214689" lon="-104.75659">
				<ele>2195.78784</ele>
				<time>2021-12-01T11:04:03Z</time>
			</trkpt>
			<trkpt lat="37.213099" lon="-104.754641">
				<ele>2191.198603</ele>
				<time>2021-12-01T11:05:18Z</time>
			</trkpt>
			<trkpt lat="37.212826" lon="-104.754207">
				<ele>2190.280135</ele>
				<time>2021-12-01T11:05:33Z</time>
			</trkpt>
			<trkpt lat="37.212426" lon="-104.753446">
				<ele>2187.365686</ele>
				<time>2021-12-01T11:05:54Z</time>
			</trkpt>
			<trkpt lat="37.212176" lon="-104.753052">
				<ele>2185.138165</ele>
				<time>2021-12-01T11:06:06Z</time>
			</trkpt>
			<trkpt lat="37.211724" lon="-104.75249">
				<ele>2181.606383</ele>
				<time>2021-12-01T11:06:23Z</time>
			</trkpt>
			<trkpt lat="37.211577" lon="-104.752391">
				<ele>2180.680225</ele>
				<time>2021-12-01T11:06:28Z</time>
			</trkpt>
			<trkpt lat="37.211449" lon="-104.752364">
				<ele>2179.959586</ele>
				<time>2021-12-01T11:06:31Z</time>
			</trkpt>
			<trkpt lat="37.211233" lon="-104.75222">
				<ele>2178.471141</ele>
				<time>2021-12-01T11:06:38Z</time>
			</trkpt>
			<trkpt lat="37.211148" lon="-104.752141">
				<ele>2177.80879</ele>
				<time>2021-12-01T11:06:41Z</time>
			</trkpt>
			<trkpt lat="37.211002" lon="-104.751927">
				<ele>2176.403209</ele>
				<time>2021-12-01T11:06:47Z</time>
			</trkpt>
			<trkpt lat="37.210896" lon="-104.751636">
				<ele>2174.807037</ele>
				<time>2021-12-01T11:06:54Z</time>
			</trkpt>
			<trkpt lat="37.21088" lon="-104.751512">
				<ele>2174.180442</ele>
				<time>2021-12-01T11:06:57Z</time>
			</trkpt>
			<trkpt lat="37.210918" lon="-104.751232">
				<ele>2172.763629</ele>
				<time>2021-12-01T11:07:03Z</time>
			</trkpt>
			<trkpt lat="37.211006" lon="-104.750989">
				<ele>2171.432083</ele>
				<time>2021-12-01T11:07:09Z</time>
			</trkpt>
			<trkpt lat="37.21105" lon="-104.750794">
				<ele>2170.421111</ele>
				<time>2021-12-01T11:07:14Z</time>
			</trkpt>
			<trkpt lat="37.211052" lon="-104.749899">
				<ele>2166.912289</ele>
				<time>2021-12-01T11:07:34Z</time>
			</trkpt>
			<trkpt lat="37.211025" lon="-104.749276">
				<ele>2165.039435</ele>
				<time>2021-12-01T11:07:49Z</time>
			</trkpt>
			<trkpt lat="37.210595" lon="-104.749181">
				<ele>2163.393834</ele>
				<time>2021-12-01T11:08:02Z</time>
			</trkpt>
			<trkpt lat="37.210468" lon="-104.749058">
				<ele>2162.78931</ele>
				<time>2021-12-01T11:08:07Z</time>
			</trkpt>
			<trkpt lat="37.210363" lon="-104.74883">
				<ele>2161.998723</ele>
				<time>2021-12-01T11:08:13Z</time>
			</trkpt>
			<trkpt lat="37.210331" lon="-104.748532">
				<ele>2161.708181</ele>
				<time>2021-12-01T11:08:21Z</time>
			</trkpt>
			<trkpt lat="37.210333" lon="-104.748134">
				<ele>2162.033818</ele>
				<time>2021-12-01T11:08:32Z</time>
			</trkpt>
			<trkpt lat="37.210367" lon="-104.747797">
				<ele>2162.311744</ele>
				<time>2021-12-01T11:08:43Z</time>
			</trkpt>
			<trkpt lat="37.210443" lon="-104.747564">
				<ele>2162.517746</ele>
				<time>2021-12-01T11:08:52Z</time>
			</trkpt>
			<trkpt lat="37.210681" lon="-104.747236">
				<ele>2162.880783</ele>
				<time>2021-12-01T11:09:08Z</time>
			</trkpt>
			<trkpt lat="37.210933" lon="-104.746958">
				<ele>2163.225388</ele>
				<time>2021-12-01T11:09:25Z</time>
			</trkpt>
			<trkpt lat="37.211438" lon="-104.746492">
				<ele>2165.184768</ele>
				<time>2021-12-01T11:09:59Z</time>
			</trkpt>
			<trkpt lat="37.212217" lon="-104.745859">
				<ele>2168.960057</ele>
				<time>2021-12-01T11:10:54Z</time>
			</trkpt>
			<trkpt lat="37.212524" lon="-104.745568">
				<ele>2170.525086</ele>
				<time>2021-12-01T11:11:17Z</time>
			</trkpt>
			<trkpt lat="37.213041" lon="-104.744911">
				<ele>2173.462942</ele>
				<time>2021-12-01T11:11:59Z</time>
			</trkpt>
			<trkpt lat="37.213388" lon="-104.744215">
				<ele>2176.070962</ele>
				<time>2021-12-01T11:12:36Z</time>
			</trkpt>
			<trkpt lat="37.213547" lon="-104.743981">
				<ele>2177.047926</ele>
				<time>2021-12-01T11:12:50Z</time>
			</trkpt>
			<trkpt lat="37.214154" lon="-104.743107">
				<ele>2180.239062</ele>
				<time>2021-12-01T11:13:42Z</time>
			</trkpt>
			<trkpt lat="37.214652" lon="-104.742334">
				<ele>2182.844925</ele>
				<time>2021-12-01T11:14:23Z</time>
			</trkpt>
			<trkpt lat="37.215365" lon="-104.741488">
				<ele>2185.577301</ele>
				<time>2021-12-01T11:15:14Z</time>
			</trkpt>
			<trkpt lat="37.21627" lon="-104.740186">
				<ele>2188.965341</ele>
				<time>2021-12-01T11:16:21Z</time>
			</trkpt>
			<trkpt lat="37.216554" lon="-104.73969">
				<ele>2189.952028</ele>
				<time>2021-12-01T11:16:44Z</time>
			</trkpt>
			<trkpt lat="37.216954" lon="-104.738898">
				<ele>2191.466779</ele>
				<time>2021-12-01T11:17:19Z</time>
			</trkpt>
			<trkpt lat="37.217329" lon="-104.737981">
				<ele>2192.924153</ele>
				<time>2021-12-01T11:17:57Z</time>
			</trkpt>
			<trkpt lat="37.217853" lon="-104.737199">
				<ele>2194.245641</ele>
				<time>2021-12-01T11:18:33Z</time>
			</trkpt>
			<trkpt lat="37.218015" lon="-104.737169">
				<ele>2194.511527</ele>
				<time>2021-12-01T11:18:40Z</time>
			</trkpt>
			<trkpt lat="37.2191" lon="-104.736113">
				<ele>2197.291676</ele>
				<time>2021-12-01T11:19:42Z</time>
			</trkpt>
			<trkpt lat="37.219462" lon="-104.735801">
				<ele>2198.231853</ele>
				<time>2021-12-01T11:20:04Z</time>
			</trkpt>
			<trkpt lat="37.219625" lon="-104.735535">
				<ele>2198.804188</ele>
				<time>2021-12-01T11:20:17Z</time>
			</trkpt>
			<trkpt lat="37.220076" lon="-104.734504">
				<ele>2202.775592</ele>
				<time>2021-12-01T11:21:10Z</time>
			</trkpt>
			<trkpt lat="37.220271" lon="-104.734213">
				<ele>2204.078757</ele>
				<time>2021-12-01T11:21:29Z</time>
			</trkpt>
			<trkpt lat="37.220794" lon="-104.733588">
				<ele>2206.99468</ele>
				<time>2021-12-01T11:22:15Z</time>
			</trkpt>
			<trkpt lat="37.221381" lon="-104.732609">
				<ele>2209.821081</ele>
				<time>2021-12-01T11:23:13Z</time>
			</trkpt>
			<trkpt lat="37.221614" lon="-104.731942">
				<ele>2211.50091</ele>
				<time>2021-12-01T11:23:38Z</time>
			</trkpt>
			<trkpt lat="37.221708" lon="-104.731537">
				<ele>2211.045659</ele>
				<time>2021-12-01T11:23:51Z</time>
			</trkpt>
			<trkpt lat="37.221715" lon="-104.731376">
				<ele>2210.615546</ele>
				<time>2021-12-01T11:23:55Z</time>
			</trkpt>
			<trkpt lat="37.221059" lon="-104.728403">
				<ele>2201.703271</ele>
				<time>2021-12-01T11:25:07Z</time>
			</trkpt>
			<trkpt lat="37.220969" lon="-104.728186">
				<ele>2200.919535</ele>
				<time>2021-12-01T11:25:13Z</time>
			</trkpt>
			<trkpt lat="37.220698" lon="-104.727277">
				<ele>2198.111539</ele>
				<time>2021-12-01T11:25:36Z</time>
			</trkpt>
			<trkpt lat="37.220527" lon="-104.726932">
				<ele>2197.339095</ele>
				<time>2021-12-01T11:25:46Z</time>
			</trkpt>
			<trkpt lat="37.219932" lon="-104.725879">
				<ele>2194.884801</ele>
				<time>2021-12-01T11:26:20Z</time>
			</trkpt>
			<trkpt lat="37.219648" lon="-104.725236">
				<ele>2193.466826</ele>
				<time>2021-12-01T11:26:39Z</time>
			</trkpt>
			<trkpt lat="37.219482" lon="-104.724942">
				<ele>2192.76369</ele>
				<time>2021-12-01T11:26:48Z</time>
			</trkpt>
			<trkpt lat="37.219306" lon="-104.724716">
				<ele>2192.146973</ele>
				<time>2021-12-01T11:26:56Z</time>
			</trkpt>
			<trkpt lat="37.218519" lon="-104.723908">
				<ele>2189.578638</ele>
				<time>2021-12-01T11:27:28Z</time>
			</trkpt>
			<trkpt lat="37.218511" lon="-104.724434">
				<ele>2188.141664</ele>
				<time>2021-12-01T11:27:41Z</time>
			</trkpt>
			<trkpt lat="37.218143" lon="-104.72481">
				<ele>2186.514412</ele>
				<time>2021-12-01T11:27:56Z</time>
			</trkpt>
			<trkpt lat="37.218004" lon="-104.725118">
				<ele>2185.547435</ele>
				<time>2021-12-01T11:28:04Z</time>
			</trkpt>
			<trkpt lat="37.217913" lon="-104.725507">
				<ele>2184.44002</ele>
				<time>2021-12-01T11:28:14Z</time>
			</trkpt>
			<trkpt lat="37.217981" lon="-104.726709">
				<ele>2181.030311</ele>
				<time>2021-12-01T11:28:42Z</time>
			</trkpt>
			<trkpt lat="37.218015" lon="-104.727009">
				<ele>2180.163985</ele>
				<time>2021-12-01T11:28:50Z</time>
			</trkpt>
			<trkpt lat="37.217648" lon="-104.727685">
				<ele>2177.82494</ele>
				<time>2021-12-01T11:29:09Z</time>
			</trkpt>
			<trkpt lat="37.217383" lon="-104.728018">
				<ele>2176.668613</ele>
				<time>2021-12-01T11:29:21Z</time>
			</trkpt>
			<trkpt lat="37.216896" lon="-104.728189">
				<ele>2175.314933</ele>
				<time>2021-12-01T11:29:37Z</time>
			</trkpt>
			<trkpt lat="37.216503" lon="-104.728168">
				<ele>2174.261941</ele>
				<time>2021-12-01T11:29:50Z</time>
			</trkpt>
			<trkpt lat="37.216007" lon="-104.7282">
				<ele>2172.932424</ele>
				<time>2021-12-01T11:30:05Z</time>
			</trkpt>
			<trkpt lat="37.215666" lon="-104.727985">
				<ele>2171.743465</ele>
				<time>2021-12-01T11:30:17Z</time>
			</trkpt>
			<trkpt lat="37.215153" lon="-104.728018">
				<ele>2169.906364</ele>
				<time>2021-12-01T11:30:33Z</time>
			</trkpt>
			<trkpt lat="37.214188" lon="-104.728361">
				<ele>2166.319531</ele>
				<time>2021-12-01T11:31:04Z</time>
			</trkpt>
			<trkpt lat="37.213401" lon="-104.727979">
				<ele>2162.449698</ele>
				<time>2021-12-01T11:31:28Z</time>
			</trkpt>
			<trkpt lat="37.212932" lon="-104.727502">
				<ele>2159.603459</ele>
				<time>2021-12-01T11:31:45Z</time>
			</trkpt>
			<trkpt lat="37.21247" lon="-104.727384">
				<ele>2157.402368</ele>
				<time>2021-12-01T11:31:59Z</time>
			</trkpt>
			<trkpt lat="37.211966" lon="-104.727148">
				<ele>2155.358204</ele>
				<time>2021-12-01T11:32:15Z</time>
			</trkpt>
			<trkpt lat="37.211393" lon="-104.726827">
				<ele>2152.973776</ele>
				<time>2021-12-01T11:32:34Z</time>
			</trkpt>
			<trkpt lat="37.210898" lon="-104.726848">
				<ele>2151.091587</ele>
				<time>2021-12-01T11:32:49Z</time>
			</trkpt>
			<trkpt lat="37.209727" lon="-104.72702">
				<ele>2147.070259</ele>
				<time>2021-12-01T11:33:26Z</time>
			</trkpt>
			<trkpt lat="37.209411" lon="-104.72702">
				<ele>2146.00557</ele>
				<time>2021-12-01T11:33:35Z</time>
			</trkpt>
			<trkpt lat="37.20895" lon="-104.726687">
				<ele>2144.050747</ele>
				<time>2021-12-01T11:33:51Z</time>
			</trkpt>
			<trkpt lat="37.208685" lon="-104.72644">
				<ele>2142.469122</ele>
				<time>2021-12-01T11:34:01Z</time>
			</trkpt>
			<trkpt lat="37.208138" lon="-104.726902">
				<ele>2139.309847</ele>
				<time>2021-12-01T11:34:20Z</time>
			</trkpt>
			<trkpt lat="37.207531" lon="-104.726773">
				<ele>2136.359558</ele>
				<time>2021-12-01T11:34:38Z</time>
			</trkpt>
			<trkpt lat="37.207087" lon="-104.726955">
				<ele>2133.767689</ele>
				<time>2021-12-01T11:34:51Z</time>
			</trkpt>
			<trkpt lat="37.2066" lon="-104.726687">
				<ele>2130.734732</ele>
				<time>2021-12-01T11:35:05Z</time>
			</trkpt>
			<trkpt lat="37.206224" lon="-104.726408">
				<ele>2128.243479</ele>
				<time>2021-12-01T11:35:18Z</time>
			</trkpt>
			<trkpt lat="37.205386" lon="-104.725968">
				<ele>2123.60414</ele>
				<time>2021-12-01T11:35:44Z</time>
			</trkpt>
			<trkpt lat="37.205113" lon="-104.726011">
				<ele>2122.354635</ele>
				<time>2021-12-01T11:35:52Z</time>
			</trkpt>
			<trkpt lat="37.204243" lon="-104.725798">
				<ele>2118.329249</ele>
				<time>2021-12-01T11:36:18Z</time>
			</trkpt>
			<trkpt lat="37.203785" lon="-104.72534">
				<ele>2116.05576</ele>
				<time>2021-12-01T11:36:35Z</time>
			</trkpt>
			<trkpt lat="37.201794" lon="-104.72408">
				<ele>2108.027392</ele>
				<time>2021-12-01T11:37:43Z</time>
			</trkpt>
			<trkpt lat="37.201359" lon="-104.723937">
				<ele>2106.415694</ele>
				<time>2021-12-01T11:37:57Z</time>
			</trkpt>
			<trkpt lat="37.20097" lon="-104.72365">
				<ele>2104.798503</ele>
				<time>2021-12-01T11:38:10Z</time>
			</trkpt>
			<trkpt lat="37.200168" lon="-104.722791">
				<ele>2101.499337</ele>
				<time>2021-12-01T11:38:42Z</time>
			</trkpt>
			<trkpt lat="37.199573" lon="-104.722304">
				<ele>2099.293394</ele>
				<time>2021-12-01T11:39:05Z</time>
			</trkpt>
			<trkpt lat="37.19939" lon="-104.721932">
				<ele>2098.636483</ele>
				<time>2021-12-01T11:39:16Z</time>
			</trkpt>
			<trkpt lat="37.199162" lon="-104.721045">
				<ele>2097.535641</ele>
				<time>2021-12-01T11:39:40Z</time>
			</trkpt>
			<trkpt lat="37.198865" lon="-104.720179">
				<ele>2096.422019</ele>
				<time>2021-12-01T11:40:06Z</time>
			</trkpt>
			<trkpt lat="37.198631" lon="-104.719735">
				<ele>2096.763627</ele>
				<time>2021-12-01T11:40:22Z</time>
			</trkpt>
			<trkpt lat="37.198482" lon="-104.719231">
				<ele>2097.220633</ele>
				<time>2021-12-01T11:40:38Z</time>
			</trkpt>
			<trkpt lat="37.198644" lon="-104.717117">
				<ele>2099.442051</ele>
				<time>2021-12-01T11:41:59Z</time>
			</trkpt>
			<trkpt lat="37.198657" lon="-104.716967">
				<ele>2099.641562</ele>
				<time>2021-12-01T11:42:05Z</time>
			</trkpt>
			<trkpt lat="37.198657" lon="-104.716886">
				<ele>2099.748667</ele>
				<time>2021-12-01T11:42:09Z</time>
			</trkpt>
			<trkpt lat="37.198605" lon="-104.716811">
				<ele>2099.880143</ele>
				<time>2021-12-01T11:42:12Z</time>
			</trkpt>
			<trkpt lat="37.198328" lon="-104.716092">
				<ele>2100.936222</ele>
				<time>2021-12-01T11:42:41Z</time>
			</trkpt>
			<trkpt lat="37.198217" lon="-104.715915">
				<ele>2101.234096</ele>
				<time>2021-12-01T11:42:48Z</time>
			</trkpt>
			<trkpt lat="37.198054" lon="-104.715835">
				<ele>2101.030593</ele>
				<time>2021-12-01T11:42:54Z</time>
			</trkpt>
			<trkpt lat="37.19758" lon="-104.715991">
				<ele>2100.308976</ele>
				<time>2021-12-01T11:43:12Z</time>
			</trkpt>
			<trkpt lat="37.196692" lon="-104.71608">
				<ele>2098.997116</ele>
				<time>2021-12-01T11:43:40Z</time>
			</trkpt>
			<trkpt lat="37.196324" lon="-104.716098">
				<ele>2098.374218</ele>
				<time>2021-12-01T11:43:52Z</time>
			</trkpt>
			<trkpt lat="37.194469" lon="-104.715647">
				<ele>2094.201731</ele>
				<time>2021-12-01T11:44:53Z</time>
			</trkpt>
			<trkpt lat="37.193354" lon="-104.715299">
				<ele>2091.752309</ele>
				<time>2021-12-01T11:45:31Z</time>
			</trkpt>
			<trkpt lat="37.192204" lon="-104.714746">
				<ele>2087.713204</ele>
				<time>2021-12-01T11:46:09Z</time>
			</trkpt>
			<trkpt lat="37.19108" lon="-104.714413">
				<ele>2083.168121</ele>
				<time>2021-12-01T11:46:43Z</time>
			</trkpt>
			<trkpt lat="37.190721" lon="-104.714177">
				<ele>2081.59415</ele>
				<time>2021-12-01T11:46:54Z</time>
			</trkpt>
			<trkpt lat="37.190469" lon="-104.713587">
				<ele>2079.52281</ele>
				<time>2021-12-01T11:47:10Z</time>
			</trkpt>
			<trkpt lat="37.190324" lon="-104.713169">
				<ele>2078.112184</ele>
				<time>2021-12-01T11:47:21Z</time>
			</trkpt>
			<trkpt lat="37.189948" lon="-104.712836">
				<ele>2076.482975</ele>
				<time>2021-12-01T11:47:35Z</time>
			</trkpt>
			<trkpt lat="37.188315" lon="-104.711275">
				<ele>2071.812164</ele>
				<time>2021-12-01T11:48:42Z</time>
			</trkpt>
			<trkpt lat="37.186731" lon="-104.70965">
				<ele>2067.305792</ele>
				<time>2021-12-01T11:49:48Z</time>
			</trkpt>
			<trkpt lat="37.185948" lon="-104.708883">
				<ele>2064.91829</ele>
				<time>2021-12-01T11:50:19Z</time>
			</trkpt>
			<trkpt lat="37.185473" lon="-104.707456">
				<ele>2062.350146</ele>
				<time>2021-12-01T11:50:58Z</time>
			</trkpt>
			<trkpt lat="37.18535" lon="-104.707016">
				<ele>2061.599384</ele>
				<time>2021-12-01T11:51:11Z</time>
			</trkpt>
			<trkpt lat="37.185015" lon="-104.705558">
				<ele>2060.204121</ele>
				<time>2021-12-01T11:51:52Z</time>
			</trkpt>
			<trkpt lat="37.184865" lon="-104.704776">
				<ele>2059.738317</ele>
				<time>2021-12-01T11:52:15Z</time>
			</trkpt>
			<trkpt lat="37.184145" lon="-104.701036">
				<ele>2057.765857</ele>
				<time>2021-12-01T11:54:06Z</time>
			</trkpt>
			<trkpt lat="37.183969" lon="-104.699833">
				<ele>2056.53796</ele>
				<time>2021-12-01T11:54:37Z</time>
			</trkpt>
			<trkpt lat="37.183837" lon="-104.699329">
				<ele>2055.903673</ele>
				<time>2021-12-01T11:54:51Z</time>
			</trkpt>
			<trkpt lat="37.183782" lon="-104.699228">
				<ele>2055.757409</ele>
				<time>2021-12-01T11:54:54Z</time>
			</trkpt>
			<trkpt lat="37.183584" lon="-104.698862">
				<ele>2055.228486</ele>
				<time>2021-12-01T11:55:05Z</time>
			</trkpt>
			<trkpt lat="37.183046" lon="-104.698111">
				<ele>2054.021014</ele>
				<time>2021-12-01T11:55:33Z</time>
			</trkpt>
			<trkpt lat="37.182409" lon="-104.697108">
				<ele>2053.992142</ele>
				<time>2021-12-01T11:56:13Z</time>
			</trkpt>
			<trkpt lat="37.182217" lon="-104.696126">
				<ele>2053.998755</ele>
				<time>2021-12-01T11:56:44Z</time>
			</trkpt>
			<trkpt lat="37.181866" lon="-104.695944">
				<ele>2053.479053</ele>
				<time>2021-12-01T11:56:57Z</time>
			</trkpt>
			<trkpt lat="37.180826" lon="-104.695571">
				<ele>2051.998894</ele>
				<time>2021-12-01T11:57:33Z</time>
			</trkpt>
			<trkpt lat="37.180426" lon="-104.695273">
				<ele>2051.439196</ele>
				<time>2021-12-01T11:57:48Z</time>
			</trkpt>
			<trkpt lat="37.180135" lon="-104.69464">
				<ele>2050.98693</ele>
				<time>2021-12-01T11:58:07Z</time>
			</trkpt>
			<trkpt lat="37.179904" lon="-104.694458">
				<ele>2050.775082</ele>
				<time>2021-12-01T11:58:17Z</time>
			</trkpt>
			<trkpt lat="37.178528" lon="-104.693123">
				<ele>2049.919709</ele>
				<time>2021-12-01T11:59:22Z</time>
			</trkpt>
			<trkpt lat="37.178366" lon="-104.692982">
				<ele>2049.872139</ele>
				<time>2021-12-01T11:59:30Z</time>
			</trkpt>
			<trkpt lat="37.178097" lon="-104.692671">
				<ele>2049.783889</ele>
				<time>2021-12-01T11:59:44Z</time>
			</trkpt>
			<trkpt lat="37.178011" lon="-104.692022">
				<ele>2049.054212</ele>
				<time>2021-12-01T12:00:02Z</time>
			</trkpt>
			<trkpt lat="37.177768" lon="-104.691486">
				<ele>2047.549742</ele>
				<time>2021-12-01T12:00:17Z</time>
			</trkpt>
			<trkpt lat="37.177614" lon="-104.69125">
				<ele>2046.805555</ele>
				<time>2021-12-01T12:00:25Z</time>
			</trkpt>
			<trkpt lat="37.177528" lon="-104.691164">
				<ele>2046.468872</ele>
				<time>2021-12-01T12:00:28Z</time>
			</trkpt>
			<trkpt lat="37.176195" lon="-104.690574">
				<ele>2041.931899</ele>
				<time>2021-12-01T12:01:10Z</time>
			</trkpt>
			<trkpt lat="37.175859" lon="-104.690077">
				<ele>2040.180373</ele>
				<time>2021-12-01T12:01:25Z</time>
			</trkpt>
			<trkpt lat="37.17318" lon="-104.687186">
				<ele>2033.389423</ele>
				<time>2021-12-01T12:03:22Z</time>
			</trkpt>
			<trkpt lat="37.172561" lon="-104.686699">
				<ele>2032.373555</ele>
				<time>2021-12-01T12:03:47Z</time>
			</trkpt>
			<trkpt lat="37.171005" lon="-104.686013">
				<ele>2031.020633</ele>
				<time>2021-12-01T12:04:45Z</time>
			</trkpt>
			<trkpt lat="37.169928" lon="-104.685183">
				<ele>2030.317395</ele>
				<time>2021-12-01T12:05:30Z</time>
			</trkpt>
			<trkpt lat="37.16947" lon="-104.684983">
				<ele>2030.057287</ele>
				<time>2021-12-01T12:05:47Z</time>
			</trkpt>
			<trkpt lat="37.168211" lon="-104.684754">
				<ele>2029.724687</ele>
				<time>2021-12-01T12:06:32Z</time>
			</trkpt>
			<trkpt lat="37.167616" lon="-104.684303">
				<ele>2029.584177</ele>
				<time>2021-12-01T12:06:58Z</time>
			</trkpt>
			<trkpt lat="37.167295" lon="-104.684125">
				<ele>2029.715169</ele>
				<time>2021-12-01T12:07:14Z</time>
			</trkpt>
			<trkpt lat="37.167047" lon="-104.684024">
				<ele>2029.812489</ele>
				<time>2021-12-01T12:07:25Z</time>
			</trkpt>
			<trkpt lat="37.166842" lon="-104.683863">
				<ele>2029.902757</ele>
				<time>2021-12-01T12:07:35Z</time>
			</trkpt>
			<trkpt lat="37.166692" lon="-104.683198">
				<ele>2030.108327</ele>
				<time>2021-12-01T12:07:57Z</time>
			</trkpt>
			<trkpt lat="37.16656" lon="-104.682887">
				<ele>2030.213134</ele>
				<time>2021-12-01T12:08:07Z</time>
			</trkpt>
			<trkpt lat="37.166282" lon="-104.682795">
				<ele>2029.629064</ele>
				<time>2021-12-01T12:08:17Z</time>
			</trkpt>
			<trkpt lat="37.165953" lon="-104.683026">
				<ele>2028.488856</ele>
				<time>2021-12-01T12:08:30Z</time>
			</trkpt>
			<trkpt lat="37.163632" lon="-104.683066">
				<ele>2020.224662</ele>
				<time>2021-12-01T12:09:39Z</time>
			</trkpt>
			<trkpt lat="37.162922" lon="-104.682866">
				<ele>2017.247902</ele>
				<time>2021-12-01T12:10:00Z</time>
			</trkpt>
			<trkpt lat="37.162647" lon="-104.682723">
				<ele>2016.425228</ele>
				<time>2021-12-01T12:10:09Z</time>
			</trkpt>
			<trkpt lat="37.16196" lon="-104.682237">
				<ele>2014.245671</ele>
				<time>2021-12-01T12:10:34Z</time>
			</trkpt>
			<trkpt lat="37.160999" lon="-104.681216">
				<ele>2011.274792</ele>
				<time>2021-12-01T12:11:15Z</time>
			</trkpt>
			<trkpt lat="37.160147" lon="-104.680312">
				<ele>2009.172315</ele>
				<time>2021-12-01T12:11:52Z</time>
			</trkpt>
			<trkpt lat="37.159814" lon="-104.679915">
				<ele>2008.454803</ele>
				<time>2021-12-01T12:12:07Z</time>
			</trkpt>
			<trkpt lat="37.15951" lon="-104.679437">
				<ele>2007.739411</ele>
				<time>2021-12-01T12:12:23Z</time>
			</trkpt>
			<trkpt lat="37.159408" lon="-104.679089">
				<ele>2007.305658</ele>
				<time>2021-12-01T12:12:32Z</time>
			</trkpt>
			<trkpt lat="37.159343" lon="-104.67793">
				<ele>2006.460535</ele>
				<time>2021-12-01T12:13:04Z</time>
			</trkpt>
			<trkpt lat="37.159241" lon="-104.67749">
				<ele>2006.631207</ele>
				<time>2021-12-01T12:13:18Z</time>
			</trkpt>
			<trkpt lat="37.158899" lon="-104.67668">
				<ele>2006.972619</ele>
				<time>2021-12-01T12:13:48Z</time>
			</trkpt>
			<trkpt lat="37.158531" lon="-104.676192">
				<ele>2007.156704</ele>
				<time>2021-12-01T12:14:12Z</time>
			</trkpt>
			<trkpt lat="37.158164" lon="-104.675838">
				<ele>2007.061072</ele>
				<time>2021-12-01T12:14:32Z</time>
			</trkpt>
			<trkpt lat="37.157539" lon="-104.675468">
				<ele>2006.918304</ele>
				<time>2021-12-01T12:14:58Z</time>
			</trkpt>
			<trkpt lat="37.156813" lon="-104.675269">
				<ele>2006.166415</ele>
				<time>2021-12-01T12:15:22Z</time>
			</trkpt>
			<trkpt lat="37.156449" lon="-104.675226">
				<ele>2004.978145</ele>
				<time>2021-12-01T12:15:34Z</time>
			</trkpt>
			<trkpt lat="37.156244" lon="-104.675156">
				<ele>2004.287641</ele>
				<time>2021-12-01T12:15:40Z</time>
			</trkpt>
			<trkpt lat="37.155859" lon="-104.67491">
				<ele>2002.883443</ele>
				<time>2021-12-01T12:15:53Z</time>
			</trkpt>
			<trkpt lat="37.155564" lon="-104.674325">
				<ele>2001.090256</ele>
				<time>2021-12-01T12:16:09Z</time>
			</trkpt>
			<trkpt lat="37.155479" lon="-104.674025">
				<ele>2000.38082</ele>
				<time>2021-12-01T12:16:17Z</time>
			</trkpt>
			<trkpt lat="37.155419" lon="-104.672957">
				<ele>1998.068199</ele>
				<time>2021-12-01T12:16:44Z</time>
			</trkpt>
			<trkpt lat="37.155316" lon="-104.672136">
				<ele>1996.272987</ele>
				<time>2021-12-01T12:17:05Z</time>
			</trkpt>
			<trkpt lat="37.155008" lon="-104.671756">
				<ele>1995.413053</ele>
				<time>2021-12-01T12:17:19Z</time>
			</trkpt>
			<trkpt lat="37.154239" lon="-104.671031">
				<ele>1993.630533</ele>
				<time>2021-12-01T12:17:51Z</time>
			</trkpt>
			<trkpt lat="37.153991" lon="-104.670559">
				<ele>1992.795549</ele>
				<time>2021-12-01T12:18:06Z</time>
			</trkpt>
			<trkpt lat="37.153845" lon="-104.669985">
				<ele>1992.012727</ele>
				<time>2021-12-01T12:18:21Z</time>
			</trkpt>
			<trkpt lat="37.153679" lon="-104.669358">
				<ele>1991.160395</ele>
				<time>2021-12-01T12:18:38Z</time>
			</trkpt>
			<trkpt lat="37.153435" lon="-104.667775">
				<ele>1989.413463</ele>
				<time>2021-12-01T12:19:22Z</time>
			</trkpt>
			<trkpt lat="37.153277" lon="-104.667378">
				<ele>1989.091846</ele>
				<time>2021-12-01T12:19:35Z</time>
			</trkpt>
			<trkpt lat="37.152983" lon="-104.667135">
				<ele>1988.771694</ele>
				<time>2021-12-01T12:19:47Z</time>
			</trkpt>
			<trkpt lat="37.152691" lon="-104.666842">
				<ele>1988.431684</ele>
				<time>2021-12-01T12:20:00Z</time>
			</trkpt>
			<trkpt lat="37.151861" lon="-104.666907">
				<ele>1987.303769</ele>
				<time>2021-12-01T12:20:29Z</time>
			</trkpt>
			<trkpt lat="37.151449" lon="-104.666678">
				<ele>1986.606336</ele>
				<time>2021-12-01T12:20:44Z</time>
			</trkpt>
			<trkpt lat="37.150647" lon="-104.665591">
				<ele>1984.766338</ele>
				<time>2021-12-01T12:21:22Z</time>
			</trkpt>
			<trkpt lat="37.150281" lon="-104.664933">
				<ele>1983.756847</ele>
				<time>2021-12-01T12:21:44Z</time>
			</trkpt>
			<trkpt lat="37.150096" lon="-104.664599">
				<ele>1983.245134</ele>
				<time>2021-12-01T12:21:54Z</time>
			</trkpt>
			<trkpt lat="37.149429" lon="-104.663854">
				<ele>1982.531988</ele>
				<time>2021-12-01T12:22:25Z</time>
			</trkpt>
			<trkpt lat="37.148116" lon="-104.662175">
				<ele>1983.217689</ele>
				<time>2021-12-01T12:23:37Z</time>
			</trkpt>
			<trkpt lat="37.147629" lon="-104.661204">
				<ele>1984.593195</ele>
				<time>2021-12-01T12:24:22Z</time>
			</trkpt>
			<trkpt lat="37.147372" lon="-104.660816">
				<ele>1985.074083</ele>
				<time>2021-12-01T12:24:40Z</time>
			</trkpt>
			<trkpt lat="37.147265" lon="-104.660528">
				<ele>1984.986543</ele>
				<time>2021-12-01T12:24:52Z</time>
			</trkpt>
			<trkpt lat="37.147021" lon="-104.660394">
				<ele>1984.894483</ele>
				<time>2021-12-01T12:25:03Z</time>
			</trkpt>
			<trkpt lat="37.146739" lon="-104.660367">
				<ele>1984.79673</ele>
				<time>2021-12-01T12:25:14Z</time>
			</trkpt>
			<trkpt lat="37.146611" lon="-104.660458">
				<ele>1984.745879</ele>
				<time>2021-12-01T12:25:20Z</time>
			</trkpt>
			<trkpt lat="37.146542" lon="-104.660576">
				<ele>1984.70556</ele>
				<time>2021-12-01T12:25:24Z</time>
			</trkpt>
			<trkpt lat="37.146145" lon="-104.660989">
				<ele>1984.527305</ele>
				<time>2021-12-01T12:25:41Z</time>
			</trkpt>
			<trkpt lat="37.14573" lon="-104.6613">
				<ele>1983.056508</ele>
				<time>2021-12-01T12:25:56Z</time>
			</trkpt>
			<trkpt lat="37.145272" lon="-104.661531">
				<ele>1980.95758</ele>
				<time>2021-12-01T12:26:10Z</time>
			</trkpt>
			<trkpt lat="37.144597" lon="-104.661687">
				<ele>1978.039152</ele>
				<time>2021-12-01T12:26:30Z</time>
			</trkpt>
			<trkpt lat="37.143233" lon="-104.661231">
				<ele>1972.594633</ele>
				<time>2021-12-01T12:27:11Z</time>
			</trkpt>
			<trkpt lat="37.143015" lon="-104.660909">
				<ele>1971.329405</ele>
				<time>2021-12-01T12:27:22Z</time>
			</trkpt>
			<trkpt lat="37.142715" lon="-104.660254">
				<ele>1969.774319</ele>
				<time>2021-12-01T12:27:41Z</time>
			</trkpt>
			<trkpt lat="37.142343" lon="-104.659959">
				<ele>1969.286857</ele>
				<time>2021-12-01T12:27:57Z</time>
			</trkpt>
			<trkpt lat="37.141991" lon="-104.659817">
				<ele>1968.877306</ele>
				<time>2021-12-01T12:28:10Z</time>
			</trkpt>
			<trkpt lat="37.140983" lon="-104.659643">
				<ele>1967.319008</ele>
				<time>2021-12-01T12:28:45Z</time>
			</trkpt>
			<trkpt lat="37.140654" lon="-104.659643">
				<ele>1966.474699</ele>
				<time>2021-12-01T12:28:56Z</time>
			</trkpt>
			<trkpt lat="37.140261" lon="-104.659852">
				<ele>1965.379261</ele>
				<time>2021-12-01T12:29:10Z</time>
			</trkpt>
			<trkpt lat="37.139862" lon="-104.659932">
				<ele>1964.342315</ele>
				<time>2021-12-01T12:29:22Z</time>
			</trkpt>
			<trkpt lat="37.139247" lon="-104.659755">
				<ele>1962.652709</ele>
				<time>2021-12-01T12:29:41Z</time>
			</trkpt>
			<trkpt lat="37.138961" lon="-104.659498">
				<ele>1961.66393</ele>
				<time>2021-12-01T12:29:51Z</time>
			</trkpt>
			<trkpt lat="37.138619" lon="-104.658999">
				<ele>1960.189519</ele>
				<time>2021-12-01T12:30:08Z</time>
			</trkpt>
			<trkpt lat="37.13805" lon="-104.658033">
				<ele>1957.859713</ele>
				<time>2021-12-01T12:30:39Z</time>
			</trkpt>
			<trkpt lat="37.137235" lon="-104.657274">
				<ele>1956.141546</ele>
				<time>2021-12-01T12:31:14Z</time>
			</trkpt>
			<trkpt lat="37.135826" lon="-104.656274">
				<ele>1952.729902</ele>
				<time>2021-12-01T12:32:05Z</time>
			</trkpt>
			<trkpt lat="37.135271" lon="-104.655953">
				<ele>1951.341224</ele>
				<time>2021-12-01T12:32:25Z</time>
			</trkpt>
			<trkpt lat="37.135107" lon="-104.655854">
				<ele>1951.030951</ele>
				<time>2021-12-01T12:32:31Z</time>
			</trkpt>
			<trkpt lat="37.133777" lon="-104.65506">
				<ele>1948.678428</ele>
				<time>2021-12-01T12:33:20Z</time>
			</trkpt>
			<trkpt lat="37.133577" lon="-104.654789">
				<ele>1948.157869</ele>
				<time>2021-12-01T12:33:30Z</time>
			</trkpt>
			<trkpt lat="37.133121" lon="-104.653915">
				<ele>1946.48342</ele>
				<time>2021-12-01T12:33:58Z</time>
			</trkpt>
			<trkpt lat="37.132444" lon="-104.653043">
				<ele>1944.39855</ele>
				<time>2021-12-01T12:34:29Z</time>
			</trkpt>
			<trkpt lat="37.1317" lon="-104.652656">
				<ele>1941.925732</ele>
				<time>2021-12-01T12:34:53Z</time>
			</trkpt>
			<trkpt lat="37.130902" lon="-104.652425">
				<ele>1939.41135</ele>
				<time>2021-12-01T12:35:19Z</time>
			</trkpt>
			<trkpt lat="37.130522" lon="-104.652419">
				<ele>1938.363718</ele>
				<time>2021-12-01T12:35:30Z</time>
			</trkpt>
			<trkpt lat="37.129739" lon="-104.652571">
				<ele>1936.215478</ele>
				<time>2021-12-01T12:35:55Z</time>
			</trkpt>
			<trkpt lat="37.129572" lon="-104.652538">
				<ele>1935.757103</ele>
				<time>2021-12-01T12:36:01Z</time>
			</trkpt>
			<trkpt lat="37.129433" lon="-104.652457">
				<ele>1935.341541</ele>
				<time>2021-12-01T12:36:05Z</time>
			</trkpt>
			<trkpt lat="37.128784" lon="-104.65181">
				<ele>1933.407071</ele>
				<time>2021-12-01T12:36:32Z</time>
			</trkpt>
			<trkpt lat="37.128026" lon="-104.651107">
				<ele>1931.470245</ele>
				<time>2021-12-01T12:37:02Z</time>
			</trkpt>
			<trkpt lat="37.127624" lon="-104.651031">
				<ele>1930.688748</ele>
				<time>2021-12-01T12:37:16Z</time>
			</trkpt>
			<trkpt lat="37.127097" lon="-104.651103">
				<ele>1930.631398</ele>
				<time>2021-12-01T12:37:34Z</time>
			</trkpt>
			<trkpt lat="37.125363" lon="-104.650988">
				<ele>1930.459093</ele>
				<time>2021-12-01T12:38:43Z</time>
			</trkpt>
			<trkpt lat="37.124308" lon="-104.650896">
				<ele>1930.377864</ele>
				<time>2021-12-01T12:39:23Z</time>
			</trkpt>
			<trkpt lat="37.123997" lon="-104.650836">
				<ele>1930.217399</ele>
				<time>2021-12-01T12:39:34Z</time>
			</trkpt>
			<trkpt lat="37.124417" lon="-104.648894">
				<ele>1926.928425</ele>
				<time>2021-12-01T12:40:03Z</time>
			</trkpt>
			<trkpt lat="37.124477" lon="-104.648605">
				<ele>1926.475748</ele>
				<time>2021-12-01T12:40:07Z</time>
			</trkpt>
			<trkpt lat="37.125095" lon="-104.645594">
				<ele>1922.335023</ele>
				<time>2021-12-01T12:40:54Z</time>
			</trkpt>
			<trkpt lat="37.125174" lon="-104.645285">
				<ele>1921.938975</ele>
				<time>2021-12-01T12:40:59Z</time>
			</trkpt>
			<trkpt lat="37.125398" lon="-104.644581">
				<ele>1921.013854</ele>
				<time>2021-12-01T12:41:10Z</time>
			</trkpt>
			<trkpt lat="37.125673" lon="-104.644048">
				<ele>1920.065766</ele>
				<time>2021-12-01T12:41:20Z</time>
			</trkpt>
			<trkpt lat="37.125971" lon="-104.643635">
				<ele>1919.174506</ele>
				<time>2021-12-01T12:41:28Z</time>
			</trkpt>
			<trkpt lat="37.12737" lon="-104.641897">
				<ele>1915.150341</ele>
				<time>2021-12-01T12:42:04Z</time>
			</trkpt>
			<trkpt lat="37.127842" lon="-104.641354">
				<ele>1913.817562</ele>
				<time>2021-12-01T12:42:15Z</time>
			</trkpt>
			<trkpt lat="37.128233" lon="-104.641048">
				<ele>1913.080106</ele>
				<time>2021-12-01T12:42:24Z</time>
			</trkpt>
			<trkpt lat="37.128854" lon="-104.640697">
				<ele>1912.19946</ele>
				<time>2021-12-01T12:42:37Z</time>
			</trkpt>
			<trkpt lat="37.129213" lon="-104.64046">
				<ele>1911.674944</ele>
				<time>2021-12-01T12:42:45Z</time>
			</trkpt>
			<trkpt lat="37.129437" lon="-104.64025">
				<ele>1911.313377</ele>
				<time>2021-12-01T12:42:50Z</time>
			</trkpt>
			<trkpt lat="37.129681" lon="-104.639958">
				<ele>1911.194932</ele>
				<time>2021-12-01T12:42:57Z</time>
			</trkpt>
			<trkpt lat="37.129438" lon="-104.639762">
				<ele>1911.313965</ele>
				<time>2021-12-01T12:43:04Z</time>
			</trkpt>
			<trkpt lat="37.128826" lon="-104.639349">
				<ele>1911.600293</ele>
				<time>2021-12-01T12:43:21Z</time>
			</trkpt>
			<trkpt lat="37.128592" lon="-104.639143">
				<ele>1911.71808</ele>
				<time>2021-12-01T12:43:33Z</time>
			</trkpt>
			<trkpt lat="37.128322" lon="-104.638788">
				<ele>1911.900594</ele>
				<time>2021-12-01T12:43:50Z</time>
			</trkpt>
			<trkpt lat="37.128208" lon="-104.638477">
				<ele>1912.133063</ele>
				<time>2021-12-01T12:44:03Z</time>
			</trkpt>
			<trkpt lat="37.128076" lon="-104.637557">
				<ele>1912.767917</ele>
				<time>2021-12-01T12:44:35Z</time>
			</trkpt>
			<trkpt lat="37.128012" lon="-104.637323">
				<ele>1912.935929</ele>
				<time>2021-12-01T12:44:43Z</time>
			</trkpt>
			<trkpt lat="37.127916" lon="-104.637098">
				<ele>1913.109243</ele>
				<time>2021-12-01T12:44:51Z</time>
			</trkpt>
			<trkpt lat="37.127868" lon="-104.636865">
				<ele>1913.272682</ele>
				<time>2021-12-01T12:44:58Z</time>
			</trkpt>
			<trkpt lat="37.12786" lon="-104.636673">
				<ele>1913.390467</ele>
				<time>2021-12-01T12:45:04Z</time>
			</trkpt>
			<trkpt lat="37.127891" lon="-104.636502">
				<ele>1913.381414</ele>
				<time>2021-12-01T12:45:09Z</time>
			</trkpt>
			<trkpt lat="37.127941" lon="-104.636289">
				<ele>1913.369951</ele>
				<time>2021-12-01T12:45:15Z</time>
			</trkpt>
			<trkpt lat="37.128269" lon="-104.635459">
				<ele>1913.322127</ele>
				<time>2021-12-01T12:45:42Z</time>
			</trkpt>
			<trkpt lat="37.128331" lon="-104.63519">
				<ele>1913.307671</ele>
				<time>2021-12-01T12:45:51Z</time>
			</trkpt>
			<trkpt lat="37.128365" lon="-104.634881">
				<ele>1913.291568</ele>
				<time>2021-12-01T12:46:00Z</time>
			</trkpt>
			<trkpt lat="37.128356" lon="-104.634612">
				<ele>1913.277669</ele>
				<time>2021-12-01T12:46:07Z</time>
			</trkpt>
			<trkpt lat="37.128207" lon="-104.633429">
				<ele>1914.299469</ele>
				<time>2021-12-01T12:46:45Z</time>
			</trkpt>
			<trkpt lat="37.127919" lon="-104.631352">
				<ele>1917.049626</ele>
				<time>2021-12-01T12:48:04Z</time>
			</trkpt>
			<trkpt lat="37.127873" lon="-104.630783">
				<ele>1918.056742</ele>
				<time>2021-12-01T12:48:27Z</time>
			</trkpt>
			<trkpt lat="37.127891" lon="-104.630357">
				<ele>1918.807958</ele>
				<time>2021-12-01T12:48:44Z</time>
			</trkpt>
			<trkpt lat="37.127953" lon="-104.629882">
				<ele>1919.405662</ele>
				<time>2021-12-01T12:49:02Z</time>
			</trkpt>
			<trkpt lat="37.128175" lon="-104.628883">
				<ele>1920.055462</ele>
				<time>2021-12-01T12:49:39Z</time>
			</trkpt>
			<trkpt lat="37.128238" lon="-104.628226">
				<ele>1920.470083</ele>
				<time>2021-12-01T12:49:59Z</time>
			</trkpt>
			<trkpt lat="37.128261" lon="-104.627732">
				<ele>1920.534712</ele>
				<time>2021-12-01T12:50:13Z</time>
			</trkpt>
			<trkpt lat="37.128217" lon="-104.627269">
				<ele>1920.102515</ele>
				<time>2021-12-01T12:50:25Z</time>
			</trkpt>
			<trkpt lat="37.128112" lon="-104.626798">
				<ele>1919.649194</ele>
				<time>2021-12-01T12:50:38Z</time>
			</trkpt>
			<trkpt lat="37.127938" lon="-104.626341">
				<ele>1919.179772</ele>
				<time>2021-12-01T12:50:52Z</time>
			</trkpt>
			<trkpt lat="37.126568" lon="-104.623384">
				<ele>1916.963826</ele>
				<time>2021-12-01T12:52:26Z</time>
			</trkpt>
			<trkpt lat="37.126198" lon="-104.62267">
				<ele>1916.923188</ele>
				<time>2021-12-01T12:52:51Z</time>
			</trkpt>
			<trkpt lat="37.126032" lon="-104.622457">
				<ele>1916.908974</ele>
				<time>2021-12-01T12:52:59Z</time>
			</trkpt>
			<trkpt lat="37.125837" lon="-104.622284">
				<ele>1916.894677</ele>
				<time>2021-12-01T12:53:09Z</time>
			</trkpt>
			<trkpt lat="37.125648" lon="-104.622157">
				<ele>1916.881843</ele>
				<time>2021-12-01T12:53:18Z</time>
			</trkpt>
			<trkpt lat="37.125424" lon="-104.622097">
				<ele>1917.872175</ele>
				<time>2021-12-01T12:53:28Z</time>
			</trkpt>
			<trkpt lat="37.125208" lon="-104.622058">
				<ele>1918.850562</ele>
				<time>2021-12-01T12:53:39Z</time>
			</trkpt>
			<trkpt lat="37.124929" lon="-104.622091">
				<ele>1920.106967</ele>
				<time>2021-12-01T12:53:53Z</time>
			</trkpt>
			<trkpt lat="37.124664" lon="-104.62219">
				<ele>1921.346641</ele>
				<time>2021-12-01T12:54:08Z</time>
			</trkpt>
			<trkpt lat="37.121347" lon="-104.624713">
				<ele>1946.733066</ele>
				<time>2021-12-01T12:58:53Z</time>
			</trkpt>
			<trkpt lat="37.121173" lon="-104.624908">
				<ele>1948.325814</ele>
				<time>2021-12-01T12:59:10Z</time>
			</trkpt>
			<trkpt lat="37.120671" lon="-104.625711">
				<ele>1952.951075</ele>
				<time>2021-12-01T13:00:02Z</time>
			</trkpt>
			<trkpt lat="37.120529" lon="-104.625864">
				<ele>1953.898779</ele>
				<time>2021-12-01T13:00:14Z</time>
			</trkpt>
			<trkpt lat="37.120234" lon="-104.626023">
				<ele>1955.524222</ele>
				<time>2021-12-01T13:00:32Z</time>
			</trkpt>
			<trkpt lat="37.119319" lon="-104.626198">
				<ele>1960.512892</ele>
				<time>2021-12-01T13:01:28Z</time>
			</trkpt>
			<trkpt lat="37.118878" lon="-104.626171">
				<ele>1963.576292</ele>
				<time>2021-12-01T13:01:58Z</time>
			</trkpt>
			<trkpt lat="37.11856" lon="-104.625991">
				<ele>1965.996974</ele>
				<time>2021-12-01T13:02:23Z</time>
			</trkpt>
			<trkpt lat="37.118441" lon="-104.625835">
				<ele>1967.191367</ele>
				<time>2021-12-01T13:02:36Z</time>
			</trkpt>
			<trkpt lat="37.118156" lon="-104.625209">
				<ele>1971.179442</ele>
				<time>2021-12-01T13:03:20Z</time>
			</trkpt>
			<trkpt lat="37.118055" lon="-104.624922">
				<ele>1973.08046</ele>
				<time>2021-12-01T13:03:40Z</time>
			</trkpt>
			<trkpt lat="37.118042" lon="-104.624704">
				<ele>1974.481579</ele>
				<time>2021-12-01T13:03:54Z</time>
			</trkpt>
			<trkpt lat="37.118107" lon="-104.624297">
				<ele>1977.14195</ele>
				<time>2021-12-01T13:04:21Z</time>
			</trkpt>
			<trkpt lat="37.118082" lon="-104.62414">
				<ele>1978.16807</ele>
				<time>2021-12-01T13:04:31Z</time>
			</trkpt>
			<trkpt lat="37.118015" lon="-104.623988">
				<ele>1979.281215</ele>
				<time>2021-12-01T13:04:43Z</time>
			</trkpt>
			<trkpt lat="37.117903" lon="-104.623882">
				<ele>1980.409032</ele>
				<time>2021-12-01T13:04:54Z</time>
			</trkpt>
			<trkpt lat="37.116935" lon="-104.623436">
				<ele>1987.449129</ele>
				<time>2021-12-01T13:06:11Z</time>
			</trkpt>
			<trkpt lat="37.116696" lon="-104.623282">
				<ele>1988.470695</ele>
				<time>2021-12-01T13:06:28Z</time>
			</trkpt>
			<trkpt lat="37.116574" lon="-104.623141">
				<ele>1989.101453</ele>
				<time>2021-12-01T13:06:38Z</time>
			</trkpt>
			<trkpt lat="37.116481" lon="-104.622953">
				<ele>1989.772163</ele>
				<time>2021-12-01T13:06:48Z</time>
			</trkpt>
			<trkpt lat="37.116426" lon="-104.622777">
				<ele>1990.345241</ele>
				<time>2021-12-01T13:06:56Z</time>
			</trkpt>
			<trkpt lat="37.116381" lon="-104.622068">
				<ele>1992.501469</ele>
				<time>2021-12-01T13:07:24Z</time>
			</trkpt>
			<trkpt lat="37.116313" lon="-104.621831">
				<ele>1993.114796</ele>
				<time>2021-12-01T13:07:32Z</time>
			</trkpt>
			<trkpt lat="37.116211" lon="-104.621628">
				<ele>1992.735069</ele>
				<time>2021-12-01T13:07:40Z</time>
			</trkpt>
			<trkpt lat="37.11604" lon="-104.621447">
				<ele>1992.290963</ele>
				<time>2021-12-01T13:07:48Z</time>
			</trkpt>
			<trkpt lat="37.115844" lon="-104.621317">
				<ele>1991.850913</ele>
				<time>2021-12-01T13:07:56Z</time>
			</trkpt>
			<trkpt lat="37.115251" lon="-104.621079">
				<ele>1990.615204</ele>
				<time>2021-12-01T13:08:16Z</time>
			</trkpt>
			<trkpt lat="37.115075" lon="-104.620953">
				<ele>1990.212992</ele>
				<time>2021-12-01T13:08:22Z</time>
			</trkpt>
			<trkpt lat="37.114814" lon="-104.620698">
				<ele>1989.507754</ele>
				<time>2021-12-01T13:08:31Z</time>
			</trkpt>
			<trkpt lat="37.113698" lon="-104.619355">
				<ele>1982.736372</ele>
				<time>2021-12-01T13:09:16Z</time>
			</trkpt>
			<trkpt lat="37.113564" lon="-104.619137">
				<ele>1981.775466</ele>
				<time>2021-12-01T13:09:23Z</time>
			</trkpt>
			<trkpt lat="37.113482" lon="-104.61883">
				<ele>1981.13685</ele>
				<time>2021-12-01T13:09:31Z</time>
			</trkpt>
			<trkpt lat="37.113462" lon="-104.618591">
				<ele>1980.680799</ele>
				<time>2021-12-01T13:09:37Z</time>
			</trkpt>
			<trkpt lat="37.113493" lon="-104.618282">
				<ele>1980.089773</ele>
				<time>2021-12-01T13:09:44Z</time>
			</trkpt>
			<trkpt lat="37.113722" lon="-104.617064">
				<ele>1977.714948</ele>
				<time>2021-12-01T13:10:17Z</time>
			</trkpt>
			<trkpt lat="37.11437" lon="-104.615509">
				<ele>1976.026178</ele>
				<time>2021-12-01T13:11:06Z</time>
			</trkpt>
			<trkpt lat="37.114697" lon="-104.614742">
				<ele>1974.86412</ele>
				<time>2021-12-01T13:11:29Z</time>
			</trkpt>
			<trkpt lat="37.114791" lon="-104.614426">
				<ele>1973.971559</ele>
				<time>2021-12-01T13:11:38Z</time>
			</trkpt>
			<trkpt lat="37.114818" lon="-104.614185">
				<ele>1973.327507</ele>
				<time>2021-12-01T13:11:44Z</time>
			</trkpt>
			<trkpt lat="37.114874" lon="-104.612429">
				<ele>1967.803868</ele>
				<time>2021-12-01T13:12:26Z</time>
			</trkpt>
			<trkpt lat="37.114839" lon="-104.612136">
				<ele>1966.178643</ele>
				<time>2021-12-01T13:12:33Z</time>
			</trkpt>
			<trkpt lat="37.114763" lon="-104.611915">
				<ele>1964.858389</ele>
				<time>2021-12-01T13:12:38Z</time>
			</trkpt>
			<trkpt lat="37.114347" lon="-104.611269">
				<ele>1960.303441</ele>
				<time>2021-12-01T13:12:56Z</time>
			</trkpt>
			<trkpt lat="37.114241" lon="-104.611052">
				<ele>1958.907464</ele>
				<time>2021-12-01T13:13:01Z</time>
			</trkpt>
			<trkpt lat="37.114166" lon="-104.610772">
				<ele>1957.287137</ele>
				<time>2021-12-01T13:13:08Z</time>
			</trkpt>
			<trkpt lat="37.114105" lon="-104.610128">
				<ele>1952.53798</ele>
				<time>2021-12-01T13:13:21Z</time>
			</trkpt>
			<trkpt lat="37.113972" lon="-104.608418">
				<ele>1939.849834</ele>
				<time>2021-12-01T13:13:57Z</time>
			</trkpt>
			<trkpt lat="37.113978" lon="-104.607978">
				<ele>1936.872842</ele>
				<time>2021-12-01T13:14:06Z</time>
			</trkpt>
			<trkpt lat="37.114189" lon="-104.605178">
				<ele>1919.989406</ele>
				<time>2021-12-01T13:15:05Z</time>
			</trkpt>
			<trkpt lat="37.11436" lon="-104.605114">
				<ele>1918.920696</ele>
				<time>2021-12-01T13:15:11Z</time>
			</trkpt>
			<trkpt lat="37.114497" lon="-104.605152">
				<ele>1918.08041</ele>
				<time>2021-12-01T13:15:15Z</time>
			</trkpt>
			<trkpt lat="37.114647" lon="-104.605237">
				<ele>1917.094643</ele>
				<time>2021-12-01T13:15:19Z</time>
			</trkpt>
			<trkpt lat="37.114962" lon="-104.605726">
				<ele>1914.267428</ele>
				<time>2021-12-01T13:15:34Z</time>
			</trkpt>
			<trkpt lat="37.115485" lon="-104.606632">
				<ele>1912.396301</ele>
				<time>2021-12-01T13:16:03Z</time>
			</trkpt>
			<trkpt lat="37.115561" lon="-104.606857">
				<ele>1911.987519</ele>
				<time>2021-12-01T13:16:10Z</time>
			</trkpt>
			<trkpt lat="37.115606" lon="-104.60708">
				<ele>1911.602699</ele>
				<time>2021-12-01T13:16:16Z</time>
			</trkpt>
			<trkpt lat="37.115657" lon="-104.607193">
				<ele>1911.385481</ele>
				<time>2021-12-01T13:16:19Z</time>
			</trkpt>
			<trkpt lat="37.115736" lon="-104.607287">
				<ele>1911.157015</ele>
				<time>2021-12-01T13:16:23Z</time>
			</trkpt>
			<trkpt lat="37.11591" lon="-104.607396">
				<ele>1910.748969</ele>
				<time>2021-12-01T13:16:29Z</time>
			</trkpt>
			<trkpt lat="37.116389" lon="-104.607566">
				<ele>1910.262588</ele>
				<time>2021-12-01T13:16:46Z</time>
			</trkpt>
			<trkpt lat="37.116502" lon="-104.60759">
				<ele>1910.173968</ele>
				<time>2021-12-01T13:16:50Z</time>
			</trkpt>
			<trkpt lat="37.116654" lon="-104.607579">
				<ele>1910.056242</ele>
				<time>2021-12-01T13:16:56Z</time>
			</trkpt>
			<trkpt lat="37.116767" lon="-104.607525">
				<ele>1909.962738</ele>
				<time>2021-12-01T13:17:00Z</time>
			</trkpt>
			<trkpt lat="37.116849" lon="-104.607453">
				<ele>1909.885336</ele>
				<time>2021-12-01T13:17:03Z</time>
			</trkpt>
			<trkpt lat="37.116921" lon="-104.607327">
				<ele>1909.789759</ele>
				<time>2021-12-01T13:17:08Z</time>
			</trkpt>
			<trkpt lat="37.116975" lon="-104.607169">
				<ele>1909.683768</ele>
				<time>2021-12-01T13:17:13Z</time>
			</trkpt>
			<trkpt lat="37.117058" lon="-104.606648">
				<ele>1909.356183</ele>
				<time>2021-12-01T13:17:28Z</time>
			</trkpt>
			<trkpt lat="37.117135" lon="-104.605873">
				<ele>1908.783479</ele>
				<time>2021-12-01T13:17:50Z</time>
			</trkpt>
			<trkpt lat="37.117304" lon="-104.604999">
				<ele>1908.072418</ele>
				<time>2021-12-01T13:18:15Z</time>
			</trkpt>
			<trkpt lat="37.117464" lon="-104.604462">
				<ele>1907.619164</ele>
				<time>2021-12-01T13:18:30Z</time>
			</trkpt>
			<trkpt lat="37.117552" lon="-104.604285">
				<ele>1907.454245</ele>
				<time>2021-12-01T13:18:36Z</time>
			</trkpt>
			<trkpt lat="37.117802" lon="-104.603928">
				<ele>1906.883039</ele>
				<time>2021-12-01T13:18:49Z</time>
			</trkpt>
			<trkpt lat="37.117929" lon="-104.603821">
				<ele>1906.642915</ele>
				<time>2021-12-01T13:18:54Z</time>
			</trkpt>
			<trkpt lat="37.118089" lon="-104.603741">
				<ele>1906.372581</ele>
				<time>2021-12-01T13:19:00Z</time>
			</trkpt>
			<trkpt lat="37.118303" lon="-104.603676">
				<ele>1906.027009</ele>
				<time>2021-12-01T13:19:07Z</time>
			</trkpt>
			<trkpt lat="37.118389" lon="-104.603719">
				<ele>1905.881704</ele>
				<time>2021-12-01T13:19:10Z</time>
			</trkpt>
			<trkpt lat="37.11922" lon="-104.603926">
				<ele>1904.558197</ele>
				<time>2021-12-01T13:19:38Z</time>
			</trkpt>
			<trkpt lat="37.119744" lon="-104.604199">
				<ele>1903.808095</ele>
				<time>2021-12-01T13:19:57Z</time>
			</trkpt>
			<trkpt lat="37.120144" lon="-104.60424">
				<ele>1903.277548</ele>
				<time>2021-12-01T13:20:11Z</time>
			</trkpt>
			<trkpt lat="37.120664" lon="-104.604398">
				<ele>1902.570241</ele>
				<time>2021-12-01T13:20:29Z</time>
			</trkpt>
			<trkpt lat="37.120782" lon="-104.604449">
				<ele>1902.405247</ele>
				<time>2021-12-01T13:20:33Z</time>
			</trkpt>
			<trkpt lat="37.120882" lon="-104.604543">
				<ele>1902.24004</ele>
				<time>2021-12-01T13:20:37Z</time>
			</trkpt>
			<trkpt lat="37.121013" lon="-104.604738">
				<ele>1902.077603</ele>
				<time>2021-12-01T13:20:44Z</time>
			</trkpt>
			<trkpt lat="37.121173" lon="-104.604875">
				<ele>1901.933929</ele>
				<time>2021-12-01T13:20:51Z</time>
			</trkpt>
			<trkpt lat="37.121719" lon="-104.604671">
				<ele>1901.511426</ele>
				<time>2021-12-01T13:21:11Z</time>
			</trkpt>
			<trkpt lat="37.122221" lon="-104.604231">
				<ele>1901.057233</ele>
				<time>2021-12-01T13:21:32Z</time>
			</trkpt>
			<trkpt lat="37.122623" lon="-104.603974">
				<ele>1901.168777</ele>
				<time>2021-12-01T13:21:49Z</time>
			</trkpt>
			<trkpt lat="37.122786" lon="-104.603826">
				<ele>1901.44366</ele>
				<time>2021-12-01T13:21:56Z</time>
			</trkpt>
			<trkpt lat="37.123047" lon="-104.603532">
				<ele>1901.922874</ele>
				<time>2021-12-01T13:22:10Z</time>
			</trkpt>
			<trkpt lat="37.123162" lon="-104.603478">
				<ele>1902.090613</ele>
				<time>2021-12-01T13:22:15Z</time>
			</trkpt>
			<trkpt lat="37.123321" lon="-104.603476">
				<ele>1902.307816</ele>
				<time>2021-12-01T13:22:22Z</time>
			</trkpt>
			<trkpt lat="37.123416" lon="-104.603448">
				<ele>1902.441121</ele>
				<time>2021-12-01T13:22:26Z</time>
			</trkpt>
			<trkpt lat="37.123496" lon="-104.603381">
				<ele>1902.572525</ele>
				<time>2021-12-01T13:22:30Z</time>
			</trkpt>
			<trkpt lat="37.123549" lon="-104.603274">
				<ele>1902.709722</ele>
				<time>2021-12-01T13:22:35Z</time>
			</trkpt>
			<trkpt lat="37.123592" lon="-104.602923">
				<ele>1903.096501</ele>
				<time>2021-12-01T13:22:50Z</time>
			</trkpt>
			<trkpt lat="37.12357" lon="-104.602716">
				<ele>1903.32395</ele>
				<time>2021-12-01T13:22:59Z</time>
			</trkpt>
			<trkpt lat="37.123581" lon="-104.602617">
				<ele>1903.601179</ele>
				<time>2021-12-01T13:23:03Z</time>
			</trkpt>
			<trkpt lat="37.123654" lon="-104.602518">
				<ele>1904.004862</ele>
				<time>2021-12-01T13:23:09Z</time>
			</trkpt>
			<trkpt lat="37.123761" lon="-104.602523">
				<ele>1904.406883</ele>
				<time>2021-12-01T13:23:15Z</time>
			</trkpt>
			<trkpt lat="37.124308" lon="-104.602666">
				<ele>1906.504789</ele>
				<time>2021-12-01T13:23:49Z</time>
			</trkpt>
			<trkpt lat="37.124717" lon="-104.602783">
				<ele>1908.079856</ele>
				<time>2021-12-01T13:24:13Z</time>
			</trkpt>
			<trkpt lat="37.124882" lon="-104.602795">
				<ele>1908.700405</ele>
				<time>2021-12-01T13:24:22Z</time>
			</trkpt>
			<trkpt lat="37.124882" lon="-104.602795">
				<ele>1908.700405</ele>
				<time>2021-12-01T13:24:22Z</time>
			</trkpt>
			<trkpt lat="37.125696" lon="-104.602693">
				<ele>1910.558787</ele>
				<time>2021-12-01T13:24:43Z</time>
			</trkpt>
			<trkpt lat="37.126511" lon="-104.602593">
				<ele>1911.416149</ele>
				<time>2021-12-01T13:25:05Z</time>
			</trkpt>
			<trkpt lat="37.127368" lon="-104.602345">
				<ele>1911.058893</ele>
				<time>2021-12-01T13:25:27Z</time>
			</trkpt>
			<trkpt lat="37.128225" lon="-104.602098">
				<ele>1908.748038</ele>
				<time>2021-12-01T13:25:50Z</time>
			</trkpt>
			<trkpt lat="37.128309" lon="-104.601003">
				<ele>1906.358901</ele>
				<time>2021-12-01T13:26:13Z</time>
			</trkpt>
			<trkpt lat="37.128394" lon="-104.599908">
				<ele>1903.811871</ele>
				<time>2021-12-01T13:26:35Z</time>
			</trkpt>
			<trkpt lat="37.128478" lon="-104.598814">
				<ele>1902.97086</ele>
				<time>2021-12-01T13:26:58Z</time>
			</trkpt>
			<trkpt lat="37.128563" lon="-104.59772">
				<ele>1906.160799</ele>
				<time>2021-12-01T13:27:21Z</time>
			</trkpt>
			<trkpt lat="37.128647" lon="-104.596625">
				<ele>1909.502683</ele>
				<time>2021-12-01T13:27:44Z</time>
			</trkpt>
			<trkpt lat="37.128738" lon="-104.595534">
				<ele>1913.293672</ele>
				<time>2021-12-01T13:28:06Z</time>
			</trkpt>
			<trkpt lat="37.128738" lon="-104.595534">
				<ele>1913.293672</ele>
				<time>2021-12-01T13:28:06Z</time>
			</trkpt>
			<trkpt lat="37.128731" lon="-104.595531">
				<ele>1913.325737</ele>
				<time>2021-12-01T13:28:06Z</time>
			</trkpt>
			<trkpt lat="37.128951" lon="-104.59459">
				<ele>1916.368003</ele>
				<time>2021-12-01T13:28:27Z</time>
			</trkpt>
			<trkpt lat="37.129172" lon="-104.59365">
				<ele>1916.379628</ele>
				<time>2021-12-01T13:28:47Z</time>
			</trkpt>
			<trkpt lat="37.129393" lon="-104.592709">
				<ele>1916.391265</ele>
				<time>2021-12-01T13:29:07Z</time>
			</trkpt>
			<trkpt lat="37.129613" lon="-104.591769">
				<ele>1916.994523</ele>
				<time>2021-12-01T13:29:27Z</time>
			</trkpt>
			<trkpt lat="37.129834" lon="-104.590829">
				<ele>1917.744447</ele>
				<time>2021-12-01T13:29:47Z</time>
			</trkpt>
			<trkpt lat="37.130054" lon="-104.589888">
				<ele>1919.242286</ele>
				<time>2021-12-01T13:30:08Z</time>
			</trkpt>
			<trkpt lat="37.130296" lon="-104.588955">
				<ele>1921.489742</ele>
				<time>2021-12-01T13:30:28Z</time>
			</trkpt>
			<trkpt lat="37.130296" lon="-104.588955">
				<ele>1921.489742</ele>
				<time>2021-12-01T13:30:28Z</time>
			</trkpt>
			<trkpt lat="37.130274" lon="-104.588948">
				<ele>1921.554954</ele>
				<time>2021-12-01T13:30:28Z</time>
			</trkpt>
			<trkpt lat="37.130427" lon="-104.587877">
				<ele>1923.880408</ele>
				<time>2021-12-01T13:30:51Z</time>
			</trkpt>
			<trkpt lat="37.130579" lon="-104.586805">
				<ele>1925.826484</ele>
				<time>2021-12-01T13:31:13Z</time>
			</trkpt>
			<trkpt lat="37.130732" lon="-104.585734">
				<ele>1926.379296</ele>
				<time>2021-12-01T13:31:36Z</time>
			</trkpt>
			<trkpt lat="37.130885" lon="-104.584663">
				<ele>1922.325777</ele>
				<time>2021-12-01T13:31:58Z</time>
			</trkpt>
			<trkpt lat="37.131037" lon="-104.583591">
				<ele>1918.242955</ele>
				<time>2021-12-01T13:32:21Z</time>
			</trkpt>
			<trkpt lat="37.13119" lon="-104.58252">
				<ele>1914.023322</ele>
				<time>2021-12-01T13:32:43Z</time>
			</trkpt>
			<trkpt lat="37.131343" lon="-104.581449">
				<ele>1910.05373</ele>
				<time>2021-12-01T13:33:06Z</time>
			</trkpt>
			<trkpt lat="37.131394" lon="-104.580387">
				<ele>1908.775744</ele>
				<time>2021-12-01T13:33:28Z</time>
			</trkpt>
			<trkpt lat="37.131445" lon="-104.579325">
				<ele>1907.497759</ele>
				<time>2021-12-01T13:33:50Z</time>
			</trkpt>
			<trkpt lat="37.131495" lon="-104.578262">
				<ele>1911.836728</ele>
				<time>2021-12-01T13:34:12Z</time>
			</trkpt>
			<trkpt lat="37.131546" lon="-104.5772">
				<ele>1916.361554</ele>
				<time>2021-12-01T13:34:33Z</time>
			</trkpt>
			<trkpt lat="37.131596" lon="-104.576138">
				<ele>1921.782037</ele>
				<time>2021-12-01T13:34:55Z</time>
			</trkpt>
			<trkpt lat="37.131647" lon="-104.575076">
				<ele>1927.363943</ele>
				<time>2021-12-01T13:35:17Z</time>
			</trkpt>
			<trkpt lat="37.131697" lon="-104.574014">
				<ele>1929.037787</ele>
				<time>2021-12-01T13:35:39Z</time>
			</trkpt>
			<trkpt lat="37.131748" lon="-104.572951">
				<ele>1929.244954</ele>
				<time>2021-12-01T13:36:01Z</time>
			</trkpt>
			<trkpt lat="37.131798" lon="-104.571889">
				<ele>1927.717087</ele>
				<time>2021-12-01T13:36:23Z</time>
			</trkpt>
			<trkpt lat="37.131824" lon="-104.571326">
				<ele>1926.312814</ele>
				<time>2021-12-01T13:36:35Z</time>
			</trkpt>
			<trkpt lat="37.13156" lon="-104.570268">
				<ele>1923.664739</ele>
				<time>2021-12-01T13:36:58Z</time>
			</trkpt>
			<trkpt lat="37.131297" lon="-104.56921">
				<ele>1922.893143</ele>
				<time>2021-12-01T13:37:21Z</time>
			</trkpt>
			<trkpt lat="37.131033" lon="-104.568153">
				<ele>1922.125725</ele>
				<time>2021-12-01T13:37:43Z</time>
			</trkpt>
			<trkpt lat="37.13077" lon="-104.567095">
				<ele>1921.539777</ele>
				<time>2021-12-01T13:38:06Z</time>
			</trkpt>
			<trkpt lat="37.130507" lon="-104.566037">
				<ele>1920.953828</ele>
				<time>2021-12-01T13:38:29Z</time>
			</trkpt>
			<trkpt lat="37.130815" lon="-104.565204">
				<ele>1920.1029</ele>
				<time>2021-12-01T13:38:48Z</time>
			</trkpt>
			<trkpt lat="37.131123" lon="-104.564372">
				<ele>1919.245921</ele>
				<time>2021-12-01T13:39:07Z</time>
			</trkpt>
			<trkpt lat="37.13143" lon="-104.563539">
				<ele>1920.031324</ele>
				<time>2021-12-01T13:39:26Z</time>
			</trkpt>
			<trkpt lat="37.131738" lon="-104.562707">
				<ele>1922.312529</ele>
				<time>2021-12-01T13:39:45Z</time>
			</trkpt>
			<trkpt lat="37.132046" lon="-104.561875">
				<ele>1924.346368</ele>
				<time>2021-12-01T13:40:04Z</time>
			</trkpt>
			<trkpt lat="37.132681" lon="-104.561214">
				<ele>1922.563509</ele>
				<time>2021-12-01T13:40:25Z</time>
			</trkpt>
			<trkpt lat="37.133319" lon="-104.560529">
				<ele>1920.749058</ele>
				<time>2021-12-01T13:40:47Z</time>
			</trkpt>
			<trkpt lat="37.133528" lon="-104.559441">
				<ele>1916.105699</ele>
				<time>2021-12-01T13:41:11Z</time>
			</trkpt>
			<trkpt lat="37.133829" lon="-104.55873">
				<ele>1912.55508</ele>
				<time>2021-12-01T13:41:29Z</time>
			</trkpt>
			<trkpt lat="37.1339" lon="-104.558446">
				<ele>1911.242342</ele>
				<time>2021-12-01T13:41:36Z</time>
			</trkpt>
			<trkpt lat="37.13408" lon="-104.557158">
				<ele>1909.740247</ele>
				<time>2021-12-01T13:42:10Z</time>
			</trkpt>
			<trkpt lat="37.134056" lon="-104.556831">
				<ele>1909.494747</ele>
				<time>2021-12-01T13:42:20Z</time>
			</trkpt>
			<trkpt lat="37.133883" lon="-104.55632">
				<ele>1909.0797</ele>
				<time>2021-12-01T13:42:39Z</time>
			</trkpt>
			<trkpt lat="37.133802" lon="-104.555691">
				<ele>1909.480513</ele>
				<time>2021-12-01T13:43:01Z</time>
			</trkpt>
			<trkpt lat="37.133806" lon="-104.55553">
				<ele>1909.689418</ele>
				<time>2021-12-01T13:43:07Z</time>
			</trkpt>
			<trkpt lat="37.133857" lon="-104.55538">
				<ele>1909.900909</ele>
				<time>2021-12-01T13:43:13Z</time>
			</trkpt>
			<trkpt lat="37.133932" lon="-104.555283">
				<ele>1910.076157</ele>
				<time>2021-12-01T13:43:18Z</time>
			</trkpt>
			<trkpt lat="37.134719" lon="-104.554693">
				<ele>1911.567668</ele>
				<time>2021-12-01T13:44:00Z</time>
			</trkpt>
			<trkpt lat="37.13486" lon="-104.554465">
				<ele>1911.898384</ele>
				<time>2021-12-01T13:44:11Z</time>
			</trkpt>
			<trkpt lat="37.134907" lon="-104.554291">
				<ele>1912.023701</ele>
				<time>2021-12-01T13:44:18Z</time>
			</trkpt>
			<trkpt lat="37.134939" lon="-104.553717">
				<ele>1912.416193</ele>
				<time>2021-12-01T13:44:38Z</time>
			</trkpt>
			<trkpt lat="37.134856" lon="-104.553452">
				<ele>1912.610405</ele>
				<time>2021-12-01T13:44:47Z</time>
			</trkpt>
			<trkpt lat="37.134364" lon="-104.553079">
				<ele>1913.102289</ele>
				<time>2021-12-01T13:45:10Z</time>
			</trkpt>
			<trkpt lat="37.134317" lon="-104.552829">
				<ele>1913.277497</ele>
				<time>2021-12-01T13:45:17Z</time>
			</trkpt>
			<trkpt lat="37.134368" lon="-104.552733">
				<ele>1913.356189</ele>
				<time>2021-12-01T13:45:21Z</time>
			</trkpt>
			<trkpt lat="37.134676" lon="-104.552424">
				<ele>1913.236624</ele>
				<time>2021-12-01T13:45:36Z</time>
			</trkpt>
			<trkpt lat="37.134796" lon="-104.552245">
				<ele>1913.156774</ele>
				<time>2021-12-01T13:45:43Z</time>
			</trkpt>
			<trkpt lat="37.134967" lon="-104.551534">
				<ele>1912.903218</ele>
				<time>2021-12-01T13:46:05Z</time>
			</trkpt>
			<trkpt lat="37.134991" lon="-104.551277">
				<ele>1912.814873</ele>
				<time>2021-12-01T13:46:12Z</time>
			</trkpt>
			<trkpt lat="37.134922" lon="-104.550603">
				<ele>1912.48251</ele>
				<time>2021-12-01T13:46:30Z</time>
			</trkpt>
			<trkpt lat="37.134929" lon="-104.550353">
				<ele>1912.158404</ele>
				<time>2021-12-01T13:46:37Z</time>
			</trkpt>
			<trkpt lat="37.135027" lon="-104.549946">
				<ele>1911.607558</ele>
				<time>2021-12-01T13:46:48Z</time>
			</trkpt>
			<trkpt lat="37.135202" lon="-104.549592">
				<ele>1911.067884</ele>
				<time>2021-12-01T13:46:59Z</time>
			</trkpt>
			<trkpt lat="37.135281" lon="-104.549332">
				<ele>1910.707385</ele>
				<time>2021-12-01T13:47:07Z</time>
			</trkpt>
			<trkpt lat="37.135328" lon="-104.549039">
				<ele>1910.320161</ele>
				<time>2021-12-01T13:47:14Z</time>
			</trkpt>
			<trkpt lat="37.13536" lon="-104.5483">
				<ele>1909.158142</ele>
				<time>2021-12-01T13:47:34Z</time>
			</trkpt>
			<trkpt lat="37.135335" lon="-104.548053">
				<ele>1908.63956</ele>
				<time>2021-12-01T13:47:40Z</time>
			</trkpt>
			<trkpt lat="37.135277" lon="-104.547838">
				<ele>1908.166814</ele>
				<time>2021-12-01T13:47:46Z</time>
			</trkpt>
			<trkpt lat="37.135192" lon="-104.547695">
				<ele>1907.795297</ele>
				<time>2021-12-01T13:47:50Z</time>
			</trkpt>
			<trkpt lat="37.134798" lon="-104.547344">
				<ele>1906.532738</ele>
				<time>2021-12-01T13:48:05Z</time>
			</trkpt>
			<trkpt lat="37.134736" lon="-104.547199">
				<ele>1906.190033</ele>
				<time>2021-12-01T13:48:09Z</time>
			</trkpt>
			<trkpt lat="37.13473" lon="-104.547089">
				<ele>1905.960387</ele>
				<time>2021-12-01T13:48:12Z</time>
			</trkpt>
			<trkpt lat="37.134745" lon="-104.546993">
				<ele>1905.756632</ele>
				<time>2021-12-01T13:48:14Z</time>
			</trkpt>
			<trkpt lat="37.1348" lon="-104.546888">
				<ele>1905.494954</ele>
				<time>2021-12-01T13:48:18Z</time>
			</trkpt>
			<trkpt lat="37.135273" lon="-104.546582">
				<ele>1904.404208</ele>
				<time>2021-12-01T13:48:35Z</time>
			</trkpt>
			<trkpt lat="37.134805" lon="-104.544748">
				<ele>1901.823117</ele>
				<time>2021-12-01T13:49:26Z</time>
			</trkpt>
			<trkpt lat="37.134334" lon="-104.543343">
				<ele>1900.995781</ele>
				<time>2021-12-01T13:50:08Z</time>
			</trkpt>
			<trkpt lat="37.13359" lon="-104.540952">
				<ele>1900.916862</ele>
				<time>2021-12-01T13:51:23Z</time>
			</trkpt>
			<trkpt lat="37.132358" lon="-104.538082">
				<ele>1905.008516</ele>
				<time>2021-12-01T13:53:19Z</time>
			</trkpt>
			<trkpt lat="37.132354" lon="-104.537987">
				<ele>1905.230627</ele>
				<time>2021-12-01T13:53:22Z</time>
			</trkpt>
			<trkpt lat="37.132384" lon="-104.537881">
				<ele>1905.493243</ele>
				<time>2021-12-01T13:53:26Z</time>
			</trkpt>
			<trkpt lat="37.132442" lon="-104.537763">
				<ele>1905.816896</ele>
				<time>2021-12-01T13:53:31Z</time>
			</trkpt>
			<trkpt lat="37.132525" lon="-104.537691">
				<ele>1906.112431</ele>
				<time>2021-12-01T13:53:35Z</time>
			</trkpt>
			<trkpt lat="37.132752" lon="-104.537618">
				<ele>1906.798709</ele>
				<time>2021-12-01T13:53:48Z</time>
			</trkpt>
			<trkpt lat="37.132983" lon="-104.537586">
				<ele>1907.479314</ele>
				<time>2021-12-01T13:54:00Z</time>
			</trkpt>
			<trkpt lat="37.133192" lon="-104.537594">
				<ele>1908.091664</ele>
				<time>2021-12-01T13:54:13Z</time>
			</trkpt>
			<trkpt lat="37.13328" lon="-104.537622">
				<ele>1908.357537</ele>
				<time>2021-12-01T13:54:18Z</time>
			</trkpt>
			<trkpt lat="37.133427" lon="-104.537739">
				<ele>1908.97986</ele>
				<time>2021-12-01T13:54:30Z</time>
			</trkpt>
			<trkpt lat="37.133733" lon="-104.53829">
				<ele>1911.534374</ele>
				<time>2021-12-01T13:55:06Z</time>
			</trkpt>
			<trkpt lat="37.133813" lon="-104.538171">
				<ele>1912.126532</ele>
				<time>2021-12-01T13:55:13Z</time>
			</trkpt>
			<trkpt lat="37.134182" lon="-104.537619">
				<ele>1914.866916</ele>
				<time>2021-12-01T13:55:44Z</time>
			</trkpt>
			<trkpt lat="37.134566" lon="-104.537046">
				<ele>1917.446093</ele>
				<time>2021-12-01T13:56:15Z</time>
			</trkpt>
			<trkpt lat="37.133135" lon="-104.535965">
				<ele>1920.59046</ele>
				<time>2021-12-01T13:57:07Z</time>
			</trkpt>
			<trkpt lat="37.13292" lon="-104.535741">
				<ele>1920.573383</ele>
				<time>2021-12-01T13:57:13Z</time>
			</trkpt>
			<trkpt lat="37.13274" lon="-104.535516">
				<ele>1920.48651</ele>
				<time>2021-12-01T13:57:18Z</time>
			</trkpt>
			<trkpt lat="37.131873" lon="-104.533934">
				<ele>1919.678115</ele>
				<time>2021-12-01T13:57:50Z</time>
			</trkpt>
			<trkpt lat="37.13168" lon="-104.533678">
				<ele>1919.234074</ele>
				<time>2021-12-01T13:57:56Z</time>
			</trkpt>
			<trkpt lat="37.134386" lon="-104.534051">
				<ele>1914.4724</ele>
				<time>2021-12-01T13:59:24Z</time>
			</trkpt>
			<trkpt lat="37.134685" lon="-104.534115">
				<ele>1913.896018</ele>
				<time>2021-12-01T13:59:34Z</time>
			</trkpt>
			<trkpt lat="37.135087" lon="-104.534373">
				<ele>1913.068318</ele>
				<time>2021-12-01T13:59:50Z</time>
			</trkpt>
			<trkpt lat="37.135301" lon="-104.534587">
				<ele>1912.569522</ele>
				<time>2021-12-01T13:59:59Z</time>
			</trkpt>
			<trkpt lat="37.13547" lon="-104.534836">
				<ele>1912.094382</ele>
				<time>2021-12-01T14:00:08Z</time>
			</trkpt>
			<trkpt lat="37.135609" lon="-104.53507">
				<ele>1911.670388</ele>
				<time>2021-12-01T14:00:15Z</time>
			</trkpt>
			<trkpt lat="37.135746" lon="-104.53537">
				<ele>1911.168055</ele>
				<time>2021-12-01T14:00:24Z</time>
			</trkpt>
			<trkpt lat="37.135971" lon="-104.536036">
				<ele>1909.636734</ele>
				<time>2021-12-01T14:00:43Z</time>
			</trkpt>
			<trkpt lat="37.136074" lon="-104.536455">
				<ele>1908.206219</ele>
				<time>2021-12-01T14:00:53Z</time>
			</trkpt>
			<trkpt lat="37.136134" lon="-104.536605">
				<ele>1907.658692</ele>
				<time>2021-12-01T14:00:58Z</time>
			</trkpt>
			<trkpt lat="37.136271" lon="-104.536841">
				<ele>1906.706232</ele>
				<time>2021-12-01T14:01:05Z</time>
			</trkpt>
			<trkpt lat="37.136775" lon="-104.537281">
				<ele>1904.193265</ele>
				<time>2021-12-01T14:01:22Z</time>
			</trkpt>
			<trkpt lat="37.137263" lon="-104.537614">
				<ele>1901.379508</ele>
				<time>2021-12-01T14:01:38Z</time>
			</trkpt>
			<trkpt lat="37.137733" lon="-104.537892">
				<ele>1898.312855</ele>
				<time>2021-12-01T14:01:52Z</time>
			</trkpt>
			<trkpt lat="37.137964" lon="-104.537967">
				<ele>1896.904659</ele>
				<time>2021-12-01T14:01:59Z</time>
			</trkpt>
			<trkpt lat="37.138221" lon="-104.53801">
				<ele>1895.374512</ele>
				<time>2021-12-01T14:02:06Z</time>
			</trkpt>
			<trkpt lat="37.139469" lon="-104.538096">
				<ele>1888.385305</ele>
				<time>2021-12-01T14:02:42Z</time>
			</trkpt>
			<trkpt lat="37.139623" lon="-104.538225">
				<ele>1887.38587</ele>
				<time>2021-12-01T14:02:47Z</time>
			</trkpt>
			<trkpt lat="37.139812" lon="-104.538643">
				<ele>1885.318305</ele>
				<time>2021-12-01T14:02:58Z</time>
			</trkpt>
			<trkpt lat="37.139948" lon="-104.538794">
				<ele>1884.33808</ele>
				<time>2021-12-01T14:03:03Z</time>
			</trkpt>
			<trkpt lat="37.140179" lon="-104.538879">
				<ele>1883.038808</ele>
				<time>2021-12-01T14:03:10Z</time>
			</trkpt>
			<trkpt lat="37.140812" lon="-104.53904">
				<ele>1880.405165</ele>
				<time>2021-12-01T14:03:29Z</time>
			</trkpt>
			<trkpt lat="37.141445" lon="-104.539148">
				<ele>1877.856889</ele>
				<time>2021-12-01T14:03:48Z</time>
			</trkpt>
			<trkpt lat="37.14183" lon="-104.539191">
				<ele>1876.315055</ele>
				<time>2021-12-01T14:03:59Z</time>
			</trkpt>
			<trkpt lat="37.14224" lon="-104.539201">
				<ele>1875.227071</ele>
				<time>2021-12-01T14:04:12Z</time>
			</trkpt>
			<trkpt lat="37.142959" lon="-104.539137">
				<ele>1873.983329</ele>
				<time>2021-12-01T14:04:36Z</time>
			</trkpt>
			<trkpt lat="37.14396" lon="-104.538997">
				<ele>1872.369664</ele>
				<time>2021-12-01T14:05:10Z</time>
			</trkpt>
			<trkpt lat="37.144548" lon="-104.538838">
				<ele>1871.767837</ele>
				<time>2021-12-01T14:05:32Z</time>
			</trkpt>
			<trkpt lat="37.144619" lon="-104.538799">
				<ele>1871.690288</ele>
				<time>2021-12-01T14:05:35Z</time>
			</trkpt>
			<trkpt lat="37.144858" lon="-104.538671">
				<ele>1871.430281</ele>
				<time>2021-12-01T14:05:44Z</time>
			</trkpt>
			<trkpt lat="37.145511" lon="-104.538609">
				<ele>1870.775063</ele>
				<time>2021-12-01T14:06:06Z</time>
			</trkpt>
			<trkpt lat="37.145665" lon="-104.538628">
				<ele>1870.406043</ele>
				<time>2021-12-01T14:06:11Z</time>
			</trkpt>
			<trkpt lat="37.145881" lon="-104.538707">
				<ele>1869.783409</ele>
				<time>2021-12-01T14:06:19Z</time>
			</trkpt>
			<trkpt lat="37.146064" lon="-104.538833">
				<ele>1869.205726</ele>
				<time>2021-12-01T14:06:25Z</time>
			</trkpt>
			<trkpt lat="37.146315" lon="-104.539064">
				<ele>1868.344259</ele>
				<time>2021-12-01T14:06:35Z</time>
			</trkpt>
			<trkpt lat="37.146494" lon="-104.539332">
				<ele>1867.572989</ele>
				<time>2021-12-01T14:06:43Z</time>
			</trkpt>
			<trkpt lat="37.146939" lon="-104.540287">
				<ele>1865.431373</ele>
				<time>2021-12-01T14:07:10Z</time>
			</trkpt>
			<trkpt lat="37.14705" lon="-104.540437">
				<ele>1865.193415</ele>
				<time>2021-12-01T14:07:15Z</time>
			</trkpt>
			<trkpt lat="37.147178" lon="-104.540544">
				<ele>1864.969071</ele>
				<time>2021-12-01T14:07:20Z</time>
			</trkpt>
			<trkpt lat="37.147857" lon="-104.540723">
				<ele>1863.957079</ele>
				<time>2021-12-01T14:07:43Z</time>
			</trkpt>
			<trkpt lat="37.148061" lon="-104.540702">
				<ele>1863.658532</ele>
				<time>2021-12-01T14:07:50Z</time>
			</trkpt>
			<trkpt lat="37.148192" lon="-104.540625">
				<ele>1863.44753</ele>
				<time>2021-12-01T14:07:55Z</time>
			</trkpt>
			<trkpt lat="37.148277" lon="-104.540511">
				<ele>1863.266047</ele>
				<time>2021-12-01T14:08:00Z</time>
			</trkpt>
			<trkpt lat="37.148518" lon="-104.540124">
				<ele>1864.225862</ele>
				<time>2021-12-01T14:08:18Z</time>
			</trkpt>
			<trkpt lat="37.148774" lon="-104.539641">
				<ele>1865.868533</ele>
				<time>2021-12-01T14:08:43Z</time>
			</trkpt>
			<trkpt lat="37.149005" lon="-104.538922">
				<ele>1868.063932</ele>
				<time>2021-12-01T14:09:20Z</time>
			</trkpt>
			<trkpt lat="37.149202" lon="-104.538547">
				<ele>1869.335845</ele>
				<time>2021-12-01T14:09:42Z</time>
			</trkpt>
			<trkpt lat="37.149407" lon="-104.538279">
				<ele>1870.340118</ele>
				<time>2021-12-01T14:10:01Z</time>
			</trkpt>
			<trkpt lat="37.150017" lon="-104.537648">
				<ele>1872.992852</ele>
				<time>2021-12-01T14:10:47Z</time>
			</trkpt>
			<trkpt lat="37.150112" lon="-104.53753">
				<ele>1873.4414</ele>
				<time>2021-12-01T14:10:55Z</time>
			</trkpt>
			<trkpt lat="37.150373" lon="-104.537163">
				<ele>1874.756794</ele>
				<time>2021-12-01T14:11:15Z</time>
			</trkpt>
			<trkpt lat="37.151247" lon="-104.535782">
				<ele>1874.400047</ele>
				<time>2021-12-01T14:12:08Z</time>
			</trkpt>
			<trkpt lat="37.151793" lon="-104.53492">
				<ele>1873.212725</ele>
				<time>2021-12-01T14:12:34Z</time>
			</trkpt>
			<trkpt lat="37.152075" lon="-104.534577">
				<ele>1872.32147</ele>
				<time>2021-12-01T14:12:46Z</time>
			</trkpt>
			<trkpt lat="37.152409" lon="-104.534341">
				<ele>1871.451632</ele>
				<time>2021-12-01T14:12:59Z</time>
			</trkpt>
			<trkpt lat="37.15252" lon="-104.534202">
				<ele>1871.09576</ele>
				<time>2021-12-01T14:13:04Z</time>
			</trkpt>
			<trkpt lat="37.152545" lon="-104.534094">
				<ele>1870.892358</ele>
				<time>2021-12-01T14:13:07Z</time>
			</trkpt>
			<trkpt lat="37.152528" lon="-104.533966">
				<ele>1870.657663</ele>
				<time>2021-12-01T14:13:10Z</time>
			</trkpt>
			<trkpt lat="37.152451" lon="-104.533869">
				<ele>1870.410059</ele>
				<time>2021-12-01T14:13:14Z</time>
			</trkpt>
			<trkpt lat="37.152366" lon="-104.533805">
				<ele>1870.185111</ele>
				<time>2021-12-01T14:13:17Z</time>
			</trkpt>
			<trkpt lat="37.152032" lon="-104.533687">
				<ele>1869.67895</ele>
				<time>2021-12-01T14:13:29Z</time>
			</trkpt>
			<trkpt lat="37.151972" lon="-104.533644">
				<ele>1869.67665</ele>
				<time>2021-12-01T14:13:31Z</time>
			</trkpt>
			<trkpt lat="37.151947" lon="-104.53344">
				<ele>1869.671175</ele>
				<time>2021-12-01T14:13:37Z</time>
			</trkpt>
			<trkpt lat="37.151964" lon="-104.533354">
				<ele>1869.668825</ele>
				<time>2021-12-01T14:13:39Z</time>
			</trkpt>
			<trkpt lat="37.152007" lon="-104.533268">
				<ele>1869.666132</ele>
				<time>2021-12-01T14:13:42Z</time>
			</trkpt>
			<trkpt lat="37.152357" lon="-104.53285">
				<ele>1869.650051</ele>
				<time>2021-12-01T14:14:01Z</time>
			</trkpt>
			<trkpt lat="37.152742" lon="-104.532228">
				<ele>1869.629162</ele>
				<time>2021-12-01T14:14:28Z</time>
			</trkpt>
			<trkpt lat="37.153067" lon="-104.531541">
				<ele>1869.08305</ele>
				<time>2021-12-01T14:14:52Z</time>
			</trkpt>
			<trkpt lat="37.153409" lon="-104.530704">
				<ele>1868.202495</ele>
				<time>2021-12-01T14:15:17Z</time>
			</trkpt>
			<trkpt lat="37.15364" lon="-104.530329">
				<ele>1867.758796</ele>
				<time>2021-12-01T14:15:29Z</time>
			</trkpt>
			<trkpt lat="37.154581" lon="-104.528934">
				<ele>1865.35203</ele>
				<time>2021-12-01T14:16:17Z</time>
			</trkpt>
			<trkpt lat="37.155153" lon="-104.528172">
				<ele>1864.16038</ele>
				<time>2021-12-01T14:16:45Z</time>
			</trkpt>
			<trkpt lat="37.155402" lon="-104.527915">
				<ele>1863.893575</ele>
				<time>2021-12-01T14:16:57Z</time>
			</trkpt>
			<trkpt lat="37.155974" lon="-104.527421">
				<ele>1863.318953</ele>
				<time>2021-12-01T14:17:23Z</time>
			</trkpt>
			<trkpt lat="37.156693" lon="-104.526745">
				<ele>1861.249922</ele>
				<time>2021-12-01T14:17:53Z</time>
			</trkpt>
			<trkpt lat="37.157677" lon="-104.525645">
				<ele>1855.76525</ele>
				<time>2021-12-01T14:18:31Z</time>
			</trkpt>
			<trkpt lat="37.158404" lon="-104.524701">
				<ele>1851.416953</ele>
				<time>2021-12-01T14:19:01Z</time>
			</trkpt>
			<trkpt lat="37.158702" lon="-104.524299">
				<ele>1849.598602</ele>
				<time>2021-12-01T14:19:14Z</time>
			</trkpt>
			<trkpt lat="37.15877" lon="-104.524106">
				<ele>1848.899704</ele>
				<time>2021-12-01T14:19:19Z</time>
			</trkpt>
			<trkpt lat="37.158813" lon="-104.523837">
				<ele>1847.991029</ele>
				<time>2021-12-01T14:19:26Z</time>
			</trkpt>
			<trkpt lat="37.158796" lon="-104.523409">
				<ele>1848.244836</ele>
				<time>2021-12-01T14:19:37Z</time>
			</trkpt>
			<trkpt lat="37.158873" lon="-104.522947">
				<ele>1848.587202</ele>
				<time>2021-12-01T14:19:51Z</time>
			</trkpt>
			<trkpt lat="37.158839" lon="-104.522014">
				<ele>1849.264668</ele>
				<time>2021-12-01T14:20:24Z</time>
			</trkpt>
			<trkpt lat="37.158711" lon="-104.52137">
				<ele>1850.370181</ele>
				<time>2021-12-01T14:20:53Z</time>
			</trkpt>
			<trkpt lat="37.158522" lon="-104.520919">
				<ele>1852.139229</ele>
				<time>2021-12-01T14:21:18Z</time>
			</trkpt>
			<trkpt lat="37.158351" lon="-104.520673">
				<ele>1853.272511</ele>
				<time>2021-12-01T14:21:34Z</time>
			</trkpt>
			<trkpt lat="37.158155" lon="-104.520372">
				<ele>1854.621981</ele>
				<time>2021-12-01T14:21:53Z</time>
			</trkpt>
			<trkpt lat="37.15795" lon="-104.52005">
				<ele>1856.052807</ele>
				<time>2021-12-01T14:22:13Z</time>
			</trkpt>
			<trkpt lat="37.157853" lon="-104.519825">
				<ele>1856.940931</ele>
				<time>2021-12-01T14:22:26Z</time>
			</trkpt>
			<trkpt lat="37.157785" lon="-104.519556">
				<ele>1857.600235</ele>
				<time>2021-12-01T14:22:39Z</time>
			</trkpt>
			<trkpt lat="37.157742" lon="-104.51925">
				<ele>1857.993168</ele>
				<time>2021-12-01T14:22:53Z</time>
			</trkpt>
			<trkpt lat="37.157737" lon="-104.518955">
				<ele>1858.366306</ele>
				<time>2021-12-01T14:23:05Z</time>
			</trkpt>
			<trkpt lat="37.157764" lon="-104.518403">
				<ele>1859.065671</ele>
				<time>2021-12-01T14:23:21Z</time>
			</trkpt>
			<trkpt lat="37.157786" lon="-104.518233">
				<ele>1859.283466</ele>
				<time>2021-12-01T14:23:25Z</time>
			</trkpt>
			<trkpt lat="37.157826" lon="-104.518051">
				<ele>1859.522212</ele>
				<time>2021-12-01T14:23:29Z</time>
			</trkpt>
			<trkpt lat="37.15788" lon="-104.517921">
				<ele>1859.707598</ele>
				<time>2021-12-01T14:23:32Z</time>
			</trkpt>
			<trkpt lat="37.160186" lon="-104.515926">
				<ele>1854.120856</ele>
				<time>2021-12-01T14:24:22Z</time>
			</trkpt>
			<trkpt lat="37.160677" lon="-104.515558">
				<ele>1852.320361</ele>
				<time>2021-12-01T14:24:32Z</time>
			</trkpt>
			<trkpt lat="37.161225" lon="-104.515246">
				<ele>1850.400412</ele>
				<time>2021-12-01T14:24:42Z</time>
			</trkpt>
			<trkpt lat="37.161344" lon="-104.515148">
				<ele>1849.791696</ele>
				<time>2021-12-01T14:24:44Z</time>
			</trkpt>
			<trkpt lat="37.161373" lon="-104.515054">
				<ele>1849.448168</ele>
				<time>2021-12-01T14:24:45Z</time>
			</trkpt>
			<trkpt lat="37.161539" lon="-104.514998">
				<ele>1848.713061</ele>
				<time>2021-12-01T14:24:48Z</time>
			</trkpt>
			<trkpt lat="37.163025" lon="-104.513895">
				<ele>1841.566132</ele>
				<time>2021-12-01T14:25:18Z</time>
			</trkpt>
			<trkpt lat="37.164143" lon="-104.513277">
				<ele>1837.179142</ele>
				<time>2021-12-01T14:25:39Z</time>
			</trkpt>
			<trkpt lat="37.166197" lon="-104.512301">
				<ele>1831.97652</ele>
				<time>2021-12-01T14:26:20Z</time>
			</trkpt>
			<trkpt lat="37.166575" lon="-104.512203">
				<ele>1831.537163</ele>
				<time>2021-12-01T14:26:28Z</time>
			</trkpt>
			<trkpt lat="37.167127" lon="-104.512127">
				<ele>1830.90506</ele>
				<time>2021-12-01T14:26:39Z</time>
			</trkpt>
			<trkpt lat="37.167193" lon="-104.512091">
				<ele>1830.823143</ele>
				<time>2021-12-01T14:26:41Z</time>
			</trkpt>
			<trkpt lat="37.167547" lon="-104.511601">
				<ele>1830.223211</ele>
				<time>2021-12-01T14:26:52Z</time>
			</trkpt>
			<trkpt lat="37.16762" lon="-104.511419">
				<ele>1830.118817</ele>
				<time>2021-12-01T14:26:56Z</time>
			</trkpt>
			<trkpt lat="37.167633" lon="-104.511316">
				<ele>1830.120035</ele>
				<time>2021-12-01T14:26:58Z</time>
			</trkpt>
			<trkpt lat="37.167665" lon="-104.511082">
				<ele>1830.122809</ele>
				<time>2021-12-01T14:27:03Z</time>
			</trkpt>
			<trkpt lat="37.167867" lon="-104.510791">
				<ele>1830.127319</ele>
				<time>2021-12-01T14:27:10Z</time>
			</trkpt>
			<trkpt lat="37.168123" lon="-104.510173">
				<ele>1830.135457</ele>
				<time>2021-12-01T14:27:24Z</time>
			</trkpt>
			<trkpt lat="37.168145" lon="-104.510044">
				<ele>1830.136999</ele>
				<time>2021-12-01T14:27:26Z</time>
			</trkpt>
			<trkpt lat="37.168133" lon="-104.509983">
				<ele>1830.137733</ele>
				<time>2021-12-01T14:27:28Z</time>
			</trkpt>
			<trkpt lat="37.168072" lon="-104.509891">
				<ele>1830.139131</ele>
				<time>2021-12-01T14:27:30Z</time>
			</trkpt>
			<trkpt lat="37.168321" lon="-104.509662">
				<ele>1830.143658</ele>
				<time>2021-12-01T14:27:37Z</time>
			</trkpt>
			<trkpt lat="37.168524" lon="-104.509477">
				<ele>1830.144168</ele>
				<time>2021-12-01T14:27:42Z</time>
			</trkpt>
			<trkpt lat="37.168586" lon="-104.509391">
				<ele>1830.144168</ele>
				<time>2021-12-01T14:27:44Z</time>
			</trkpt>
			<trkpt lat="37.168806" lon="-104.509281">
				<ele>1830.144168</ele>
				<time>2021-12-01T14:27:49Z</time>
			</trkpt>
			<trkpt lat="37.16889" lon="-104.509241">
				<ele>1830.144168</ele>
				<time>2021-12-01T14:27:51Z</time>
			</trkpt>
			<trkpt lat="37.168915" lon="-104.509192">
				<ele>1830.144168</ele>
				<time>2021-12-01T14:27:52Z</time>
			</trkpt>
			<trkpt lat="37.169001" lon="-104.509168">
				<ele>1830.144168</ele>
				<time>2021-12-01T14:27:53Z</time>
			</trkpt>
			<trkpt lat="37.169395" lon="-104.5091">
				<ele>1830.144168</ele>
				<time>2021-12-01T14:28:01Z</time>
			</trkpt>
			<trkpt lat="37.169541" lon="-104.509104">
				<ele>1830.144168</ele>
				<time>2021-12-01T14:28:04Z</time>
			</trkpt>
			<trkpt lat="37.16966" lon="-104.509108">
				<ele>1830.144168</ele>
				<time>2021-12-01T14:28:07Z</time>
			</trkpt>
			<trkpt lat="37.169849" lon="-104.509052">
				<ele>1830.144168</ele>
				<time>2021-12-01T14:28:11Z</time>
			</trkpt>
			<trkpt lat="37.170125" lon="-104.50896">
				<ele>1830.144168</ele>
				<time>2021-12-01T14:28:16Z</time>
			</trkpt>
			<trkpt lat="37.170093" lon="-104.50889">
				<ele>1830.144168</ele>
				<time>2021-12-01T14:28:21Z</time>
			</trkpt>
			<trkpt lat="37.169985" lon="-104.508916">
				<ele>1830.144168</ele>
				<time>2021-12-01T14:28:28Z</time>
			</trkpt>
			<trkpt lat="37.169944" lon="-104.508855">
				<ele>1830.144168</ele>
				<time>2021-12-01T14:28:33Z</time>
			</trkpt>
			<trkpt lat="37.170015" lon="-104.508798">
				<ele>1830.144168</ele>
				<time>2021-12-01T14:28:39Z</time>
			</trkpt>
		</trkseg>
	</trk>
</gpx>