<?xml version="1.0" encoding="UTF-8"?>
<gpx xmlns:xsi="http://www.w3.org/2001/XMLSchema-instance" xsi:schemaLocation="http://www.topografix.com/GPX/1/1 http://www.topografix.com/GPX/1/1/gpx.xsd" xmlns="http://www.topografix.com/GPX/1/1" version="1.1" creator="https://www.komoot.de">
	<metadata>
		<name>nosoco24-0</name>
		<author>
			<link href="https://www.komoot.de">
				<text>komoot</text>
				<type>text/html</type>
			</link>
		</author>
	</metadata>
	<trk>
		<name>nosoco24-0</name>
		<trkseg>
			<trkpt lat="40.595099" lon="-105.082437">
				<ele>1513.841878</ele>
				<time>2021-11-27T17:41:27Z</time>
			</trkpt>
			<trkpt lat="40.595551" lon="-105.082353">
				<ele>1513.841878</ele>
				<time>2021-11-27T17:41:37Z</time>
			</trkpt>
			<trkpt lat="40.595759" lon="-105.082406">
				<ele>1513.841878</ele>
				<time>2021-11-27T17:41:41Z</time>
			</trkpt>
			<trkpt lat="40.596286" lon="-105.082414">
				<ele>1513.811315</ele>
				<time>2021-11-27T17:41:53Z</time>
			</trkpt>
			<trkpt lat="40.596579" lon="-105.082418">
				<ele>1513.781066</ele>
				<time>2021-11-27T17:42:00Z</time>
			</trkpt>
			<trkpt lat="40.597045" lon="-105.082378">
				<ele>1513.732857</ele>
				<time>2021-11-27T17:42:10Z</time>
			</trkpt>
			<trkpt lat="40.597086" lon="-105.082422">
				<ele>1513.727397</ele>
				<time>2021-11-27T17:42:11Z</time>
			</trkpt>
			<trkpt lat="40.597184" lon="-105.082551">
				<ele>1513.713093</ele>
				<time>2021-11-27T17:42:14Z</time>
			</trkpt>
			<trkpt lat="40.5973" lon="-105.082851">
				<ele>1513.686703</ele>
				<time>2021-11-27T17:42:20Z</time>
			</trkpt>
			<trkpt lat="40.597419" lon="-105.083242">
				<ele>1513.658713</ele>
				<time>2021-11-27T17:42:27Z</time>
			</trkpt>
			<trkpt lat="40.597558" lon="-105.083413">
				<ele>1513.6784</ele>
				<time>2021-11-27T17:42:32Z</time>
			</trkpt>
			<trkpt lat="40.59769" lon="-105.083528">
				<ele>1513.69478</ele>
				<time>2021-11-27T17:42:35Z</time>
			</trkpt>
			<trkpt lat="40.598064" lon="-105.084333">
				<ele>1513.768944</ele>
				<time>2021-11-27T17:42:52Z</time>
			</trkpt>
			<trkpt lat="40.59818" lon="-105.084873">
				<ele>1513.813046</ele>
				<time>2021-11-27T17:43:02Z</time>
			</trkpt>
			<trkpt lat="40.598624" lon="-105.085519">
				<ele>1513.839637</ele>
				<time>2021-11-27T17:43:16Z</time>
			</trkpt>
			<trkpt lat="40.598772" lon="-105.085671">
				<ele>1513.838291</ele>
				<time>2021-11-27T17:43:20Z</time>
			</trkpt>
			<trkpt lat="40.59918" lon="-105.085709">
				<ele>1513.835359</ele>
				<time>2021-11-27T17:43:29Z</time>
			</trkpt>
			<trkpt lat="40.599274" lon="-105.085753">
				<ele>1513.834643</ele>
				<time>2021-11-27T17:43:32Z</time>
			</trkpt>
			<trkpt lat="40.599617" lon="-105.086015">
				<ele>1513.8318</ele>
				<time>2021-11-27T17:43:40Z</time>
			</trkpt>
			<trkpt lat="40.599851" lon="-105.086026">
				<ele>1513.830121</ele>
				<time>2021-11-27T17:43:46Z</time>
			</trkpt>
			<trkpt lat="40.600223" lon="-105.086222">
				<ele>1513.999675</ele>
				<time>2021-11-27T17:43:55Z</time>
			</trkpt>
			<trkpt lat="40.600373" lon="-105.086345">
				<ele>1514.097456</ele>
				<time>2021-11-27T17:43:59Z</time>
			</trkpt>
			<trkpt lat="40.600605" lon="-105.086792">
				<ele>1514.324957</ele>
				<time>2021-11-27T17:44:09Z</time>
			</trkpt>
			<trkpt lat="40.600683" lon="-105.087129">
				<ele>1514.472985</ele>
				<time>2021-11-27T17:44:16Z</time>
			</trkpt>
			<trkpt lat="40.600637" lon="-105.087412">
				<ele>1514.594585</ele>
				<time>2021-11-27T17:44:22Z</time>
			</trkpt>
			<trkpt lat="40.600625" lon="-105.087677">
				<ele>1514.706127</ele>
				<time>2021-11-27T17:44:27Z</time>
			</trkpt>
			<trkpt lat="40.600464" lon="-105.088212">
				<ele>1515.014515</ele>
				<time>2021-11-27T17:44:39Z</time>
			</trkpt>
			<trkpt lat="40.600453" lon="-105.0885">
				<ele>1515.201195</ele>
				<time>2021-11-27T17:44:45Z</time>
			</trkpt>
			<trkpt lat="40.600489" lon="-105.088847">
				<ele>1515.427922</ele>
				<time>2021-11-27T17:44:52Z</time>
			</trkpt>
			<trkpt lat="40.600748" lon="-105.089734">
				<ele>1516.043143</ele>
				<time>2021-11-27T17:45:11Z</time>
			</trkpt>
			<trkpt lat="40.600758" lon="-105.089939">
				<ele>1516.176129</ele>
				<time>2021-11-27T17:45:15Z</time>
			</trkpt>
			<trkpt lat="40.600828" lon="-105.090156">
				<ele>1516.328762</ele>
				<time>2021-11-27T17:45:20Z</time>
			</trkpt>
			<trkpt lat="40.600822" lon="-105.090376">
				<ele>1516.423901</ele>
				<time>2021-11-27T17:45:24Z</time>
			</trkpt>
			<trkpt lat="40.600847" lon="-105.090617">
				<ele>1516.51529</ele>
				<time>2021-11-27T17:45:29Z</time>
			</trkpt>
			<trkpt lat="40.600767" lon="-105.09088">
				<ele>1516.621739</ele>
				<time>2021-11-27T17:45:35Z</time>
			</trkpt>
			<trkpt lat="40.60076" lon="-105.090993">
				<ele>1516.664336</ele>
				<time>2021-11-27T17:45:37Z</time>
			</trkpt>
			<trkpt lat="40.600699" lon="-105.091163">
				<ele>1516.734982</ele>
				<time>2021-11-27T17:45:41Z</time>
			</trkpt>
			<trkpt lat="40.600695" lon="-105.09156">
				<ele>1516.884156</ele>
				<time>2021-11-27T17:45:48Z</time>
			</trkpt>
			<trkpt lat="40.600763" lon="-105.091764">
				<ele>1516.967863</ele>
				<time>2021-11-27T17:45:52Z</time>
			</trkpt>
			<trkpt lat="40.6008" lon="-105.092098">
				<ele>1517.094682</ele>
				<time>2021-11-27T17:45:58Z</time>
			</trkpt>
			<trkpt lat="40.600983" lon="-105.092574">
				<ele>1517.263328</ele>
				<time>2021-11-27T17:46:08Z</time>
			</trkpt>
			<trkpt lat="40.60104" lon="-105.092679">
				<ele>1517.278794</ele>
				<time>2021-11-27T17:46:10Z</time>
			</trkpt>
			<trkpt lat="40.601468" lon="-105.093238">
				<ele>1517.373917</ele>
				<time>2021-11-27T17:46:24Z</time>
			</trkpt>
			<trkpt lat="40.602178" lon="-105.093969">
				<ele>1517.516135</ele>
				<time>2021-11-27T17:46:44Z</time>
			</trkpt>
			<trkpt lat="40.602351" lon="-105.094368">
				<ele>1517.60278</ele>
				<time>2021-11-27T17:46:52Z</time>
			</trkpt>
			<trkpt lat="40.602498" lon="-105.094881">
				<ele>1517.721819</ele>
				<time>2021-11-27T17:47:02Z</time>
			</trkpt>
			<trkpt lat="40.602902" lon="-105.095789">
				<ele>1517.950297</ele>
				<time>2021-11-27T17:47:21Z</time>
			</trkpt>
			<trkpt lat="40.602932" lon="-105.095879">
				<ele>1517.971636</ele>
				<time>2021-11-27T17:47:23Z</time>
			</trkpt>
			<trkpt lat="40.602961" lon="-105.096172">
				<ele>1518.035783</ele>
				<time>2021-11-27T17:47:28Z</time>
			</trkpt>
			<trkpt lat="40.60301" lon="-105.096324">
				<ele>1518.078217</ele>
				<time>2021-11-27T17:47:31Z</time>
			</trkpt>
			<trkpt lat="40.603467" lon="-105.097115">
				<ele>1518.350719</ele>
				<time>2021-11-27T17:47:50Z</time>
			</trkpt>
			<trkpt lat="40.603661" lon="-105.097788">
				<ele>1518.548074</ele>
				<time>2021-11-27T17:48:03Z</time>
			</trkpt>
			<trkpt lat="40.603668" lon="-105.097865">
				<ele>1518.569334</ele>
				<time>2021-11-27T17:48:04Z</time>
			</trkpt>
			<trkpt lat="40.603625" lon="-105.098093">
				<ele>1518.63374</ele>
				<time>2021-11-27T17:48:08Z</time>
			</trkpt>
			<trkpt lat="40.603638" lon="-105.098174">
				<ele>1518.656437</ele>
				<time>2021-11-27T17:48:10Z</time>
			</trkpt>
			<trkpt lat="40.603711" lon="-105.098261">
				<ele>1518.691986</ele>
				<time>2021-11-27T17:48:12Z</time>
			</trkpt>
			<trkpt lat="40.603889" lon="-105.098352">
				<ele>1518.773097</ele>
				<time>2021-11-27T17:48:20Z</time>
			</trkpt>
			<trkpt lat="40.603965" lon="-105.098441">
				<ele>1518.816704</ele>
				<time>2021-11-27T17:48:22Z</time>
			</trkpt>
			<trkpt lat="40.603997" lon="-105.098589">
				<ele>1518.866801</ele>
				<time>2021-11-27T17:48:25Z</time>
			</trkpt>
			<trkpt lat="40.604241" lon="-105.099099">
				<ele>1519.06305</ele>
				<time>2021-11-27T17:48:36Z</time>
			</trkpt>
			<trkpt lat="40.604543" lon="-105.099481">
				<ele>1519.242591</ele>
				<time>2021-11-27T17:48:46Z</time>
			</trkpt>
			<trkpt lat="40.604834" lon="-105.100072">
				<ele>1519.473219</ele>
				<time>2021-11-27T17:49:00Z</time>
			</trkpt>
			<trkpt lat="40.60495" lon="-105.100251">
				<ele>1519.571594</ele>
				<time>2021-11-27T17:49:04Z</time>
			</trkpt>
			<trkpt lat="40.605012" lon="-105.10036">
				<ele>1519.628526</ele>
				<time>2021-11-27T17:49:06Z</time>
			</trkpt>
			<trkpt lat="40.605065" lon="-105.100623">
				<ele>1519.742269</ele>
				<time>2021-11-27T17:49:11Z</time>
			</trkpt>
			<trkpt lat="40.605104" lon="-105.100695">
				<ele>1519.779241</ele>
				<time>2021-11-27T17:49:13Z</time>
			</trkpt>
			<trkpt lat="40.605402" lon="-105.101131">
				<ele>1520.024466</ele>
				<time>2021-11-27T17:49:24Z</time>
			</trkpt>
			<trkpt lat="40.605752" lon="-105.101809">
				<ele>1520.367182</ele>
				<time>2021-11-27T17:49:40Z</time>
			</trkpt>
			<trkpt lat="40.606016" lon="-105.102262">
				<ele>1520.679562</ele>
				<time>2021-11-27T17:49:51Z</time>
			</trkpt>
			<trkpt lat="40.60615" lon="-105.102551">
				<ele>1520.891432</ele>
				<time>2021-11-27T17:49:58Z</time>
			</trkpt>
			<trkpt lat="40.606396" lon="-105.102869">
				<ele>1521.175481</ele>
				<time>2021-11-27T17:50:07Z</time>
			</trkpt>
			<trkpt lat="40.606721" lon="-105.103542">
				<ele>1521.674511</ele>
				<time>2021-11-27T17:50:23Z</time>
			</trkpt>
			<trkpt lat="40.606992" lon="-105.103943">
				<ele>1522.029728</ele>
				<time>2021-11-27T17:50:34Z</time>
			</trkpt>
			<trkpt lat="40.607341" lon="-105.104389">
				<ele>1522.540274</ele>
				<time>2021-11-27T17:50:47Z</time>
			</trkpt>
			<trkpt lat="40.607419" lon="-105.104636">
				<ele>1522.753512</ele>
				<time>2021-11-27T17:50:53Z</time>
			</trkpt>
			<trkpt lat="40.607417" lon="-105.104816">
				<ele>1522.897006</ele>
				<time>2021-11-27T17:50:57Z</time>
			</trkpt>
			<trkpt lat="40.60738" lon="-105.105165">
				<ele>1523.177895</ele>
				<time>2021-11-27T17:51:04Z</time>
			</trkpt>
			<trkpt lat="40.607384" lon="-105.105369">
				<ele>1523.340558</ele>
				<time>2021-11-27T17:51:08Z</time>
			</trkpt>
			<trkpt lat="40.607393" lon="-105.108827">
				<ele>1525.797719</ele>
				<time>2021-11-27T17:52:20Z</time>
			</trkpt>
			<trkpt lat="40.607422" lon="-105.109009">
				<ele>1525.900824</ele>
				<time>2021-11-27T17:52:23Z</time>
			</trkpt>
			<trkpt lat="40.607416" lon="-105.113039">
				<ele>1527.936513</ele>
				<time>2021-11-27T17:53:41Z</time>
			</trkpt>
			<trkpt lat="40.607416" lon="-105.113218">
				<ele>1527.977079</ele>
				<time>2021-11-27T17:53:45Z</time>
			</trkpt>
			<trkpt lat="40.607418" lon="-105.114241">
				<ele>1528.124539</ele>
				<time>2021-11-27T17:54:03Z</time>
			</trkpt>
			<trkpt lat="40.607453" lon="-105.114338">
				<ele>1528.14002</ele>
				<time>2021-11-27T17:54:05Z</time>
			</trkpt>
			<trkpt lat="40.607458" lon="-105.114456">
				<ele>1528.157055</ele>
				<time>2021-11-27T17:54:07Z</time>
			</trkpt>
			<trkpt lat="40.607494" lon="-105.114538">
				<ele>1528.170709</ele>
				<time>2021-11-27T17:54:09Z</time>
			</trkpt>
			<trkpt lat="40.607667" lon="-105.114531">
				<ele>1528.203572</ele>
				<time>2021-11-27T17:54:13Z</time>
			</trkpt>
			<trkpt lat="40.608671" lon="-105.114525">
				<ele>1528.282933</ele>
				<time>2021-11-27T17:54:36Z</time>
			</trkpt>
			<trkpt lat="40.608855" lon="-105.114515">
				<ele>1528.276888</ele>
				<time>2021-11-27T17:54:40Z</time>
			</trkpt>
			<trkpt lat="40.610656" lon="-105.114492">
				<ele>1528.263844</ele>
				<time>2021-11-27T17:55:21Z</time>
			</trkpt>
			<trkpt lat="40.611528" lon="-105.114453">
				<ele>1528.29378</ele>
				<time>2021-11-27T17:55:42Z</time>
			</trkpt>
			<trkpt lat="40.611996" lon="-105.114312">
				<ele>1528.328273</ele>
				<time>2021-11-27T17:55:53Z</time>
			</trkpt>
			<trkpt lat="40.612736" lon="-105.114064">
				<ele>1528.41176</ele>
				<time>2021-11-27T17:56:11Z</time>
			</trkpt>
			<trkpt lat="40.613143" lon="-105.113992">
				<ele>1528.456659</ele>
				<time>2021-11-27T17:56:21Z</time>
			</trkpt>
			<trkpt lat="40.6136" lon="-105.113988">
				<ele>1528.523805</ele>
				<time>2021-11-27T17:56:32Z</time>
			</trkpt>
			<trkpt lat="40.614526" lon="-105.114209">
				<ele>1528.84879</ele>
				<time>2021-11-27T17:56:55Z</time>
			</trkpt>
			<trkpt lat="40.61478" lon="-105.114276">
				<ele>1528.938246</ele>
				<time>2021-11-27T17:57:02Z</time>
			</trkpt>
			<trkpt lat="40.615304" lon="-105.114337">
				<ele>1529.119987</ele>
				<time>2021-11-27T17:57:15Z</time>
			</trkpt>
			<trkpt lat="40.618187" lon="-105.114323">
				<ele>1530.830097</ele>
				<time>2021-11-27T17:58:31Z</time>
			</trkpt>
			<trkpt lat="40.619234" lon="-105.114313">
				<ele>1531.337119</ele>
				<time>2021-11-27T17:58:58Z</time>
			</trkpt>
			<trkpt lat="40.619506" lon="-105.114309">
				<ele>1531.424757</ele>
				<time>2021-11-27T17:59:05Z</time>
			</trkpt>
			<trkpt lat="40.620049" lon="-105.114302">
				<ele>1531.599708</ele>
				<time>2021-11-27T17:59:18Z</time>
			</trkpt>
			<trkpt lat="40.621782" lon="-105.114274">
				<ele>1532.024189</ele>
				<time>2021-11-27T18:00:00Z</time>
			</trkpt>
			<trkpt lat="40.621831" lon="-105.114273">
				<ele>1532.033917</ele>
				<time>2021-11-27T18:00:01Z</time>
			</trkpt>
			<trkpt lat="40.625487" lon="-105.114229">
				<ele>1533.002944</ele>
				<time>2021-11-27T18:01:30Z</time>
			</trkpt>
			<trkpt lat="40.626094" lon="-105.114228">
				<ele>1533.204828</ele>
				<time>2021-11-27T18:01:46Z</time>
			</trkpt>
			<trkpt lat="40.629368" lon="-105.114173">
				<ele>1534.715862</ele>
				<time>2021-11-27T18:03:09Z</time>
			</trkpt>
			<trkpt lat="40.629475" lon="-105.114171">
				<ele>1534.762044</ele>
				<time>2021-11-27T18:03:12Z</time>
			</trkpt>
			<trkpt lat="40.630852" lon="-105.114148">
				<ele>1535.268184</ele>
				<time>2021-11-27T18:03:46Z</time>
			</trkpt>
			<trkpt lat="40.632184" lon="-105.114121">
				<ele>1535.986327</ele>
				<time>2021-11-27T18:04:20Z</time>
			</trkpt>
			<trkpt lat="40.633381" lon="-105.114098">
				<ele>1536.859079</ele>
				<time>2021-11-27T18:04:53Z</time>
			</trkpt>
			<trkpt lat="40.634852" lon="-105.11406">
				<ele>1538.301527</ele>
				<time>2021-11-27T18:05:34Z</time>
			</trkpt>
			<trkpt lat="40.637278" lon="-105.113998">
				<ele>1540.321241</ele>
				<time>2021-11-27T18:06:40Z</time>
			</trkpt>
			<trkpt lat="40.638448" lon="-105.113968">
				<ele>1541.490351</ele>
				<time>2021-11-27T18:07:13Z</time>
			</trkpt>
			<trkpt lat="40.639157" lon="-105.11395">
				<ele>1542.309349</ele>
				<time>2021-11-27T18:07:34Z</time>
			</trkpt>
			<trkpt lat="40.639821" lon="-105.113933">
				<ele>1543.128021</ele>
				<time>2021-11-27T18:07:53Z</time>
			</trkpt>
			<trkpt lat="40.640363" lon="-105.113918">
				<ele>1543.796295</ele>
				<time>2021-11-27T18:08:09Z</time>
			</trkpt>
			<trkpt lat="40.640456" lon="-105.113917">
				<ele>1543.910941</ele>
				<time>2021-11-27T18:08:12Z</time>
			</trkpt>
			<trkpt lat="40.640845" lon="-105.113909">
				<ele>1544.280284</ele>
				<time>2021-11-27T18:08:23Z</time>
			</trkpt>
			<trkpt lat="40.641176" lon="-105.113903">
				<ele>1544.587746</ele>
				<time>2021-11-27T18:08:33Z</time>
			</trkpt>
			<trkpt lat="40.641505" lon="-105.113897">
				<ele>1544.893351</ele>
				<time>2021-11-27T18:08:42Z</time>
			</trkpt>
			<trkpt lat="40.642178" lon="-105.113885">
				<ele>1545.518491</ele>
				<time>2021-11-27T18:09:00Z</time>
			</trkpt>
			<trkpt lat="40.642788" lon="-105.113871">
				<ele>1545.855981</ele>
				<time>2021-11-27T18:09:16Z</time>
			</trkpt>
			<trkpt lat="40.643076" lon="-105.113867">
				<ele>1545.993388</ele>
				<time>2021-11-27T18:09:24Z</time>
			</trkpt>
			<trkpt lat="40.644143" lon="-105.113853">
				<ele>1546.491079</ele>
				<time>2021-11-27T18:09:50Z</time>
			</trkpt>
			<trkpt lat="40.644681" lon="-105.113845">
				<ele>1546.651723</ele>
				<time>2021-11-27T18:10:04Z</time>
			</trkpt>
			<trkpt lat="40.645552" lon="-105.113827">
				<ele>1546.911814</ele>
				<time>2021-11-27T18:10:25Z</time>
			</trkpt>
			<trkpt lat="40.645684" lon="-105.113823">
				<ele>1546.951237</ele>
				<time>2021-11-27T18:10:28Z</time>
			</trkpt>
			<trkpt lat="40.647203" lon="-105.11379">
				<ele>1547.373392</ele>
				<time>2021-11-27T18:11:05Z</time>
			</trkpt>
			<trkpt lat="40.649657" lon="-105.113743">
				<ele>1548.258221</ele>
				<time>2021-11-27T18:12:07Z</time>
			</trkpt>
			<trkpt lat="40.64971" lon="-105.113742">
				<ele>1548.269774</ele>
				<time>2021-11-27T18:12:08Z</time>
			</trkpt>
			<trkpt lat="40.649883" lon="-105.113739">
				<ele>1548.307486</ele>
				<time>2021-11-27T18:12:13Z</time>
			</trkpt>
			<trkpt lat="40.650217" lon="-105.113734">
				<ele>1548.380292</ele>
				<time>2021-11-27T18:12:21Z</time>
			</trkpt>
			<trkpt lat="40.65183" lon="-105.113711">
				<ele>1548.448001</ele>
				<time>2021-11-27T18:12:59Z</time>
			</trkpt>
			<trkpt lat="40.653216" lon="-105.113689">
				<ele>1548.043625</ele>
				<time>2021-11-27T18:13:30Z</time>
			</trkpt>
			<trkpt lat="40.654629" lon="-105.113672">
				<ele>1547.631786</ele>
				<time>2021-11-27T18:14:01Z</time>
			</trkpt>
			<trkpt lat="40.65594" lon="-105.113649">
				<ele>1548.039637</ele>
				<time>2021-11-27T18:14:33Z</time>
			</trkpt>
			<trkpt lat="40.656074" lon="-105.113648">
				<ele>1548.099522</ele>
				<time>2021-11-27T18:14:37Z</time>
			</trkpt>
			<trkpt lat="40.657376" lon="-105.113614">
				<ele>1549.123104</ele>
				<time>2021-11-27T18:15:12Z</time>
			</trkpt>
			<trkpt lat="40.658374" lon="-105.11359">
				<ele>1550.192181</ele>
				<time>2021-11-27T18:15:41Z</time>
			</trkpt>
			<trkpt lat="40.658789" lon="-105.11358">
				<ele>1550.777894</ele>
				<time>2021-11-27T18:15:54Z</time>
			</trkpt>
			<trkpt lat="40.660676" lon="-105.113539">
				<ele>1553.454187</ele>
				<time>2021-11-27T18:16:52Z</time>
			</trkpt>
			<trkpt lat="40.660891" lon="-105.113534">
				<ele>1553.688673</ele>
				<time>2021-11-27T18:16:58Z</time>
			</trkpt>
			<trkpt lat="40.661638" lon="-105.113516">
				<ele>1554.503385</ele>
				<time>2021-11-27T18:17:19Z</time>
			</trkpt>
			<trkpt lat="40.662107" lon="-105.113506">
				<ele>1555.000045</ele>
				<time>2021-11-27T18:17:32Z</time>
			</trkpt>
			<trkpt lat="40.664378" lon="-105.113455">
				<ele>1556.693763</ele>
				<time>2021-11-27T18:18:33Z</time>
			</trkpt>
			<trkpt lat="40.667244" lon="-105.113393">
				<ele>1558.708456</ele>
				<time>2021-11-27T18:19:50Z</time>
			</trkpt>
			<trkpt lat="40.669099" lon="-105.113356">
				<ele>1559.579172</ele>
				<time>2021-11-27T18:20:37Z</time>
			</trkpt>
			<trkpt lat="40.669641" lon="-105.113346">
				<ele>1559.803881</ele>
				<time>2021-11-27T18:20:51Z</time>
			</trkpt>
			<trkpt lat="40.670178" lon="-105.113336">
				<ele>1560.020343</ele>
				<time>2021-11-27T18:21:04Z</time>
			</trkpt>
			<trkpt lat="40.672759" lon="-105.113298">
				<ele>1561.056466</ele>
				<time>2021-11-27T18:22:09Z</time>
			</trkpt>
			<trkpt lat="40.673092" lon="-105.113292">
				<ele>1561.149241</ele>
				<time>2021-11-27T18:22:18Z</time>
			</trkpt>
			<trkpt lat="40.674544" lon="-105.11327">
				<ele>1561.482713</ele>
				<time>2021-11-27T18:22:53Z</time>
			</trkpt>
			<trkpt lat="40.675112" lon="-105.113263">
				<ele>1561.661903</ele>
				<time>2021-11-27T18:23:06Z</time>
			</trkpt>
			<trkpt lat="40.675276" lon="-105.11326">
				<ele>1561.71698</ele>
				<time>2021-11-27T18:23:10Z</time>
			</trkpt>
			<trkpt lat="40.675921" lon="-105.113251">
				<ele>1561.933587</ele>
				<time>2021-11-27T18:23:26Z</time>
			</trkpt>
			<trkpt lat="40.676836" lon="-105.113237">
				<ele>1562.57952</ele>
				<time>2021-11-27T18:23:50Z</time>
			</trkpt>
			<trkpt lat="40.678021" lon="-105.113219">
				<ele>1564.020859</ele>
				<time>2021-11-27T18:24:25Z</time>
			</trkpt>
			<trkpt lat="40.678556" lon="-105.113209">
				<ele>1564.74223</ele>
				<time>2021-11-27T18:24:42Z</time>
			</trkpt>
			<trkpt lat="40.679431" lon="-105.113188">
				<ele>1566.008491</ele>
				<time>2021-11-27T18:25:10Z</time>
			</trkpt>
			<trkpt lat="40.680689" lon="-105.113169">
				<ele>1567.098587</ele>
				<time>2021-11-27T18:25:45Z</time>
			</trkpt>
			<trkpt lat="40.683219" lon="-105.113142">
				<ele>1568.070377</ele>
				<time>2021-11-27T18:26:43Z</time>
			</trkpt>
			<trkpt lat="40.683385" lon="-105.113142">
				<ele>1568.144911</ele>
				<time>2021-11-27T18:26:48Z</time>
			</trkpt>
			<trkpt lat="40.684322" lon="-105.113138">
				<ele>1569.534379</ele>
				<time>2021-11-27T18:27:19Z</time>
			</trkpt>
			<trkpt lat="40.685733" lon="-105.113139">
				<ele>1571.947546</ele>
				<time>2021-11-27T18:28:06Z</time>
			</trkpt>
			<trkpt lat="40.687167" lon="-105.113151">
				<ele>1573.44909</ele>
				<time>2021-11-27T18:28:45Z</time>
			</trkpt>
			<trkpt lat="40.689306" lon="-105.113162">
				<ele>1574.913009</ele>
				<time>2021-11-27T18:29:42Z</time>
			</trkpt>
			<trkpt lat="40.689728" lon="-105.113163">
				<ele>1575.234833</ele>
				<time>2021-11-27T18:29:53Z</time>
			</trkpt>
			<trkpt lat="40.690325" lon="-105.11317">
				<ele>1575.690132</ele>
				<time>2021-11-27T18:30:09Z</time>
			</trkpt>
			<trkpt lat="40.690685" lon="-105.113178">
				<ele>1575.964712</ele>
				<time>2021-11-27T18:30:19Z</time>
			</trkpt>
			<trkpt lat="40.691242" lon="-105.113167">
				<ele>1576.635057</ele>
				<time>2021-11-27T18:30:34Z</time>
			</trkpt>
			<trkpt lat="40.691469" lon="-105.113163">
				<ele>1576.946794</ele>
				<time>2021-11-27T18:30:41Z</time>
			</trkpt>
			<trkpt lat="40.691789" lon="-105.113157">
				<ele>1577.386253</ele>
				<time>2021-11-27T18:30:51Z</time>
			</trkpt>
			<trkpt lat="40.693093" lon="-105.113153">
				<ele>1579.141252</ele>
				<time>2021-11-27T18:31:32Z</time>
			</trkpt>
			<trkpt lat="40.69422" lon="-105.113153">
				<ele>1580.600498</ele>
				<time>2021-11-27T18:32:05Z</time>
			</trkpt>
			<trkpt lat="40.694708" lon="-105.113154">
				<ele>1581.036222</ele>
				<time>2021-11-27T18:32:19Z</time>
			</trkpt>
			<trkpt lat="40.695443" lon="-105.113167">
				<ele>1581.455767</ele>
				<time>2021-11-27T18:32:38Z</time>
			</trkpt>
			<trkpt lat="40.695876" lon="-105.113218">
				<ele>1581.703889</ele>
				<time>2021-11-27T18:32:48Z</time>
			</trkpt>
			<trkpt lat="40.695938" lon="-105.113268">
				<ele>1581.745366</ele>
				<time>2021-11-27T18:32:50Z</time>
			</trkpt>
			<trkpt lat="40.696892" lon="-105.113664">
				<ele>1582.388963</ele>
				<time>2021-11-27T18:33:15Z</time>
			</trkpt>
			<trkpt lat="40.698019" lon="-105.114275">
				<ele>1583.252038</ele>
				<time>2021-11-27T18:33:48Z</time>
			</trkpt>
			<trkpt lat="40.698682" lon="-105.114586">
				<ele>1583.952984</ele>
				<time>2021-11-27T18:34:09Z</time>
			</trkpt>
			<trkpt lat="40.699233" lon="-105.114756">
				<ele>1584.516658</ele>
				<time>2021-11-27T18:34:25Z</time>
			</trkpt>
			<trkpt lat="40.69944" lon="-105.11479">
				<ele>1584.724447</ele>
				<time>2021-11-27T18:34:31Z</time>
			</trkpt>
			<trkpt lat="40.699873" lon="-105.114817">
				<ele>1585.134932</ele>
				<time>2021-11-27T18:34:43Z</time>
			</trkpt>
			<trkpt lat="40.700724" lon="-105.11481">
				<ele>1585.90941</ele>
				<time>2021-11-27T18:35:07Z</time>
			</trkpt>
			<trkpt lat="40.701361" lon="-105.114802">
				<ele>1586.489146</ele>
				<time>2021-11-27T18:35:24Z</time>
			</trkpt>
			<trkpt lat="40.701856" lon="-105.114796">
				<ele>1586.84008</ele>
				<time>2021-11-27T18:35:37Z</time>
			</trkpt>
			<trkpt lat="40.703309" lon="-105.114777">
				<ele>1587.801664</ele>
				<time>2021-11-27T18:36:16Z</time>
			</trkpt>
			<trkpt lat="40.703972" lon="-105.114768">
				<ele>1588.053201</ele>
				<time>2021-11-27T18:36:32Z</time>
			</trkpt>
			<trkpt lat="40.704488" lon="-105.114762">
				<ele>1588.248965</ele>
				<time>2021-11-27T18:36:45Z</time>
			</trkpt>
			<trkpt lat="40.705551" lon="-105.114752">
				<ele>1589.164569</ele>
				<time>2021-11-27T18:37:11Z</time>
			</trkpt>
			<trkpt lat="40.71091" lon="-105.114713">
				<ele>1597.170287</ele>
				<time>2021-11-27T18:39:57Z</time>
			</trkpt>
			<trkpt lat="40.711062" lon="-105.114712">
				<ele>1597.502195</ele>
				<time>2021-11-27T18:40:02Z</time>
			</trkpt>
			<trkpt lat="40.711223" lon="-105.114711">
				<ele>1597.853756</ele>
				<time>2021-11-27T18:40:08Z</time>
			</trkpt>
			<trkpt lat="40.71217" lon="-105.11471">
				<ele>1599.921608</ele>
				<time>2021-11-27T18:40:42Z</time>
			</trkpt>
			<trkpt lat="40.713051" lon="-105.114706">
				<ele>1601.457849</ele>
				<time>2021-11-27T18:41:12Z</time>
			</trkpt>
			<trkpt lat="40.713628" lon="-105.114698">
				<ele>1602.450214</ele>
				<time>2021-11-27T18:41:29Z</time>
			</trkpt>
			<trkpt lat="40.714474" lon="-105.11469">
				<ele>1603.550305</ele>
				<time>2021-11-27T18:41:53Z</time>
			</trkpt>
			<trkpt lat="40.714597" lon="-105.114683">
				<ele>1603.667034</ele>
				<time>2021-11-27T18:41:56Z</time>
			</trkpt>
			<trkpt lat="40.714832" lon="-105.114669">
				<ele>1603.890073</ele>
				<time>2021-11-27T18:42:03Z</time>
			</trkpt>
			<trkpt lat="40.715046" lon="-105.114675">
				<ele>1604.09302</ele>
				<time>2021-11-27T18:42:09Z</time>
			</trkpt>
			<trkpt lat="40.715866" lon="-105.114666">
				<ele>1604.835674</ele>
				<time>2021-11-27T18:42:32Z</time>
			</trkpt>
			<trkpt lat="40.71605" lon="-105.114665">
				<ele>1604.890704</ele>
				<time>2021-11-27T18:42:37Z</time>
			</trkpt>
			<trkpt lat="40.716952" lon="-105.114656">
				<ele>1605.160478</ele>
				<time>2021-11-27T18:43:00Z</time>
			</trkpt>
			<trkpt lat="40.717804" lon="-105.114649">
				<ele>1605.301863</ele>
				<time>2021-11-27T18:43:20Z</time>
			</trkpt>
			<trkpt lat="40.718761" lon="-105.114625">
				<ele>1605.025823</ele>
				<time>2021-11-27T18:43:41Z</time>
			</trkpt>
			<trkpt lat="40.719106" lon="-105.11462">
				<ele>1604.926322</ele>
				<time>2021-11-27T18:43:48Z</time>
			</trkpt>
			<trkpt lat="40.719486" lon="-105.11462">
				<ele>1604.869398</ele>
				<time>2021-11-27T18:43:57Z</time>
			</trkpt>
			<trkpt lat="40.720692" lon="-105.114615">
				<ele>1605.350348</ele>
				<time>2021-11-27T18:44:27Z</time>
			</trkpt>
			<trkpt lat="40.721586" lon="-105.114607">
				<ele>1605.997221</ele>
				<time>2021-11-27T18:44:51Z</time>
			</trkpt>
			<trkpt lat="40.725982" lon="-105.114481">
				<ele>1611.545426</ele>
				<time>2021-11-27T18:47:00Z</time>
			</trkpt>
			<trkpt lat="40.727145" lon="-105.114466">
				<ele>1613.100067</ele>
				<time>2021-11-27T18:47:39Z</time>
			</trkpt>
			<trkpt lat="40.727407" lon="-105.114468">
				<ele>1613.394882</ele>
				<time>2021-11-27T18:47:47Z</time>
			</trkpt>
			<trkpt lat="40.730531" lon="-105.114448">
				<ele>1615.009921</ele>
				<time>2021-11-27T18:49:06Z</time>
			</trkpt>
			<trkpt lat="40.73215" lon="-105.114419">
				<ele>1614.162396</ele>
				<time>2021-11-27T18:49:41Z</time>
			</trkpt>
			<trkpt lat="40.735657" lon="-105.11441">
				<ele>1610.690149</ele>
				<time>2021-11-27T18:50:53Z</time>
			</trkpt>
			<trkpt lat="40.73734" lon="-105.114412">
				<ele>1611.77532</ele>
				<time>2021-11-27T18:51:38Z</time>
			</trkpt>
			<trkpt lat="40.739249" lon="-105.114417">
				<ele>1614.975098</ele>
				<time>2021-11-27T18:52:40Z</time>
			</trkpt>
			<trkpt lat="40.7405" lon="-105.114414">
				<ele>1617.041416</ele>
				<time>2021-11-27T18:53:20Z</time>
			</trkpt>
			<trkpt lat="40.748333" lon="-105.114445">
				<ele>1627.848675</ele>
				<time>2021-11-27T18:57:15Z</time>
			</trkpt>
			<trkpt lat="40.753375" lon="-105.11452">
				<ele>1633.894966</ele>
				<time>2021-11-27T18:59:42Z</time>
			</trkpt>
			<trkpt lat="40.753882" lon="-105.114551">
				<ele>1634.511985</ele>
				<time>2021-11-27T18:59:56Z</time>
			</trkpt>
			<trkpt lat="40.754139" lon="-105.114626">
				<ele>1634.837208</ele>
				<time>2021-11-27T19:00:04Z</time>
			</trkpt>
			<trkpt lat="40.754291" lon="-105.114703">
				<ele>1635.038378</ele>
				<time>2021-11-27T19:00:09Z</time>
			</trkpt>
			<trkpt lat="40.754628" lon="-105.114959">
				<ele>1635.518806</ele>
				<time>2021-11-27T19:00:20Z</time>
			</trkpt>
			<trkpt lat="40.754767" lon="-105.114968">
				<ele>1635.690765</ele>
				<time>2021-11-27T19:00:24Z</time>
			</trkpt>
			<trkpt lat="40.754858" lon="-105.114927">
				<ele>1635.809575</ele>
				<time>2021-11-27T19:00:27Z</time>
			</trkpt>
			<trkpt lat="40.754904" lon="-105.114857">
				<ele>1635.896313</ele>
				<time>2021-11-27T19:00:29Z</time>
			</trkpt>
			<trkpt lat="40.75497" lon="-105.114818">
				<ele>1635.985662</ele>
				<time>2021-11-27T19:00:31Z</time>
			</trkpt>
			<trkpt lat="40.755042" lon="-105.114819">
				<ele>1636.074632</ele>
				<time>2021-11-27T19:00:33Z</time>
			</trkpt>
			<trkpt lat="40.755106" lon="-105.114862">
				<ele>1636.163365</ele>
				<time>2021-11-27T19:00:35Z</time>
			</trkpt>
			<trkpt lat="40.755166" lon="-105.114999">
				<ele>1636.311486</ele>
				<time>2021-11-27T19:00:39Z</time>
			</trkpt>
			<trkpt lat="40.755164" lon="-105.115079">
				<ele>1636.390721</ele>
				<time>2021-11-27T19:00:41Z</time>
			</trkpt>
			<trkpt lat="40.755347" lon="-105.115512">
				<ele>1636.940232</ele>
				<time>2021-11-27T19:00:52Z</time>
			</trkpt>
			<trkpt lat="40.755545" lon="-105.115854">
				<ele>1637.417279</ele>
				<time>2021-11-27T19:01:02Z</time>
			</trkpt>
			<trkpt lat="40.756178" lon="-105.116781">
				<ele>1638.800428</ele>
				<time>2021-11-27T19:01:31Z</time>
			</trkpt>
			<trkpt lat="40.756643" lon="-105.117164">
				<ele>1639.570011</ele>
				<time>2021-11-27T19:01:48Z</time>
			</trkpt>
			<trkpt lat="40.756875" lon="-105.117303">
				<ele>1639.922961</ele>
				<time>2021-11-27T19:01:56Z</time>
			</trkpt>
			<trkpt lat="40.757155" lon="-105.11741">
				<ele>1640.32678</ele>
				<time>2021-11-27T19:02:04Z</time>
			</trkpt>
			<trkpt lat="40.757727" lon="-105.117503">
				<ele>1641.125181</ele>
				<time>2021-11-27T19:02:22Z</time>
			</trkpt>
			<trkpt lat="40.758457" lon="-105.117513">
				<ele>1641.955729</ele>
				<time>2021-11-27T19:02:43Z</time>
			</trkpt>
			<trkpt lat="40.761373" lon="-105.117505">
				<ele>1644.595553</ele>
				<time>2021-11-27T19:04:04Z</time>
			</trkpt>
			<trkpt lat="40.762099" lon="-105.117617">
				<ele>1645.131857</ele>
				<time>2021-11-27T19:04:23Z</time>
			</trkpt>
			<trkpt lat="40.762641" lon="-105.117771">
				<ele>1645.517812</ele>
				<time>2021-11-27T19:04:37Z</time>
			</trkpt>
			<trkpt lat="40.763712" lon="-105.11828">
				<ele>1646.605921</ele>
				<time>2021-11-27T19:05:08Z</time>
			</trkpt>
			<trkpt lat="40.768668" lon="-105.120523">
				<ele>1654.271162</ele>
				<time>2021-11-27T19:07:49Z</time>
			</trkpt>
			<trkpt lat="40.769182" lon="-105.120803">
				<ele>1655.23595</ele>
				<time>2021-11-27T19:08:06Z</time>
			</trkpt>
			<trkpt lat="40.769552" lon="-105.121052">
				<ele>1655.956533</ele>
				<time>2021-11-27T19:08:20Z</time>
			</trkpt>
			<trkpt lat="40.770369" lon="-105.121745">
				<ele>1657.862909</ele>
				<time>2021-11-27T19:08:51Z</time>
			</trkpt>
			<trkpt lat="40.77054" lon="-105.121938">
				<ele>1658.377779</ele>
				<time>2021-11-27T19:08:59Z</time>
			</trkpt>
			<trkpt lat="40.771057" lon="-105.122501">
				<ele>1659.911563</ele>
				<time>2021-11-27T19:09:22Z</time>
			</trkpt>
			<trkpt lat="40.771457" lon="-105.12305">
				<ele>1661.176183</ele>
				<time>2021-11-27T19:09:42Z</time>
			</trkpt>
			<trkpt lat="40.771934" lon="-105.12389">
				<ele>1662.390975</ele>
				<time>2021-11-27T19:10:10Z</time>
			</trkpt>
			<trkpt lat="40.772157" lon="-105.124367">
				<ele>1663.039571</ele>
				<time>2021-11-27T19:10:23Z</time>
			</trkpt>
			<trkpt lat="40.772613" lon="-105.125556">
				<ele>1662.764387</ele>
				<time>2021-11-27T19:10:45Z</time>
			</trkpt>
			<trkpt lat="40.772916" lon="-105.12682">
				<ele>1660.676285</ele>
				<time>2021-11-27T19:11:03Z</time>
			</trkpt>
			<trkpt lat="40.773046" lon="-105.127618">
				<ele>1659.313645</ele>
				<time>2021-11-27T19:11:13Z</time>
			</trkpt>
			<trkpt lat="40.773123" lon="-105.129112">
				<ele>1656.688166</ele>
				<time>2021-11-27T19:11:33Z</time>
			</trkpt>
			<trkpt lat="40.773279" lon="-105.133616">
				<ele>1657.862495</ele>
				<time>2021-11-27T19:13:02Z</time>
			</trkpt>
			<trkpt lat="40.77335" lon="-105.134127">
				<ele>1658.131279</ele>
				<time>2021-11-27T19:13:12Z</time>
			</trkpt>
			<trkpt lat="40.773896" lon="-105.137107">
				<ele>1660.087903</ele>
				<time>2021-11-27T19:14:08Z</time>
			</trkpt>
			<trkpt lat="40.774159" lon="-105.138604">
				<ele>1662.898077</ele>
				<time>2021-11-27T19:14:51Z</time>
			</trkpt>
			<trkpt lat="40.774248" lon="-105.139002">
				<ele>1663.657407</ele>
				<time>2021-11-27T19:15:04Z</time>
			</trkpt>
			<trkpt lat="40.774444" lon="-105.139584">
				<ele>1664.825123</ele>
				<time>2021-11-27T19:15:23Z</time>
			</trkpt>
			<trkpt lat="40.774622" lon="-105.139947">
				<ele>1665.617932</ele>
				<time>2021-11-27T19:15:35Z</time>
			</trkpt>
			<trkpt lat="40.774943" lon="-105.140428">
				<ele>1666.793282</ele>
				<time>2021-11-27T19:15:51Z</time>
			</trkpt>
			<trkpt lat="40.775187" lon="-105.140688">
				<ele>1667.552298</ele>
				<time>2021-11-27T19:16:00Z</time>
			</trkpt>
			<trkpt lat="40.776201" lon="-105.141471">
				<ele>1669.423883</ele>
				<time>2021-11-27T19:16:32Z</time>
			</trkpt>
			<trkpt lat="40.776481" lon="-105.141768">
				<ele>1669.964212</ele>
				<time>2021-11-27T19:16:42Z</time>
			</trkpt>
			<trkpt lat="40.776702" lon="-105.142065">
				<ele>1670.438603</ele>
				<time>2021-11-27T19:16:52Z</time>
			</trkpt>
			<trkpt lat="40.778601" lon="-105.14527">
				<ele>1679.356511</ele>
				<time>2021-11-27T19:18:52Z</time>
			</trkpt>
			<trkpt lat="40.779832" lon="-105.147345">
				<ele>1681.201799</ele>
				<time>2021-11-27T19:19:47Z</time>
			</trkpt>
			<trkpt lat="40.780123" lon="-105.147901">
				<ele>1681.047392</ele>
				<time>2021-11-27T19:19:56Z</time>
			</trkpt>
			<trkpt lat="40.78036" lon="-105.148539">
				<ele>1680.010386</ele>
				<time>2021-11-27T19:20:06Z</time>
			</trkpt>
			<trkpt lat="40.780492" lon="-105.149128">
				<ele>1679.114028</ele>
				<time>2021-11-27T19:20:14Z</time>
			</trkpt>
			<trkpt lat="40.780533" lon="-105.149526">
				<ele>1678.527893</ele>
				<time>2021-11-27T19:20:20Z</time>
			</trkpt>
			<trkpt lat="40.780541" lon="-105.14991">
				<ele>1677.967326</ele>
				<time>2021-11-27T19:20:25Z</time>
			</trkpt>
			<trkpt lat="40.780521" lon="-105.150274">
				<ele>1677.900619</ele>
				<time>2021-11-27T19:20:30Z</time>
			</trkpt>
			<trkpt lat="40.780476" lon="-105.150612">
				<ele>1677.987194</ele>
				<time>2021-11-27T19:20:36Z</time>
			</trkpt>
			<trkpt lat="40.780403" lon="-105.150974">
				<ele>1678.081698</ele>
				<time>2021-11-27T19:20:42Z</time>
			</trkpt>
			<trkpt lat="40.780251" lon="-105.151464">
				<ele>1678.215281</ele>
				<time>2021-11-27T19:20:52Z</time>
			</trkpt>
			<trkpt lat="40.780051" lon="-105.151921">
				<ele>1678.348438</ele>
				<time>2021-11-27T19:21:04Z</time>
			</trkpt>
			<trkpt lat="40.779889" lon="-105.152207">
				<ele>1678.487732</ele>
				<time>2021-11-27T19:21:12Z</time>
			</trkpt>
			<trkpt lat="40.779493" lon="-105.152729">
				<ele>1679.919461</ele>
				<time>2021-11-27T19:21:30Z</time>
			</trkpt>
			<trkpt lat="40.778836" lon="-105.153497">
				<ele>1682.164657</ele>
				<time>2021-11-27T19:22:01Z</time>
			</trkpt>
			<trkpt lat="40.778382" lon="-105.154027">
				<ele>1683.834569</ele>
				<time>2021-11-27T19:22:25Z</time>
			</trkpt>
			<trkpt lat="40.778067" lon="-105.154484">
				<ele>1685.241678</ele>
				<time>2021-11-27T19:22:44Z</time>
			</trkpt>
			<trkpt lat="40.777888" lon="-105.154824">
				<ele>1686.184572</ele>
				<time>2021-11-27T19:22:56Z</time>
			</trkpt>
			<trkpt lat="40.77774" lon="-105.155183">
				<ele>1687.115299</ele>
				<time>2021-11-27T19:23:08Z</time>
			</trkpt>
			<trkpt lat="40.777552" lon="-105.15575">
				<ele>1688.489888</ele>
				<time>2021-11-27T19:23:25Z</time>
			</trkpt>
			<trkpt lat="40.776446" lon="-105.159437">
				<ele>1693.570856</ele>
				<time>2021-11-27T19:24:55Z</time>
			</trkpt>
			<trkpt lat="40.776213" lon="-105.15994">
				<ele>1694.295344</ele>
				<time>2021-11-27T19:25:09Z</time>
			</trkpt>
			<trkpt lat="40.775907" lon="-105.160369">
				<ele>1695.06929</ele>
				<time>2021-11-27T19:25:22Z</time>
			</trkpt>
			<trkpt lat="40.775668" lon="-105.160606">
				<ele>1695.599908</ele>
				<time>2021-11-27T19:25:32Z</time>
			</trkpt>
			<trkpt lat="40.775405" lon="-105.160808">
				<ele>1696.140054</ele>
				<time>2021-11-27T19:25:41Z</time>
			</trkpt>
			<trkpt lat="40.772397" lon="-105.162753">
				<ele>1702.899175</ele>
				<time>2021-11-27T19:27:26Z</time>
			</trkpt>
			<trkpt lat="40.769965" lon="-105.164394">
				<ele>1711.426246</ele>
				<time>2021-11-27T19:29:14Z</time>
			</trkpt>
			<trkpt lat="40.769523" lon="-105.164637">
				<ele>1712.875823</ele>
				<time>2021-11-27T19:29:31Z</time>
			</trkpt>
			<trkpt lat="40.768141" lon="-105.165231">
				<ele>1716.995766</ele>
				<time>2021-11-27T19:30:23Z</time>
			</trkpt>
			<trkpt lat="40.767745" lon="-105.165426">
				<ele>1718.62169</ele>
				<time>2021-11-27T19:30:39Z</time>
			</trkpt>
			<trkpt lat="40.76728" lon="-105.165727">
				<ele>1720.686611</ele>
				<time>2021-11-27T19:31:00Z</time>
			</trkpt>
			<trkpt lat="40.766884" lon="-105.166076">
				<ele>1722.585011</ele>
				<time>2021-11-27T19:31:21Z</time>
			</trkpt>
			<trkpt lat="40.766532" lon="-105.166486">
				<ele>1724.48263</ele>
				<time>2021-11-27T19:31:43Z</time>
			</trkpt>
			<trkpt lat="40.766229" lon="-105.166934">
				<ele>1726.625658</ele>
				<time>2021-11-27T19:32:05Z</time>
			</trkpt>
			<trkpt lat="40.765981" lon="-105.167414">
				<ele>1728.698839</ele>
				<time>2021-11-27T19:32:27Z</time>
			</trkpt>
			<trkpt lat="40.765794" lon="-105.16792">
				<ele>1730.707711</ele>
				<time>2021-11-27T19:32:47Z</time>
			</trkpt>
			<trkpt lat="40.765697" lon="-105.168271">
				<ele>1732.040845</ele>
				<time>2021-11-27T19:32:59Z</time>
			</trkpt>
			<trkpt lat="40.765568" lon="-105.168982">
				<ele>1733.637867</ele>
				<time>2021-11-27T19:33:21Z</time>
			</trkpt>
			<trkpt lat="40.765522" lon="-105.169603">
				<ele>1734.655197</ele>
				<time>2021-11-27T19:33:36Z</time>
			</trkpt>
			<trkpt lat="40.765526" lon="-105.171858">
				<ele>1738.680091</ele>
				<time>2021-11-27T19:34:26Z</time>
			</trkpt>
			<trkpt lat="40.765443" lon="-105.17235">
				<ele>1739.67297</ele>
				<time>2021-11-27T19:34:39Z</time>
			</trkpt>
			<trkpt lat="40.76537" lon="-105.172654">
				<ele>1740.301159</ele>
				<time>2021-11-27T19:34:49Z</time>
			</trkpt>
			<trkpt lat="40.765275" lon="-105.172931">
				<ele>1740.90012</ele>
				<time>2021-11-27T19:34:58Z</time>
			</trkpt>
			<trkpt lat="40.765103" lon="-105.173349">
				<ele>1742.132633</ele>
				<time>2021-11-27T19:35:14Z</time>
			</trkpt>
			<trkpt lat="40.764831" lon="-105.173809">
				<ele>1743.960445</ele>
				<time>2021-11-27T19:35:35Z</time>
			</trkpt>
			<trkpt lat="40.76465" lon="-105.174032">
				<ele>1744.984194</ele>
				<time>2021-11-27T19:35:47Z</time>
			</trkpt>
			<trkpt lat="40.764305" lon="-105.174351">
				<ele>1746.725932</ele>
				<time>2021-11-27T19:36:07Z</time>
			</trkpt>
			<trkpt lat="40.763633" lon="-105.174801">
				<ele>1748.873023</ele>
				<time>2021-11-27T19:36:36Z</time>
			</trkpt>
			<trkpt lat="40.762882" lon="-105.17521">
				<ele>1749.183738</ele>
				<time>2021-11-27T19:36:55Z</time>
			</trkpt>
			<trkpt lat="40.7623" lon="-105.175468">
				<ele>1749.41855</ele>
				<time>2021-11-27T19:37:07Z</time>
			</trkpt>
			<trkpt lat="40.761716" lon="-105.175729">
				<ele>1750.679698</ele>
				<time>2021-11-27T19:37:19Z</time>
			</trkpt>
			<trkpt lat="40.761102" lon="-105.175988">
				<ele>1752.241785</ele>
				<time>2021-11-27T19:37:38Z</time>
			</trkpt>
			<trkpt lat="40.761312" lon="-105.176703">
				<ele>1753.64945</ele>
				<time>2021-11-27T19:38:05Z</time>
			</trkpt>
			<trkpt lat="40.761424" lon="-105.177088">
				<ele>1755.872031</ele>
				<time>2021-11-27T19:38:24Z</time>
			</trkpt>
			<trkpt lat="40.762112" lon="-105.179436">
				<ele>1770.51882</ele>
				<time>2021-11-27T19:40:36Z</time>
			</trkpt>
			<trkpt lat="40.762516" lon="-105.180648">
				<ele>1774.607952</ele>
				<time>2021-11-27T19:41:17Z</time>
			</trkpt>
			<trkpt lat="40.763117" lon="-105.181763">
				<ele>1776.546368</ele>
				<time>2021-11-27T19:41:41Z</time>
			</trkpt>
			<trkpt lat="40.763496" lon="-105.18232">
				<ele>1776.662101</ele>
				<time>2021-11-27T19:41:53Z</time>
			</trkpt>
			<trkpt lat="40.763833" lon="-105.182754">
				<ele>1776.758171</ele>
				<time>2021-11-27T19:42:03Z</time>
			</trkpt>
			<trkpt lat="40.764242" lon="-105.1832">
				<ele>1777.116193</ele>
				<time>2021-11-27T19:42:18Z</time>
			</trkpt>
			<trkpt lat="40.764909" lon="-105.183789">
				<ele>1777.836111</ele>
				<time>2021-11-27T19:42:40Z</time>
			</trkpt>
			<trkpt lat="40.765643" lon="-105.184258">
				<ele>1778.729944</ele>
				<time>2021-11-27T19:43:01Z</time>
			</trkpt>
			<trkpt lat="40.766658" lon="-105.184717">
				<ele>1780.661771</ele>
				<time>2021-11-27T19:43:33Z</time>
			</trkpt>
			<trkpt lat="40.767262" lon="-105.184855">
				<ele>1781.910186</ele>
				<time>2021-11-27T19:43:54Z</time>
			</trkpt>
			<trkpt lat="40.767789" lon="-105.184906">
				<ele>1784.006056</ele>
				<time>2021-11-27T19:44:15Z</time>
			</trkpt>
			<trkpt lat="40.770384" lon="-105.184872">
				<ele>1794.970304</ele>
				<time>2021-11-27T19:46:11Z</time>
			</trkpt>
			<trkpt lat="40.772935" lon="-105.184782">
				<ele>1806.056692</ele>
				<time>2021-11-27T19:48:04Z</time>
			</trkpt>
			<trkpt lat="40.774329" lon="-105.184837">
				<ele>1811.678977</ele>
				<time>2021-11-27T19:49:04Z</time>
			</trkpt>
			<trkpt lat="40.775156" lon="-105.184934">
				<ele>1813.383055</ele>
				<time>2021-11-27T19:49:34Z</time>
			</trkpt>
			<trkpt lat="40.775697" lon="-105.185032">
				<ele>1814.423149</ele>
				<time>2021-11-27T19:49:51Z</time>
			</trkpt>
			<trkpt lat="40.777017" lon="-105.185373">
				<ele>1815.527348</ele>
				<time>2021-11-27T19:50:22Z</time>
			</trkpt>
			<trkpt lat="40.778594" lon="-105.185993">
				<ele>1817.096219</ele>
				<time>2021-11-27T19:51:00Z</time>
			</trkpt>
			<trkpt lat="40.789465" lon="-105.191486">
				<ele>1839.147337</ele>
				<time>2021-11-27T19:57:18Z</time>
			</trkpt>
			<trkpt lat="40.790366" lon="-105.191973">
				<ele>1839.450776</ele>
				<time>2021-11-27T19:57:43Z</time>
			</trkpt>
			<trkpt lat="40.790859" lon="-105.192308">
				<ele>1839.362944</ele>
				<time>2021-11-27T19:57:54Z</time>
			</trkpt>
			<trkpt lat="40.791273" lon="-105.192637">
				<ele>1839.286401</ele>
				<time>2021-11-27T19:58:04Z</time>
			</trkpt>
			<trkpt lat="40.791916" lon="-105.193305">
				<ele>1837.895633</ele>
				<time>2021-11-27T19:58:19Z</time>
			</trkpt>
			<trkpt lat="40.792448" lon="-105.194017">
				<ele>1836.568507</ele>
				<time>2021-11-27T19:58:33Z</time>
			</trkpt>
			<trkpt lat="40.792763" lon="-105.194554">
				<ele>1835.600818</ele>
				<time>2021-11-27T19:58:42Z</time>
			</trkpt>
			<trkpt lat="40.793045" lon="-105.195117">
				<ele>1834.576711</ele>
				<time>2021-11-27T19:58:52Z</time>
			</trkpt>
			<trkpt lat="40.793366" lon="-105.195936">
				<ele>1833.177628</ele>
				<time>2021-11-27T19:59:05Z</time>
			</trkpt>
			<trkpt lat="40.793559" lon="-105.196555">
				<ele>1832.160875</ele>
				<time>2021-11-27T19:59:14Z</time>
			</trkpt>
			<trkpt lat="40.793697" lon="-105.197151">
				<ele>1831.212294</ele>
				<time>2021-11-27T19:59:23Z</time>
			</trkpt>
			<trkpt lat="40.793821" lon="-105.197779">
				<ele>1830.224516</ele>
				<time>2021-11-27T19:59:32Z</time>
			</trkpt>
			<trkpt lat="40.793902" lon="-105.198478">
				<ele>1829.148261</ele>
				<time>2021-11-27T19:59:42Z</time>
			</trkpt>
			<trkpt lat="40.793921" lon="-105.199038">
				<ele>1827.96306</ele>
				<time>2021-11-27T19:59:49Z</time>
			</trkpt>
			<trkpt lat="40.793929" lon="-105.202042">
				<ele>1820.277882</ele>
				<time>2021-11-27T20:00:28Z</time>
			</trkpt>
			<trkpt lat="40.793904" lon="-105.204631">
				<ele>1812.728053</ele>
				<time>2021-11-27T20:01:00Z</time>
			</trkpt>
			<trkpt lat="40.793964" lon="-105.206756">
				<ele>1807.861031</ele>
				<time>2021-11-27T20:01:27Z</time>
			</trkpt>
			<trkpt lat="40.794474" lon="-105.21569">
				<ele>1794.067301</ele>
				<time>2021-11-27T20:03:32Z</time>
			</trkpt>
			<trkpt lat="40.794196" lon="-105.216361">
				<ele>1793.723892</ele>
				<time>2021-11-27T20:03:44Z</time>
			</trkpt>
			<trkpt lat="40.794015" lon="-105.216748">
				<ele>1793.519664</ele>
				<time>2021-11-27T20:03:51Z</time>
			</trkpt>
			<trkpt lat="40.793962" lon="-105.216879">
				<ele>1793.452979</ele>
				<time>2021-11-27T20:03:54Z</time>
			</trkpt>
			<trkpt lat="40.793862" lon="-105.217205">
				<ele>1793.295061</ele>
				<time>2021-11-27T20:04:00Z</time>
			</trkpt>
			<trkpt lat="40.793797" lon="-105.21768">
				<ele>1793.517934</ele>
				<time>2021-11-27T20:04:10Z</time>
			</trkpt>
			<trkpt lat="40.793788" lon="-105.219718">
				<ele>1795.808325</ele>
				<time>2021-11-27T20:04:59Z</time>
			</trkpt>
			<trkpt lat="40.793787" lon="-105.220715">
				<ele>1797.307831</ele>
				<time>2021-11-27T20:05:23Z</time>
			</trkpt>
			<trkpt lat="40.793787" lon="-105.220773">
				<ele>1797.396433</ele>
				<time>2021-11-27T20:05:25Z</time>
			</trkpt>
			<trkpt lat="40.793779" lon="-105.221462">
				<ele>1798.449087</ele>
				<time>2021-11-27T20:05:42Z</time>
			</trkpt>
			<trkpt lat="40.79378" lon="-105.222007">
				<ele>1799.281643</ele>
				<time>2021-11-27T20:05:56Z</time>
			</trkpt>
			<trkpt lat="40.793777" lon="-105.222742">
				<ele>1800.591278</ele>
				<time>2021-11-27T20:06:17Z</time>
			</trkpt>
			<trkpt lat="40.793775" lon="-105.223119">
				<ele>1801.28658</ele>
				<time>2021-11-27T20:06:27Z</time>
			</trkpt>
			<trkpt lat="40.793774" lon="-105.223247">
				<ele>1801.522657</ele>
				<time>2021-11-27T20:06:31Z</time>
			</trkpt>
			<trkpt lat="40.793729" lon="-105.223766">
				<ele>1802.486084</ele>
				<time>2021-11-27T20:06:45Z</time>
			</trkpt>
			<trkpt lat="40.793637" lon="-105.224154">
				<ele>1803.235932</ele>
				<time>2021-11-27T20:06:56Z</time>
			</trkpt>
			<trkpt lat="40.793519" lon="-105.224481">
				<ele>1803.889339</ele>
				<time>2021-11-27T20:07:06Z</time>
			</trkpt>
			<trkpt lat="40.793233" lon="-105.22497">
				<ele>1804.160777</ele>
				<time>2021-11-27T20:07:21Z</time>
			</trkpt>
			<trkpt lat="40.792008" lon="-105.226644">
				<ele>1804.452149</ele>
				<time>2021-11-27T20:08:02Z</time>
			</trkpt>
			<trkpt lat="40.791754" lon="-105.22707">
				<ele>1804.007505</ele>
				<time>2021-11-27T20:08:10Z</time>
			</trkpt>
			<trkpt lat="40.79155" lon="-105.227551">
				<ele>1803.555412</ele>
				<time>2021-11-27T20:08:18Z</time>
			</trkpt>
			<trkpt lat="40.791435" lon="-105.227893">
				<ele>1803.248554</ele>
				<time>2021-11-27T20:08:24Z</time>
			</trkpt>
			<trkpt lat="40.791361" lon="-105.228146">
				<ele>1803.026148</ele>
				<time>2021-11-27T20:08:28Z</time>
			</trkpt>
			<trkpt lat="40.791319" lon="-105.228301">
				<ele>1802.852724</ele>
				<time>2021-11-27T20:08:30Z</time>
			</trkpt>
			<trkpt lat="40.790739" lon="-105.230668">
				<ele>1799.899983</ele>
				<time>2021-11-27T20:09:08Z</time>
			</trkpt>
			<trkpt lat="40.790386" lon="-105.23211">
				<ele>1797.895443</ele>
				<time>2021-11-27T20:09:31Z</time>
			</trkpt>
			<trkpt lat="40.787997" lon="-105.241804">
				<ele>1777.983972</ele>
				<time>2021-11-27T20:11:53Z</time>
			</trkpt>
			<trkpt lat="40.787892" lon="-105.242376">
				<ele>1777.164348</ele>
				<time>2021-11-27T20:12:02Z</time>
			</trkpt>
			<trkpt lat="40.787839" lon="-105.243033">
				<ele>1776.244254</ele>
				<time>2021-11-27T20:12:11Z</time>
			</trkpt>
			<trkpt lat="40.787716" lon="-105.245619">
				<ele>1773.476012</ele>
				<time>2021-11-27T20:12:51Z</time>
			</trkpt>
			<trkpt lat="40.787729" lon="-105.246164">
				<ele>1773.018528</ele>
				<time>2021-11-27T20:13:00Z</time>
			</trkpt>
			<trkpt lat="40.787803" lon="-105.246717">
				<ele>1772.516618</ele>
				<time>2021-11-27T20:13:09Z</time>
			</trkpt>
			<trkpt lat="40.787997" lon="-105.247846">
				<ele>1771.402182</ele>
				<time>2021-11-27T20:13:27Z</time>
			</trkpt>
			<trkpt lat="40.788085" lon="-105.248366">
				<ele>1770.889269</ele>
				<time>2021-11-27T20:13:35Z</time>
			</trkpt>
			<trkpt lat="40.788126" lon="-105.248929">
				<ele>1770.112851</ele>
				<time>2021-11-27T20:13:44Z</time>
			</trkpt>
			<trkpt lat="40.788107" lon="-105.249502">
				<ele>1768.531743</ele>
				<time>2021-11-27T20:13:52Z</time>
			</trkpt>
			<trkpt lat="40.788027" lon="-105.250328">
				<ele>1766.236147</ele>
				<time>2021-11-27T20:14:03Z</time>
			</trkpt>
			<trkpt lat="40.787832" lon="-105.252359">
				<ele>1759.229935</ele>
				<time>2021-11-27T20:14:28Z</time>
			</trkpt>
			<trkpt lat="40.787783" lon="-105.252836">
				<ele>1757.359657</ele>
				<time>2021-11-27T20:14:34Z</time>
			</trkpt>
			<trkpt lat="40.787705" lon="-105.254059">
				<ele>1754.834815</ele>
				<time>2021-11-27T20:14:50Z</time>
			</trkpt>
			<trkpt lat="40.787688" lon="-105.25616">
				<ele>1756.103222</ele>
				<time>2021-11-27T20:15:38Z</time>
			</trkpt>
			<trkpt lat="40.787687" lon="-105.256221">
				<ele>1756.281805</ele>
				<time>2021-11-27T20:15:41Z</time>
			</trkpt>
			<trkpt lat="40.787661" lon="-105.258943">
				<ele>1763.57942</ele>
				<time>2021-11-27T20:17:12Z</time>
			</trkpt>
			<trkpt lat="40.787698" lon="-105.25947">
				<ele>1764.60195</ele>
				<time>2021-11-27T20:17:26Z</time>
			</trkpt>
			<trkpt lat="40.787747" lon="-105.25973">
				<ele>1765.119596</ele>
				<time>2021-11-27T20:17:33Z</time>
			</trkpt>
			<trkpt lat="40.7879" lon="-105.260243">
				<ele>1766.184831</ele>
				<time>2021-11-27T20:17:46Z</time>
			</trkpt>
			<trkpt lat="40.788885" lon="-105.262988">
				<ele>1768.273814</ele>
				<time>2021-11-27T20:18:43Z</time>
			</trkpt>
			<trkpt lat="40.789044" lon="-105.26367">
				<ele>1769.033324</ele>
				<time>2021-11-27T20:18:57Z</time>
			</trkpt>
			<trkpt lat="40.789115" lon="-105.264235">
				<ele>1769.642898</ele>
				<time>2021-11-27T20:19:10Z</time>
			</trkpt>
			<trkpt lat="40.789339" lon="-105.26746">
				<ele>1775.01434</ele>
				<time>2021-11-27T20:20:32Z</time>
			</trkpt>
			<trkpt lat="40.789484" lon="-105.269452">
				<ele>1780.055891</ele>
				<time>2021-11-27T20:21:33Z</time>
			</trkpt>
			<trkpt lat="40.789603" lon="-105.270293">
				<ele>1781.734916</ele>
				<time>2021-11-27T20:21:59Z</time>
			</trkpt>
			<trkpt lat="40.789742" lon="-105.270831">
				<ele>1782.68624</ele>
				<time>2021-11-27T20:22:14Z</time>
			</trkpt>
			<trkpt lat="40.789915" lon="-105.271373">
				<ele>1783.670588</ele>
				<time>2021-11-27T20:22:29Z</time>
			</trkpt>
			<trkpt lat="40.79063" lon="-105.273475">
				<ele>1785.515536</ele>
				<time>2021-11-27T20:23:13Z</time>
			</trkpt>
			<trkpt lat="40.790772" lon="-105.274061">
				<ele>1785.794518</ele>
				<time>2021-11-27T20:23:24Z</time>
			</trkpt>
			<trkpt lat="40.790807" lon="-105.274429">
				<ele>1786.185651</ele>
				<time>2021-11-27T20:23:31Z</time>
			</trkpt>
			<trkpt lat="40.791163" lon="-105.287008">
				<ele>1801.06207</ele>
				<time>2021-11-27T20:28:28Z</time>
			</trkpt>
			<trkpt lat="40.791183" lon="-105.287642">
				<ele>1800.740098</ele>
				<time>2021-11-27T20:28:38Z</time>
			</trkpt>
			<trkpt lat="40.791356" lon="-105.287642">
				<ele>1800.624154</ele>
				<time>2021-11-27T20:28:41Z</time>
			</trkpt>
			<trkpt lat="40.791812" lon="-105.287599">
				<ele>1800.146508</ele>
				<time>2021-11-27T20:28:55Z</time>
			</trkpt>
			<trkpt lat="40.794658" lon="-105.287183">
				<ele>1789.107849</ele>
				<time>2021-11-27T20:30:18Z</time>
			</trkpt>
			<trkpt lat="40.794905" lon="-105.287153">
				<ele>1788.392166</ele>
				<time>2021-11-27T20:30:23Z</time>
			</trkpt>
			<trkpt lat="40.796283" lon="-105.286961">
				<ele>1789.550305</ele>
				<time>2021-11-27T20:31:21Z</time>
			</trkpt>
			<trkpt lat="40.796568" lon="-105.286861">
				<ele>1790.308677</ele>
				<time>2021-11-27T20:31:37Z</time>
			</trkpt>
			<trkpt lat="40.796898" lon="-105.286688">
				<ele>1791.221755</ele>
				<time>2021-11-27T20:31:58Z</time>
			</trkpt>
			<trkpt lat="40.796967" lon="-105.286652">
				<ele>1791.412547</ele>
				<time>2021-11-27T20:32:03Z</time>
			</trkpt>
			<trkpt lat="40.798309" lon="-105.285911">
				<ele>1798.580711</ele>
				<time>2021-11-27T20:33:35Z</time>
			</trkpt>
			<trkpt lat="40.798577" lon="-105.285776">
				<ele>1800.060393</ele>
				<time>2021-11-27T20:33:53Z</time>
			</trkpt>
			<trkpt lat="40.798835" lon="-105.285687">
				<ele>1801.401571</ele>
				<time>2021-11-27T20:34:10Z</time>
			</trkpt>
			<trkpt lat="40.799099" lon="-105.285652">
				<ele>1802.655667</ele>
				<time>2021-11-27T20:34:27Z</time>
			</trkpt>
			<trkpt lat="40.801686" lon="-105.285533">
				<ele>1813.708436</ele>
				<time>2021-11-27T20:37:02Z</time>
			</trkpt>
			<trkpt lat="40.802553" lon="-105.285569">
				<ele>1816.282967</ele>
				<time>2021-11-27T20:37:46Z</time>
			</trkpt>
			<trkpt lat="40.804859" lon="-105.28572">
				<ele>1816.232765</ele>
				<time>2021-11-27T20:39:13Z</time>
			</trkpt>
			<trkpt lat="40.805128" lon="-105.285781">
				<ele>1815.82779</ele>
				<time>2021-11-27T20:39:23Z</time>
			</trkpt>
			<trkpt lat="40.806046" lon="-105.286137">
				<ele>1813.88149</ele>
				<time>2021-11-27T20:39:53Z</time>
			</trkpt>
			<trkpt lat="40.806308" lon="-105.28619">
				<ele>1812.524884</ele>
				<time>2021-11-27T20:40:01Z</time>
			</trkpt>
			<trkpt lat="40.80658" lon="-105.286178">
				<ele>1811.131948</ele>
				<time>2021-11-27T20:40:09Z</time>
			</trkpt>
			<trkpt lat="40.806858" lon="-105.286126">
				<ele>1809.694888</ele>
				<time>2021-11-27T20:40:17Z</time>
			</trkpt>
			<trkpt lat="40.807741" lon="-105.285816">
				<ele>1804.928729</ele>
				<time>2021-11-27T20:40:42Z</time>
			</trkpt>
			<trkpt lat="40.807969" lon="-105.285773">
				<ele>1803.484123</ele>
				<time>2021-11-27T20:40:48Z</time>
			</trkpt>
			<trkpt lat="40.810191" lon="-105.285768">
				<ele>1792.016435</ele>
				<time>2021-11-27T20:41:50Z</time>
			</trkpt>
			<trkpt lat="40.810286" lon="-105.285768">
				<ele>1791.741254</ele>
				<time>2021-11-27T20:41:52Z</time>
			</trkpt>
			<trkpt lat="40.810825" lon="-105.285754">
				<ele>1790.179662</ele>
				<time>2021-11-27T20:42:09Z</time>
			</trkpt>
			<trkpt lat="40.812539" lon="-105.285771">
				<ele>1791.444985</ele>
				<time>2021-11-27T20:43:25Z</time>
			</trkpt>
			<trkpt lat="40.815551" lon="-105.285801">
				<ele>1800.213338</ele>
				<time>2021-11-27T20:46:11Z</time>
			</trkpt>
			<trkpt lat="40.818497" lon="-105.285827">
				<ele>1803.870329</ele>
				<time>2021-11-27T20:48:13Z</time>
			</trkpt>
			<trkpt lat="40.821391" lon="-105.285852">
				<ele>1804.973117</ele>
				<time>2021-11-27T20:50:06Z</time>
			</trkpt>
			<trkpt lat="40.821927" lon="-105.28581">
				<ele>1805.145965</ele>
				<time>2021-11-27T20:50:27Z</time>
			</trkpt>
			<trkpt lat="40.823105" lon="-105.285627">
				<ele>1805.620698</ele>
				<time>2021-11-27T20:51:10Z</time>
			</trkpt>
			<trkpt lat="40.82341" lon="-105.28566">
				<ele>1805.74592</ele>
				<time>2021-11-27T20:51:22Z</time>
			</trkpt>
			<trkpt lat="40.823642" lon="-105.285767">
				<ele>1805.846468</ele>
				<time>2021-11-27T20:51:32Z</time>
			</trkpt>
			<trkpt lat="40.824044" lon="-105.28613">
				<ele>1806.690737</ele>
				<time>2021-11-27T20:51:54Z</time>
			</trkpt>
			<trkpt lat="40.824248" lon="-105.286375">
				<ele>1807.387519</ele>
				<time>2021-11-27T20:52:06Z</time>
			</trkpt>
			<trkpt lat="40.824101" lon="-105.286591">
				<ele>1807.943183</ele>
				<time>2021-11-27T20:52:17Z</time>
			</trkpt>
			<trkpt lat="40.82397" lon="-105.286879">
				<ele>1808.585919</ele>
				<time>2021-11-27T20:52:30Z</time>
			</trkpt>
			<trkpt lat="40.82388" lon="-105.287237">
				<ele>1809.307488</ele>
				<time>2021-11-27T20:52:44Z</time>
			</trkpt>
			<trkpt lat="40.823842" lon="-105.287496">
				<ele>1809.81212</ele>
				<time>2021-11-27T20:52:55Z</time>
			</trkpt>
			<trkpt lat="40.823826" lon="-105.287789">
				<ele>1810.374018</ele>
				<time>2021-11-27T20:53:07Z</time>
			</trkpt>
			<trkpt lat="40.823833" lon="-105.289562">
				<ele>1815.617749</ele>
				<time>2021-11-27T20:54:27Z</time>
			</trkpt>
			<trkpt lat="40.823869" lon="-105.294925">
				<ele>1829.009412</ele>
				<time>2021-11-27T20:58:04Z</time>
			</trkpt>
			<trkpt lat="40.823893" lon="-105.296213">
				<ele>1831.526751</ele>
				<time>2021-11-27T20:58:50Z</time>
			</trkpt>
			<trkpt lat="40.823912" lon="-105.296412">
				<ele>1831.915852</ele>
				<time>2021-11-27T20:58:57Z</time>
			</trkpt>
			<trkpt lat="40.823989" lon="-105.2967">
				<ele>1832.508388</ele>
				<time>2021-11-27T20:59:09Z</time>
			</trkpt>
			<trkpt lat="40.824284" lon="-105.297424">
				<ele>1834.366599</ele>
				<time>2021-11-27T20:59:40Z</time>
			</trkpt>
			<trkpt lat="40.824563" lon="-105.298025">
				<ele>1836.678293</ele>
				<time>2021-11-27T21:00:10Z</time>
			</trkpt>
			<trkpt lat="40.825395" lon="-105.29948">
				<ele>1843.162916</ele>
				<time>2021-11-27T21:01:35Z</time>
			</trkpt>
			<trkpt lat="40.825535" lon="-105.299938">
				<ele>1845.499006</ele>
				<time>2021-11-27T21:02:00Z</time>
			</trkpt>
			<trkpt lat="40.825583" lon="-105.300286">
				<ele>1847.171931</ele>
				<time>2021-11-27T21:02:19Z</time>
			</trkpt>
			<trkpt lat="40.825593" lon="-105.300536">
				<ele>1848.355914</ele>
				<time>2021-11-27T21:02:32Z</time>
			</trkpt>
			<trkpt lat="40.825622" lon="-105.302588">
				<ele>1858.328124</ele>
				<time>2021-11-27T21:04:23Z</time>
			</trkpt>
			<trkpt lat="40.825582" lon="-105.303411">
				<ele>1862.423881</ele>
				<time>2021-11-27T21:05:05Z</time>
			</trkpt>
			<trkpt lat="40.825625" lon="-105.303652">
				<ele>1863.653602</ele>
				<time>2021-11-27T21:05:18Z</time>
			</trkpt>
			<trkpt lat="40.825669" lon="-105.303777">
				<ele>1864.33828</ele>
				<time>2021-11-27T21:05:25Z</time>
			</trkpt>
			<trkpt lat="40.825797" lon="-105.304004">
				<ele>1865.914428</ele>
				<time>2021-11-27T21:05:40Z</time>
			</trkpt>
			<trkpt lat="40.826457" lon="-105.30481">
				<ele>1872.66118</ele>
				<time>2021-11-27T21:06:44Z</time>
			</trkpt>
			<trkpt lat="40.82726" lon="-105.30588">
				<ele>1882.149791</ele>
				<time>2021-11-27T21:08:16Z</time>
			</trkpt>
			<trkpt lat="40.827422" lon="-105.306129">
				<ele>1884.56329</ele>
				<time>2021-11-27T21:08:37Z</time>
			</trkpt>
			<trkpt lat="40.827568" lon="-105.306456">
				<ele>1887.353793</ele>
				<time>2021-11-27T21:09:01Z</time>
			</trkpt>
			<trkpt lat="40.827711" lon="-105.307089">
				<ele>1892.208988</ele>
				<time>2021-11-27T21:09:45Z</time>
			</trkpt>
			<trkpt lat="40.827825" lon="-105.307351">
				<ele>1894.430235</ele>
				<time>2021-11-27T21:10:06Z</time>
			</trkpt>
			<trkpt lat="40.828027" lon="-105.30754">
				<ele>1897.087426</ele>
				<time>2021-11-27T21:10:28Z</time>
			</trkpt>
			<trkpt lat="40.828447" lon="-105.307728">
				<ele>1902.234138</ele>
				<time>2021-11-27T21:11:09Z</time>
			</trkpt>
			<trkpt lat="40.829152" lon="-105.308186">
				<ele>1911.351816</ele>
				<time>2021-11-27T21:12:22Z</time>
			</trkpt>
			<trkpt lat="40.82989" lon="-105.308819">
				<ele>1921.644893</ele>
				<time>2021-11-27T21:13:54Z</time>
			</trkpt>
			<trkpt lat="40.830311" lon="-105.309081">
				<ele>1927.131499</ele>
				<time>2021-11-27T21:14:42Z</time>
			</trkpt>
			<trkpt lat="40.830581" lon="-105.309112">
				<ele>1930.326934</ele>
				<time>2021-11-27T21:15:08Z</time>
			</trkpt>
			<trkpt lat="40.83111" lon="-105.308883">
				<ele>1936.890185</ele>
				<time>2021-11-27T21:15:57Z</time>
			</trkpt>
			<trkpt lat="40.831223" lon="-105.308867">
				<ele>1938.094427</ele>
				<time>2021-11-27T21:16:07Z</time>
			</trkpt>
			<trkpt lat="40.831502" lon="-105.308981">
				<ele>1940.774345</ele>
				<time>2021-11-27T21:16:31Z</time>
			</trkpt>
			<trkpt lat="40.832473" lon="-105.309726">
				<ele>1951.077759</ele>
				<time>2021-11-27T21:18:05Z</time>
			</trkpt>
			<trkpt lat="40.832768" lon="-105.309882">
				<ele>1953.993592</ele>
				<time>2021-11-27T21:18:30Z</time>
			</trkpt>
			<trkpt lat="40.833071" lon="-105.309897">
				<ele>1956.646692</ele>
				<time>2021-11-27T21:18:54Z</time>
			</trkpt>
			<trkpt lat="40.833545" lon="-105.309753">
				<ele>1960.892135</ele>
				<time>2021-11-27T21:19:31Z</time>
			</trkpt>
			<trkpt lat="40.833722" lon="-105.309784">
				<ele>1962.450675</ele>
				<time>2021-11-27T21:19:46Z</time>
			</trkpt>
			<trkpt lat="40.833817" lon="-105.309837">
				<ele>1963.35078</ele>
				<time>2021-11-27T21:19:54Z</time>
			</trkpt>
			<trkpt lat="40.833997" lon="-105.309991">
				<ele>1965.222462</ele>
				<time>2021-11-27T21:20:13Z</time>
			</trkpt>
			<trkpt lat="40.834167" lon="-105.310202">
				<ele>1967.258139</ele>
				<time>2021-11-27T21:20:33Z</time>
			</trkpt>
			<trkpt lat="40.834311" lon="-105.31046">
				<ele>1969.37554</ele>
				<time>2021-11-27T21:20:54Z</time>
			</trkpt>
			<trkpt lat="40.834436" lon="-105.310746">
				<ele>1971.116986</ele>
				<time>2021-11-27T21:21:14Z</time>
			</trkpt>
			<trkpt lat="40.834472" lon="-105.31085">
				<ele>1971.680544</ele>
				<time>2021-11-27T21:21:21Z</time>
			</trkpt>
			<trkpt lat="40.83458" lon="-105.311167">
				<ele>1973.39365</ele>
				<time>2021-11-27T21:21:40Z</time>
			</trkpt>
			<trkpt lat="40.834604" lon="-105.311307">
				<ele>1974.100998</ele>
				<time>2021-11-27T21:21:48Z</time>
			</trkpt>
			<trkpt lat="40.834608" lon="-105.31172">
				<ele>1976.136256</ele>
				<time>2021-11-27T21:22:09Z</time>
			</trkpt>
			<trkpt lat="40.834628" lon="-105.311857">
				<ele>1976.823787</ele>
				<time>2021-11-27T21:22:15Z</time>
			</trkpt>
			<trkpt lat="40.834734" lon="-105.312102">
				<ele>1978.214492</ele>
				<time>2021-11-27T21:22:28Z</time>
			</trkpt>
			<trkpt lat="40.834911" lon="-105.312246">
				<ele>1979.568137</ele>
				<time>2021-11-27T21:22:41Z</time>
			</trkpt>
			<trkpt lat="40.835227" lon="-105.312302">
				<ele>1981.62967</ele>
				<time>2021-11-27T21:23:02Z</time>
			</trkpt>
			<trkpt lat="40.835436" lon="-105.312378">
				<ele>1982.842974</ele>
				<time>2021-11-27T21:23:16Z</time>
			</trkpt>
			<trkpt lat="40.835531" lon="-105.312445">
				<ele>1983.445682</ele>
				<time>2021-11-27T21:23:23Z</time>
			</trkpt>
			<trkpt lat="40.835892" lon="-105.312823">
				<ele>1986.023552</ele>
				<time>2021-11-27T21:23:54Z</time>
			</trkpt>
			<trkpt lat="40.836115" lon="-105.31299">
				<ele>1987.45818</ele>
				<time>2021-11-27T21:24:10Z</time>
			</trkpt>
			<trkpt lat="40.836785" lon="-105.313262">
				<ele>1991.381286</ele>
				<time>2021-11-27T21:24:54Z</time>
			</trkpt>
			<trkpt lat="40.836995" lon="-105.313386">
				<ele>1992.786818</ele>
				<time>2021-11-27T21:25:10Z</time>
			</trkpt>
			<trkpt lat="40.837295" lon="-105.313655">
				<ele>1995.041508</ele>
				<time>2021-11-27T21:25:35Z</time>
			</trkpt>
			<trkpt lat="40.837659" lon="-105.314096">
				<ele>1998.112565</ele>
				<time>2021-11-27T21:26:12Z</time>
			</trkpt>
			<trkpt lat="40.83849" lon="-105.3152">
				<ele>2003.423419</ele>
				<time>2021-11-27T21:27:30Z</time>
			</trkpt>
			<trkpt lat="40.838756" lon="-105.315596">
				<ele>2004.017006</ele>
				<time>2021-11-27T21:27:52Z</time>
			</trkpt>
			<trkpt lat="40.83893" lon="-105.315918">
				<ele>2004.460548</ele>
				<time>2021-11-27T21:28:06Z</time>
			</trkpt>
			<trkpt lat="40.839063" lon="-105.316241">
				<ele>2004.872749</ele>
				<time>2021-11-27T21:28:17Z</time>
			</trkpt>
			<trkpt lat="40.839781" lon="-105.318546">
				<ele>1997.871243</ele>
				<time>2021-11-27T21:29:12Z</time>
			</trkpt>
			<trkpt lat="40.840004" lon="-105.319301">
				<ele>1993.892634</ele>
				<time>2021-11-27T21:29:29Z</time>
			</trkpt>
			<trkpt lat="40.840152" lon="-105.319898">
				<ele>1990.139006</ele>
				<time>2021-11-27T21:29:41Z</time>
			</trkpt>
			<trkpt lat="40.840407" lon="-105.321242">
				<ele>1981.901145</ele>
				<time>2021-11-27T21:30:09Z</time>
			</trkpt>
			<trkpt lat="40.841111" lon="-105.327003">
				<ele>1954.053158</ele>
				<time>2021-11-27T21:32:12Z</time>
			</trkpt>
			<trkpt lat="40.841181" lon="-105.327418">
				<ele>1952.168658</ele>
				<time>2021-11-27T21:32:21Z</time>
			</trkpt>
			<trkpt lat="40.841436" lon="-105.328348">
				<ele>1947.89211</ele>
				<time>2021-11-27T21:32:42Z</time>
			</trkpt>
			<trkpt lat="40.842106" lon="-105.330589">
				<ele>1939.131074</ele>
				<time>2021-11-27T21:33:35Z</time>
			</trkpt>
			<trkpt lat="40.842295" lon="-105.3312">
				<ele>1937.615917</ele>
				<time>2021-11-27T21:33:50Z</time>
			</trkpt>
			<trkpt lat="40.842495" lon="-105.331745">
				<ele>1936.225553</ele>
				<time>2021-11-27T21:34:03Z</time>
			</trkpt>
			<trkpt lat="40.843559" lon="-105.334602">
				<ele>1932.168587</ele>
				<time>2021-11-27T21:35:24Z</time>
			</trkpt>
			<trkpt lat="40.843595" lon="-105.334697">
				<ele>1932.077413</ele>
				<time>2021-11-27T21:35:28Z</time>
			</trkpt>
			<trkpt lat="40.844014" lon="-105.33576">
				<ele>1931.834775</ele>
				<time>2021-11-27T21:36:04Z</time>
			</trkpt>
			<trkpt lat="40.844195" lon="-105.336116">
				<ele>1931.749936</ele>
				<time>2021-11-27T21:36:16Z</time>
			</trkpt>
			<trkpt lat="40.844491" lon="-105.336515">
				<ele>1931.639404</ele>
				<time>2021-11-27T21:36:31Z</time>
			</trkpt>
			<trkpt lat="40.844755" lon="-105.336783">
				<ele>1931.262729</ele>
				<time>2021-11-27T21:36:42Z</time>
			</trkpt>
			<trkpt lat="40.84503" lon="-105.336985">
				<ele>1930.679411</ele>
				<time>2021-11-27T21:36:53Z</time>
			</trkpt>
			<trkpt lat="40.84535" lon="-105.337354">
				<ele>1929.892071</ele>
				<time>2021-11-27T21:37:07Z</time>
			</trkpt>
			<trkpt lat="40.84553" lon="-105.337644">
				<ele>1929.365919</ele>
				<time>2021-11-27T21:37:16Z</time>
			</trkpt>
			<trkpt lat="40.846208" lon="-105.339017">
				<ele>1928.11832</ele>
				<time>2021-11-27T21:37:56Z</time>
			</trkpt>
			<trkpt lat="40.846637" lon="-105.339726">
				<ele>1927.962517</ele>
				<time>2021-11-27T21:38:22Z</time>
			</trkpt>
			<trkpt lat="40.846939" lon="-105.340064">
				<ele>1927.872751</ele>
				<time>2021-11-27T21:38:39Z</time>
			</trkpt>
			<trkpt lat="40.847177" lon="-105.340246">
				<ele>1928.348554</ele>
				<time>2021-11-27T21:38:52Z</time>
			</trkpt>
			<trkpt lat="40.847439" lon="-105.340386">
				<ele>1929.024939</ele>
				<time>2021-11-27T21:39:05Z</time>
			</trkpt>
			<trkpt lat="40.847974" lon="-105.340602">
				<ele>1930.363839</ele>
				<time>2021-11-27T21:39:32Z</time>
			</trkpt>
			<trkpt lat="40.849038" lon="-105.341011">
				<ele>1932.744784</ele>
				<time>2021-11-27T21:40:31Z</time>
			</trkpt>
			<trkpt lat="40.849895" lon="-105.341296">
				<ele>1934.188223</ele>
				<time>2021-11-27T21:41:10Z</time>
			</trkpt>
			<trkpt lat="40.850135" lon="-105.341448">
				<ele>1934.622904</ele>
				<time>2021-11-27T21:41:21Z</time>
			</trkpt>
			<trkpt lat="40.850343" lon="-105.341656">
				<ele>1935.048901</ele>
				<time>2021-11-27T21:41:32Z</time>
			</trkpt>
			<trkpt lat="40.850496" lon="-105.341904">
				<ele>1935.358928</ele>
				<time>2021-11-27T21:41:41Z</time>
			</trkpt>
			<trkpt lat="40.85054" lon="-105.342041">
				<ele>1935.497235</ele>
				<time>2021-11-27T21:41:46Z</time>
			</trkpt>
			<trkpt lat="40.850571" lon="-105.342339">
				<ele>1935.776758</ele>
				<time>2021-11-27T21:41:55Z</time>
			</trkpt>
			<trkpt lat="40.850543" lon="-105.342661">
				<ele>1936.077947</ele>
				<time>2021-11-27T21:42:05Z</time>
			</trkpt>
			<trkpt lat="40.850351" lon="-105.343661">
				<ele>1937.036666</ele>
				<time>2021-11-27T21:42:36Z</time>
			</trkpt>
			<trkpt lat="40.850172" lon="-105.345074">
				<ele>1941.29156</ele>
				<time>2021-11-27T21:43:37Z</time>
			</trkpt>
			<trkpt lat="40.850148" lon="-105.345397">
				<ele>1942.426171</ele>
				<time>2021-11-27T21:43:53Z</time>
			</trkpt>
			<trkpt lat="40.85023" lon="-105.347836">
				<ele>1951.621429</ele>
				<time>2021-11-27T21:45:56Z</time>
			</trkpt>
			<trkpt lat="40.850204" lon="-105.348652">
				<ele>1954.829752</ele>
				<time>2021-11-27T21:46:32Z</time>
			</trkpt>
			<trkpt lat="40.850103" lon="-105.349759">
				<ele>1957.196891</ele>
				<time>2021-11-27T21:47:17Z</time>
			</trkpt>
			<trkpt lat="40.849986" lon="-105.350482">
				<ele>1958.724654</ele>
				<time>2021-11-27T21:47:44Z</time>
			</trkpt>
			<trkpt lat="40.849803" lon="-105.351259">
				<ele>1960.17524</ele>
				<time>2021-11-27T21:48:13Z</time>
			</trkpt>
			<trkpt lat="40.849707" lon="-105.351786">
				<ele>1960.807086</ele>
				<time>2021-11-27T21:48:31Z</time>
			</trkpt>
			<trkpt lat="40.849604" lon="-105.353156">
				<ele>1962.411862</ele>
				<time>2021-11-27T21:49:18Z</time>
			</trkpt>
			<trkpt lat="40.849588" lon="-105.353594">
				<ele>1962.779166</ele>
				<time>2021-11-27T21:49:32Z</time>
			</trkpt>
			<trkpt lat="40.849634" lon="-105.355102">
				<ele>1963.618357</ele>
				<time>2021-11-27T21:50:20Z</time>
			</trkpt>
			<trkpt lat="40.849615" lon="-105.356234">
				<ele>1963.662746</ele>
				<time>2021-11-27T21:50:52Z</time>
			</trkpt>
			<trkpt lat="40.849677" lon="-105.358412">
				<ele>1962.378653</ele>
				<time>2021-11-27T21:51:49Z</time>
			</trkpt>
			<trkpt lat="40.84971" lon="-105.358795">
				<ele>1962.214057</ele>
				<time>2021-11-27T21:51:58Z</time>
			</trkpt>
			<trkpt lat="40.849861" lon="-105.359759">
				<ele>1961.793702</ele>
				<time>2021-11-27T21:52:24Z</time>
			</trkpt>
			<trkpt lat="40.849962" lon="-105.360597">
				<ele>1961.639636</ele>
				<time>2021-11-27T21:52:49Z</time>
			</trkpt>
			<trkpt lat="40.849982" lon="-105.361095">
				<ele>1962.157764</ele>
				<time>2021-11-27T21:53:05Z</time>
			</trkpt>
			<trkpt lat="40.84996" lon="-105.362241">
				<ele>1963.348789</ele>
				<time>2021-11-27T21:53:43Z</time>
			</trkpt>
			<trkpt lat="40.849998" lon="-105.362815">
				<ele>1963.947428</ele>
				<time>2021-11-27T21:54:04Z</time>
			</trkpt>
			<trkpt lat="40.850123" lon="-105.363305">
				<ele>1964.857253</ele>
				<time>2021-11-27T21:54:23Z</time>
			</trkpt>
			<trkpt lat="40.850525" lon="-105.364079">
				<ele>1966.528648</ele>
				<time>2021-11-27T21:54:58Z</time>
			</trkpt>
			<trkpt lat="40.850903" lon="-105.364593">
				<ele>1967.804821</ele>
				<time>2021-11-27T21:55:25Z</time>
			</trkpt>
			<trkpt lat="40.851193" lon="-105.364894">
				<ele>1968.654477</ele>
				<time>2021-11-27T21:55:43Z</time>
			</trkpt>
			<trkpt lat="40.851443" lon="-105.36511">
				<ele>1969.330748</ele>
				<time>2021-11-27T21:55:57Z</time>
			</trkpt>
			<trkpt lat="40.851713" lon="-105.365304">
				<ele>1970.026596</ele>
				<time>2021-11-27T21:56:12Z</time>
			</trkpt>
			<trkpt lat="40.852955" lon="-105.365852">
				<ele>1973.143907</ele>
				<time>2021-11-27T21:57:15Z</time>
			</trkpt>
			<trkpt lat="40.854079" lon="-105.366374">
				<ele>1976.41021</ele>
				<time>2021-11-27T21:58:15Z</time>
			</trkpt>
			<trkpt lat="40.854587" lon="-105.366731">
				<ele>1978.084734</ele>
				<time>2021-11-27T21:58:46Z</time>
			</trkpt>
			<trkpt lat="40.854874" lon="-105.367013">
				<ele>1979.186065</ele>
				<time>2021-11-27T21:59:06Z</time>
			</trkpt>
			<trkpt lat="40.855077" lon="-105.367259">
				<ele>1980.034195</ele>
				<time>2021-11-27T21:59:21Z</time>
			</trkpt>
			<trkpt lat="40.855356" lon="-105.367702">
				<ele>1981.37711</ele>
				<time>2021-11-27T21:59:44Z</time>
			</trkpt>
			<trkpt lat="40.855744" lon="-105.368439">
				<ele>1983.118119</ele>
				<time>2021-11-27T22:00:18Z</time>
			</trkpt>
			<trkpt lat="40.856062" lon="-105.369028">
				<ele>1983.993262</ele>
				<time>2021-11-27T22:00:42Z</time>
			</trkpt>
			<trkpt lat="40.856274" lon="-105.369339">
				<ele>1984.499567</ele>
				<time>2021-11-27T22:00:56Z</time>
			</trkpt>
			<trkpt lat="40.856616" lon="-105.369702">
				<ele>1985.200789</ele>
				<time>2021-11-27T22:01:15Z</time>
			</trkpt>
			<trkpt lat="40.857068" lon="-105.370047">
				<ele>1986.056673</ele>
				<time>2021-11-27T22:01:37Z</time>
			</trkpt>
			<trkpt lat="40.858586" lon="-105.370831">
				<ele>1988.871861</ele>
				<time>2021-11-27T22:02:52Z</time>
			</trkpt>
			<trkpt lat="40.859039" lon="-105.371008">
				<ele>1990.051915</ele>
				<time>2021-11-27T22:03:15Z</time>
			</trkpt>
			<trkpt lat="40.859279" lon="-105.371046">
				<ele>1990.655761</ele>
				<time>2021-11-27T22:03:27Z</time>
			</trkpt>
			<trkpt lat="40.860807" lon="-105.370882">
				<ele>1994.786754</ele>
				<time>2021-11-27T22:04:45Z</time>
			</trkpt>
			<trkpt lat="40.862406" lon="-105.370512">
				<ele>1999.666442</ele>
				<time>2021-11-27T22:06:11Z</time>
			</trkpt>
			<trkpt lat="40.862744" lon="-105.370458">
				<ele>2000.634301</ele>
				<time>2021-11-27T22:06:29Z</time>
			</trkpt>
			<trkpt lat="40.863053" lon="-105.37051">
				<ele>2001.519816</ele>
				<time>2021-11-27T22:06:45Z</time>
			</trkpt>
			<trkpt lat="40.863274" lon="-105.370661">
				<ele>2002.226997</ele>
				<time>2021-11-27T22:06:58Z</time>
			</trkpt>
			<trkpt lat="40.863494" lon="-105.370929">
				<ele>2003.077372</ele>
				<time>2021-11-27T22:07:13Z</time>
			</trkpt>
			<trkpt lat="40.863634" lon="-105.371184">
				<ele>2003.754424</ele>
				<time>2021-11-27T22:07:24Z</time>
			</trkpt>
			<trkpt lat="40.864016" lon="-105.372249">
				<ele>2006.231215</ele>
				<time>2021-11-27T22:08:08Z</time>
			</trkpt>
			<trkpt lat="40.864242" lon="-105.372699">
				<ele>2007.366291</ele>
				<time>2021-11-27T22:08:29Z</time>
			</trkpt>
			<trkpt lat="40.864439" lon="-105.372964">
				<ele>2008.147101</ele>
				<time>2021-11-27T22:08:43Z</time>
			</trkpt>
			<trkpt lat="40.865115" lon="-105.373688">
				<ele>2011.514919</ele>
				<time>2021-11-27T22:09:31Z</time>
			</trkpt>
			<trkpt lat="40.865439" lon="-105.374106">
				<ele>2013.426043</ele>
				<time>2021-11-27T22:09:58Z</time>
			</trkpt>
			<trkpt lat="40.866035" lon="-105.375029">
				<ele>2017.483863</ele>
				<time>2021-11-27T22:10:54Z</time>
			</trkpt>
			<trkpt lat="40.866815" lon="-105.376345">
				<ele>2023.824544</ele>
				<time>2021-11-27T22:12:15Z</time>
			</trkpt>
			<trkpt lat="40.867476" lon="-105.377367">
				<ele>2027.576071</ele>
				<time>2021-11-27T22:13:15Z</time>
			</trkpt>
			<trkpt lat="40.867631" lon="-105.377606">
				<ele>2028.320018</ele>
				<time>2021-11-27T22:13:27Z</time>
			</trkpt>
			<trkpt lat="40.868028" lon="-105.378326">
				<ele>2030.425465</ele>
				<time>2021-11-27T22:14:01Z</time>
			</trkpt>
			<trkpt lat="40.868129" lon="-105.378574">
				<ele>2030.991992</ele>
				<time>2021-11-27T22:14:10Z</time>
			</trkpt>
			<trkpt lat="40.868224" lon="-105.378914">
				<ele>2031.163252</ele>
				<time>2021-11-27T22:14:22Z</time>
			</trkpt>
			<trkpt lat="40.868346" lon="-105.379635">
				<ele>2031.512338</ele>
				<time>2021-11-27T22:14:43Z</time>
			</trkpt>
			<trkpt lat="40.868444" lon="-105.380669">
				<ele>2032.004708</ele>
				<time>2021-11-27T22:15:13Z</time>
			</trkpt>
			<trkpt lat="40.868617" lon="-105.381351">
				<ele>2032.621903</ele>
				<time>2021-11-27T22:15:34Z</time>
			</trkpt>
			<trkpt lat="40.869227" lon="-105.382737">
				<ele>2034.208301</ele>
				<time>2021-11-27T22:16:27Z</time>
			</trkpt>
			<trkpt lat="40.86975" lon="-105.383612">
				<ele>2035.658228</ele>
				<time>2021-11-27T22:17:10Z</time>
			</trkpt>
			<trkpt lat="40.869911" lon="-105.384025">
				<ele>2036.301486</ele>
				<time>2021-11-27T22:17:29Z</time>
			</trkpt>
			<trkpt lat="40.870087" lon="-105.38461">
				<ele>2037.173098</ele>
				<time>2021-11-27T22:17:52Z</time>
			</trkpt>
			<trkpt lat="40.870228" lon="-105.385352">
				<ele>2037.019095</ele>
				<time>2021-11-27T22:18:13Z</time>
			</trkpt>
			<trkpt lat="40.870352" lon="-105.386019">
				<ele>2035.641737</ele>
				<time>2021-11-27T22:18:30Z</time>
			</trkpt>
			<trkpt lat="40.870484" lon="-105.386379">
				<ele>2034.839443</ele>
				<time>2021-11-27T22:18:39Z</time>
			</trkpt>
			<trkpt lat="40.870629" lon="-105.38655">
				<ele>2034.32424</ele>
				<time>2021-11-27T22:18:45Z</time>
			</trkpt>
			<trkpt lat="40.871192" lon="-105.386792">
				<ele>2032.709568</ele>
				<time>2021-11-27T22:19:02Z</time>
			</trkpt>
			<trkpt lat="40.871431" lon="-105.387023">
				<ele>2031.759199</ele>
				<time>2021-11-27T22:19:11Z</time>
			</trkpt>
			<trkpt lat="40.871553" lon="-105.387247">
				<ele>2031.089043</ele>
				<time>2021-11-27T22:19:17Z</time>
			</trkpt>
			<trkpt lat="40.8718" lon="-105.387804">
				<ele>2029.521498</ele>
				<time>2021-11-27T22:19:31Z</time>
			</trkpt>
			<trkpt lat="40.871988" lon="-105.388097">
				<ele>2028.588647</ele>
				<time>2021-11-27T22:19:40Z</time>
			</trkpt>
			<trkpt lat="40.872396" lon="-105.388619">
				<ele>2027.532483</ele>
				<time>2021-11-27T22:20:00Z</time>
			</trkpt>
			<trkpt lat="40.872567" lon="-105.388915">
				<ele>2028.252627</ele>
				<time>2021-11-27T22:20:12Z</time>
			</trkpt>
			<trkpt lat="40.872703" lon="-105.38922">
				<ele>2028.937161</ele>
				<time>2021-11-27T22:20:25Z</time>
			</trkpt>
			<trkpt lat="40.872782" lon="-105.389541">
				<ele>2029.589783</ele>
				<time>2021-11-27T22:20:39Z</time>
			</trkpt>
			<trkpt lat="40.872797" lon="-105.389709">
				<ele>2029.916828</ele>
				<time>2021-11-27T22:20:45Z</time>
			</trkpt>
			<trkpt lat="40.87279" lon="-105.390606">
				<ele>2031.651064</ele>
				<time>2021-11-27T22:21:24Z</time>
			</trkpt>
			<trkpt lat="40.872846" lon="-105.39139">
				<ele>2033.75416</ele>
				<time>2021-11-27T22:22:01Z</time>
			</trkpt>
			<trkpt lat="40.873293" lon="-105.393858">
				<ele>2039.35449</ele>
				<time>2021-11-27T22:23:43Z</time>
			</trkpt>
			<trkpt lat="40.873591" lon="-105.395332">
				<ele>2041.158025</ele>
				<time>2021-11-27T22:24:29Z</time>
			</trkpt>
			<trkpt lat="40.873688" lon="-105.395633">
				<ele>2041.557866</ele>
				<time>2021-11-27T22:24:38Z</time>
			</trkpt>
			<trkpt lat="40.87377" lon="-105.395803">
				<ele>2041.804279</ele>
				<time>2021-11-27T22:24:44Z</time>
			</trkpt>
			<trkpt lat="40.874306" lon="-105.396751">
				<ele>2043.250799</ele>
				<time>2021-11-27T22:25:23Z</time>
			</trkpt>
			<trkpt lat="40.874436" lon="-105.397058">
				<ele>2043.68078</ele>
				<time>2021-11-27T22:25:37Z</time>
			</trkpt>
			<trkpt lat="40.874513" lon="-105.397396">
				<ele>2044.193761</ele>
				<time>2021-11-27T22:25:51Z</time>
			</trkpt>
			<trkpt lat="40.874607" lon="-105.398477">
				<ele>2047.004316</ele>
				<time>2021-11-27T22:26:36Z</time>
			</trkpt>
			<trkpt lat="40.874657" lon="-105.398819">
				<ele>2047.904039</ele>
				<time>2021-11-27T22:26:50Z</time>
			</trkpt>
			<trkpt lat="40.874758" lon="-105.399149">
				<ele>2048.823582</ele>
				<time>2021-11-27T22:27:05Z</time>
			</trkpt>
			<trkpt lat="40.874862" lon="-105.399342">
				<ele>2049.435721</ele>
				<time>2021-11-27T22:27:15Z</time>
			</trkpt>
			<trkpt lat="40.875034" lon="-105.399563">
				<ele>2050.2316</ele>
				<time>2021-11-27T22:27:29Z</time>
			</trkpt>
			<trkpt lat="40.875151" lon="-105.39967">
				<ele>2050.56025</ele>
				<time>2021-11-27T22:27:37Z</time>
			</trkpt>
			<trkpt lat="40.875944" lon="-105.400164">
				<ele>2052.585459</ele>
				<time>2021-11-27T22:28:21Z</time>
			</trkpt>
			<trkpt lat="40.876221" lon="-105.400286">
				<ele>2053.259989</ele>
				<time>2021-11-27T22:28:35Z</time>
			</trkpt>
			<trkpt lat="40.876614" lon="-105.400431">
				<ele>2054.20264</ele>
				<time>2021-11-27T22:28:53Z</time>
			</trkpt>
			<trkpt lat="40.876847" lon="-105.400584">
				<ele>2054.46203</ele>
				<time>2021-11-27T22:29:04Z</time>
			</trkpt>
			<trkpt lat="40.877056" lon="-105.400797">
				<ele>2054.623947</ele>
				<time>2021-11-27T22:29:14Z</time>
			</trkpt>
			<trkpt lat="40.877458" lon="-105.401281">
				<ele>2054.957548</ele>
				<time>2021-11-27T22:29:35Z</time>
			</trkpt>
			<trkpt lat="40.877902" lon="-105.401605">
				<ele>2055.268735</ele>
				<time>2021-11-27T22:29:53Z</time>
			</trkpt>
			<trkpt lat="40.878519" lon="-105.402049">
				<ele>2056.78503</ele>
				<time>2021-11-27T22:30:23Z</time>
			</trkpt>
			<trkpt lat="40.879004" lon="-105.402464">
				<ele>2058.633185</ele>
				<time>2021-11-27T22:30:53Z</time>
			</trkpt>
			<trkpt lat="40.879217" lon="-105.402714">
				<ele>2059.544311</ele>
				<time>2021-11-27T22:31:10Z</time>
			</trkpt>
			<trkpt lat="40.880024" lon="-105.404244">
				<ele>2064.458111</ele>
				<time>2021-11-27T22:32:37Z</time>
			</trkpt>
			<trkpt lat="40.880172" lon="-105.404649">
				<ele>2065.698828</ele>
				<time>2021-11-27T22:32:57Z</time>
			</trkpt>
			<trkpt lat="40.880448" lon="-105.406247">
				<ele>2068.177945</ele>
				<time>2021-11-27T22:33:52Z</time>
			</trkpt>
			<trkpt lat="40.88058" lon="-105.4073">
				<ele>2068.679718</ele>
				<time>2021-11-27T22:34:21Z</time>
			</trkpt>
			<trkpt lat="40.880874" lon="-105.408455">
				<ele>2070.430469</ele>
				<time>2021-11-27T22:34:58Z</time>
			</trkpt>
			<trkpt lat="40.882085" lon="-105.41409">
				<ele>2082.613965</ele>
				<time>2021-11-27T22:38:49Z</time>
			</trkpt>
			<trkpt lat="40.882137" lon="-105.414477">
				<ele>2083.543323</ele>
				<time>2021-11-27T22:39:05Z</time>
			</trkpt>
			<trkpt lat="40.882347" lon="-105.416803">
				<ele>2089.916388</ele>
				<time>2021-11-27T22:40:43Z</time>
			</trkpt>
			<trkpt lat="40.88243" lon="-105.41741">
				<ele>2091.581616</ele>
				<time>2021-11-27T22:41:09Z</time>
			</trkpt>
			<trkpt lat="40.882579" lon="-105.417978">
				<ele>2093.1995</ele>
				<time>2021-11-27T22:41:35Z</time>
			</trkpt>
			<trkpt lat="40.882761" lon="-105.418522">
				<ele>2094.800329</ele>
				<time>2021-11-27T22:42:00Z</time>
			</trkpt>
			<trkpt lat="40.88313" lon="-105.419411">
				<ele>2097.22189</ele>
				<time>2021-11-27T22:42:40Z</time>
			</trkpt>
			<trkpt lat="40.883264" lon="-105.41979">
				<ele>2097.952718</ele>
				<time>2021-11-27T22:42:56Z</time>
			</trkpt>
			<trkpt lat="40.883426" lon="-105.420403">
				<ele>2099.086997</ele>
				<time>2021-11-27T22:43:20Z</time>
			</trkpt>
			<trkpt lat="40.883513" lon="-105.420836">
				<ele>2099.869586</ele>
				<time>2021-11-27T22:43:35Z</time>
			</trkpt>
			<trkpt lat="40.883637" lon="-105.421671">
				<ele>2101.330395</ele>
				<time>2021-11-27T22:44:05Z</time>
			</trkpt>
			<trkpt lat="40.884703" lon="-105.428852">
				<ele>2114.221602</ele>
				<time>2021-11-27T22:48:32Z</time>
			</trkpt>
			<trkpt lat="40.884766" lon="-105.429592">
				<ele>2116.26794</ele>
				<time>2021-11-27T22:49:03Z</time>
			</trkpt>
			<trkpt lat="40.884787" lon="-105.430604">
				<ele>2119.049913</ele>
				<time>2021-11-27T22:49:48Z</time>
			</trkpt>
			<trkpt lat="40.884813" lon="-105.431765">
				<ele>2123.126625</ele>
				<time>2021-11-27T22:50:42Z</time>
			</trkpt>
			<trkpt lat="40.884817" lon="-105.435049">
				<ele>2134.50704</ele>
				<time>2021-11-27T22:53:13Z</time>
			</trkpt>
			<trkpt lat="40.884756" lon="-105.43557">
				<ele>2136.218052</ele>
				<time>2021-11-27T22:53:35Z</time>
			</trkpt>
			<trkpt lat="40.884623" lon="-105.436272">
				<ele>2138.112789</ele>
				<time>2021-11-27T22:54:04Z</time>
			</trkpt>
			<trkpt lat="40.884527" lon="-105.436628">
				<ele>2139.102348</ele>
				<time>2021-11-27T22:54:20Z</time>
			</trkpt>
			<trkpt lat="40.884311" lon="-105.437259">
				<ele>2140.915826</ele>
				<time>2021-11-27T22:54:48Z</time>
			</trkpt>
			<trkpt lat="40.884204" lon="-105.43777">
				<ele>2142.313226</ele>
				<time>2021-11-27T22:55:10Z</time>
			</trkpt>
			<trkpt lat="40.884145" lon="-105.439048">
				<ele>2146.027061</ele>
				<time>2021-11-27T22:56:02Z</time>
			</trkpt>
			<trkpt lat="40.884177" lon="-105.439691">
				<ele>2147.896165</ele>
				<time>2021-11-27T22:56:28Z</time>
			</trkpt>
			<trkpt lat="40.884311" lon="-105.440865">
				<ele>2153.813014</ele>
				<time>2021-11-27T22:57:25Z</time>
			</trkpt>
			<trkpt lat="40.884445" lon="-105.441482">
				<ele>2157.748847</ele>
				<time>2021-11-27T22:58:03Z</time>
			</trkpt>
			<trkpt lat="40.884588" lon="-105.441856">
				<ele>2160.31841</ele>
				<time>2021-11-27T22:58:30Z</time>
			</trkpt>
			<trkpt lat="40.88471" lon="-105.44205">
				<ele>2161.865516</ele>
				<time>2021-11-27T22:58:48Z</time>
			</trkpt>
			<trkpt lat="40.884991" lon="-105.44236">
				<ele>2165.293887</ele>
				<time>2021-11-27T22:59:22Z</time>
			</trkpt>
			<trkpt lat="40.885516" lon="-105.442749">
				<ele>2172.169804</ele>
				<time>2021-11-27T23:00:18Z</time>
			</trkpt>
			<trkpt lat="40.886031" lon="-105.442991">
				<ele>2178.414672</ele>
				<time>2021-11-27T23:01:09Z</time>
			</trkpt>
			<trkpt lat="40.886196" lon="-105.44316">
				<ele>2180.79917</ele>
				<time>2021-11-27T23:01:29Z</time>
			</trkpt>
			<trkpt lat="40.886306" lon="-105.443399">
				<ele>2183.216257</ele>
				<time>2021-11-27T23:01:50Z</time>
			</trkpt>
			<trkpt lat="40.886471" lon="-105.443963">
				<ele>2188.500622</ele>
				<time>2021-11-27T23:02:35Z</time>
			</trkpt>
			<trkpt lat="40.886592" lon="-105.444245">
				<ele>2191.341989</ele>
				<time>2021-11-27T23:02:58Z</time>
			</trkpt>
			<trkpt lat="40.886747" lon="-105.444504">
				<ele>2194.236572</ele>
				<time>2021-11-27T23:03:22Z</time>
			</trkpt>
			<trkpt lat="40.886928" lon="-105.444724">
				<ele>2197.085751</ele>
				<time>2021-11-27T23:03:44Z</time>
			</trkpt>
			<trkpt lat="40.887035" lon="-105.44481">
				<ele>2198.536979</ele>
				<time>2021-11-27T23:03:56Z</time>
			</trkpt>
			<trkpt lat="40.88727" lon="-105.444914">
				<ele>2201.409243</ele>
				<time>2021-11-27T23:04:18Z</time>
			</trkpt>
			<trkpt lat="40.88787" lon="-105.444946">
				<ele>2207.832188</ele>
				<time>2021-11-27T23:05:17Z</time>
			</trkpt>
			<trkpt lat="40.88798" lon="-105.444977">
				<ele>2208.921236</ele>
				<time>2021-11-27T23:05:28Z</time>
			</trkpt>
			<trkpt lat="40.888466" lon="-105.445275">
				<ele>2214.108245</ele>
				<time>2021-11-27T23:06:22Z</time>
			</trkpt>
			<trkpt lat="40.88868" lon="-105.445312">
				<ele>2216.198055</ele>
				<time>2021-11-27T23:06:41Z</time>
			</trkpt>
			<trkpt lat="40.889244" lon="-105.445314">
				<ele>2221.659346</ele>
				<time>2021-11-27T23:07:23Z</time>
			</trkpt>
			<trkpt lat="40.88947" lon="-105.44536">
				<ele>2223.128905</ele>
				<time>2021-11-27T23:07:37Z</time>
			</trkpt>
			<trkpt lat="40.890046" lon="-105.445697">
				<ele>2225.867949</ele>
				<time>2021-11-27T23:08:09Z</time>
			</trkpt>
			<trkpt lat="40.890173" lon="-105.445819">
				<ele>2226.550532</ele>
				<time>2021-11-27T23:08:17Z</time>
			</trkpt>
			<trkpt lat="40.890237" lon="-105.445989">
				<ele>2227.174896</ele>
				<time>2021-11-27T23:08:26Z</time>
			</trkpt>
			<trkpt lat="40.890242" lon="-105.446092">
				<ele>2227.514218</ele>
				<time>2021-11-27T23:08:31Z</time>
			</trkpt>
			<trkpt lat="40.890199" lon="-105.44631">
				<ele>2228.254912</ele>
				<time>2021-11-27T23:08:41Z</time>
			</trkpt>
			<trkpt lat="40.889971" lon="-105.446768">
				<ele>2230.057797</ele>
				<time>2021-11-27T23:09:08Z</time>
			</trkpt>
			<trkpt lat="40.889577" lon="-105.447392">
				<ele>2231.170262</ele>
				<time>2021-11-27T23:09:43Z</time>
			</trkpt>
			<trkpt lat="40.889456" lon="-105.44766">
				<ele>2231.525553</ele>
				<time>2021-11-27T23:09:56Z</time>
			</trkpt>
			<trkpt lat="40.88935" lon="-105.447987">
				<ele>2231.930509</ele>
				<time>2021-11-27T23:10:09Z</time>
			</trkpt>
			<trkpt lat="40.889204" lon="-105.44828">
				<ele>2232.329923</ele>
				<time>2021-11-27T23:10:20Z</time>
			</trkpt>
			<trkpt lat="40.888773" lon="-105.448888">
				<ele>2231.464455</ele>
				<time>2021-11-27T23:10:42Z</time>
			</trkpt>
			<trkpt lat="40.888507" lon="-105.449407">
				<ele>2226.464951</ele>
				<time>2021-11-27T23:10:55Z</time>
			</trkpt>
			<trkpt lat="40.888384" lon="-105.449587">
				<ele>2224.530339</ele>
				<time>2021-11-27T23:11:00Z</time>
			</trkpt>
			<trkpt lat="40.887987" lon="-105.44997">
				<ele>2219.347887</ele>
				<time>2021-11-27T23:11:12Z</time>
			</trkpt>
			<trkpt lat="40.887865" lon="-105.45014">
				<ele>2217.478933</ele>
				<time>2021-11-27T23:11:16Z</time>
			</trkpt>
			<trkpt lat="40.887819" lon="-105.450247">
				<ele>2216.497478</ele>
				<time>2021-11-27T23:11:18Z</time>
			</trkpt>
			<trkpt lat="40.887763" lon="-105.450496">
				<ele>2214.426107</ele>
				<time>2021-11-27T23:11:23Z</time>
			</trkpt>
			<trkpt lat="40.887697" lon="-105.451014">
				<ele>2208.668754</ele>
				<time>2021-11-27T23:11:32Z</time>
			</trkpt>
			<trkpt lat="40.887611" lon="-105.451231">
				<ele>2205.917898</ele>
				<time>2021-11-27T23:11:37Z</time>
			</trkpt>
			<trkpt lat="40.887414" lon="-105.451536">
				<ele>2201.413857</ele>
				<time>2021-11-27T23:11:44Z</time>
			</trkpt>
			<trkpt lat="40.886923" lon="-105.45198">
				<ele>2192.580719</ele>
				<time>2021-11-27T23:11:58Z</time>
			</trkpt>
			<trkpt lat="40.886826" lon="-105.452187">
				<ele>2189.846337</ele>
				<time>2021-11-27T23:12:03Z</time>
			</trkpt>
			<trkpt lat="40.88681" lon="-105.452309">
				<ele>2188.456102</ele>
				<time>2021-11-27T23:12:05Z</time>
			</trkpt>
			<trkpt lat="40.886814" lon="-105.452434">
				<ele>2187.217421</ele>
				<time>2021-11-27T23:12:08Z</time>
			</trkpt>
			<trkpt lat="40.886907" lon="-105.45282">
				<ele>2185.042927</ele>
				<time>2021-11-27T23:12:16Z</time>
			</trkpt>
			<trkpt lat="40.886939" lon="-105.453075">
				<ele>2183.655507</ele>
				<time>2021-11-27T23:12:21Z</time>
			</trkpt>
			<trkpt lat="40.886936" lon="-105.453214">
				<ele>2182.909132</ele>
				<time>2021-11-27T23:12:23Z</time>
			</trkpt>
			<trkpt lat="40.886846" lon="-105.453823">
				<ele>2179.578505</ele>
				<time>2021-11-27T23:12:36Z</time>
			</trkpt>
			<trkpt lat="40.886825" lon="-105.454436">
				<ele>2176.284897</ele>
				<time>2021-11-27T23:12:50Z</time>
			</trkpt>
			<trkpt lat="40.886841" lon="-105.454696">
				<ele>2174.88475</ele>
				<time>2021-11-27T23:12:56Z</time>
			</trkpt>
			<trkpt lat="40.886919" lon="-105.454948">
				<ele>2173.862256</ele>
				<time>2021-11-27T23:13:03Z</time>
			</trkpt>
			<trkpt lat="40.887223" lon="-105.455407">
				<ele>2171.809356</ele>
				<time>2021-11-27T23:13:16Z</time>
			</trkpt>
			<trkpt lat="40.887524" lon="-105.455685">
				<ele>2170.175733</ele>
				<time>2021-11-27T23:13:27Z</time>
			</trkpt>
			<trkpt lat="40.887768" lon="-105.455787">
				<ele>2169.037019</ele>
				<time>2021-11-27T23:13:34Z</time>
			</trkpt>
			<trkpt lat="40.888153" lon="-105.45588">
				<ele>2167.295463</ele>
				<time>2021-11-27T23:13:46Z</time>
			</trkpt>
			<trkpt lat="40.888671" lon="-105.456108">
				<ele>2164.506286</ele>
				<time>2021-11-27T23:14:02Z</time>
			</trkpt>
			<trkpt lat="40.889142" lon="-105.456325">
				<ele>2161.82513</ele>
				<time>2021-11-27T23:14:16Z</time>
			</trkpt>
			<trkpt lat="40.889364" lon="-105.456359">
				<ele>2160.623744</ele>
				<time>2021-11-27T23:14:22Z</time>
			</trkpt>
			<trkpt lat="40.889475" lon="-105.456343">
				<ele>2160.023504</ele>
				<time>2021-11-27T23:14:25Z</time>
			</trkpt>
			<trkpt lat="40.889685" lon="-105.456226">
				<ele>2158.798553</ele>
				<time>2021-11-27T23:14:31Z</time>
			</trkpt>
			<trkpt lat="40.889947" lon="-105.455906">
				<ele>2156.944287</ele>
				<time>2021-11-27T23:14:41Z</time>
			</trkpt>
			<trkpt lat="40.890143" lon="-105.455729">
				<ele>2157.439983</ele>
				<time>2021-11-27T23:14:48Z</time>
			</trkpt>
			<trkpt lat="40.890356" lon="-105.45562">
				<ele>2157.917016</ele>
				<time>2021-11-27T23:14:56Z</time>
			</trkpt>
			<trkpt lat="40.890561" lon="-105.455601">
				<ele>2158.346257</ele>
				<time>2021-11-27T23:15:04Z</time>
			</trkpt>
			<trkpt lat="40.890655" lon="-105.455636">
				<ele>2158.550228</ele>
				<time>2021-11-27T23:15:08Z</time>
			</trkpt>
			<trkpt lat="40.890809" lon="-105.455788">
				<ele>2158.951567</ele>
				<time>2021-11-27T23:15:18Z</time>
			</trkpt>
			<trkpt lat="40.890901" lon="-105.456028">
				<ele>2159.376464</ele>
				<time>2021-11-27T23:15:28Z</time>
			</trkpt>
			<trkpt lat="40.891391" lon="-105.45851">
				<ele>2171.043703</ele>
				<time>2021-11-27T23:17:52Z</time>
			</trkpt>
			<trkpt lat="40.891719" lon="-105.460298">
				<ele>2182.163211</ele>
				<time>2021-11-27T23:19:47Z</time>
			</trkpt>
			<trkpt lat="40.892125" lon="-105.462807">
				<ele>2194.820976</ele>
				<time>2021-11-27T23:22:08Z</time>
			</trkpt>
			<trkpt lat="40.892236" lon="-105.463239">
				<ele>2196.622756</ele>
				<time>2021-11-27T23:22:29Z</time>
			</trkpt>
			<trkpt lat="40.892458" lon="-105.463736">
				<ele>2198.677099</ele>
				<time>2021-11-27T23:22:54Z</time>
			</trkpt>
			<trkpt lat="40.893526" lon="-105.465312">
				<ele>2194.720832</ele>
				<time>2021-11-27T23:23:46Z</time>
			</trkpt>
			<trkpt lat="40.893818" lon="-105.465771">
				<ele>2191.763982</ele>
				<time>2021-11-27T23:23:58Z</time>
			</trkpt>
			<trkpt lat="40.894403" lon="-105.46669">
				<ele>2183.650582</ele>
				<time>2021-11-27T23:24:21Z</time>
			</trkpt>
			<trkpt lat="40.895236" lon="-105.467906">
				<ele>2173.458599</ele>
				<time>2021-11-27T23:24:53Z</time>
			</trkpt>
			<trkpt lat="40.895641" lon="-105.468642">
				<ele>2168.276725</ele>
				<time>2021-11-27T23:25:12Z</time>
			</trkpt>
			<trkpt lat="40.896246" lon="-105.470119">
				<ele>2161.732422</ele>
				<time>2021-11-27T23:25:48Z</time>
			</trkpt>
			<trkpt lat="40.896429" lon="-105.470516">
				<ele>2160.42248</ele>
				<time>2021-11-27T23:25:59Z</time>
			</trkpt>
			<trkpt lat="40.896624" lon="-105.4708">
				<ele>2159.341629</ele>
				<time>2021-11-27T23:26:08Z</time>
			</trkpt>
			<trkpt lat="40.896892" lon="-105.471035">
				<ele>2158.143353</ele>
				<time>2021-11-27T23:26:19Z</time>
			</trkpt>
			<trkpt lat="40.897063" lon="-105.471128">
				<ele>2157.893794</ele>
				<time>2021-11-27T23:26:25Z</time>
			</trkpt>
			<trkpt lat="40.897362" lon="-105.471208">
				<ele>2157.696013</ele>
				<time>2021-11-27T23:26:36Z</time>
			</trkpt>
			<trkpt lat="40.89791" lon="-105.471256">
				<ele>2157.339938</ele>
				<time>2021-11-27T23:26:57Z</time>
			</trkpt>
			<trkpt lat="40.898187" lon="-105.471155">
				<ele>2157.153649</ele>
				<time>2021-11-27T23:27:07Z</time>
			</trkpt>
			<trkpt lat="40.898839" lon="-105.470713">
				<ele>2156.469705</ele>
				<time>2021-11-27T23:27:33Z</time>
			</trkpt>
			<trkpt lat="40.89908" lon="-105.470633">
				<ele>2156.07079</ele>
				<time>2021-11-27T23:27:41Z</time>
			</trkpt>
			<trkpt lat="40.899325" lon="-105.470598">
				<ele>2155.675159</ele>
				<time>2021-11-27T23:27:50Z</time>
			</trkpt>
			<trkpt lat="40.8997" lon="-105.470668">
				<ele>2155.06714</ele>
				<time>2021-11-27T23:28:02Z</time>
			</trkpt>
			<trkpt lat="40.900571" lon="-105.47103">
				<ele>2153.368298</ele>
				<time>2021-11-27T23:28:32Z</time>
			</trkpt>
			<trkpt lat="40.900812" lon="-105.471095">
				<ele>2152.695448</ele>
				<time>2021-11-27T23:28:39Z</time>
			</trkpt>
			<trkpt lat="40.901051" lon="-105.471087">
				<ele>2152.04142</ele>
				<time>2021-11-27T23:28:47Z</time>
			</trkpt>
			<trkpt lat="40.901275" lon="-105.470979">
				<ele>2151.389214</ele>
				<time>2021-11-27T23:28:54Z</time>
			</trkpt>
			<trkpt lat="40.901471" lon="-105.470792">
				<ele>2150.728153</ele>
				<time>2021-11-27T23:29:02Z</time>
			</trkpt>
			<trkpt lat="40.901617" lon="-105.470573">
				<ele>2150.124353</ele>
				<time>2021-11-27T23:29:09Z</time>
			</trkpt>
			<trkpt lat="40.901711" lon="-105.470313">
				<ele>2149.528416</ele>
				<time>2021-11-27T23:29:16Z</time>
			</trkpt>
			<trkpt lat="40.90174" lon="-105.470164">
				<ele>2149.21028</ele>
				<time>2021-11-27T23:29:20Z</time>
			</trkpt>
			<trkpt lat="40.901774" lon="-105.469844">
				<ele>2148.0128</ele>
				<time>2021-11-27T23:29:28Z</time>
			</trkpt>
			<trkpt lat="40.901774" lon="-105.46946">
				<ele>2146.324512</ele>
				<time>2021-11-27T23:29:36Z</time>
			</trkpt>
			<trkpt lat="40.901668" lon="-105.468127">
				<ele>2140.431515</ele>
				<time>2021-11-27T23:30:04Z</time>
			</trkpt>
			<trkpt lat="40.901691" lon="-105.467905">
				<ele>2139.446345</ele>
				<time>2021-11-27T23:30:08Z</time>
			</trkpt>
			<trkpt lat="40.901741" lon="-105.467752">
				<ele>2138.713484</ele>
				<time>2021-11-27T23:30:12Z</time>
			</trkpt>
			<trkpt lat="40.901859" lon="-105.467623">
				<ele>2138.104998</ele>
				<time>2021-11-27T23:30:16Z</time>
			</trkpt>
			<trkpt lat="40.902272" lon="-105.467508">
				<ele>2136.602637</ele>
				<time>2021-11-27T23:30:28Z</time>
			</trkpt>
			<trkpt lat="40.90243" lon="-105.467467">
				<ele>2136.029489</ele>
				<time>2021-11-27T23:30:31Z</time>
			</trkpt>
			<trkpt lat="40.902763" lon="-105.467387">
				<ele>2134.824727</ele>
				<time>2021-11-27T23:30:41Z</time>
			</trkpt>
			<trkpt lat="40.903146" lon="-105.467331">
				<ele>2133.453063</ele>
				<time>2021-11-27T23:30:52Z</time>
			</trkpt>
			<trkpt lat="40.903556" lon="-105.467309">
				<ele>2132.302702</ele>
				<time>2021-11-27T23:31:06Z</time>
			</trkpt>
			<trkpt lat="40.904474" lon="-105.46732">
				<ele>2135.595355</ele>
				<time>2021-11-27T23:31:56Z</time>
			</trkpt>
			<trkpt lat="40.905015" lon="-105.467376">
				<ele>2137.541646</ele>
				<time>2021-11-27T23:32:31Z</time>
			</trkpt>
			<trkpt lat="40.905777" lon="-105.467556">
				<ele>2141.253029</ele>
				<time>2021-11-27T23:33:20Z</time>
			</trkpt>
			<trkpt lat="40.906387" lon="-105.467744">
				<ele>2144.720912</ele>
				<time>2021-11-27T23:34:01Z</time>
			</trkpt>
			<trkpt lat="40.906632" lon="-105.467834">
				<ele>2146.128746</ele>
				<time>2021-11-27T23:34:18Z</time>
			</trkpt>
			<trkpt lat="40.906888" lon="-105.468031">
				<ele>2147.768468</ele>
				<time>2021-11-27T23:34:37Z</time>
			</trkpt>
			<trkpt lat="40.907682" lon="-105.469022">
				<ele>2153.727103</ele>
				<time>2021-11-27T23:35:48Z</time>
			</trkpt>
			<trkpt lat="40.90848" lon="-105.470106">
				<ele>2159.871987</ele>
				<time>2021-11-27T23:37:01Z</time>
			</trkpt>
			<trkpt lat="40.908897" lon="-105.47076">
				<ele>2163.20752</ele>
				<time>2021-11-27T23:37:42Z</time>
			</trkpt>
			<trkpt lat="40.909565" lon="-105.471894">
				<ele>2168.750567</ele>
				<time>2021-11-27T23:38:49Z</time>
			</trkpt>
			<trkpt lat="40.909738" lon="-105.472212">
				<ele>2170.198156</ele>
				<time>2021-11-27T23:39:07Z</time>
			</trkpt>
			<trkpt lat="40.909872" lon="-105.472542">
				<ele>2171.582177</ele>
				<time>2021-11-27T23:39:24Z</time>
			</trkpt>
			<trkpt lat="40.910303" lon="-105.474095">
				<ele>2177.551025</ele>
				<time>2021-11-27T23:40:43Z</time>
			</trkpt>
			<trkpt lat="40.91092" lon="-105.475672">
				<ele>2183.371007</ele>
				<time>2021-11-27T23:42:00Z</time>
			</trkpt>
			<trkpt lat="40.910998" lon="-105.476009">
				<ele>2184.421407</ele>
				<time>2021-11-27T23:42:15Z</time>
			</trkpt>
			<trkpt lat="40.911108" lon="-105.476697">
				<ele>2185.924442</ele>
				<time>2021-11-27T23:42:46Z</time>
			</trkpt>
			<trkpt lat="40.911187" lon="-105.476974">
				<ele>2186.55724</ele>
				<time>2021-11-27T23:42:59Z</time>
			</trkpt>
			<trkpt lat="40.911244" lon="-105.477097">
				<ele>2186.865622</ele>
				<time>2021-11-27T23:43:05Z</time>
			</trkpt>
			<trkpt lat="40.911319" lon="-105.477206">
				<ele>2187.180688</ele>
				<time>2021-11-27T23:43:11Z</time>
			</trkpt>
			<trkpt lat="40.911519" lon="-105.477386">
				<ele>2187.86476</ele>
				<time>2021-11-27T23:43:22Z</time>
			</trkpt>
			<trkpt lat="40.912323" lon="-105.477873">
				<ele>2189.788911</ele>
				<time>2021-11-27T23:43:59Z</time>
			</trkpt>
			<trkpt lat="40.912496" lon="-105.478079">
				<ele>2190.086871</ele>
				<time>2021-11-27T23:44:09Z</time>
			</trkpt>
			<trkpt lat="40.912625" lon="-105.478345">
				<ele>2190.392665</ele>
				<time>2021-11-27T23:44:19Z</time>
			</trkpt>
			<trkpt lat="40.912709" lon="-105.478651">
				<ele>2190.707651</ele>
				<time>2021-11-27T23:44:31Z</time>
			</trkpt>
			<trkpt lat="40.912817" lon="-105.479634">
				<ele>2191.707012</ele>
				<time>2021-11-27T23:45:04Z</time>
			</trkpt>
			<trkpt lat="40.912928" lon="-105.480158">
				<ele>2192.607161</ele>
				<time>2021-11-27T23:45:21Z</time>
			</trkpt>
			<trkpt lat="40.913065" lon="-105.480503">
				<ele>2193.251809</ele>
				<time>2021-11-27T23:45:34Z</time>
			</trkpt>
			<trkpt lat="40.914034" lon="-105.482464">
				<ele>2196.493968</ele>
				<time>2021-11-27T23:47:05Z</time>
			</trkpt>
			<trkpt lat="40.914194" lon="-105.482902">
				<ele>2196.97521</ele>
				<time>2021-11-27T23:47:20Z</time>
			</trkpt>
			<trkpt lat="40.914506" lon="-105.485156">
				<ele>2198.321267</ele>
				<time>2021-11-27T23:48:24Z</time>
			</trkpt>
			<trkpt lat="40.914572" lon="-105.485498">
				<ele>2198.429787</ele>
				<time>2021-11-27T23:48:34Z</time>
			</trkpt>
			<trkpt lat="40.914672" lon="-105.485817">
				<ele>2198.535965</ele>
				<time>2021-11-27T23:48:45Z</time>
			</trkpt>
			<trkpt lat="40.914828" lon="-105.486107">
				<ele>2198.669388</ele>
				<time>2021-11-27T23:48:57Z</time>
			</trkpt>
			<trkpt lat="40.915687" lon="-105.487387">
				<ele>2200.860728</ele>
				<time>2021-11-27T23:49:57Z</time>
			</trkpt>
			<trkpt lat="40.91588" lon="-105.487724">
				<ele>2201.401999</ele>
				<time>2021-11-27T23:50:12Z</time>
			</trkpt>
			<trkpt lat="40.915967" lon="-105.487875">
				<ele>2201.645061</ele>
				<time>2021-11-27T23:50:18Z</time>
			</trkpt>
			<trkpt lat="40.91622" lon="-105.488395">
				<ele>2202.071407</ele>
				<time>2021-11-27T23:50:40Z</time>
			</trkpt>
			<trkpt lat="40.916568" lon="-105.489306">
				<ele>2202.743386</ele>
				<time>2021-11-27T23:51:13Z</time>
			</trkpt>
			<trkpt lat="40.917004" lon="-105.490312">
				<ele>2202.603978</ele>
				<time>2021-11-27T23:51:45Z</time>
			</trkpt>
			<trkpt lat="40.917048" lon="-105.490448">
				<ele>2202.356986</ele>
				<time>2021-11-27T23:51:49Z</time>
			</trkpt>
			<trkpt lat="40.917089" lon="-105.490742">
				<ele>2201.857855</ele>
				<time>2021-11-27T23:51:57Z</time>
			</trkpt>
			<trkpt lat="40.917107" lon="-105.492723">
				<ele>2197.692457</ele>
				<time>2021-11-27T23:52:43Z</time>
			</trkpt>
			<trkpt lat="40.917122" lon="-105.493074">
				<ele>2196.413294</ele>
				<time>2021-11-27T23:52:51Z</time>
			</trkpt>
			<trkpt lat="40.917161" lon="-105.493379">
				<ele>2195.287769</ele>
				<time>2021-11-27T23:52:57Z</time>
			</trkpt>
			<trkpt lat="40.917266" lon="-105.493659">
				<ele>2194.150432</ele>
				<time>2021-11-27T23:53:04Z</time>
			</trkpt>
			<trkpt lat="40.917615" lon="-105.494259">
				<ele>2191.395462</ele>
				<time>2021-11-27T23:53:20Z</time>
			</trkpt>
			<trkpt lat="40.918087" lon="-105.495199">
				<ele>2187.870319</ele>
				<time>2021-11-27T23:53:45Z</time>
			</trkpt>
			<trkpt lat="40.918516" lon="-105.495826">
				<ele>2185.330302</ele>
				<time>2021-11-27T23:54:04Z</time>
			</trkpt>
			<trkpt lat="40.918851" lon="-105.496401">
				<ele>2183.526927</ele>
				<time>2021-11-27T23:54:21Z</time>
			</trkpt>
			<trkpt lat="40.91907" lon="-105.49705">
				<ele>2183.912807</ele>
				<time>2021-11-27T23:54:40Z</time>
			</trkpt>
			<trkpt lat="40.919178" lon="-105.497586">
				<ele>2184.213969</ele>
				<time>2021-11-27T23:54:57Z</time>
			</trkpt>
			<trkpt lat="40.919181" lon="-105.498164">
				<ele>2184.527773</ele>
				<time>2021-11-27T23:55:17Z</time>
			</trkpt>
			<trkpt lat="40.919019" lon="-105.500035">
				<ele>2189.229056</ele>
				<time>2021-11-27T23:56:36Z</time>
			</trkpt>
			<trkpt lat="40.918908" lon="-105.500882">
				<ele>2191.872664</ele>
				<time>2021-11-27T23:57:15Z</time>
			</trkpt>
			<trkpt lat="40.918855" lon="-105.501503">
				<ele>2194.573089</ele>
				<time>2021-11-27T23:57:44Z</time>
			</trkpt>
			<trkpt lat="40.918847" lon="-105.503552">
				<ele>2204.435812</ele>
				<time>2021-11-27T23:59:27Z</time>
			</trkpt>
			<trkpt lat="40.918774" lon="-105.505347">
				<ele>2218.030795</ele>
				<time>2021-11-28T00:01:26Z</time>
			</trkpt>
			<trkpt lat="40.918802" lon="-105.505915">
				<ele>2222.708169</ele>
				<time>2021-11-28T00:02:11Z</time>
			</trkpt>
			<trkpt lat="40.918749" lon="-105.506175">
				<ele>2225.217382</ele>
				<time>2021-11-28T00:02:32Z</time>
			</trkpt>
			<trkpt lat="40.918587" lon="-105.506551">
				<ele>2229.250342</ele>
				<time>2021-11-28T00:03:06Z</time>
			</trkpt>
			<trkpt lat="40.918497" lon="-105.506835">
				<ele>2232.119877</ele>
				<time>2021-11-28T00:03:30Z</time>
			</trkpt>
			<trkpt lat="40.918396" lon="-105.507793">
				<ele>2241.13277</ele>
				<time>2021-11-28T00:04:42Z</time>
			</trkpt>
			<trkpt lat="40.91841" lon="-105.508048">
				<ele>2243.465064</ele>
				<time>2021-11-28T00:05:00Z</time>
			</trkpt>
			<trkpt lat="40.918522" lon="-105.508565">
				<ele>2248.062905</ele>
				<time>2021-11-28T00:05:37Z</time>
			</trkpt>
			<trkpt lat="40.918599" lon="-105.509346">
				<ele>2254.796197</ele>
				<time>2021-11-28T00:06:29Z</time>
			</trkpt>
			<trkpt lat="40.918724" lon="-105.50989">
				<ele>2259.657061</ele>
				<time>2021-11-28T00:07:10Z</time>
			</trkpt>
			<trkpt lat="40.918763" lon="-105.510244">
				<ele>2262.715363</ele>
				<time>2021-11-28T00:07:36Z</time>
			</trkpt>
			<trkpt lat="40.918761" lon="-105.510411">
				<ele>2264.323793</ele>
				<time>2021-11-28T00:07:49Z</time>
			</trkpt>
			<trkpt lat="40.918714" lon="-105.51074">
				<ele>2267.770105</ele>
				<time>2021-11-28T00:08:15Z</time>
			</trkpt>
			<trkpt lat="40.918439" lon="-105.511955">
				<ele>2280.824822</ele>
				<time>2021-11-28T00:09:59Z</time>
			</trkpt>
			<trkpt lat="40.918315" lon="-105.512312">
				<ele>2284.86897</ele>
				<time>2021-11-28T00:10:31Z</time>
			</trkpt>
			<trkpt lat="40.918062" lon="-105.512865">
				<ele>2290.854871</ele>
				<time>2021-11-28T00:11:23Z</time>
			</trkpt>
			<trkpt lat="40.917932" lon="-105.513087">
				<ele>2293.232809</ele>
				<time>2021-11-28T00:11:44Z</time>
			</trkpt>
			<trkpt lat="40.917749" lon="-105.513326">
				<ele>2296.113611</ele>
				<time>2021-11-28T00:12:09Z</time>
			</trkpt>
			<trkpt lat="40.91765" lon="-105.513535">
				<ele>2298.202088</ele>
				<time>2021-11-28T00:12:26Z</time>
			</trkpt>
			<trkpt lat="40.917602" lon="-105.513731">
				<ele>2299.946546</ele>
				<time>2021-11-28T00:12:40Z</time>
			</trkpt>
			<trkpt lat="40.917498" lon="-105.514536">
				<ele>2306.861181</ele>
				<time>2021-11-28T00:13:33Z</time>
			</trkpt>
			<trkpt lat="40.917364" lon="-105.515002">
				<ele>2310.071288</ele>
				<time>2021-11-28T00:14:04Z</time>
			</trkpt>
			<trkpt lat="40.917304" lon="-105.515129">
				<ele>2310.935059</ele>
				<time>2021-11-28T00:14:14Z</time>
			</trkpt>
			<trkpt lat="40.91718" lon="-105.515281">
				<ele>2312.225004</ele>
				<time>2021-11-28T00:14:28Z</time>
			</trkpt>
			<trkpt lat="40.917111" lon="-105.51533">
				<ele>2312.822627</ele>
				<time>2021-11-28T00:14:34Z</time>
			</trkpt>
			<trkpt lat="40.916772" lon="-105.515391">
				<ele>2315.433606</ele>
				<time>2021-11-28T00:15:02Z</time>
			</trkpt>
			<trkpt lat="40.916562" lon="-105.515474">
				<ele>2317.106233</ele>
				<time>2021-11-28T00:15:19Z</time>
			</trkpt>
			<trkpt lat="40.916314" lon="-105.515735">
				<ele>2319.524473</ele>
				<time>2021-11-28T00:15:41Z</time>
			</trkpt>
			<trkpt lat="40.91595" lon="-105.516054">
				<ele>2321.944681</ele>
				<time>2021-11-28T00:16:08Z</time>
			</trkpt>
			<trkpt lat="40.915877" lon="-105.516212">
				<ele>2322.213753</ele>
				<time>2021-11-28T00:16:16Z</time>
			</trkpt>
			<trkpt lat="40.915814" lon="-105.516432">
				<ele>2322.555579</ele>
				<time>2021-11-28T00:16:25Z</time>
			</trkpt>
			<trkpt lat="40.915733" lon="-105.516821">
				<ele>2323.141835</ele>
				<time>2021-11-28T00:16:40Z</time>
			</trkpt>
			<trkpt lat="40.91569" lon="-105.517124">
				<ele>2323.589771</ele>
				<time>2021-11-28T00:16:50Z</time>
			</trkpt>
			<trkpt lat="40.915684" lon="-105.517387">
				<ele>2323.972067</ele>
				<time>2021-11-28T00:16:57Z</time>
			</trkpt>
			<trkpt lat="40.91581" lon="-105.517768">
				<ele>2324.576326</ele>
				<time>2021-11-28T00:17:09Z</time>
			</trkpt>
			<trkpt lat="40.91611" lon="-105.518237">
				<ele>2325.486165</ele>
				<time>2021-11-28T00:17:26Z</time>
			</trkpt>
			<trkpt lat="40.916639" lon="-105.518964">
				<ele>2327.019574</ele>
				<time>2021-11-28T00:17:59Z</time>
			</trkpt>
			<trkpt lat="40.917006" lon="-105.519322">
				<ele>2327.936274</ele>
				<time>2021-11-28T00:18:22Z</time>
			</trkpt>
			<trkpt lat="40.917196" lon="-105.519466">
				<ele>2328.376504</ele>
				<time>2021-11-28T00:18:34Z</time>
			</trkpt>
			<trkpt lat="40.917356" lon="-105.519533">
				<ele>2328.71571</ele>
				<time>2021-11-28T00:18:44Z</time>
			</trkpt>
			<trkpt lat="40.917972" lon="-105.519565">
				<ele>2331.289822</ele>
				<time>2021-11-28T00:19:19Z</time>
			</trkpt>
			<trkpt lat="40.918173" lon="-105.51961">
				<ele>2332.141031</ele>
				<time>2021-11-28T00:19:31Z</time>
			</trkpt>
			<trkpt lat="40.918378" lon="-105.519709">
				<ele>2333.05223</ele>
				<time>2021-11-28T00:19:44Z</time>
			</trkpt>
			<trkpt lat="40.918467" lon="-105.519814">
				<ele>2333.550087</ele>
				<time>2021-11-28T00:19:52Z</time>
			</trkpt>
			<trkpt lat="40.918542" lon="-105.520023">
				<ele>2334.28011</ele>
				<time>2021-11-28T00:20:02Z</time>
			</trkpt>
			<trkpt lat="40.918635" lon="-105.520587">
				<ele>2336.101524</ele>
				<time>2021-11-28T00:20:28Z</time>
			</trkpt>
			<trkpt lat="40.918726" lon="-105.520898">
				<ele>2337.219349</ele>
				<time>2021-11-28T00:20:42Z</time>
			</trkpt>
			<trkpt lat="40.918773" lon="-105.520949">
				<ele>2337.491002</ele>
				<time>2021-11-28T00:20:45Z</time>
			</trkpt>
			<trkpt lat="40.919047" lon="-105.52111">
				<ele>2338.83093</ele>
				<time>2021-11-28T00:21:02Z</time>
			</trkpt>
			<trkpt lat="40.919185" lon="-105.521246">
				<ele>2339.599954</ele>
				<time>2021-11-28T00:21:12Z</time>
			</trkpt>
			<trkpt lat="40.919347" lon="-105.5215">
				<ele>2340.722513</ele>
				<time>2021-11-28T00:21:26Z</time>
			</trkpt>
			<trkpt lat="40.919457" lon="-105.521763">
				<ele>2341.737728</ele>
				<time>2021-11-28T00:21:40Z</time>
			</trkpt>
			<trkpt lat="40.919969" lon="-105.52398">
				<ele>2350.696109</ele>
				<time>2021-11-28T00:23:32Z</time>
			</trkpt>
			<trkpt lat="40.92002" lon="-105.524259">
				<ele>2351.871853</ele>
				<time>2021-11-28T00:23:45Z</time>
			</trkpt>
			<trkpt lat="40.920066" lon="-105.524755">
				<ele>2353.918706</ele>
				<time>2021-11-28T00:24:09Z</time>
			</trkpt>
			<trkpt lat="40.920289" lon="-105.525417">
				<ele>2357.865221</ele>
				<time>2021-11-28T00:24:46Z</time>
			</trkpt>
			<trkpt lat="40.920593" lon="-105.52615">
				<ele>2362.454363</ele>
				<time>2021-11-28T00:25:32Z</time>
			</trkpt>
			<trkpt lat="40.920676" lon="-105.526316">
				<ele>2363.546838</ele>
				<time>2021-11-28T00:25:43Z</time>
			</trkpt>
			<trkpt lat="40.920808" lon="-105.526477">
				<ele>2364.850699</ele>
				<time>2021-11-28T00:25:57Z</time>
			</trkpt>
			<trkpt lat="40.92128" lon="-105.526775">
				<ele>2368.932666</ele>
				<time>2021-11-28T00:26:40Z</time>
			</trkpt>
			<trkpt lat="40.921629" lon="-105.527147">
				<ele>2372.773976</ele>
				<time>2021-11-28T00:27:18Z</time>
			</trkpt>
			<trkpt lat="40.921831" lon="-105.52729">
				<ele>2374.737695</ele>
				<time>2021-11-28T00:27:38Z</time>
			</trkpt>
			<trkpt lat="40.922285" lon="-105.527469">
				<ele>2378.798448</ele>
				<time>2021-11-28T00:28:17Z</time>
			</trkpt>
			<trkpt lat="40.922608" lon="-105.527472">
				<ele>2381.567297</ele>
				<time>2021-11-28T00:28:42Z</time>
			</trkpt>
			<trkpt lat="40.9231" lon="-105.527365">
				<ele>2384.353906</ele>
				<time>2021-11-28T00:29:17Z</time>
			</trkpt>
			<trkpt lat="40.923329" lon="-105.527383">
				<ele>2385.44658</ele>
				<time>2021-11-28T00:29:31Z</time>
			</trkpt>
			<trkpt lat="40.923816" lon="-105.527472">
				<ele>2387.788224</ele>
				<time>2021-11-28T00:30:01Z</time>
			</trkpt>
			<trkpt lat="40.9246" lon="-105.527738">
				<ele>2391.223448</ele>
				<time>2021-11-28T00:30:45Z</time>
			</trkpt>
			<trkpt lat="40.924839" lon="-105.527641">
				<ele>2391.55561</ele>
				<time>2021-11-28T00:30:57Z</time>
			</trkpt>
			<trkpt lat="40.925374" lon="-105.527209">
				<ele>2392.388337</ele>
				<time>2021-11-28T00:31:24Z</time>
			</trkpt>
			<trkpt lat="40.925597" lon="-105.527156">
				<ele>2392.689383</ele>
				<time>2021-11-28T00:31:33Z</time>
			</trkpt>
			<trkpt lat="40.926002" lon="-105.527209">
				<ele>2393.230143</ele>
				<time>2021-11-28T00:31:50Z</time>
			</trkpt>
			<trkpt lat="40.926189" lon="-105.527292">
				<ele>2393.461014</ele>
				<time>2021-11-28T00:31:57Z</time>
			</trkpt>
			<trkpt lat="40.92648" lon="-105.527475">
				<ele>2393.565513</ele>
				<time>2021-11-28T00:32:09Z</time>
			</trkpt>
			<trkpt lat="40.926896" lon="-105.527829">
				<ele>2393.725927</ele>
				<time>2021-11-28T00:32:27Z</time>
			</trkpt>
			<trkpt lat="40.927232" lon="-105.528218">
				<ele>2393.87072</ele>
				<time>2021-11-28T00:32:44Z</time>
			</trkpt>
			<trkpt lat="40.927478" lon="-105.528582">
				<ele>2393.990402</ele>
				<time>2021-11-28T00:32:58Z</time>
			</trkpt>
			<trkpt lat="40.928035" lon="-105.529953">
				<ele>2396.247583</ele>
				<time>2021-11-28T00:33:52Z</time>
			</trkpt>
			<trkpt lat="40.929158" lon="-105.532096">
				<ele>2401.019368</ele>
				<time>2021-11-28T00:35:33Z</time>
			</trkpt>
			<trkpt lat="40.929291" lon="-105.532405">
				<ele>2401.719574</ele>
				<time>2021-11-28T00:35:46Z</time>
			</trkpt>
			<trkpt lat="40.929344" lon="-105.532582">
				<ele>2402.094449</ele>
				<time>2021-11-28T00:35:53Z</time>
			</trkpt>
			<trkpt lat="40.929407" lon="-105.533507">
				<ele>2403.761086</ele>
				<time>2021-11-28T00:36:26Z</time>
			</trkpt>
			<trkpt lat="40.929445" lon="-105.534135">
				<ele>2404.855488</ele>
				<time>2021-11-28T00:36:49Z</time>
			</trkpt>
			<trkpt lat="40.929441" lon="-105.534459">
				<ele>2405.418389</ele>
				<time>2021-11-28T00:37:01Z</time>
			</trkpt>
			<trkpt lat="40.929261" lon="-105.536133">
				<ele>2408.542621</ele>
				<time>2021-11-28T00:38:05Z</time>
			</trkpt>
			<trkpt lat="40.929243" lon="-105.537318">
				<ele>2410.831643</ele>
				<time>2021-11-28T00:38:49Z</time>
			</trkpt>
			<trkpt lat="40.929297" lon="-105.537809">
				<ele>2411.909426</ele>
				<time>2021-11-28T00:39:08Z</time>
			</trkpt>
			<trkpt lat="40.929468" lon="-105.538461">
				<ele>2413.554979</ele>
				<time>2021-11-28T00:39:35Z</time>
			</trkpt>
			<trkpt lat="40.929593" lon="-105.539118">
				<ele>2415.170354</ele>
				<time>2021-11-28T00:40:02Z</time>
			</trkpt>
			<trkpt lat="40.929615" lon="-105.539402">
				<ele>2415.851038</ele>
				<time>2021-11-28T00:40:13Z</time>
			</trkpt>
			<trkpt lat="40.929559" lon="-105.540363">
				<ele>2418.304216</ele>
				<time>2021-11-28T00:40:55Z</time>
			</trkpt>
			<trkpt lat="40.929405" lon="-105.541797">
				<ele>2422.20671</ele>
				<time>2021-11-28T00:41:57Z</time>
			</trkpt>
			<trkpt lat="40.929276" lon="-105.542308">
				<ele>2423.51879</ele>
				<time>2021-11-28T00:42:18Z</time>
			</trkpt>
			<trkpt lat="40.928733" lon="-105.543533">
				<ele>2425.488214</ele>
				<time>2021-11-28T00:43:08Z</time>
			</trkpt>
			<trkpt lat="40.92857" lon="-105.544027">
				<ele>2426.235703</ele>
				<time>2021-11-28T00:43:25Z</time>
			</trkpt>
			<trkpt lat="40.928498" lon="-105.544361">
				<ele>2426.712315</ele>
				<time>2021-11-28T00:43:36Z</time>
			</trkpt>
			<trkpt lat="40.928255" lon="-105.545996">
				<ele>2428.767351</ele>
				<time>2021-11-28T00:44:32Z</time>
			</trkpt>
			<trkpt lat="40.928029" lon="-105.547543">
				<ele>2431.143884</ele>
				<time>2021-11-28T00:45:29Z</time>
			</trkpt>
			<trkpt lat="40.92796" lon="-105.548418">
				<ele>2432.65525</ele>
				<time>2021-11-28T00:46:01Z</time>
			</trkpt>
			<trkpt lat="40.92784" lon="-105.549214">
				<ele>2434.188579</ele>
				<time>2021-11-28T00:46:31Z</time>
			</trkpt>
			<trkpt lat="40.92782" lon="-105.549645">
				<ele>2435.223138</ele>
				<time>2021-11-28T00:46:48Z</time>
			</trkpt>
			<trkpt lat="40.928" lon="-105.550763">
				<ele>2437.961842</ele>
				<time>2021-11-28T00:47:34Z</time>
			</trkpt>
			<trkpt lat="40.928075" lon="-105.551408">
				<ele>2439.580093</ele>
				<time>2021-11-28T00:48:01Z</time>
			</trkpt>
			<trkpt lat="40.9283" lon="-105.552244">
				<ele>2442.644759</ele>
				<time>2021-11-28T00:48:39Z</time>
			</trkpt>
			<trkpt lat="40.92867" lon="-105.553536">
				<ele>2447.416166</ele>
				<time>2021-11-28T00:49:44Z</time>
			</trkpt>
			<trkpt lat="40.928859" lon="-105.55411">
				<ele>2449.986129</ele>
				<time>2021-11-28T00:50:14Z</time>
			</trkpt>
			<trkpt lat="40.928976" lon="-105.554348">
				<ele>2451.17106</ele>
				<time>2021-11-28T00:50:27Z</time>
			</trkpt>
			<trkpt lat="40.929324" lon="-105.554912">
				<ele>2454.209837</ele>
				<time>2021-11-28T00:51:03Z</time>
			</trkpt>
			<trkpt lat="40.929743" lon="-105.555694">
				<ele>2458.154849</ele>
				<time>2021-11-28T00:51:52Z</time>
			</trkpt>
			<trkpt lat="40.930054" lon="-105.556488">
				<ele>2461.569153</ele>
				<time>2021-11-28T00:52:35Z</time>
			</trkpt>
			<trkpt lat="40.93014" lon="-105.556878">
				<ele>2463.120127</ele>
				<time>2021-11-28T00:52:54Z</time>
			</trkpt>
			<trkpt lat="40.93022" lon="-105.557589">
				<ele>2465.864353</ele>
				<time>2021-11-28T00:53:27Z</time>
			</trkpt>
			<trkpt lat="40.930271" lon="-105.557836">
				<ele>2466.811365</ele>
				<time>2021-11-28T00:53:38Z</time>
			</trkpt>
			<trkpt lat="40.930364" lon="-105.558068">
				<ele>2467.658157</ele>
				<time>2021-11-28T00:53:50Z</time>
			</trkpt>
			<trkpt lat="40.930662" lon="-105.558435">
				<ele>2469.395262</ele>
				<time>2021-11-28T00:54:13Z</time>
			</trkpt>
			<trkpt lat="40.930772" lon="-105.558625">
				<ele>2470.167047</ele>
				<time>2021-11-28T00:54:24Z</time>
			</trkpt>
			<trkpt lat="40.93083" lon="-105.558843">
				<ele>2470.912234</ele>
				<time>2021-11-28T00:54:34Z</time>
			</trkpt>
			<trkpt lat="40.930831" lon="-105.558962">
				<ele>2471.295938</ele>
				<time>2021-11-28T00:54:39Z</time>
			</trkpt>
			<trkpt lat="40.930745" lon="-105.559318">
				<ele>2472.501005</ele>
				<time>2021-11-28T00:54:55Z</time>
			</trkpt>
			<trkpt lat="40.930407" lon="-105.560169">
				<ele>2475.709978</ele>
				<time>2021-11-28T00:55:38Z</time>
			</trkpt>
			<trkpt lat="40.929373" lon="-105.562278">
				<ele>2484.495424</ele>
				<time>2021-11-28T00:57:33Z</time>
			</trkpt>
			<trkpt lat="40.929201" lon="-105.562679">
				<ele>2486.098423</ele>
				<time>2021-11-28T00:57:54Z</time>
			</trkpt>
			<trkpt lat="40.92915" lon="-105.562968">
				<ele>2487.130128</ele>
				<time>2021-11-28T00:58:07Z</time>
			</trkpt>
			<trkpt lat="40.929136" lon="-105.563704">
				<ele>2489.689528</ele>
				<time>2021-11-28T00:58:40Z</time>
			</trkpt>
			<trkpt lat="40.929092" lon="-105.563996">
				<ele>2490.724613</ele>
				<time>2021-11-28T00:58:54Z</time>
			</trkpt>
			<trkpt lat="40.929008" lon="-105.564264">
				<ele>2491.856117</ele>
				<time>2021-11-28T00:59:08Z</time>
			</trkpt>
			<trkpt lat="40.928804" lon="-105.564763">
				<ele>2494.129461</ele>
				<time>2021-11-28T00:59:35Z</time>
			</trkpt>
			<trkpt lat="40.928441" lon="-105.565931">
				<ele>2499.189931</ele>
				<time>2021-11-28T01:00:37Z</time>
			</trkpt>
			<trkpt lat="40.928341" lon="-105.566141">
				<ele>2500.184554</ele>
				<time>2021-11-28T01:00:49Z</time>
			</trkpt>
			<trkpt lat="40.928206" lon="-105.56634">
				<ele>2501.102498</ele>
				<time>2021-11-28T01:01:02Z</time>
			</trkpt>
			<trkpt lat="40.927525" lon="-105.567195">
				<ele>2505.111042</ele>
				<time>2021-11-28T01:01:58Z</time>
			</trkpt>
			<trkpt lat="40.927403" lon="-105.567426">
				<ele>2506.020428</ele>
				<time>2021-11-28T01:02:10Z</time>
			</trkpt>
			<trkpt lat="40.927324" lon="-105.567685">
				<ele>2506.921645</ele>
				<time>2021-11-28T01:02:22Z</time>
			</trkpt>
			<trkpt lat="40.927304" lon="-105.567822">
				<ele>2507.371863</ele>
				<time>2021-11-28T01:02:27Z</time>
			</trkpt>
			<trkpt lat="40.927305" lon="-105.568104">
				<ele>2508.26584</ele>
				<time>2021-11-28T01:02:39Z</time>
			</trkpt>
			<trkpt lat="40.927411" lon="-105.568645">
				<ele>2509.85398</ele>
				<time>2021-11-28T01:03:01Z</time>
			</trkpt>
			<trkpt lat="40.927436" lon="-105.568924">
				<ele>2510.652333</ele>
				<time>2021-11-28T01:03:12Z</time>
			</trkpt>
			<trkpt lat="40.927427" lon="-105.569222">
				<ele>2511.499796</ele>
				<time>2021-11-28T01:03:24Z</time>
			</trkpt>
			<trkpt lat="40.927194" lon="-105.570453">
				<ele>2515.167943</ele>
				<time>2021-11-28T01:04:20Z</time>
			</trkpt>
			<trkpt lat="40.927192" lon="-105.570906">
				<ele>2516.869327</ele>
				<time>2021-11-28T01:04:40Z</time>
			</trkpt>
			<trkpt lat="40.927486" lon="-105.572404">
				<ele>2522.682148</ele>
				<time>2021-11-28T01:05:53Z</time>
			</trkpt>
			<trkpt lat="40.927589" lon="-105.572685">
				<ele>2523.8552</ele>
				<time>2021-11-28T01:06:08Z</time>
			</trkpt>
			<trkpt lat="40.927715" lon="-105.572944">
				<ele>2525.055017</ele>
				<time>2021-11-28T01:06:24Z</time>
			</trkpt>
			<trkpt lat="40.92807" lon="-105.573534">
				<ele>2527.992699</ele>
				<time>2021-11-28T01:07:00Z</time>
			</trkpt>
			<trkpt lat="40.928219" lon="-105.573736">
				<ele>2529.092249</ele>
				<time>2021-11-28T01:07:14Z</time>
			</trkpt>
			<trkpt lat="40.929115" lon="-105.574747">
				<ele>2535.273144</ele>
				<time>2021-11-28T01:08:26Z</time>
			</trkpt>
			<trkpt lat="40.929352" lon="-105.57506">
				<ele>2537.093387</ele>
				<time>2021-11-28T01:08:47Z</time>
			</trkpt>
			<trkpt lat="40.929577" lon="-105.575523">
				<ele>2539.354659</ele>
				<time>2021-11-28T01:09:14Z</time>
			</trkpt>
			<trkpt lat="40.929683" lon="-105.576018">
				<ele>2541.468014</ele>
				<time>2021-11-28T01:09:40Z</time>
			</trkpt>
			<trkpt lat="40.929746" lon="-105.576474">
				<ele>2543.451394</ele>
				<time>2021-11-28T01:10:03Z</time>
			</trkpt>
			<trkpt lat="40.929861" lon="-105.576977">
				<ele>2545.976326</ele>
				<time>2021-11-28T01:10:29Z</time>
			</trkpt>
			<trkpt lat="40.930197" lon="-105.578032">
				<ele>2551.477099</ele>
				<time>2021-11-28T01:11:30Z</time>
			</trkpt>
			<trkpt lat="40.930405" lon="-105.578764">
				<ele>2555.255099</ele>
				<time>2021-11-28T01:12:12Z</time>
			</trkpt>
			<trkpt lat="40.930568" lon="-105.579627">
				<ele>2559.627577</ele>
				<time>2021-11-28T01:12:58Z</time>
			</trkpt>
			<trkpt lat="40.930804" lon="-105.580516">
				<ele>2564.259195</ele>
				<time>2021-11-28T01:13:47Z</time>
			</trkpt>
			<trkpt lat="40.930909" lon="-105.581275">
				<ele>2567.587284</ele>
				<time>2021-11-28T01:14:28Z</time>
			</trkpt>
			<trkpt lat="40.930997" lon="-105.581484">
				<ele>2568.491029</ele>
				<time>2021-11-28T01:14:41Z</time>
			</trkpt>
			<trkpt lat="40.931271" lon="-105.581822">
				<ele>2570.36358</ele>
				<time>2021-11-28T01:15:07Z</time>
			</trkpt>
			<trkpt lat="40.9314" lon="-105.582092">
				<ele>2571.570224</ele>
				<time>2021-11-28T01:15:22Z</time>
			</trkpt>
			<trkpt lat="40.931457" lon="-105.582379">
				<ele>2572.69109</ele>
				<time>2021-11-28T01:15:36Z</time>
			</trkpt>
			<trkpt lat="40.931454" lon="-105.582573">
				<ele>2573.424005</ele>
				<time>2021-11-28T01:15:44Z</time>
			</trkpt>
			<trkpt lat="40.93151" lon="-105.582881">
				<ele>2574.620573</ele>
				<time>2021-11-28T01:15:57Z</time>
			</trkpt>
			<trkpt lat="40.931529" lon="-105.583384">
				<ele>2574.791617</ele>
				<time>2021-11-28T01:16:15Z</time>
			</trkpt>
			<trkpt lat="40.931513" lon="-105.583604">
				<ele>2574.653335</ele>
				<time>2021-11-28T01:16:22Z</time>
			</trkpt>
			<trkpt lat="40.931384" lon="-105.584224">
				<ele>2574.250984</ele>
				<time>2021-11-28T01:16:40Z</time>
			</trkpt>
			<trkpt lat="40.931271" lon="-105.584928">
				<ele>2573.800687</ele>
				<time>2021-11-28T01:16:57Z</time>
			</trkpt>
			<trkpt lat="40.931228" lon="-105.585783">
				<ele>2571.746009</ele>
				<time>2021-11-28T01:17:17Z</time>
			</trkpt>
			<trkpt lat="40.931186" lon="-105.586012">
				<ele>2570.808908</ele>
				<time>2021-11-28T01:17:22Z</time>
			</trkpt>
			<trkpt lat="40.931052" lon="-105.586367">
				<ele>2569.230805</ele>
				<time>2021-11-28T01:17:30Z</time>
			</trkpt>
			<trkpt lat="40.93081" lon="-105.586828">
				<ele>2566.998469</ele>
				<time>2021-11-28T01:17:42Z</time>
			</trkpt>
			<trkpt lat="40.930403" lon="-105.587436">
				<ele>2563.717696</ele>
				<time>2021-11-28T01:17:59Z</time>
			</trkpt>
			<trkpt lat="40.929969" lon="-105.587885">
				<ele>2560.350783</ele>
				<time>2021-11-28T01:18:15Z</time>
			</trkpt>
			<trkpt lat="40.928815" lon="-105.589343">
				<ele>2551.111315</ele>
				<time>2021-11-28T01:18:59Z</time>
			</trkpt>
			<trkpt lat="40.928514" lon="-105.589595">
				<ele>2549.382231</ele>
				<time>2021-11-28T01:19:09Z</time>
			</trkpt>
			<trkpt lat="40.928178" lon="-105.589751">
				<ele>2547.653576</ele>
				<time>2021-11-28T01:19:20Z</time>
			</trkpt>
			<trkpt lat="40.92764" lon="-105.589921">
				<ele>2544.968299</ele>
				<time>2021-11-28T01:19:36Z</time>
			</trkpt>
			<trkpt lat="40.926452" lon="-105.590209">
				<ele>2540.776819</ele>
				<time>2021-11-28T01:20:13Z</time>
			</trkpt>
			<trkpt lat="40.925919" lon="-105.590406">
				<ele>2538.94581</ele>
				<time>2021-11-28T01:20:31Z</time>
			</trkpt>
			<trkpt lat="40.925726" lon="-105.590554">
				<ele>2538.100078</ele>
				<time>2021-11-28T01:20:37Z</time>
			</trkpt>
			<trkpt lat="40.925274" lon="-105.591014">
				<ele>2535.176337</ele>
				<time>2021-11-28T01:20:54Z</time>
			</trkpt>
			<trkpt lat="40.925031" lon="-105.591334">
				<ele>2533.418568</ele>
				<time>2021-11-28T01:21:04Z</time>
			</trkpt>
			<trkpt lat="40.924901" lon="-105.591596">
				<ele>2532.204162</ele>
				<time>2021-11-28T01:21:11Z</time>
			</trkpt>
			<trkpt lat="40.924501" lon="-105.5926">
				<ele>2527.622572</ele>
				<time>2021-11-28T01:21:35Z</time>
			</trkpt>
			<trkpt lat="40.92426" lon="-105.592984">
				<ele>2525.42943</ele>
				<time>2021-11-28T01:21:45Z</time>
			</trkpt>
			<trkpt lat="40.924061" lon="-105.59321">
				<ele>2523.904712</ele>
				<time>2021-11-28T01:21:52Z</time>
			</trkpt>
			<trkpt lat="40.92338" lon="-105.593872">
				<ele>2518.991594</ele>
				<time>2021-11-28T01:22:16Z</time>
			</trkpt>
			<trkpt lat="40.922346" lon="-105.595107">
				<ele>2512.22509</ele>
				<time>2021-11-28T01:22:56Z</time>
			</trkpt>
			<trkpt lat="40.92168" lon="-105.595968">
				<ele>2509.207095</ele>
				<time>2021-11-28T01:23:24Z</time>
			</trkpt>
			<trkpt lat="40.920782" lon="-105.59693">
				<ele>2507.189546</ele>
				<time>2021-11-28T01:24:05Z</time>
			</trkpt>
			<trkpt lat="40.920628" lon="-105.597209">
				<ele>2506.426892</ele>
				<time>2021-11-28T01:24:14Z</time>
			</trkpt>
			<trkpt lat="40.920595" lon="-105.597407">
				<ele>2505.672994</ele>
				<time>2021-11-28T01:24:19Z</time>
			</trkpt>
			<trkpt lat="40.920662" lon="-105.597827">
				<ele>2504.076931</ele>
				<time>2021-11-28T01:24:30Z</time>
			</trkpt>
			<trkpt lat="40.920679" lon="-105.598068">
				<ele>2503.176951</ele>
				<time>2021-11-28T01:24:35Z</time>
			</trkpt>
			<trkpt lat="40.920662" lon="-105.598195">
				<ele>2502.697389</ele>
				<time>2021-11-28T01:24:38Z</time>
			</trkpt>
			<trkpt lat="40.920589" lon="-105.598447">
				<ele>2501.693907</ele>
				<time>2021-11-28T01:24:44Z</time>
			</trkpt>
			<trkpt lat="40.920426" lon="-105.598845">
				<ele>2500.010676</ele>
				<time>2021-11-28T01:24:54Z</time>
			</trkpt>
			<trkpt lat="40.920303" lon="-105.599274">
				<ele>2498.304597</ele>
				<time>2021-11-28T01:25:03Z</time>
			</trkpt>
			<trkpt lat="40.920197" lon="-105.599534">
				<ele>2495.875368</ele>
				<time>2021-11-28T01:25:09Z</time>
			</trkpt>
			<trkpt lat="40.920053" lon="-105.599747">
				<ele>2493.140271</ele>
				<time>2021-11-28T01:25:14Z</time>
			</trkpt>
			<trkpt lat="40.919776" lon="-105.599994">
				<ele>2488.910146</ele>
				<time>2021-11-28T01:25:22Z</time>
			</trkpt>
			<trkpt lat="40.919241" lon="-105.600323">
				<ele>2481.438785</ele>
				<time>2021-11-28T01:25:37Z</time>
			</trkpt>
			<trkpt lat="40.9186" lon="-105.600602">
				<ele>2473.601041</ele>
				<time>2021-11-28T01:25:53Z</time>
			</trkpt>
			<trkpt lat="40.918393" lon="-105.600785">
				<ele>2471.386446</ele>
				<time>2021-11-28T01:25:59Z</time>
			</trkpt>
			<trkpt lat="40.91833" lon="-105.60097">
				<ele>2470.022369</ele>
				<time>2021-11-28T01:26:03Z</time>
			</trkpt>
			<trkpt lat="40.918259" lon="-105.601621">
				<ele>2465.600811</ele>
				<time>2021-11-28T01:26:16Z</time>
			</trkpt>
			<trkpt lat="40.918096" lon="-105.60248">
				<ele>2459.647068</ele>
				<time>2021-11-28T01:26:35Z</time>
			</trkpt>
			<trkpt lat="40.91807" lon="-105.602682">
				<ele>2459.248838</ele>
				<time>2021-11-28T01:26:39Z</time>
			</trkpt>
			<trkpt lat="40.91808" lon="-105.602955">
				<ele>2459.206992</ele>
				<time>2021-11-28T01:26:46Z</time>
			</trkpt>
			<trkpt lat="40.918157" lon="-105.60336">
				<ele>2459.143052</ele>
				<time>2021-11-28T01:26:56Z</time>
			</trkpt>
			<trkpt lat="40.918232" lon="-105.603583">
				<ele>2459.105681</ele>
				<time>2021-11-28T01:27:03Z</time>
			</trkpt>
			<trkpt lat="40.918495" lon="-105.604211">
				<ele>2458.995754</ele>
				<time>2021-11-28T01:27:26Z</time>
			</trkpt>
			<trkpt lat="40.919337" lon="-105.606026">
				<ele>2462.733154</ele>
				<time>2021-11-28T01:28:51Z</time>
			</trkpt>
			<trkpt lat="40.919718" lon="-105.607008">
				<ele>2465.306005</ele>
				<time>2021-11-28T01:29:38Z</time>
			</trkpt>
			<trkpt lat="40.919934" lon="-105.607724">
				<ele>2466.789214</ele>
				<time>2021-11-28T01:30:09Z</time>
			</trkpt>
			<trkpt lat="40.919981" lon="-105.608003">
				<ele>2467.339148</ele>
				<time>2021-11-28T01:30:20Z</time>
			</trkpt>
			<trkpt lat="40.919939" lon="-105.609119">
				<ele>2469.413852</ele>
				<time>2021-11-28T01:30:59Z</time>
			</trkpt>
			<trkpt lat="40.919961" lon="-105.609334">
				<ele>2469.59548</ele>
				<time>2021-11-28T01:31:06Z</time>
			</trkpt>
			<trkpt lat="40.920052" lon="-105.609543">
				<ele>2469.79741</ele>
				<time>2021-11-28T01:31:14Z</time>
			</trkpt>
			<trkpt lat="40.920459" lon="-105.610179">
				<ele>2470.49511</ele>
				<time>2021-11-28T01:31:39Z</time>
			</trkpt>
			<trkpt lat="40.920737" lon="-105.610765">
				<ele>2471.074339</ele>
				<time>2021-11-28T01:32:01Z</time>
			</trkpt>
			<trkpt lat="40.921213" lon="-105.611772">
				<ele>2472.481451</ele>
				<time>2021-11-28T01:32:40Z</time>
			</trkpt>
			<trkpt lat="40.92169" lon="-105.612653">
				<ele>2473.908939</ele>
				<time>2021-11-28T01:33:18Z</time>
			</trkpt>
			<trkpt lat="40.921858" lon="-105.61304">
				<ele>2474.497648</ele>
				<time>2021-11-28T01:33:35Z</time>
			</trkpt>
			<trkpt lat="40.922188" lon="-105.614024">
				<ele>2476.0115</ele>
				<time>2021-11-28T01:34:14Z</time>
			</trkpt>
			<trkpt lat="40.922319" lon="-105.614763">
				<ele>2477.078882</ele>
				<time>2021-11-28T01:34:40Z</time>
			</trkpt>
			<trkpt lat="40.922472" lon="-105.616185">
				<ele>2478.93933</ele>
				<time>2021-11-28T01:35:28Z</time>
			</trkpt>
			<trkpt lat="40.922538" lon="-105.616546">
				<ele>2479.395959</ele>
				<time>2021-11-28T01:35:41Z</time>
			</trkpt>
			<trkpt lat="40.922977" lon="-105.617747">
				<ele>2481.153937</ele>
				<time>2021-11-28T01:36:27Z</time>
			</trkpt>
			<trkpt lat="40.923052" lon="-105.618061">
				<ele>2481.730033</ele>
				<time>2021-11-28T01:36:38Z</time>
			</trkpt>
			<trkpt lat="40.923364" lon="-105.61986">
				<ele>2484.952227</ele>
				<time>2021-11-28T01:37:47Z</time>
			</trkpt>
			<trkpt lat="40.923406" lon="-105.620059">
				<ele>2485.247442</ele>
				<time>2021-11-28T01:37:55Z</time>
			</trkpt>
			<trkpt lat="40.923476" lon="-105.620396">
				<ele>2485.74681</ele>
				<time>2021-11-28T01:38:09Z</time>
			</trkpt>
			<trkpt lat="40.923566" lon="-105.620721">
				<ele>2486.241374</ele>
				<time>2021-11-28T01:38:22Z</time>
			</trkpt>
			<trkpt lat="40.923909" lon="-105.621658">
				<ele>2487.728996</ele>
				<time>2021-11-28T01:38:58Z</time>
			</trkpt>
			<trkpt lat="40.924215" lon="-105.622911">
				<ele>2489.061456</ele>
				<time>2021-11-28T01:39:38Z</time>
			</trkpt>
			<trkpt lat="40.92425" lon="-105.623222">
				<ele>2489.319093</ele>
				<time>2021-11-28T01:39:47Z</time>
			</trkpt>
			<trkpt lat="40.924247" lon="-105.623375">
				<ele>2489.4445</ele>
				<time>2021-11-28T01:39:52Z</time>
			</trkpt>
			<trkpt lat="40.924058" lon="-105.624335">
				<ele>2490.257368</ele>
				<time>2021-11-28T01:40:25Z</time>
			</trkpt>
			<trkpt lat="40.924009" lon="-105.624839">
				<ele>2491.22218</ele>
				<time>2021-11-28T01:40:44Z</time>
			</trkpt>
			<trkpt lat="40.924017" lon="-105.625065">
				<ele>2491.661791</ele>
				<time>2021-11-28T01:40:52Z</time>
			</trkpt>
			<trkpt lat="40.924102" lon="-105.625462">
				<ele>2492.463553</ele>
				<time>2021-11-28T01:41:08Z</time>
			</trkpt>
			<trkpt lat="40.924159" lon="-105.625612">
				<ele>2492.789794</ele>
				<time>2021-11-28T01:41:14Z</time>
			</trkpt>
			<trkpt lat="40.92432" lon="-105.625815">
				<ele>2493.361633</ele>
				<time>2021-11-28T01:41:26Z</time>
			</trkpt>
			<trkpt lat="40.924583" lon="-105.625928">
				<ele>2494.072711</ele>
				<time>2021-11-28T01:41:40Z</time>
			</trkpt>
			<trkpt lat="40.924885" lon="-105.626084">
				<ele>2494.904206</ele>
				<time>2021-11-28T01:41:57Z</time>
			</trkpt>
			<trkpt lat="40.925006" lon="-105.626191">
				<ele>2495.164474</ele>
				<time>2021-11-28T01:42:04Z</time>
			</trkpt>
			<trkpt lat="40.925266" lon="-105.626522">
				<ele>2495.80969</ele>
				<time>2021-11-28T01:42:23Z</time>
			</trkpt>
			<trkpt lat="40.925614" lon="-105.627041">
				<ele>2496.747376</ele>
				<time>2021-11-28T01:42:48Z</time>
			</trkpt>
			<trkpt lat="40.926202" lon="-105.6277">
				<ele>2498.119673</ele>
				<time>2021-11-28T01:43:20Z</time>
			</trkpt>
			<trkpt lat="40.926793" lon="-105.628568">
				<ele>2498.726921</ele>
				<time>2021-11-28T01:43:55Z</time>
			</trkpt>
			<trkpt lat="40.926988" lon="-105.628933">
				<ele>2498.959242</ele>
				<time>2021-11-28T01:44:08Z</time>
			</trkpt>
			<trkpt lat="40.927278" lon="-105.629622">
				<ele>2499.393847</ele>
				<time>2021-11-28T01:44:33Z</time>
			</trkpt>
			<trkpt lat="40.92776" lon="-105.630622">
				<ele>2500.971879</ele>
				<time>2021-11-28T01:45:12Z</time>
			</trkpt>
			<trkpt lat="40.928232" lon="-105.631782">
				<ele>2502.801092</ele>
				<time>2021-11-28T01:46:00Z</time>
			</trkpt>
			<trkpt lat="40.928489" lon="-105.632267">
				<ele>2503.884027</ele>
				<time>2021-11-28T01:46:23Z</time>
			</trkpt>
			<trkpt lat="40.92919" lon="-105.633937">
				<ele>2507.105975</ele>
				<time>2021-11-28T01:47:34Z</time>
			</trkpt>
			<trkpt lat="40.929322" lon="-105.634157">
				<ele>2507.344031</ele>
				<time>2021-11-28T01:47:44Z</time>
			</trkpt>
			<trkpt lat="40.92996" lon="-105.635016">
				<ele>2508.36474</ele>
				<time>2021-11-28T01:48:21Z</time>
			</trkpt>
			<trkpt lat="40.9301" lon="-105.635253">
				<ele>2508.619662</ele>
				<time>2021-11-28T01:48:30Z</time>
			</trkpt>
			<trkpt lat="40.930211" lon="-105.635539">
				<ele>2508.892068</ele>
				<time>2021-11-28T01:48:40Z</time>
			</trkpt>
			<trkpt lat="40.930291" lon="-105.635857">
				<ele>2509.170929</ele>
				<time>2021-11-28T01:48:50Z</time>
			</trkpt>
			<trkpt lat="40.9304" lon="-105.636878">
				<ele>2510.028848</ele>
				<time>2021-11-28T01:49:22Z</time>
			</trkpt>
			<trkpt lat="40.930713" lon="-105.638439">
				<ele>2511.785701</ele>
				<time>2021-11-28T01:50:17Z</time>
			</trkpt>
			<trkpt lat="40.930797" lon="-105.638725">
				<ele>2512.251032</ele>
				<time>2021-11-28T01:50:28Z</time>
			</trkpt>
			<trkpt lat="40.931184" lon="-105.639581">
				<ele>2513.763796</ele>
				<time>2021-11-28T01:51:05Z</time>
			</trkpt>
			<trkpt lat="40.931647" lon="-105.640262">
				<ele>2515.03011</ele>
				<time>2021-11-28T01:51:37Z</time>
			</trkpt>
			<trkpt lat="40.931784" lon="-105.640489">
				<ele>2515.39011</ele>
				<time>2021-11-28T01:51:48Z</time>
			</trkpt>
			<trkpt lat="40.931972" lon="-105.64088">
				<ele>2515.964385</ele>
				<time>2021-11-28T01:52:04Z</time>
			</trkpt>
			<trkpt lat="40.932166" lon="-105.641454">
				<ele>2516.743539</ele>
				<time>2021-11-28T01:52:25Z</time>
			</trkpt>
			<trkpt lat="40.93248" lon="-105.642198">
				<ele>2517.834613</ele>
				<time>2021-11-28T01:52:52Z</time>
			</trkpt>
			<trkpt lat="40.932818" lon="-105.643139">
				<ele>2519.24854</ele>
				<time>2021-11-28T01:53:27Z</time>
			</trkpt>
			<trkpt lat="40.932905" lon="-105.643589">
				<ele>2519.878871</ele>
				<time>2021-11-28T01:53:44Z</time>
			</trkpt>
			<trkpt lat="40.932967" lon="-105.6445">
				<ele>2521.438525</ele>
				<time>2021-11-28T01:54:18Z</time>
			</trkpt>
			<trkpt lat="40.93303" lon="-105.644779">
				<ele>2522.107972</ele>
				<time>2021-11-28T01:54:29Z</time>
			</trkpt>
			<trkpt lat="40.93314" lon="-105.645049">
				<ele>2522.813195</ele>
				<time>2021-11-28T01:54:40Z</time>
			</trkpt>
			<trkpt lat="40.93344" lon="-105.645554">
				<ele>2524.290107</ele>
				<time>2021-11-28T01:55:07Z</time>
			</trkpt>
			<trkpt lat="40.9336" lon="-105.64577">
				<ele>2524.985553</ele>
				<time>2021-11-28T01:55:20Z</time>
			</trkpt>
			<trkpt lat="40.933763" lon="-105.645934">
				<ele>2525.608596</ele>
				<time>2021-11-28T01:55:31Z</time>
			</trkpt>
			<trkpt lat="40.934146" lon="-105.646174">
				<ele>2526.742747</ele>
				<time>2021-11-28T01:55:54Z</time>
			</trkpt>
			<trkpt lat="40.934337" lon="-105.646325">
				<ele>2527.28197</ele>
				<time>2021-11-28T01:56:05Z</time>
			</trkpt>
			<trkpt lat="40.934768" lon="-105.646972">
				<ele>2528.86146</ele>
				<time>2021-11-28T01:56:37Z</time>
			</trkpt>
			<trkpt lat="40.935031" lon="-105.647166">
				<ele>2529.591206</ele>
				<time>2021-11-28T01:56:51Z</time>
			</trkpt>
			<trkpt lat="40.935179" lon="-105.647348">
				<ele>2530.080833</ele>
				<time>2021-11-28T01:57:01Z</time>
			</trkpt>
			<trkpt lat="40.935358" lon="-105.64773">
				<ele>2530.67095</ele>
				<time>2021-11-28T01:57:16Z</time>
			</trkpt>
			<trkpt lat="40.935513" lon="-105.647974">
				<ele>2530.922711</ele>
				<time>2021-11-28T01:57:27Z</time>
			</trkpt>
			<trkpt lat="40.935781" lon="-105.648494">
				<ele>2531.419825</ele>
				<time>2021-11-28T01:57:47Z</time>
			</trkpt>
			<trkpt lat="40.936171" lon="-105.64895">
				<ele>2531.963783</ele>
				<time>2021-11-28T01:58:08Z</time>
			</trkpt>
			<trkpt lat="40.936233" lon="-105.649054">
				<ele>2532.068405</ele>
				<time>2021-11-28T01:58:12Z</time>
			</trkpt>
			<trkpt lat="40.936313" lon="-105.649312">
				<ele>2532.288645</ele>
				<time>2021-11-28T01:58:20Z</time>
			</trkpt>
			<trkpt lat="40.936476" lon="-105.650277">
				<ele>2533.14387</ele>
				<time>2021-11-28T01:58:52Z</time>
			</trkpt>
			<trkpt lat="40.936549" lon="-105.650518">
				<ele>2533.370851</ele>
				<time>2021-11-28T01:59:00Z</time>
			</trkpt>
			<trkpt lat="40.936742" lon="-105.650865">
				<ele>2533.747537</ele>
				<time>2021-11-28T01:59:14Z</time>
			</trkpt>
			<trkpt lat="40.937209" lon="-105.651428">
				<ele>2534.492482</ele>
				<time>2021-11-28T01:59:42Z</time>
			</trkpt>
			<trkpt lat="40.93744" lon="-105.65185">
				<ele>2535.230518</ele>
				<time>2021-11-28T01:59:59Z</time>
			</trkpt>
			<trkpt lat="40.937558" lon="-105.652176">
				<ele>2535.742455</ele>
				<time>2021-11-28T02:00:12Z</time>
			</trkpt>
			<trkpt lat="40.937914" lon="-105.653636">
				<ele>2537.906945</ele>
				<time>2021-11-28T02:01:07Z</time>
			</trkpt>
			<trkpt lat="40.938053" lon="-105.654008">
				<ele>2538.43972</ele>
				<time>2021-11-28T02:01:22Z</time>
			</trkpt>
			<trkpt lat="40.938119" lon="-105.654105">
				<ele>2538.607306</ele>
				<time>2021-11-28T02:01:26Z</time>
			</trkpt>
			<trkpt lat="40.938276" lon="-105.654246">
				<ele>2538.929712</ele>
				<time>2021-11-28T02:01:35Z</time>
			</trkpt>
			<trkpt lat="40.938703" lon="-105.654374">
				<ele>2539.673713</ele>
				<time>2021-11-28T02:01:55Z</time>
			</trkpt>
			<trkpt lat="40.938776" lon="-105.654418">
				<ele>2539.81002</ele>
				<time>2021-11-28T02:01:59Z</time>
			</trkpt>
			<trkpt lat="40.938923" lon="-105.654562">
				<ele>2540.120785</ele>
				<time>2021-11-28T02:02:07Z</time>
			</trkpt>
			<trkpt lat="40.939014" lon="-105.654745">
				<ele>2540.402035</ele>
				<time>2021-11-28T02:02:15Z</time>
			</trkpt>
			<trkpt lat="40.939561" lon="-105.656327">
				<ele>2542.040275</ele>
				<time>2021-11-28T02:03:12Z</time>
			</trkpt>
			<trkpt lat="40.939689" lon="-105.656632">
				<ele>2542.335934</ele>
				<time>2021-11-28T02:03:23Z</time>
			</trkpt>
			<trkpt lat="40.940111" lon="-105.657288">
				<ele>2543.034274</ele>
				<time>2021-11-28T02:03:50Z</time>
			</trkpt>
			<trkpt lat="40.940631" lon="-105.657885">
				<ele>2543.65681</ele>
				<time>2021-11-28T02:04:17Z</time>
			</trkpt>
			<trkpt lat="40.940911" lon="-105.658459">
				<ele>2544.12363</ele>
				<time>2021-11-28T02:04:38Z</time>
			</trkpt>
			<trkpt lat="40.941119" lon="-105.659073">
				<ele>2544.604085</ele>
				<time>2021-11-28T02:05:01Z</time>
			</trkpt>
			<trkpt lat="40.941312" lon="-105.659675">
				<ele>2545.220266</ele>
				<time>2021-11-28T02:05:23Z</time>
			</trkpt>
			<trkpt lat="40.941378" lon="-105.660157">
				<ele>2545.68181</ele>
				<time>2021-11-28T02:05:39Z</time>
			</trkpt>
			<trkpt lat="40.941394" lon="-105.660795">
				<ele>2546.283268</ele>
				<time>2021-11-28T02:05:59Z</time>
			</trkpt>
			<trkpt lat="40.941452" lon="-105.661085">
				<ele>2546.565923</ele>
				<time>2021-11-28T02:06:08Z</time>
			</trkpt>
			<trkpt lat="40.941532" lon="-105.661264">
				<ele>2546.761886</ele>
				<time>2021-11-28T02:06:15Z</time>
			</trkpt>
			<trkpt lat="40.941651" lon="-105.661429">
				<ele>2546.929327</ele>
				<time>2021-11-28T02:06:23Z</time>
			</trkpt>
			<trkpt lat="40.941887" lon="-105.661643">
				<ele>2547.203298</ele>
				<time>2021-11-28T02:06:36Z</time>
			</trkpt>
			<trkpt lat="40.942226" lon="-105.662083">
				<ele>2547.657993</ele>
				<time>2021-11-28T02:06:57Z</time>
			</trkpt>
			<trkpt lat="40.942409" lon="-105.662279">
				<ele>2547.88344</ele>
				<time>2021-11-28T02:07:06Z</time>
			</trkpt>
			<trkpt lat="40.943089" lon="-105.662811">
				<ele>2548.671663</ele>
				<time>2021-11-28T02:07:37Z</time>
			</trkpt>
			<trkpt lat="40.94326" lon="-105.663037">
				<ele>2548.953692</ele>
				<time>2021-11-28T02:07:47Z</time>
			</trkpt>
			<trkpt lat="40.943649" lon="-105.663753">
				<ele>2549.731286</ele>
				<time>2021-11-28T02:08:15Z</time>
			</trkpt>
			<trkpt lat="40.943689" lon="-105.663878">
				<ele>2549.850975</ele>
				<time>2021-11-28T02:08:20Z</time>
			</trkpt>
			<trkpt lat="40.943723" lon="-105.664155">
				<ele>2550.098397</ele>
				<time>2021-11-28T02:08:29Z</time>
			</trkpt>
			<trkpt lat="40.943714" lon="-105.664915">
				<ele>2550.840308</ele>
				<time>2021-11-28T02:08:56Z</time>
			</trkpt>
			<trkpt lat="40.943737" lon="-105.66548">
				<ele>2551.544615</ele>
				<time>2021-11-28T02:09:15Z</time>
			</trkpt>
			<trkpt lat="40.94381" lon="-105.665843">
				<ele>2552.0122</ele>
				<time>2021-11-28T02:09:27Z</time>
			</trkpt>
			<trkpt lat="40.943957" lon="-105.666155">
				<ele>2552.469919</ele>
				<time>2021-11-28T02:09:40Z</time>
			</trkpt>
			<trkpt lat="40.94402" lon="-105.666231">
				<ele>2552.610374</ele>
				<time>2021-11-28T02:09:44Z</time>
			</trkpt>
			<trkpt lat="40.94422" lon="-105.66638">
				<ele>2552.988557</ele>
				<time>2021-11-28T02:09:54Z</time>
			</trkpt>
			<trkpt lat="40.944311" lon="-105.666541">
				<ele>2553.238856</ele>
				<time>2021-11-28T02:10:01Z</time>
			</trkpt>
			<trkpt lat="40.944408" lon="-105.667023">
				<ele>2553.782465</ele>
				<time>2021-11-28T02:10:19Z</time>
			</trkpt>
			<trkpt lat="40.944493" lon="-105.667299">
				<ele>2554.058364</ele>
				<time>2021-11-28T02:10:29Z</time>
			</trkpt>
			<trkpt lat="40.944808" lon="-105.667958">
				<ele>2554.780249</ele>
				<time>2021-11-28T02:10:54Z</time>
			</trkpt>
			<trkpt lat="40.945017" lon="-105.66849">
				<ele>2555.335316</ele>
				<time>2021-11-28T02:11:13Z</time>
			</trkpt>
			<trkpt lat="40.945146" lon="-105.669222">
				<ele>2556.043545</ele>
				<time>2021-11-28T02:11:37Z</time>
			</trkpt>
			<trkpt lat="40.945257" lon="-105.669537">
				<ele>2556.380214</ele>
				<time>2021-11-28T02:11:48Z</time>
			</trkpt>
			<trkpt lat="40.945439" lon="-105.669786">
				<ele>2556.71582</ele>
				<time>2021-11-28T02:12:00Z</time>
			</trkpt>
			<trkpt lat="40.945888" lon="-105.670254">
				<ele>2557.448601</ele>
				<time>2021-11-28T02:12:26Z</time>
			</trkpt>
			<trkpt lat="40.946297" lon="-105.670864">
				<ele>2558.114744</ele>
				<time>2021-11-28T02:12:52Z</time>
			</trkpt>
			<trkpt lat="40.94646" lon="-105.67096">
				<ele>2558.176573</ele>
				<time>2021-11-28T02:12:59Z</time>
			</trkpt>
			<trkpt lat="40.946811" lon="-105.67095">
				<ele>2558.298248</ele>
				<time>2021-11-28T02:13:13Z</time>
			</trkpt>
			<trkpt lat="40.946901" lon="-105.670976">
				<ele>2558.330173</ele>
				<time>2021-11-28T02:13:17Z</time>
			</trkpt>
			<trkpt lat="40.947071" lon="-105.671095">
				<ele>2558.396819</ele>
				<time>2021-11-28T02:13:24Z</time>
			</trkpt>
			<trkpt lat="40.947142" lon="-105.671185">
				<ele>2558.430885</ele>
				<time>2021-11-28T02:13:28Z</time>
			</trkpt>
			<trkpt lat="40.947404" lon="-105.671657">
				<ele>2558.584218</ele>
				<time>2021-11-28T02:13:45Z</time>
			</trkpt>
			<trkpt lat="40.947671" lon="-105.67203">
				<ele>2558.698453</ele>
				<time>2021-11-28T02:13:59Z</time>
			</trkpt>
			<trkpt lat="40.948227" lon="-105.672676">
				<ele>2558.758684</ele>
				<time>2021-11-28T02:14:25Z</time>
			</trkpt>
			<trkpt lat="40.948587" lon="-105.673252">
				<ele>2558.804663</ele>
				<time>2021-11-28T02:14:47Z</time>
			</trkpt>
			<trkpt lat="40.948716" lon="-105.673573">
				<ele>2558.827024</ele>
				<time>2021-11-28T02:14:58Z</time>
			</trkpt>
			<trkpt lat="40.948788" lon="-105.673862">
				<ele>2558.9328</ele>
				<time>2021-11-28T02:15:08Z</time>
			</trkpt>
			<trkpt lat="40.948828" lon="-105.674025">
				<ele>2559.073213</ele>
				<time>2021-11-28T02:15:13Z</time>
			</trkpt>
			<trkpt lat="40.948976" lon="-105.674488">
				<ele>2559.485109</ele>
				<time>2021-11-28T02:15:29Z</time>
			</trkpt>
			<trkpt lat="40.949093" lon="-105.675109">
				<ele>2560.009467</ele>
				<time>2021-11-28T02:15:51Z</time>
			</trkpt>
			<trkpt lat="40.949328" lon="-105.677421">
				<ele>2561.813984</ele>
				<time>2021-11-28T02:17:05Z</time>
			</trkpt>
			<trkpt lat="40.949438" lon="-105.678081">
				<ele>2562.315466</ele>
				<time>2021-11-28T02:17:26Z</time>
			</trkpt>
			<trkpt lat="40.949516" lon="-105.678401">
				<ele>2562.569419</ele>
				<time>2021-11-28T02:17:37Z</time>
			</trkpt>
			<trkpt lat="40.949619" lon="-105.678717">
				<ele>2562.961335</ele>
				<time>2021-11-28T02:17:48Z</time>
			</trkpt>
			<trkpt lat="40.949753" lon="-105.679015">
				<ele>2563.356261</ele>
				<time>2021-11-28T02:17:59Z</time>
			</trkpt>
			<trkpt lat="40.950194" lon="-105.679716">
				<ele>2564.395136</ele>
				<time>2021-11-28T02:18:29Z</time>
			</trkpt>
			<trkpt lat="40.9503" lon="-105.67998">
				<ele>2564.735596</ele>
				<time>2021-11-28T02:18:40Z</time>
			</trkpt>
			<trkpt lat="40.950468" lon="-105.680572">
				<ele>2565.497948</ele>
				<time>2021-11-28T02:19:03Z</time>
			</trkpt>
			<trkpt lat="40.950518" lon="-105.681483">
				<ele>2566.772437</ele>
				<time>2021-11-28T02:19:36Z</time>
			</trkpt>
			<trkpt lat="40.950635" lon="-105.682303">
				<ele>2567.936836</ele>
				<time>2021-11-28T02:20:05Z</time>
			</trkpt>
			<trkpt lat="40.950726" lon="-105.682787">
				<ele>2568.611399</ele>
				<time>2021-11-28T02:20:22Z</time>
			</trkpt>
			<trkpt lat="40.950805" lon="-105.68378">
				<ele>2569.287582</ele>
				<time>2021-11-28T02:20:55Z</time>
			</trkpt>
			<trkpt lat="40.950991" lon="-105.684778">
				<ele>2569.983702</ele>
				<time>2021-11-28T02:21:25Z</time>
			</trkpt>
			<trkpt lat="40.951078" lon="-105.685576">
				<ele>2570.455527</ele>
				<time>2021-11-28T02:21:49Z</time>
			</trkpt>
			<trkpt lat="40.951149" lon="-105.686753">
				<ele>2571.073038</ele>
				<time>2021-11-28T02:22:26Z</time>
			</trkpt>
			<trkpt lat="40.951318" lon="-105.687802">
				<ele>2571.517401</ele>
				<time>2021-11-28T02:22:59Z</time>
			</trkpt>
			<trkpt lat="40.951359" lon="-105.68792">
				<ele>2571.542421</ele>
				<time>2021-11-28T02:23:03Z</time>
			</trkpt>
			<trkpt lat="40.951418" lon="-105.688008">
				<ele>2571.565087</ele>
				<time>2021-11-28T02:23:06Z</time>
			</trkpt>
			<trkpt lat="40.951559" lon="-105.688109">
				<ele>2571.605973</ele>
				<time>2021-11-28T02:23:12Z</time>
			</trkpt>
			<trkpt lat="40.951846" lon="-105.688238">
				<ele>2571.683272</ele>
				<time>2021-11-28T02:23:24Z</time>
			</trkpt>
			<trkpt lat="40.951916" lon="-105.688294">
				<ele>2571.704131</ele>
				<time>2021-11-28T02:23:27Z</time>
			</trkpt>
			<trkpt lat="40.952037" lon="-105.688458">
				<ele>2571.748293</ele>
				<time>2021-11-28T02:23:34Z</time>
			</trkpt>
			<trkpt lat="40.952328" lon="-105.689254">
				<ele>2571.858459</ele>
				<time>2021-11-28T02:23:59Z</time>
			</trkpt>
			<trkpt lat="40.952409" lon="-105.689552">
				<ele>2571.56941</ele>
				<time>2021-11-28T02:24:08Z</time>
			</trkpt>
			<trkpt lat="40.952407" lon="-105.689711">
				<ele>2571.424277</ele>
				<time>2021-11-28T02:24:12Z</time>
			</trkpt>
			<trkpt lat="40.952355" lon="-105.689912">
				<ele>2571.230369</ele>
				<time>2021-11-28T02:24:17Z</time>
			</trkpt>
			<trkpt lat="40.952208" lon="-105.690168">
				<ele>2570.936868</ele>
				<time>2021-11-28T02:24:25Z</time>
			</trkpt>
			<trkpt lat="40.951567" lon="-105.691">
				<ele>2569.852162</ele>
				<time>2021-11-28T02:24:55Z</time>
			</trkpt>
			<trkpt lat="40.951413" lon="-105.691253">
				<ele>2569.551948</ele>
				<time>2021-11-28T02:25:03Z</time>
			</trkpt>
			<trkpt lat="40.951276" lon="-105.691573">
				<ele>2569.209386</ele>
				<time>2021-11-28T02:25:13Z</time>
			</trkpt>
			<trkpt lat="40.951161" lon="-105.691941">
				<ele>2568.838493</ele>
				<time>2021-11-28T02:25:23Z</time>
			</trkpt>
			<trkpt lat="40.951045" lon="-105.692547">
				<ele>2568.256285</ele>
				<time>2021-11-28T02:25:39Z</time>
			</trkpt>
			<trkpt lat="40.951002" lon="-105.692957">
				<ele>2567.87079</ele>
				<time>2021-11-28T02:25:50Z</time>
			</trkpt>
			<trkpt lat="40.950999" lon="-105.693361">
				<ele>2567.521654</ele>
				<time>2021-11-28T02:26:00Z</time>
			</trkpt>
			<trkpt lat="40.951063" lon="-105.69432">
				<ele>2567.716627</ele>
				<time>2021-11-28T02:26:26Z</time>
			</trkpt>
			<trkpt lat="40.951052" lon="-105.694607">
				<ele>2567.774825</ele>
				<time>2021-11-28T02:26:34Z</time>
			</trkpt>
			<trkpt lat="40.951009" lon="-105.694869">
				<ele>2567.829123</ele>
				<time>2021-11-28T02:26:42Z</time>
			</trkpt>
			<trkpt lat="40.95076" lon="-105.695841">
				<ele>2568.482233</ele>
				<time>2021-11-28T02:27:15Z</time>
			</trkpt>
			<trkpt lat="40.950732" lon="-105.696143">
				<ele>2569.268009</ele>
				<time>2021-11-28T02:27:26Z</time>
			</trkpt>
			<trkpt lat="40.950737" lon="-105.696292">
				<ele>2569.653184</ele>
				<time>2021-11-28T02:27:32Z</time>
			</trkpt>
			<trkpt lat="40.950795" lon="-105.696569">
				<ele>2570.395524</ele>
				<time>2021-11-28T02:27:43Z</time>
			</trkpt>
			<trkpt lat="40.951018" lon="-105.697179">
				<ele>2572.145695</ele>
				<time>2021-11-28T02:28:11Z</time>
			</trkpt>
			<trkpt lat="40.951231" lon="-105.698013">
				<ele>2574.549089</ele>
				<time>2021-11-28T02:28:52Z</time>
			</trkpt>
			<trkpt lat="40.951859" lon="-105.699879">
				<ele>2582.359854</ele>
				<time>2021-11-28T02:30:30Z</time>
			</trkpt>
			<trkpt lat="40.952294" lon="-105.701258">
				<ele>2587.277987</ele>
				<time>2021-11-28T02:31:37Z</time>
			</trkpt>
			<trkpt lat="40.952424" lon="-105.701996">
				<ele>2589.696957</ele>
				<time>2021-11-28T02:32:10Z</time>
			</trkpt>
			<trkpt lat="40.9525" lon="-105.702278">
				<ele>2590.652711</ele>
				<time>2021-11-28T02:32:22Z</time>
			</trkpt>
			<trkpt lat="40.952839" lon="-105.703118">
				<ele>2593.684854</ele>
				<time>2021-11-28T02:33:02Z</time>
			</trkpt>
			<trkpt lat="40.953232" lon="-105.704261">
				<ele>2597.682373</ele>
				<time>2021-11-28T02:33:57Z</time>
			</trkpt>
			<trkpt lat="40.953289" lon="-105.704425">
				<ele>2598.257016</ele>
				<time>2021-11-28T02:34:06Z</time>
			</trkpt>
			<trkpt lat="40.953485" lon="-105.705145">
				<ele>2601.511728</ele>
				<time>2021-11-28T02:34:42Z</time>
			</trkpt>
			<trkpt lat="40.953581" lon="-105.705801">
				<ele>2604.410364</ele>
				<time>2021-11-28T02:35:16Z</time>
			</trkpt>
			<trkpt lat="40.953603" lon="-105.706243">
				<ele>2606.331904</ele>
				<time>2021-11-28T02:35:38Z</time>
			</trkpt>
			<trkpt lat="40.953569" lon="-105.70768">
				<ele>2613.186422</ele>
				<time>2021-11-28T02:36:54Z</time>
			</trkpt>
			<trkpt lat="40.953491" lon="-105.708721">
				<ele>2618.462113</ele>
				<time>2021-11-28T02:37:49Z</time>
			</trkpt>
			<trkpt lat="40.953484" lon="-105.70978">
				<ele>2623.742842</ele>
				<time>2021-11-28T02:38:47Z</time>
			</trkpt>
			<trkpt lat="40.953406" lon="-105.710187">
				<ele>2625.818327</ele>
				<time>2021-11-28T02:39:10Z</time>
			</trkpt>
			<trkpt lat="40.953038" lon="-105.711427">
				<ele>2632.40366</ele>
				<time>2021-11-28T02:40:19Z</time>
			</trkpt>
			<trkpt lat="40.952982" lon="-105.711653">
				<ele>2633.376544</ele>
				<time>2021-11-28T02:40:31Z</time>
			</trkpt>
			<trkpt lat="40.952924" lon="-105.712074">
				<ele>2635.075027</ele>
				<time>2021-11-28T02:40:53Z</time>
			</trkpt>
			<trkpt lat="40.952891" lon="-105.712723">
				<ele>2637.656683</ele>
				<time>2021-11-28T02:41:25Z</time>
			</trkpt>
			<trkpt lat="40.95296" lon="-105.713325">
				<ele>2640.073326</ele>
				<time>2021-11-28T02:41:54Z</time>
			</trkpt>
			<trkpt lat="40.953083" lon="-105.713991">
				<ele>2642.398248</ele>
				<time>2021-11-28T02:42:24Z</time>
			</trkpt>
			<trkpt lat="40.953107" lon="-105.714377">
				<ele>2643.166603</ele>
				<time>2021-11-28T02:42:40Z</time>
			</trkpt>
			<trkpt lat="40.953021" lon="-105.714898">
				<ele>2644.224586</ele>
				<time>2021-11-28T02:43:01Z</time>
			</trkpt>
			<trkpt lat="40.953064" lon="-105.715369">
				<ele>2645.165781</ele>
				<time>2021-11-28T02:43:19Z</time>
			</trkpt>
			<trkpt lat="40.952924" lon="-105.716109">
				<ele>2646.679189</ele>
				<time>2021-11-28T02:43:46Z</time>
			</trkpt>
			<trkpt lat="40.952903" lon="-105.71647">
				<ele>2646.405179</ele>
				<time>2021-11-28T02:43:57Z</time>
			</trkpt>
			<trkpt lat="40.95294" lon="-105.716736">
				<ele>2646.14783</ele>
				<time>2021-11-28T02:44:04Z</time>
			</trkpt>
			<trkpt lat="40.953014" lon="-105.716977">
				<ele>2645.900299</ele>
				<time>2021-11-28T02:44:11Z</time>
			</trkpt>
			<trkpt lat="40.953142" lon="-105.717254">
				<ele>2645.591323</ele>
				<time>2021-11-28T02:44:20Z</time>
			</trkpt>
			<trkpt lat="40.953331" lon="-105.717661">
				<ele>2645.136731</ele>
				<time>2021-11-28T02:44:31Z</time>
			</trkpt>
			<trkpt lat="40.953438" lon="-105.71804">
				<ele>2644.751753</ele>
				<time>2021-11-28T02:44:41Z</time>
			</trkpt>
			<trkpt lat="40.953544" lon="-105.71895">
				<ele>2642.884091</ele>
				<time>2021-11-28T02:45:02Z</time>
			</trkpt>
			<trkpt lat="40.953528" lon="-105.719484">
				<ele>2641.513998</ele>
				<time>2021-11-28T02:45:15Z</time>
			</trkpt>
			<trkpt lat="40.953315" lon="-105.720347">
				<ele>2639.186373</ele>
				<time>2021-11-28T02:45:35Z</time>
			</trkpt>
			<trkpt lat="40.9528" lon="-105.722113">
				<ele>2635.125789</ele>
				<time>2021-11-28T02:46:19Z</time>
			</trkpt>
			<trkpt lat="40.952684" lon="-105.722707">
				<ele>2633.862854</ele>
				<time>2021-11-28T02:46:34Z</time>
			</trkpt>
			<trkpt lat="40.952554" lon="-105.723729">
				<ele>2633.057869</ele>
				<time>2021-11-28T02:47:01Z</time>
			</trkpt>
			<trkpt lat="40.952489" lon="-105.724084">
				<ele>2632.885466</ele>
				<time>2021-11-28T02:47:10Z</time>
			</trkpt>
			<trkpt lat="40.952418" lon="-105.724315">
				<ele>2632.767758</ele>
				<time>2021-11-28T02:47:17Z</time>
			</trkpt>
			<trkpt lat="40.952365" lon="-105.72443">
				<ele>2632.704174</ele>
				<time>2021-11-28T02:47:21Z</time>
			</trkpt>
			<trkpt lat="40.952204" lon="-105.724774">
				<ele>2632.513169</ele>
				<time>2021-11-28T02:47:32Z</time>
			</trkpt>
			<trkpt lat="40.952125" lon="-105.72505">
				<ele>2632.373863</ele>
				<time>2021-11-28T02:47:40Z</time>
			</trkpt>
			<trkpt lat="40.951918" lon="-105.727134">
				<ele>2633.462913</ele>
				<time>2021-11-28T02:48:45Z</time>
			</trkpt>
			<trkpt lat="40.951877" lon="-105.727987">
				<ele>2634.453571</ele>
				<time>2021-11-28T02:49:12Z</time>
			</trkpt>
			<trkpt lat="40.951874" lon="-105.728783">
				<ele>2635.744942</ele>
				<time>2021-11-28T02:49:39Z</time>
			</trkpt>
			<trkpt lat="40.951835" lon="-105.729088">
				<ele>2636.246787</ele>
				<time>2021-11-28T02:49:50Z</time>
			</trkpt>
			<trkpt lat="40.95175" lon="-105.729352">
				<ele>2636.71237</ele>
				<time>2021-11-28T02:50:01Z</time>
			</trkpt>
			<trkpt lat="40.951288" lon="-105.730188">
				<ele>2639.6827</ele>
				<time>2021-11-28T02:50:45Z</time>
			</trkpt>
			<trkpt lat="40.950944" lon="-105.730703">
				<ele>2642.480749</ele>
				<time>2021-11-28T02:51:16Z</time>
			</trkpt>
			<trkpt lat="40.949983" lon="-105.732141">
				<ele>2651.478239</ele>
				<time>2021-11-28T02:52:59Z</time>
			</trkpt>
			<trkpt lat="40.949683" lon="-105.732533">
				<ele>2654.626032</ele>
				<time>2021-11-28T02:53:31Z</time>
			</trkpt>
			<trkpt lat="40.949191" lon="-105.732863">
				<ele>2658.744958</ele>
				<time>2021-11-28T02:54:13Z</time>
			</trkpt>
			<trkpt lat="40.948737" lon="-105.733222">
				<ele>2662.804512</ele>
				<time>2021-11-28T02:54:53Z</time>
			</trkpt>
			<trkpt lat="40.948249" lon="-105.733452">
				<ele>2666.88309</ele>
				<time>2021-11-28T02:55:32Z</time>
			</trkpt>
			<trkpt lat="40.947359" lon="-105.73379">
				<ele>2674.173308</ele>
				<time>2021-11-28T02:56:43Z</time>
			</trkpt>
			<trkpt lat="40.947088" lon="-105.733942">
				<ele>2676.410675</ele>
				<time>2021-11-28T02:57:06Z</time>
			</trkpt>
			<trkpt lat="40.946927" lon="-105.734074">
				<ele>2677.830136</ele>
				<time>2021-11-28T02:57:21Z</time>
			</trkpt>
			<trkpt lat="40.946461" lon="-105.734643">
				<ele>2682.58184</ele>
				<time>2021-11-28T02:58:10Z</time>
			</trkpt>
			<trkpt lat="40.946283" lon="-105.734804">
				<ele>2684.197711</ele>
				<time>2021-11-28T02:58:26Z</time>
			</trkpt>
			<trkpt lat="40.946086" lon="-105.734857">
				<ele>2685.704536</ele>
				<time>2021-11-28T02:58:41Z</time>
			</trkpt>
			<trkpt lat="40.945776" lon="-105.734768">
				<ele>2688.082197</ele>
				<time>2021-11-28T02:59:04Z</time>
			</trkpt>
			<trkpt lat="40.945596" lon="-105.734756">
				<ele>2688.921629</ele>
				<time>2021-11-28T02:59:16Z</time>
			</trkpt>
			<trkpt lat="40.945485" lon="-105.734799">
				<ele>2689.394895</ele>
				<time>2021-11-28T02:59:24Z</time>
			</trkpt>
			<trkpt lat="40.945197" lon="-105.735018">
				<ele>2690.753976</ele>
				<time>2021-11-28T02:59:45Z</time>
			</trkpt>
			<trkpt lat="40.944721" lon="-105.735248">
				<ele>2692.82748</ele>
				<time>2021-11-28T03:00:15Z</time>
			</trkpt>
			<trkpt lat="40.944562" lon="-105.735436">
				<ele>2693.699833</ele>
				<time>2021-11-28T03:00:27Z</time>
			</trkpt>
			<trkpt lat="40.944441" lon="-105.735512">
				<ele>2694.247872</ele>
				<time>2021-11-28T03:00:34Z</time>
			</trkpt>
			<trkpt lat="40.944133" lon="-105.735581">
				<ele>2695.526148</ele>
				<time>2021-11-28T03:00:48Z</time>
			</trkpt>
			<trkpt lat="40.943755" lon="-105.735537">
				<ele>2695.73911</ele>
				<time>2021-11-28T03:01:04Z</time>
			</trkpt>
			<trkpt lat="40.943469" lon="-105.735557">
				<ele>2695.799087</ele>
				<time>2021-11-28T03:01:15Z</time>
			</trkpt>
			<trkpt lat="40.943057" lon="-105.73569">
				<ele>2695.887895</ele>
				<time>2021-11-28T03:01:31Z</time>
			</trkpt>
			<trkpt lat="40.942559" lon="-105.735963">
				<ele>2696.000773</ele>
				<time>2021-11-28T03:01:50Z</time>
			</trkpt>
			<trkpt lat="40.942295" lon="-105.736048">
				<ele>2696.070863</ele>
				<time>2021-11-28T03:02:00Z</time>
			</trkpt>
			<trkpt lat="40.94182" lon="-105.736157">
				<ele>2696.26589</ele>
				<time>2021-11-28T03:02:17Z</time>
			</trkpt>
			<trkpt lat="40.941495" lon="-105.736334">
				<ele>2696.40806</ele>
				<time>2021-11-28T03:02:30Z</time>
			</trkpt>
			<trkpt lat="40.941336" lon="-105.736364">
				<ele>2696.473033</ele>
				<time>2021-11-28T03:02:36Z</time>
			</trkpt>
			<trkpt lat="40.941169" lon="-105.736435">
				<ele>2696.543992</ele>
				<time>2021-11-28T03:02:43Z</time>
			</trkpt>
			<trkpt lat="40.940449" lon="-105.737029">
				<ele>2697.875367</ele>
				<time>2021-11-28T03:03:20Z</time>
			</trkpt>
			<trkpt lat="40.940417" lon="-105.737056">
				<ele>2698.021442</ele>
				<time>2021-11-28T03:03:22Z</time>
			</trkpt>
			<trkpt lat="40.940023" lon="-105.7375">
				<ele>2700.013229</ele>
				<time>2021-11-28T03:03:48Z</time>
			</trkpt>
			<trkpt lat="40.939768" lon="-105.737856">
				<ele>2701.439829</ele>
				<time>2021-11-28T03:04:09Z</time>
			</trkpt>
			<trkpt lat="40.939622" lon="-105.737996">
				<ele>2702.133801</ele>
				<time>2021-11-28T03:04:20Z</time>
			</trkpt>
			<trkpt lat="40.93938" lon="-105.738101">
				<ele>2703.114126</ele>
				<time>2021-11-28T03:04:37Z</time>
			</trkpt>
			<trkpt lat="40.938913" lon="-105.738134">
				<ele>2705.928794</ele>
				<time>2021-11-28T03:05:11Z</time>
			</trkpt>
			<trkpt lat="40.938565" lon="-105.738264">
				<ele>2708.478613</ele>
				<time>2021-11-28T03:05:39Z</time>
			</trkpt>
			<trkpt lat="40.938388" lon="-105.738392">
				<ele>2709.900859</ele>
				<time>2021-11-28T03:05:54Z</time>
			</trkpt>
			<trkpt lat="40.93815" lon="-105.738695">
				<ele>2712.229354</ele>
				<time>2021-11-28T03:06:19Z</time>
			</trkpt>
			<trkpt lat="40.937732" lon="-105.739093">
				<ele>2715.860237</ele>
				<time>2021-11-28T03:06:57Z</time>
			</trkpt>
			<trkpt lat="40.937577" lon="-105.73938">
				<ele>2716.953975</ele>
				<time>2021-11-28T03:07:15Z</time>
			</trkpt>
			<trkpt lat="40.937113" lon="-105.739854">
				<ele>2718.701616</ele>
				<time>2021-11-28T03:07:51Z</time>
			</trkpt>
			<trkpt lat="40.937023" lon="-105.739997">
				<ele>2719.120874</ele>
				<time>2021-11-28T03:07:59Z</time>
			</trkpt>
			<trkpt lat="40.936874" lon="-105.740378">
				<ele>2720.087282</ele>
				<time>2021-11-28T03:08:14Z</time>
			</trkpt>
			<trkpt lat="40.936762" lon="-105.74058">
				<ele>2720.651705</ele>
				<time>2021-11-28T03:08:22Z</time>
			</trkpt>
			<trkpt lat="40.936442" lon="-105.740939">
				<ele>2721.685605</ele>
				<time>2021-11-28T03:08:37Z</time>
			</trkpt>
			<trkpt lat="40.936167" lon="-105.741334">
				<ele>2721.264427</ele>
				<time>2021-11-28T03:08:51Z</time>
			</trkpt>
			<trkpt lat="40.936046" lon="-105.741453">
				<ele>2721.107971</ele>
				<time>2021-11-28T03:08:56Z</time>
			</trkpt>
			<trkpt lat="40.935907" lon="-105.741513">
				<ele>2720.956223</ele>
				<time>2021-11-28T03:09:01Z</time>
			</trkpt>
			<trkpt lat="40.935306" lon="-105.741543">
				<ele>2720.33199</ele>
				<time>2021-11-28T03:09:21Z</time>
			</trkpt>
			<trkpt lat="40.935068" lon="-105.741601">
				<ele>2720.080814</ele>
				<time>2021-11-28T03:09:29Z</time>
			</trkpt>
			<trkpt lat="40.934358" lon="-105.741937">
				<ele>2720.201865</ele>
				<time>2021-11-28T03:09:56Z</time>
			</trkpt>
			<trkpt lat="40.93403" lon="-105.742059">
				<ele>2720.402498</ele>
				<time>2021-11-28T03:10:08Z</time>
			</trkpt>
			<trkpt lat="40.933836" lon="-105.742206">
				<ele>2720.534135</ele>
				<time>2021-11-28T03:10:16Z</time>
			</trkpt>
			<trkpt lat="40.93314" lon="-105.743064">
				<ele>2722.005173</ele>
				<time>2021-11-28T03:11:02Z</time>
			</trkpt>
			<trkpt lat="40.933066" lon="-105.743224">
				<ele>2722.563011</ele>
				<time>2021-11-28T03:11:10Z</time>
			</trkpt>
			<trkpt lat="40.932875" lon="-105.743873">
				<ele>2724.634086</ele>
				<time>2021-11-28T03:11:39Z</time>
			</trkpt>
			<trkpt lat="40.932777" lon="-105.744104">
				<ele>2725.421865</ele>
				<time>2021-11-28T03:11:51Z</time>
			</trkpt>
			<trkpt lat="40.932617" lon="-105.744391">
				<ele>2726.482473</ele>
				<time>2021-11-28T03:12:07Z</time>
			</trkpt>
			<trkpt lat="40.932174" lon="-105.745034">
				<ele>2729.098596</ele>
				<time>2021-11-28T03:12:49Z</time>
			</trkpt>
			<trkpt lat="40.931888" lon="-105.745351">
				<ele>2730.606375</ele>
				<time>2021-11-28T03:13:13Z</time>
			</trkpt>
			<trkpt lat="40.931564" lon="-105.745537">
				<ele>2732.033842</ele>
				<time>2021-11-28T03:13:35Z</time>
			</trkpt>
			<trkpt lat="40.931249" lon="-105.745964">
				<ele>2733.856292</ele>
				<time>2021-11-28T03:13:59Z</time>
			</trkpt>
			<trkpt lat="40.931034" lon="-105.746124">
				<ele>2734.853251</ele>
				<time>2021-11-28T03:14:12Z</time>
			</trkpt>
			<trkpt lat="40.930772" lon="-105.746236">
				<ele>2735.370998</ele>
				<time>2021-11-28T03:14:25Z</time>
			</trkpt>
			<trkpt lat="40.930681" lon="-105.746344">
				<ele>2735.434383</ele>
				<time>2021-11-28T03:14:30Z</time>
			</trkpt>
			<trkpt lat="40.930558" lon="-105.746723">
				<ele>2735.595996</ele>
				<time>2021-11-28T03:14:44Z</time>
			</trkpt>
			<trkpt lat="40.930521" lon="-105.747052">
				<ele>2735.726318</ele>
				<time>2021-11-28T03:14:54Z</time>
			</trkpt>
			<trkpt lat="40.930521" lon="-105.747256">
				<ele>2735.806246</ele>
				<time>2021-11-28T03:15:00Z</time>
			</trkpt>
			<trkpt lat="40.930483" lon="-105.747441">
				<ele>2735.88136</ele>
				<time>2021-11-28T03:15:05Z</time>
			</trkpt>
			<trkpt lat="40.930356" lon="-105.747752">
				<ele>2736.019871</ele>
				<time>2021-11-28T03:15:15Z</time>
			</trkpt>
			<trkpt lat="40.930284" lon="-105.748002">
				<ele>2736.124697</ele>
				<time>2021-11-28T03:15:22Z</time>
			</trkpt>
			<trkpt lat="40.930208" lon="-105.748157">
				<ele>2736.197094</ele>
				<time>2021-11-28T03:15:27Z</time>
			</trkpt>
			<trkpt lat="40.930013" lon="-105.748467">
				<ele>2735.972852</ele>
				<time>2021-11-28T03:15:37Z</time>
			</trkpt>
			<trkpt lat="40.929557" lon="-105.748844">
				<ele>2735.484664</ele>
				<time>2021-11-28T03:15:56Z</time>
			</trkpt>
			<trkpt lat="40.929298" lon="-105.749316">
				<ele>2735.084472</ele>
				<time>2021-11-28T03:16:11Z</time>
			</trkpt>
			<trkpt lat="40.928671" lon="-105.75002">
				<ele>2733.556741</ele>
				<time>2021-11-28T03:16:41Z</time>
			</trkpt>
			<trkpt lat="40.928372" lon="-105.750423">
				<ele>2731.934269</ele>
				<time>2021-11-28T03:16:54Z</time>
			</trkpt>
			<trkpt lat="40.928285" lon="-105.750569">
				<ele>2731.400135</ele>
				<time>2021-11-28T03:16:59Z</time>
			</trkpt>
			<trkpt lat="40.927913" lon="-105.751503">
				<ele>2728.367213</ele>
				<time>2021-11-28T03:17:22Z</time>
			</trkpt>
			<trkpt lat="40.927489" lon="-105.752181">
				<ele>2724.831919</ele>
				<time>2021-11-28T03:17:40Z</time>
			</trkpt>
			<trkpt lat="40.927334" lon="-105.752376">
				<ele>2723.589158</ele>
				<time>2021-11-28T03:17:45Z</time>
			</trkpt>
			<trkpt lat="40.926906" lon="-105.752709">
				<ele>2720.703958</ele>
				<time>2021-11-28T03:17:59Z</time>
			</trkpt>
			<trkpt lat="40.926758" lon="-105.752901">
				<ele>2719.49961</ele>
				<time>2021-11-28T03:18:05Z</time>
			</trkpt>
			<trkpt lat="40.926446" lon="-105.753631">
				<ele>2717.710553</ele>
				<time>2021-11-28T03:18:24Z</time>
			</trkpt>
			<trkpt lat="40.926144" lon="-105.754222">
				<ele>2718.599851</ele>
				<time>2021-11-28T03:18:46Z</time>
			</trkpt>
			<trkpt lat="40.925827" lon="-105.755069">
				<ele>2719.778007</ele>
				<time>2021-11-28T03:19:25Z</time>
			</trkpt>
			<trkpt lat="40.925726" lon="-105.755272">
				<ele>2720.080967</ele>
				<time>2021-11-28T03:19:36Z</time>
			</trkpt>
			<trkpt lat="40.925593" lon="-105.755447">
				<ele>2720.427784</ele>
				<time>2021-11-28T03:19:48Z</time>
			</trkpt>
			<trkpt lat="40.92514" lon="-105.755894">
				<ele>2721.625747</ele>
				<time>2021-11-28T03:20:24Z</time>
			</trkpt>
			<trkpt lat="40.924558" lon="-105.756884">
				<ele>2723.635115</ele>
				<time>2021-11-28T03:21:09Z</time>
			</trkpt>
			<trkpt lat="40.924493" lon="-105.757021">
				<ele>2723.894256</ele>
				<time>2021-11-28T03:21:14Z</time>
			</trkpt>
			<trkpt lat="40.924448" lon="-105.757208">
				<ele>2723.697935</ele>
				<time>2021-11-28T03:21:18Z</time>
			</trkpt>
			<trkpt lat="40.92451" lon="-105.757863">
				<ele>2720.790258</ele>
				<time>2021-11-28T03:21:33Z</time>
			</trkpt>
			<trkpt lat="40.924492" lon="-105.758078">
				<ele>2719.837436</ele>
				<time>2021-11-28T03:21:37Z</time>
			</trkpt>
			<trkpt lat="40.924445" lon="-105.758368">
				<ele>2718.530997</ele>
				<time>2021-11-28T03:21:44Z</time>
			</trkpt>
			<trkpt lat="40.924276" lon="-105.758827">
				<ele>2716.281929</ele>
				<time>2021-11-28T03:21:54Z</time>
			</trkpt>
			<trkpt lat="40.924021" lon="-105.759337">
				<ele>2713.588156</ele>
				<time>2021-11-28T03:22:06Z</time>
			</trkpt>
			<trkpt lat="40.923623" lon="-105.759986">
				<ele>2711.007117</ele>
				<time>2021-11-28T03:22:23Z</time>
			</trkpt>
			<trkpt lat="40.923094" lon="-105.761055">
				<ele>2707.06179</ele>
				<time>2021-11-28T03:22:52Z</time>
			</trkpt>
			<trkpt lat="40.922927" lon="-105.761579">
				<ele>2706.956775</ele>
				<time>2021-11-28T03:23:10Z</time>
			</trkpt>
			<trkpt lat="40.922808" lon="-105.761744">
				<ele>2707.500751</ele>
				<time>2021-11-28T03:23:19Z</time>
			</trkpt>
			<trkpt lat="40.922458" lon="-105.762078">
				<ele>2708.862659</ele>
				<time>2021-11-28T03:23:43Z</time>
			</trkpt>
			<trkpt lat="40.922254" lon="-105.762331">
				<ele>2709.745055</ele>
				<time>2021-11-28T03:24:00Z</time>
			</trkpt>
			<trkpt lat="40.922025" lon="-105.762781">
				<ele>2711.038938</ele>
				<time>2021-11-28T03:24:25Z</time>
			</trkpt>
			<trkpt lat="40.921843" lon="-105.763382">
				<ele>2712.254849</ele>
				<time>2021-11-28T03:24:54Z</time>
			</trkpt>
			<trkpt lat="40.921673" lon="-105.763775">
				<ele>2712.804804</ele>
				<time>2021-11-28T03:25:13Z</time>
			</trkpt>
			<trkpt lat="40.921487" lon="-105.764009">
				<ele>2713.217273</ele>
				<time>2021-11-28T03:25:25Z</time>
			</trkpt>
			<trkpt lat="40.921262" lon="-105.764173">
				<ele>2713.630125</ele>
				<time>2021-11-28T03:25:37Z</time>
			</trkpt>
			<trkpt lat="40.921127" lon="-105.764316">
				<ele>2713.908047</ele>
				<time>2021-11-28T03:25:44Z</time>
			</trkpt>
			<trkpt lat="40.921031" lon="-105.764494">
				<ele>2714.173638</ele>
				<time>2021-11-28T03:25:51Z</time>
			</trkpt>
			<trkpt lat="40.920987" lon="-105.764629">
				<ele>2714.352192</ele>
				<time>2021-11-28T03:25:55Z</time>
			</trkpt>
			<trkpt lat="40.920939" lon="-105.764906">
				<ele>2714.697332</ele>
				<time>2021-11-28T03:26:02Z</time>
			</trkpt>
			<trkpt lat="40.920891" lon="-105.76595">
				<ele>2712.501102</ele>
				<time>2021-11-28T03:26:28Z</time>
			</trkpt>
			<trkpt lat="40.920934" lon="-105.766312">
				<ele>2711.618983</ele>
				<time>2021-11-28T03:26:36Z</time>
			</trkpt>
			<trkpt lat="40.921031" lon="-105.766612">
				<ele>2710.833476</ele>
				<time>2021-11-28T03:26:44Z</time>
			</trkpt>
			<trkpt lat="40.921355" lon="-105.76738">
				<ele>2708.481514</ele>
				<time>2021-11-28T03:27:03Z</time>
			</trkpt>
			<trkpt lat="40.921631" lon="-105.767837">
				<ele>2706.152859</ele>
				<time>2021-11-28T03:27:16Z</time>
			</trkpt>
			<trkpt lat="40.922006" lon="-105.768388">
				<ele>2703.201222</ele>
				<time>2021-11-28T03:27:32Z</time>
			</trkpt>
			<trkpt lat="40.922109" lon="-105.768601">
				<ele>2702.194661</ele>
				<time>2021-11-28T03:27:37Z</time>
			</trkpt>
			<trkpt lat="40.922232" lon="-105.768952">
				<ele>2700.65464</ele>
				<time>2021-11-28T03:27:46Z</time>
			</trkpt>
			<trkpt lat="40.922356" lon="-105.769454">
				<ele>2698.138636</ele>
				<time>2021-11-28T03:27:57Z</time>
			</trkpt>
			<trkpt lat="40.922457" lon="-105.770375">
				<ele>2692.971372</ele>
				<time>2021-11-28T03:28:16Z</time>
			</trkpt>
			<trkpt lat="40.92262" lon="-105.771107">
				<ele>2688.734262</ele>
				<time>2021-11-28T03:28:32Z</time>
			</trkpt>
			<trkpt lat="40.922835" lon="-105.772327">
				<ele>2680.455117</ele>
				<time>2021-11-28T03:28:56Z</time>
			</trkpt>
			<trkpt lat="40.923405" lon="-105.774384">
				<ele>2664.728482</ele>
				<time>2021-11-28T03:29:39Z</time>
			</trkpt>
			<trkpt lat="40.923582" lon="-105.774862">
				<ele>2660.869138</ele>
				<time>2021-11-28T03:29:49Z</time>
			</trkpt>
			<trkpt lat="40.923792" lon="-105.775288">
				<ele>2657.181404</ele>
				<time>2021-11-28T03:29:59Z</time>
			</trkpt>
			<trkpt lat="40.925046" lon="-105.776933">
				<ele>2641.163463</ele>
				<time>2021-11-28T03:30:46Z</time>
			</trkpt>
			<trkpt lat="40.925753" lon="-105.77753">
				<ele>2634.019803</ele>
				<time>2021-11-28T03:31:08Z</time>
			</trkpt>
			<trkpt lat="40.926379" lon="-105.778118">
				<ele>2627.99548</ele>
				<time>2021-11-28T03:31:28Z</time>
			</trkpt>
			<trkpt lat="40.926595" lon="-105.778288">
				<ele>2626.023246</ele>
				<time>2021-11-28T03:31:35Z</time>
			</trkpt>
			<trkpt lat="40.927053" lon="-105.778573">
				<ele>2622.052725</ele>
				<time>2021-11-28T03:31:49Z</time>
			</trkpt>
			<trkpt lat="40.928705" lon="-105.779419">
				<ele>2608.842767</ele>
				<time>2021-11-28T03:32:36Z</time>
			</trkpt>
			<trkpt lat="40.929067" lon="-105.779648">
				<ele>2605.978282</ele>
				<time>2021-11-28T03:32:47Z</time>
			</trkpt>
			<trkpt lat="40.929366" lon="-105.779987">
				<ele>2603.175451</ele>
				<time>2021-11-28T03:32:58Z</time>
			</trkpt>
			<trkpt lat="40.92986" lon="-105.780461">
				<ele>2598.831666</ele>
				<time>2021-11-28T03:33:15Z</time>
			</trkpt>
			<trkpt lat="40.92994" lon="-105.780664">
				<ele>2597.600185</ele>
				<time>2021-11-28T03:33:19Z</time>
			</trkpt>
			<trkpt lat="40.930037" lon="-105.781105">
				<ele>2595.322685</ele>
				<time>2021-11-28T03:33:29Z</time>
			</trkpt>
			<trkpt lat="40.930087" lon="-105.78142">
				<ele>2594.049393</ele>
				<time>2021-11-28T03:33:36Z</time>
			</trkpt>
			<trkpt lat="40.930075" lon="-105.781658">
				<ele>2593.105811</ele>
				<time>2021-11-28T03:33:41Z</time>
			</trkpt>
			<trkpt lat="40.930011" lon="-105.781873">
				<ele>2592.191671</ele>
				<time>2021-11-28T03:33:46Z</time>
			</trkpt>
			<trkpt lat="40.929893" lon="-105.782647">
				<ele>2589.068136</ele>
				<time>2021-11-28T03:34:03Z</time>
			</trkpt>
			<trkpt lat="40.929856" lon="-105.783648">
				<ele>2585.816047</ele>
				<time>2021-11-28T03:34:25Z</time>
			</trkpt>
			<trkpt lat="40.9298" lon="-105.783906">
				<ele>2585.319615</ele>
				<time>2021-11-28T03:34:31Z</time>
			</trkpt>
			<trkpt lat="40.929675" lon="-105.784154">
				<ele>2584.768279</ele>
				<time>2021-11-28T03:34:38Z</time>
			</trkpt>
			<trkpt lat="40.929502" lon="-105.784404">
				<ele>2584.141315</ele>
				<time>2021-11-28T03:34:46Z</time>
			</trkpt>
			<trkpt lat="40.928778" lon="-105.785312">
				<ele>2582.206923</ele>
				<time>2021-11-28T03:35:20Z</time>
			</trkpt>
			<trkpt lat="40.928554" lon="-105.785673">
				<ele>2582.635527</ele>
				<time>2021-11-28T03:35:33Z</time>
			</trkpt>
			<trkpt lat="40.92827" lon="-105.786394">
				<ele>2583.381554</ele>
				<time>2021-11-28T03:35:59Z</time>
			</trkpt>
			<trkpt lat="40.928179" lon="-105.786677">
				<ele>2583.663746</ele>
				<time>2021-11-28T03:36:10Z</time>
			</trkpt>
			<trkpt lat="40.928045" lon="-105.787254">
				<ele>2584.217593</ele>
				<time>2021-11-28T03:36:34Z</time>
			</trkpt>
			<trkpt lat="40.927895" lon="-105.787632">
				<ele>2585.098676</ele>
				<time>2021-11-28T03:36:51Z</time>
			</trkpt>
			<trkpt lat="40.92528" lon="-105.791144">
				<ele>2595.776239</ele>
				<time>2021-11-28T03:40:00Z</time>
			</trkpt>
			<trkpt lat="40.924608" lon="-105.792103">
				<ele>2599.545283</ele>
				<time>2021-11-28T03:40:56Z</time>
			</trkpt>
			<trkpt lat="40.924406" lon="-105.792413">
				<ele>2600.724924</ele>
				<time>2021-11-28T03:41:14Z</time>
			</trkpt>
			<trkpt lat="40.924002" lon="-105.793131">
				<ele>2603.580495</ele>
				<time>2021-11-28T03:41:56Z</time>
			</trkpt>
			<trkpt lat="40.923688" lon="-105.793574">
				<ele>2605.534532</ele>
				<time>2021-11-28T03:42:23Z</time>
			</trkpt>
			<trkpt lat="40.923417" lon="-105.793894">
				<ele>2607.080829</ele>
				<time>2021-11-28T03:42:44Z</time>
			</trkpt>
			<trkpt lat="40.923285" lon="-105.794005">
				<ele>2607.746684</ele>
				<time>2021-11-28T03:42:53Z</time>
			</trkpt>
			<trkpt lat="40.92304" lon="-105.794096">
				<ele>2608.73908</ele>
				<time>2021-11-28T03:43:07Z</time>
			</trkpt>
			<trkpt lat="40.922878" lon="-105.794083">
				<ele>2609.166045</ele>
				<time>2021-11-28T03:43:16Z</time>
			</trkpt>
			<trkpt lat="40.922501" lon="-105.794066">
				<ele>2610.158416</ele>
				<time>2021-11-28T03:43:35Z</time>
			</trkpt>
			<trkpt lat="40.922228" lon="-105.794167">
				<ele>2610.904145</ele>
				<time>2021-11-28T03:43:49Z</time>
			</trkpt>
			<trkpt lat="40.921986" lon="-105.794358">
				<ele>2611.645403</ele>
				<time>2021-11-28T03:44:03Z</time>
			</trkpt>
			<trkpt lat="40.9218" lon="-105.794638">
				<ele>2612.386499</ele>
				<time>2021-11-28T03:44:16Z</time>
			</trkpt>
			<trkpt lat="40.921708" lon="-105.794878">
				<ele>2612.921455</ele>
				<time>2021-11-28T03:44:26Z</time>
			</trkpt>
			<trkpt lat="40.921601" lon="-105.795276">
				<ele>2613.741613</ele>
				<time>2021-11-28T03:44:41Z</time>
			</trkpt>
			<trkpt lat="40.921338" lon="-105.796584">
				<ele>2616.311772</ele>
				<time>2021-11-28T03:45:32Z</time>
			</trkpt>
			<trkpt lat="40.920926" lon="-105.798372">
				<ele>2620.089095</ele>
				<time>2021-11-28T03:46:43Z</time>
			</trkpt>
			<trkpt lat="40.920465" lon="-105.799622">
				<ele>2623.052897</ele>
				<time>2021-11-28T03:47:37Z</time>
			</trkpt>
			<trkpt lat="40.920413" lon="-105.799714">
				<ele>2623.334024</ele>
				<time>2021-11-28T03:47:41Z</time>
			</trkpt>
			<trkpt lat="40.920076" lon="-105.80045">
				<ele>2625.439795</ele>
				<time>2021-11-28T03:48:17Z</time>
			</trkpt>
			<trkpt lat="40.919814" lon="-105.801237">
				<ele>2627.544139</ele>
				<time>2021-11-28T03:48:52Z</time>
			</trkpt>
			<trkpt lat="40.919577" lon="-105.801706">
				<ele>2628.871087</ele>
				<time>2021-11-28T03:49:15Z</time>
			</trkpt>
			<trkpt lat="40.919347" lon="-105.802025">
				<ele>2629.694104</ele>
				<time>2021-11-28T03:49:32Z</time>
			</trkpt>
			<trkpt lat="40.918471" lon="-105.803039">
				<ele>2632.569017</ele>
				<time>2021-11-28T03:50:29Z</time>
			</trkpt>
			<trkpt lat="40.917836" lon="-105.803686">
				<ele>2634.672376</ele>
				<time>2021-11-28T03:51:06Z</time>
			</trkpt>
			<trkpt lat="40.917666" lon="-105.803943">
				<ele>2635.365989</ele>
				<time>2021-11-28T03:51:18Z</time>
			</trkpt>
			<trkpt lat="40.916883" lon="-105.805356">
				<ele>2639.520523</ele>
				<time>2021-11-28T03:52:28Z</time>
			</trkpt>
			<trkpt lat="40.916007" lon="-105.80687">
				<ele>2645.825879</ele>
				<time>2021-11-28T03:53:56Z</time>
			</trkpt>
			<trkpt lat="40.915689" lon="-105.807316">
				<ele>2647.600979</ele>
				<time>2021-11-28T03:54:25Z</time>
			</trkpt>
			<trkpt lat="40.915263" lon="-105.807771">
				<ele>2649.695165</ele>
				<time>2021-11-28T03:54:57Z</time>
			</trkpt>
			<trkpt lat="40.914166" lon="-105.808738">
				<ele>2653.770141</ele>
				<time>2021-11-28T03:56:05Z</time>
			</trkpt>
			<trkpt lat="40.913978" lon="-105.808862">
				<ele>2654.187182</ele>
				<time>2021-11-28T03:56:14Z</time>
			</trkpt>
			<trkpt lat="40.913714" lon="-105.808936">
				<ele>2654.722944</ele>
				<time>2021-11-28T03:56:26Z</time>
			</trkpt>
			<trkpt lat="40.913348" lon="-105.808957">
				<ele>2655.450265</ele>
				<time>2021-11-28T03:56:43Z</time>
			</trkpt>
			<trkpt lat="40.912987" lon="-105.808977">
				<ele>2656.167604</ele>
				<time>2021-11-28T03:56:59Z</time>
			</trkpt>
			<trkpt lat="40.9127" lon="-105.809067">
				<ele>2656.825038</ele>
				<time>2021-11-28T03:57:12Z</time>
			</trkpt>
			<trkpt lat="40.91254" lon="-105.809242">
				<ele>2657.302134</ele>
				<time>2021-11-28T03:57:21Z</time>
			</trkpt>
			<trkpt lat="40.911887" lon="-105.810395">
				<ele>2659.804754</ele>
				<time>2021-11-28T03:58:13Z</time>
			</trkpt>
			<trkpt lat="40.911683" lon="-105.810711">
				<ele>2660.602037</ele>
				<time>2021-11-28T03:58:30Z</time>
			</trkpt>
			<trkpt lat="40.911463" lon="-105.810985">
				<ele>2661.846095</ele>
				<time>2021-11-28T03:58:47Z</time>
			</trkpt>
			<trkpt lat="40.911046" lon="-105.811376">
				<ele>2663.950594</ele>
				<time>2021-11-28T03:59:17Z</time>
			</trkpt>
			<trkpt lat="40.91084" lon="-105.811607">
				<ele>2665.062476</ele>
				<time>2021-11-28T03:59:33Z</time>
			</trkpt>
			<trkpt lat="40.90996" lon="-105.813117">
				<ele>2669.959789</ele>
				<time>2021-11-28T04:00:58Z</time>
			</trkpt>
			<trkpt lat="40.909806" lon="-105.813318">
				<ele>2670.558196</ele>
				<time>2021-11-28T04:01:09Z</time>
			</trkpt>
			<trkpt lat="40.909681" lon="-105.813422">
				<ele>2670.966675</ele>
				<time>2021-11-28T04:01:17Z</time>
			</trkpt>
			<trkpt lat="40.909586" lon="-105.813457">
				<ele>2671.239481</ele>
				<time>2021-11-28T04:01:22Z</time>
			</trkpt>
			<trkpt lat="40.90943" lon="-105.81344">
				<ele>2671.672501</ele>
				<time>2021-11-28T04:01:29Z</time>
			</trkpt>
			<trkpt lat="40.908704" lon="-105.813057">
				<ele>2672.658041</ele>
				<time>2021-11-28T04:02:01Z</time>
			</trkpt>
			<trkpt lat="40.908005" lon="-105.812797">
				<ele>2672.352265</ele>
				<time>2021-11-28T04:02:26Z</time>
			</trkpt>
			<trkpt lat="40.907826" lon="-105.812765">
				<ele>2672.276198</ele>
				<time>2021-11-28T04:02:32Z</time>
			</trkpt>
			<trkpt lat="40.907653" lon="-105.812785">
				<ele>2672.203066</ele>
				<time>2021-11-28T04:02:38Z</time>
			</trkpt>
			<trkpt lat="40.90733" lon="-105.812942">
				<ele>2672.058155</ele>
				<time>2021-11-28T04:02:50Z</time>
			</trkpt>
			<trkpt lat="40.907091" lon="-105.813132">
				<ele>2672.211225</ele>
				<time>2021-11-28T04:03:00Z</time>
			</trkpt>
			<trkpt lat="40.906627" lon="-105.813636">
				<ele>2672.551494</ele>
				<time>2021-11-28T04:03:21Z</time>
			</trkpt>
			<trkpt lat="40.90621" lon="-105.814192">
				<ele>2672.887048</ele>
				<time>2021-11-28T04:03:46Z</time>
			</trkpt>
			<trkpt lat="40.905986" lon="-105.814592">
				<ele>2673.20198</ele>
				<time>2021-11-28T04:04:04Z</time>
			</trkpt>
			<trkpt lat="40.905616" lon="-105.815254">
				<ele>2675.001293</ele>
				<time>2021-11-28T04:04:37Z</time>
			</trkpt>
			<trkpt lat="40.905311" lon="-105.815696">
				<ele>2676.309259</ele>
				<time>2021-11-28T04:05:02Z</time>
			</trkpt>
			<trkpt lat="40.905103" lon="-105.815926">
				<ele>2677.09307</ele>
				<time>2021-11-28T04:05:16Z</time>
			</trkpt>
			<trkpt lat="40.904872" lon="-105.816065">
				<ele>2677.826834</ele>
				<time>2021-11-28T04:05:30Z</time>
			</trkpt>
			<trkpt lat="40.904621" lon="-105.816127">
				<ele>2678.428947</ele>
				<time>2021-11-28T04:05:43Z</time>
			</trkpt>
			<trkpt lat="40.90438" lon="-105.816175">
				<ele>2678.801394</ele>
				<time>2021-11-28T04:05:54Z</time>
			</trkpt>
			<trkpt lat="40.903361" lon="-105.816263">
				<ele>2680.36195</ele>
				<time>2021-11-28T04:06:40Z</time>
			</trkpt>
			<trkpt lat="40.903106" lon="-105.816358">
				<ele>2680.766797</ele>
				<time>2021-11-28T04:06:50Z</time>
			</trkpt>
			<trkpt lat="40.902716" lon="-105.816632">
				<ele>2681.411614</ele>
				<time>2021-11-28T04:07:08Z</time>
			</trkpt>
			<trkpt lat="40.902041" lon="-105.81727">
				<ele>2682.588059</ele>
				<time>2021-11-28T04:07:43Z</time>
			</trkpt>
			<trkpt lat="40.901787" lon="-105.817358">
				<ele>2682.960418</ele>
				<time>2021-11-28T04:07:54Z</time>
			</trkpt>
			<trkpt lat="40.901328" lon="-105.817364">
				<ele>2683.649497</ele>
				<time>2021-11-28T04:08:17Z</time>
			</trkpt>
			<trkpt lat="40.901148" lon="-105.817442">
				<ele>2684.20538</ele>
				<time>2021-11-28T04:08:26Z</time>
			</trkpt>
			<trkpt lat="40.900943" lon="-105.817663">
				<ele>2684.981461</ele>
				<time>2021-11-28T04:08:40Z</time>
			</trkpt>
			<trkpt lat="40.900088" lon="-105.819077">
				<ele>2689.002087</ele>
				<time>2021-11-28T04:09:52Z</time>
			</trkpt>
			<trkpt lat="40.899737" lon="-105.819762">
				<ele>2690.88613</ele>
				<time>2021-11-28T04:10:25Z</time>
			</trkpt>
			<trkpt lat="40.899637" lon="-105.820041">
				<ele>2691.589099</ele>
				<time>2021-11-28T04:10:37Z</time>
			</trkpt>
			<trkpt lat="40.899573" lon="-105.820362">
				<ele>2692.344887</ele>
				<time>2021-11-28T04:10:51Z</time>
			</trkpt>
			<trkpt lat="40.899536" lon="-105.821064">
				<ele>2693.946951</ele>
				<time>2021-11-28T04:11:18Z</time>
			</trkpt>
			<trkpt lat="40.899429" lon="-105.822267">
				<ele>2696.45105</ele>
				<time>2021-11-28T04:12:04Z</time>
			</trkpt>
			<trkpt lat="40.899253" lon="-105.823353">
				<ele>2698.71609</ele>
				<time>2021-11-28T04:12:46Z</time>
			</trkpt>
			<trkpt lat="40.89919" lon="-105.824176">
				<ele>2700.781421</ele>
				<time>2021-11-28T04:13:18Z</time>
			</trkpt>
			<trkpt lat="40.899119" lon="-105.825729">
				<ele>2704.893406</ele>
				<time>2021-11-28T04:14:22Z</time>
			</trkpt>
			<trkpt lat="40.899126" lon="-105.826379">
				<ele>2707.585198</ele>
				<time>2021-11-28T04:14:52Z</time>
			</trkpt>
			<trkpt lat="40.899058" lon="-105.826853">
				<ele>2709.896946</ele>
				<time>2021-11-28T04:15:16Z</time>
			</trkpt>
			<trkpt lat="40.898834" lon="-105.827956">
				<ele>2715.369489</ele>
				<time>2021-11-28T04:16:18Z</time>
			</trkpt>
			<trkpt lat="40.898732" lon="-105.828288">
				<ele>2717.067228</ele>
				<time>2021-11-28T04:16:39Z</time>
			</trkpt>
			<trkpt lat="40.898498" lon="-105.828724">
				<ele>2719.445466</ele>
				<time>2021-11-28T04:17:11Z</time>
			</trkpt>
			<trkpt lat="40.897875" lon="-105.829769">
				<ele>2725.364859</ele>
				<time>2021-11-28T04:18:20Z</time>
			</trkpt>
			<trkpt lat="40.897814" lon="-105.829888">
				<ele>2726.004352</ele>
				<time>2021-11-28T04:18:27Z</time>
			</trkpt>
			<trkpt lat="40.897391" lon="-105.830726">
				<ele>2726.790543</ele>
				<time>2021-11-28T04:19:04Z</time>
			</trkpt>
			<trkpt lat="40.89682" lon="-105.83178">
				<ele>2725.653782</ele>
				<time>2021-11-28T04:19:36Z</time>
			</trkpt>
			<trkpt lat="40.896203" lon="-105.833209">
				<ele>2719.4067</ele>
				<time>2021-11-28T04:20:12Z</time>
			</trkpt>
			<trkpt lat="40.895283" lon="-105.834848">
				<ele>2709.10783</ele>
				<time>2021-11-28T04:20:53Z</time>
			</trkpt>
			<trkpt lat="40.895026" lon="-105.835678">
				<ele>2704.20379</ele>
				<time>2021-11-28T04:21:12Z</time>
			</trkpt>
			<trkpt lat="40.893953" lon="-105.838529">
				<ele>2687.603422</ele>
				<time>2021-11-28T04:22:17Z</time>
			</trkpt>
			<trkpt lat="40.893884" lon="-105.838918">
				<ele>2685.984886</ele>
				<time>2021-11-28T04:22:26Z</time>
			</trkpt>
			<trkpt lat="40.893875" lon="-105.839819">
				<ele>2682.33485</ele>
				<time>2021-11-28T04:22:45Z</time>
			</trkpt>
			<trkpt lat="40.89377" lon="-105.840196">
				<ele>2680.707363</ele>
				<time>2021-11-28T04:22:54Z</time>
			</trkpt>
			<trkpt lat="40.893231" lon="-105.841096">
				<ele>2677.544351</ele>
				<time>2021-11-28T04:23:20Z</time>
			</trkpt>
			<trkpt lat="40.892745" lon="-105.841717">
				<ele>2675.788775</ele>
				<time>2021-11-28T04:23:42Z</time>
			</trkpt>
			<trkpt lat="40.892587" lon="-105.841966">
				<ele>2675.150269</ele>
				<time>2021-11-28T04:23:51Z</time>
			</trkpt>
			<trkpt lat="40.891972" lon="-105.843193">
				<ele>2671.359604</ele>
				<time>2021-11-28T04:24:26Z</time>
			</trkpt>
			<trkpt lat="40.891568" lon="-105.843728">
				<ele>2669.210977</ele>
				<time>2021-11-28T04:24:43Z</time>
			</trkpt>
			<trkpt lat="40.89107" lon="-105.844457">
				<ele>2666.007378</ele>
				<time>2021-11-28T04:25:04Z</time>
			</trkpt>
			<trkpt lat="40.890853" lon="-105.844708">
				<ele>2664.515412</ele>
				<time>2021-11-28T04:25:12Z</time>
			</trkpt>
			<trkpt lat="40.890384" lon="-105.845114">
				<ele>2661.614364</ele>
				<time>2021-11-28T04:25:28Z</time>
			</trkpt>
			<trkpt lat="40.890001" lon="-105.845655">
				<ele>2658.714284</ele>
				<time>2021-11-28T04:25:44Z</time>
			</trkpt>
			<trkpt lat="40.889633" lon="-105.846037">
				<ele>2656.354251</ele>
				<time>2021-11-28T04:25:58Z</time>
			</trkpt>
			<trkpt lat="40.889427" lon="-105.846344">
				<ele>2654.799512</ele>
				<time>2021-11-28T04:26:06Z</time>
			</trkpt>
			<trkpt lat="40.889028" lon="-105.8471">
				<ele>2651.307378</ele>
				<time>2021-11-28T04:26:27Z</time>
			</trkpt>
			<trkpt lat="40.888851" lon="-105.847356">
				<ele>2649.9934</ele>
				<time>2021-11-28T04:26:34Z</time>
			</trkpt>
			<trkpt lat="40.887934" lon="-105.848301">
				<ele>2644.016718</ele>
				<time>2021-11-28T04:27:08Z</time>
			</trkpt>
			<trkpt lat="40.887312" lon="-105.849182">
				<ele>2639.257945</ele>
				<time>2021-11-28T04:27:34Z</time>
			</trkpt>
			<trkpt lat="40.886902" lon="-105.849675">
				<ele>2636.136281</ele>
				<time>2021-11-28T04:27:49Z</time>
			</trkpt>
			<trkpt lat="40.886553" lon="-105.850187">
				<ele>2633.200012</ele>
				<time>2021-11-28T04:28:04Z</time>
			</trkpt>
			<trkpt lat="40.886348" lon="-105.850542">
				<ele>2631.297336</ele>
				<time>2021-11-28T04:28:14Z</time>
			</trkpt>
			<trkpt lat="40.885679" lon="-105.851835">
				<ele>2624.62783</ele>
				<time>2021-11-28T04:28:47Z</time>
			</trkpt>
			<trkpt lat="40.885586" lon="-105.852104">
				<ele>2623.368939</ele>
				<time>2021-11-28T04:28:53Z</time>
			</trkpt>
			<trkpt lat="40.885349" lon="-105.853003">
				<ele>2619.408308</ele>
				<time>2021-11-28T04:29:14Z</time>
			</trkpt>
			<trkpt lat="40.885036" lon="-105.853902">
				<ele>2616.365796</ele>
				<time>2021-11-28T04:29:35Z</time>
			</trkpt>
			<trkpt lat="40.883486" lon="-105.857494">
				<ele>2605.889679</ele>
				<time>2021-11-28T04:31:11Z</time>
			</trkpt>
			<trkpt lat="40.88296" lon="-105.858687">
				<ele>2603.851208</ele>
				<time>2021-11-28T04:31:46Z</time>
			</trkpt>
			<trkpt lat="40.882607" lon="-105.85937">
				<ele>2602.746087</ele>
				<time>2021-11-28T04:32:07Z</time>
			</trkpt>
			<trkpt lat="40.882431" lon="-105.859651">
				<ele>2602.361894</ele>
				<time>2021-11-28T04:32:16Z</time>
			</trkpt>
			<trkpt lat="40.882306" lon="-105.859751">
				<ele>2602.158455</ele>
				<time>2021-11-28T04:32:21Z</time>
			</trkpt>
			<trkpt lat="40.882132" lon="-105.85979">
				<ele>2601.912689</ele>
				<time>2021-11-28T04:32:27Z</time>
			</trkpt>
			<trkpt lat="40.880839" lon="-105.859718">
				<ele>2600.060161</ele>
				<time>2021-11-28T04:33:11Z</time>
			</trkpt>
			<trkpt lat="40.880669" lon="-105.859731">
				<ele>2599.794594</ele>
				<time>2021-11-28T04:33:16Z</time>
			</trkpt>
			<trkpt lat="40.880509" lon="-105.859798">
				<ele>2599.532857</ele>
				<time>2021-11-28T04:33:22Z</time>
			</trkpt>
			<trkpt lat="40.880379" lon="-105.859939">
				<ele>2599.270661</ele>
				<time>2021-11-28T04:33:27Z</time>
			</trkpt>
			<trkpt lat="40.88033" lon="-105.860039">
				<ele>2599.130149</ele>
				<time>2021-11-28T04:33:30Z</time>
			</trkpt>
			<trkpt lat="40.88011" lon="-105.860812">
				<ele>2598.156229</ele>
				<time>2021-11-28T04:33:51Z</time>
			</trkpt>
			<trkpt lat="40.880004" lon="-105.861074">
				<ele>2597.805842</ele>
				<time>2021-11-28T04:33:59Z</time>
			</trkpt>
			<trkpt lat="40.879856" lon="-105.861358">
				<ele>2597.371509</ele>
				<time>2021-11-28T04:34:08Z</time>
			</trkpt>
			<trkpt lat="40.879668" lon="-105.861634">
				<ele>2596.896348</ele>
				<time>2021-11-28T04:34:17Z</time>
			</trkpt>
			<trkpt lat="40.878878" lon="-105.862645">
				<ele>2595.036679</ele>
				<time>2021-11-28T04:34:53Z</time>
			</trkpt>
			<trkpt lat="40.878126" lon="-105.863421">
				<ele>2593.332569</ele>
				<time>2021-11-28T04:35:24Z</time>
			</trkpt>
			<trkpt lat="40.877934" lon="-105.863701">
				<ele>2592.814304</ele>
				<time>2021-11-28T04:35:34Z</time>
			</trkpt>
			<trkpt lat="40.877583" lon="-105.864351">
				<ele>2591.719149</ele>
				<time>2021-11-28T04:35:54Z</time>
			</trkpt>
			<trkpt lat="40.877354" lon="-105.864878">
				<ele>2591.013525</ele>
				<time>2021-11-28T04:36:09Z</time>
			</trkpt>
			<trkpt lat="40.877005" lon="-105.865922">
				<ele>2589.822295</ele>
				<time>2021-11-28T04:36:38Z</time>
			</trkpt>
			<trkpt lat="40.876938" lon="-105.866284">
				<ele>2589.433365</ele>
				<time>2021-11-28T04:36:48Z</time>
			</trkpt>
			<trkpt lat="40.876877" lon="-105.866839">
				<ele>2588.827773</ele>
				<time>2021-11-28T04:37:02Z</time>
			</trkpt>
			<trkpt lat="40.876797" lon="-105.867199">
				<ele>2588.347878</ele>
				<time>2021-11-28T04:37:11Z</time>
			</trkpt>
			<trkpt lat="40.876453" lon="-105.868014">
				<ele>2587.154123</ele>
				<time>2021-11-28T04:37:36Z</time>
			</trkpt>
			<trkpt lat="40.876069" lon="-105.869004">
				<ele>2585.281619</ele>
				<time>2021-11-28T04:38:03Z</time>
			</trkpt>
			<trkpt lat="40.875869" lon="-105.86939">
				<ele>2583.050416</ele>
				<time>2021-11-28T04:38:14Z</time>
			</trkpt>
			<trkpt lat="40.875708" lon="-105.869619">
				<ele>2581.559405</ele>
				<time>2021-11-28T04:38:21Z</time>
			</trkpt>
			<trkpt lat="40.875626" lon="-105.86979">
				<ele>2580.593887</ele>
				<time>2021-11-28T04:38:25Z</time>
			</trkpt>
			<trkpt lat="40.875603" lon="-105.869979">
				<ele>2579.681089</ele>
				<time>2021-11-28T04:38:29Z</time>
			</trkpt>
			<trkpt lat="40.875649" lon="-105.870278">
				<ele>2578.226168</ele>
				<time>2021-11-28T04:38:35Z</time>
			</trkpt>
			<trkpt lat="40.876015" lon="-105.871312">
				<ele>2572.105513</ele>
				<time>2021-11-28T04:38:58Z</time>
			</trkpt>
			<trkpt lat="40.876096" lon="-105.871642">
				<ele>2569.818961</ele>
				<time>2021-11-28T04:39:05Z</time>
			</trkpt>
			<trkpt lat="40.876146" lon="-105.871983">
				<ele>2567.529773</ele>
				<time>2021-11-28T04:39:11Z</time>
			</trkpt>
			<trkpt lat="40.876164" lon="-105.872315">
				<ele>2565.336147</ele>
				<time>2021-11-28T04:39:18Z</time>
			</trkpt>
			<trkpt lat="40.876129" lon="-105.872874">
				<ele>2561.639512</ele>
				<time>2021-11-28T04:39:29Z</time>
			</trkpt>
			<trkpt lat="40.876061" lon="-105.873158">
				<ele>2559.676241</ele>
				<time>2021-11-28T04:39:35Z</time>
			</trkpt>
			<trkpt lat="40.875909" lon="-105.873609">
				<ele>2557.796115</ele>
				<time>2021-11-28T04:39:45Z</time>
			</trkpt>
			<trkpt lat="40.875608" lon="-105.874362">
				<ele>2555.325353</ele>
				<time>2021-11-28T04:40:04Z</time>
			</trkpt>
			<trkpt lat="40.875348" lon="-105.874735">
				<ele>2553.853731</ele>
				<time>2021-11-28T04:40:16Z</time>
			</trkpt>
			<trkpt lat="40.873384" lon="-105.876719">
				<ele>2548.590276</ele>
				<time>2021-11-28T04:41:39Z</time>
			</trkpt>
			<trkpt lat="40.872972" lon="-105.877101">
				<ele>2547.400552</ele>
				<time>2021-11-28T04:41:55Z</time>
			</trkpt>
			<trkpt lat="40.872211" lon="-105.877822">
				<ele>2545.187086</ele>
				<time>2021-11-28T04:42:25Z</time>
			</trkpt>
			<trkpt lat="40.871949" lon="-105.878118">
				<ele>2544.265503</ele>
				<time>2021-11-28T04:42:35Z</time>
			</trkpt>
			<trkpt lat="40.871696" lon="-105.878418">
				<ele>2543.246755</ele>
				<time>2021-11-28T04:42:46Z</time>
			</trkpt>
			<trkpt lat="40.871585" lon="-105.878592">
				<ele>2542.730675</ele>
				<time>2021-11-28T04:42:51Z</time>
			</trkpt>
			<trkpt lat="40.871529" lon="-105.878729">
				<ele>2542.377621</ele>
				<time>2021-11-28T04:42:55Z</time>
			</trkpt>
			<trkpt lat="40.87149" lon="-105.879039">
				<ele>2541.665187</ele>
				<time>2021-11-28T04:43:02Z</time>
			</trkpt>
			<trkpt lat="40.871628" lon="-105.899494">
				<ele>2495.913069</ele>
				<time>2021-11-28T04:51:04Z</time>
			</trkpt>
			<trkpt lat="40.87167" lon="-105.907876">
				<ele>2470.031382</ele>
				<time>2021-11-28T04:54:10Z</time>
			</trkpt>
			<trkpt lat="40.868449" lon="-105.904395">
				<ele>2467.404759</ele>
				<time>2021-11-28T04:56:39Z</time>
			</trkpt>
			<trkpt lat="40.866501" lon="-105.902245">
				<ele>2471.546614</ele>
				<time>2021-11-28T04:58:41Z</time>
			</trkpt>
			<trkpt lat="40.86338" lon="-105.898885">
				<ele>2475.526732</ele>
				<time>2021-11-28T05:01:27Z</time>
			</trkpt>
			<trkpt lat="40.862888" lon="-105.898518">
				<ele>2475.941043</ele>
				<time>2021-11-28T05:01:49Z</time>
			</trkpt>
			<trkpt lat="40.862048" lon="-105.89801">
				<ele>2476.827503</ele>
				<time>2021-11-28T05:02:27Z</time>
			</trkpt>
			<trkpt lat="40.861522" lon="-105.897748">
				<ele>2477.373439</ele>
				<time>2021-11-28T05:02:51Z</time>
			</trkpt>
			<trkpt lat="40.861252" lon="-105.897665">
				<ele>2477.642676</ele>
				<time>2021-11-28T05:03:02Z</time>
			</trkpt>
			<trkpt lat="40.854877" lon="-105.896269">
				<ele>2487.173626</ele>
				<time>2021-11-28T05:07:53Z</time>
			</trkpt>
			<trkpt lat="40.847713" lon="-105.894792">
				<ele>2491.554105</ele>
				<time>2021-11-28T05:12:36Z</time>
			</trkpt>
			<trkpt lat="40.842514" lon="-105.893624">
				<ele>2503.546652</ele>
				<time>2021-11-28T05:16:59Z</time>
			</trkpt>
			<trkpt lat="40.837385" lon="-105.892553">
				<ele>2511.176931</ele>
				<time>2021-11-28T05:20:46Z</time>
			</trkpt>
			<trkpt lat="40.837091" lon="-105.892422">
				<ele>2511.664743</ele>
				<time>2021-11-28T05:21:00Z</time>
			</trkpt>
			<trkpt lat="40.836764" lon="-105.892216">
				<ele>2512.234291</ele>
				<time>2021-11-28T05:21:17Z</time>
			</trkpt>
			<trkpt lat="40.833588" lon="-105.890153">
				<ele>2517.999078</ele>
				<time>2021-11-28T05:24:01Z</time>
			</trkpt>
			<trkpt lat="40.832594" lon="-105.889517">
				<ele>2518.153456</ele>
				<time>2021-11-28T05:24:42Z</time>
			</trkpt>
			<trkpt lat="40.83161" lon="-105.888866">
				<ele>2517.334085</ele>
				<time>2021-11-28T05:25:20Z</time>
			</trkpt>
			<trkpt lat="40.829663" lon="-105.887655">
				<ele>2514.100098</ele>
				<time>2021-11-28T05:26:31Z</time>
			</trkpt>
			<trkpt lat="40.828167" lon="-105.886644">
				<ele>2512.313227</ele>
				<time>2021-11-28T05:27:30Z</time>
			</trkpt>
			<trkpt lat="40.82668" lon="-105.885719">
				<ele>2509.941879</ele>
				<time>2021-11-28T05:28:25Z</time>
			</trkpt>
			<trkpt lat="40.825496" lon="-105.885072">
				<ele>2506.390005</ele>
				<time>2021-11-28T05:29:05Z</time>
			</trkpt>
			<trkpt lat="40.825021" lon="-105.88491">
				<ele>2505.030045</ele>
				<time>2021-11-28T05:29:20Z</time>
			</trkpt>
			<trkpt lat="40.824776" lon="-105.884854">
				<ele>2504.822591</ele>
				<time>2021-11-28T05:29:28Z</time>
			</trkpt>
			<trkpt lat="40.824183" lon="-105.884803">
				<ele>2504.375553</ele>
				<time>2021-11-28T05:29:48Z</time>
			</trkpt>
			<trkpt lat="40.823316" lon="-105.884818">
				<ele>2503.723282</ele>
				<time>2021-11-28T05:30:20Z</time>
			</trkpt>
			<trkpt lat="40.822512" lon="-105.885059">
				<ele>2504.646604</ele>
				<time>2021-11-28T05:30:53Z</time>
			</trkpt>
			<trkpt lat="40.822132" lon="-105.885099">
				<ele>2505.170693</ele>
				<time>2021-11-28T05:31:09Z</time>
			</trkpt>
			<trkpt lat="40.82167" lon="-105.885053">
				<ele>2505.807663</ele>
				<time>2021-11-28T05:31:30Z</time>
			</trkpt>
			<trkpt lat="40.820884" lon="-105.884892">
				<ele>2508.268392</ele>
				<time>2021-11-28T05:32:13Z</time>
			</trkpt>
			<trkpt lat="40.82086" lon="-105.884887">
				<ele>2508.360392</ele>
				<time>2021-11-28T05:32:15Z</time>
			</trkpt>
			<trkpt lat="40.820302" lon="-105.884798">
				<ele>2510.488629</ele>
				<time>2021-11-28T05:32:48Z</time>
			</trkpt>
			<trkpt lat="40.820064" lon="-105.884785">
				<ele>2511.390599</ele>
				<time>2021-11-28T05:33:02Z</time>
			</trkpt>
			<trkpt lat="40.819553" lon="-105.884815">
				<ele>2513.164631</ele>
				<time>2021-11-28T05:33:33Z</time>
			</trkpt>
			<trkpt lat="40.818513" lon="-105.884755">
				<ele>2515.481599</ele>
				<time>2021-11-28T05:34:25Z</time>
			</trkpt>
			<trkpt lat="40.818144" lon="-105.884699">
				<ele>2516.308294</ele>
				<time>2021-11-28T05:34:40Z</time>
			</trkpt>
			<trkpt lat="40.817743" lon="-105.884572">
				<ele>2517.113483</ele>
				<time>2021-11-28T05:34:57Z</time>
			</trkpt>
			<trkpt lat="40.817604" lon="-105.884455">
				<ele>2517.338023</ele>
				<time>2021-11-28T05:35:03Z</time>
			</trkpt>
			<trkpt lat="40.817496" lon="-105.884192">
				<ele>2517.646548</ele>
				<time>2021-11-28T05:35:12Z</time>
			</trkpt>
			<trkpt lat="40.817212" lon="-105.882496">
				<ele>2519.497118</ele>
				<time>2021-11-28T05:36:10Z</time>
			</trkpt>
			<trkpt lat="40.817094" lon="-105.88218">
				<ele>2520.282452</ele>
				<time>2021-11-28T05:36:24Z</time>
			</trkpt>
			<trkpt lat="40.816914" lon="-105.881894">
				<ele>2521.111474</ele>
				<time>2021-11-28T05:36:39Z</time>
			</trkpt>
			<trkpt lat="40.816215" lon="-105.881138">
				<ele>2523.771603</ele>
				<time>2021-11-28T05:37:27Z</time>
			</trkpt>
			<trkpt lat="40.815231" lon="-105.879916">
				<ele>2527.812495</ele>
				<time>2021-11-28T05:38:38Z</time>
			</trkpt>
			<trkpt lat="40.814555" lon="-105.879216">
				<ele>2530.26919</ele>
				<time>2021-11-28T05:39:23Z</time>
			</trkpt>
			<trkpt lat="40.814008" lon="-105.878734">
				<ele>2531.429818</ele>
				<time>2021-11-28T05:39:55Z</time>
			</trkpt>
			<trkpt lat="40.813596" lon="-105.878431">
				<ele>2532.262175</ele>
				<time>2021-11-28T05:40:17Z</time>
			</trkpt>
			<trkpt lat="40.812878" lon="-105.877972">
				<ele>2533.479358</ele>
				<time>2021-11-28T05:40:50Z</time>
			</trkpt>
			<trkpt lat="40.812467" lon="-105.87773">
				<ele>2533.898802</ele>
				<time>2021-11-28T05:41:07Z</time>
			</trkpt>
			<trkpt lat="40.811991" lon="-105.87745">
				<ele>2534.384504</ele>
				<time>2021-11-28T05:41:27Z</time>
			</trkpt>
			<trkpt lat="40.811719" lon="-105.877253">
				<ele>2534.673651</ele>
				<time>2021-11-28T05:41:41Z</time>
			</trkpt>
			<trkpt lat="40.811481" lon="-105.877027">
				<ele>2534.945632</ele>
				<time>2021-11-28T05:41:55Z</time>
			</trkpt>
			<trkpt lat="40.811378" lon="-105.876898">
				<ele>2535.040826</ele>
				<time>2021-11-28T05:42:01Z</time>
			</trkpt>
			<trkpt lat="40.811131" lon="-105.87649">
				<ele>2535.306062</ele>
				<time>2021-11-28T05:42:20Z</time>
			</trkpt>
			<trkpt lat="40.810824" lon="-105.875713">
				<ele>2535.751036</ele>
				<time>2021-11-28T05:42:47Z</time>
			</trkpt>
			<trkpt lat="40.810674" lon="-105.87554">
				<ele>2535.88459</ele>
				<time>2021-11-28T05:42:55Z</time>
			</trkpt>
			<trkpt lat="40.810577" lon="-105.875491">
				<ele>2535.954246</ele>
				<time>2021-11-28T05:42:58Z</time>
			</trkpt>
			<trkpt lat="40.810464" lon="-105.875464">
				<ele>2536.03127</ele>
				<time>2021-11-28T05:43:02Z</time>
			</trkpt>
			<trkpt lat="40.81036" lon="-105.875474">
				<ele>2536.101213</ele>
				<time>2021-11-28T05:43:06Z</time>
			</trkpt>
			<trkpt lat="40.810155" lon="-105.875535">
				<ele>2535.876681</ele>
				<time>2021-11-28T05:43:13Z</time>
			</trkpt>
			<trkpt lat="40.809961" lon="-105.875654">
				<ele>2535.457831</ele>
				<time>2021-11-28T05:43:21Z</time>
			</trkpt>
			<trkpt lat="40.809531" lon="-105.876009">
				<ele>2534.464901</ele>
				<time>2021-11-28T05:43:38Z</time>
			</trkpt>
			<trkpt lat="40.809355" lon="-105.876119">
				<ele>2534.083629</ele>
				<time>2021-11-28T05:43:44Z</time>
			</trkpt>
			<trkpt lat="40.809077" lon="-105.876201">
				<ele>2533.52583</ele>
				<time>2021-11-28T05:43:53Z</time>
			</trkpt>
			<trkpt lat="40.80879" lon="-105.876178">
				<ele>2532.962776</ele>
				<time>2021-11-28T05:44:02Z</time>
			</trkpt>
			<trkpt lat="40.808041" lon="-105.876001">
				<ele>2531.604383</ele>
				<time>2021-11-28T05:44:26Z</time>
			</trkpt>
			<trkpt lat="40.806315" lon="-105.876082">
				<ele>2528.966679</ele>
				<time>2021-11-28T05:45:25Z</time>
			</trkpt>
			<trkpt lat="40.802489" lon="-105.875681">
				<ele>2523.76134</ele>
				<time>2021-11-28T05:47:37Z</time>
			</trkpt>
			<trkpt lat="40.802194" lon="-105.875705">
				<ele>2523.006841</ele>
				<time>2021-11-28T05:47:46Z</time>
			</trkpt>
			<trkpt lat="40.801915" lon="-105.87577">
				<ele>2522.283624</ele>
				<time>2021-11-28T05:47:54Z</time>
			</trkpt>
			<trkpt lat="40.801535" lon="-105.875958">
				<ele>2521.24777</ele>
				<time>2021-11-28T05:48:07Z</time>
			</trkpt>
			<trkpt lat="40.801203" lon="-105.876254">
				<ele>2520.099204</ele>
				<time>2021-11-28T05:48:19Z</time>
			</trkpt>
			<trkpt lat="40.800709" lon="-105.876838">
				<ele>2518.164617</ele>
				<time>2021-11-28T05:48:39Z</time>
			</trkpt>
			<trkpt lat="40.799968" lon="-105.877804">
				<ele>2515.712904</ele>
				<time>2021-11-28T05:49:12Z</time>
			</trkpt>
			<trkpt lat="40.799716" lon="-105.878225">
				<ele>2515.47897</ele>
				<time>2021-11-28T05:49:27Z</time>
			</trkpt>
			<trkpt lat="40.799605" lon="-105.878452">
				<ele>2515.361181</ele>
				<time>2021-11-28T05:49:34Z</time>
			</trkpt>
			<trkpt lat="40.799356" lon="-105.879016">
				<ele>2515.076598</ele>
				<time>2021-11-28T05:49:53Z</time>
			</trkpt>
			<trkpt lat="40.799233" lon="-105.87935">
				<ele>2514.914705</ele>
				<time>2021-11-28T05:50:03Z</time>
			</trkpt>
			<trkpt lat="40.799032" lon="-105.880039">
				<ele>2514.609399</ele>
				<time>2021-11-28T05:50:23Z</time>
			</trkpt>
			<trkpt lat="40.7988" lon="-105.880979">
				<ele>2514.209637</ele>
				<time>2021-11-28T05:50:50Z</time>
			</trkpt>
			<trkpt lat="40.79857" lon="-105.88191">
				<ele>2513.888959</ele>
				<time>2021-11-28T05:51:16Z</time>
			</trkpt>
			<trkpt lat="40.798422" lon="-105.882409">
				<ele>2514.019013</ele>
				<time>2021-11-28T05:51:30Z</time>
			</trkpt>
			<trkpt lat="40.798231" lon="-105.882878">
				<ele>2514.148249</ele>
				<time>2021-11-28T05:51:45Z</time>
			</trkpt>
			<trkpt lat="40.798149" lon="-105.883023">
				<ele>2514.192171</ele>
				<time>2021-11-28T05:51:51Z</time>
			</trkpt>
			<trkpt lat="40.798052" lon="-105.883125">
				<ele>2514.231914</ele>
				<time>2021-11-28T05:51:56Z</time>
			</trkpt>
			<trkpt lat="40.797995" lon="-105.88313">
				<ele>2514.250226</ele>
				<time>2021-11-28T05:51:58Z</time>
			</trkpt>
			<trkpt lat="40.797725" lon="-105.883047">
				<ele>2514.33909</ele>
				<time>2021-11-28T05:52:09Z</time>
			</trkpt>
			<trkpt lat="40.795422" lon="-105.882199">
				<ele>2516.815672</ele>
				<time>2021-11-28T05:53:54Z</time>
			</trkpt>
			<trkpt lat="40.795045" lon="-105.882108">
				<ele>2517.010187</ele>
				<time>2021-11-28T05:54:09Z</time>
			</trkpt>
			<trkpt lat="40.794817" lon="-105.882124">
				<ele>2517.126072</ele>
				<time>2021-11-28T05:54:18Z</time>
			</trkpt>
			<trkpt lat="40.794714" lon="-105.882162">
				<ele>2517.18035</ele>
				<time>2021-11-28T05:54:22Z</time>
			</trkpt>
			<trkpt lat="40.794178" lon="-105.882508">
				<ele>2517.483145</ele>
				<time>2021-11-28T05:54:45Z</time>
			</trkpt>
			<trkpt lat="40.793934" lon="-105.882615">
				<ele>2517.610071</ele>
				<time>2021-11-28T05:54:54Z</time>
			</trkpt>
			<trkpt lat="40.793268" lon="-105.882739">
				<ele>2517.911068</ele>
				<time>2021-11-28T05:55:20Z</time>
			</trkpt>
			<trkpt lat="40.792078" lon="-105.882816">
				<ele>2518.462859</ele>
				<time>2021-11-28T05:56:08Z</time>
			</trkpt>
			<trkpt lat="40.791668" lon="-105.88283">
				<ele>2518.707571</ele>
				<time>2021-11-28T05:56:25Z</time>
			</trkpt>
			<trkpt lat="40.791398" lon="-105.882787">
				<ele>2518.869835</ele>
				<time>2021-11-28T05:56:35Z</time>
			</trkpt>
			<trkpt lat="40.791146" lon="-105.88269">
				<ele>2519.026448</ele>
				<time>2021-11-28T05:56:46Z</time>
			</trkpt>
			<trkpt lat="40.790413" lon="-105.882259">
				<ele>2519.516009</ele>
				<time>2021-11-28T05:57:18Z</time>
			</trkpt>
			<trkpt lat="40.790173" lon="-105.882178">
				<ele>2519.700562</ele>
				<time>2021-11-28T05:57:28Z</time>
			</trkpt>
			<trkpt lat="40.789923" lon="-105.882167">
				<ele>2519.886923</ele>
				<time>2021-11-28T05:57:38Z</time>
			</trkpt>
			<trkpt lat="40.789037" lon="-105.882346">
				<ele>2520.554698</ele>
				<time>2021-11-28T05:58:14Z</time>
			</trkpt>
			<trkpt lat="40.788709" lon="-105.882374">
				<ele>2520.799578</ele>
				<time>2021-11-28T05:58:28Z</time>
			</trkpt>
			<trkpt lat="40.788526" lon="-105.882368">
				<ele>2521.0398</ele>
				<time>2021-11-28T05:58:36Z</time>
			</trkpt>
			<trkpt lat="40.788232" lon="-105.882342">
				<ele>2521.429076</ele>
				<time>2021-11-28T05:58:48Z</time>
			</trkpt>
			<trkpt lat="40.787493" lon="-105.882148">
				<ele>2522.424474</ele>
				<time>2021-11-28T05:59:21Z</time>
			</trkpt>
			<trkpt lat="40.787105" lon="-105.881984">
				<ele>2522.962674</ele>
				<time>2021-11-28T05:59:39Z</time>
			</trkpt>
			<trkpt lat="40.786652" lon="-105.881718">
				<ele>2523.821594</ele>
				<time>2021-11-28T06:00:01Z</time>
			</trkpt>
			<trkpt lat="40.781951" lon="-105.878358">
				<ele>2534.299553</ele>
				<time>2021-11-28T06:04:13Z</time>
			</trkpt>
			<trkpt lat="40.781713" lon="-105.878245">
				<ele>2534.783344</ele>
				<time>2021-11-28T06:04:25Z</time>
			</trkpt>
			<trkpt lat="40.781465" lon="-105.878186">
				<ele>2535.265372</ele>
				<time>2021-11-28T06:04:37Z</time>
			</trkpt>
			<trkpt lat="40.780677" lon="-105.878062">
				<ele>2536.783379</ele>
				<time>2021-11-28T06:05:14Z</time>
			</trkpt>
			<trkpt lat="40.780269" lon="-105.878054">
				<ele>2537.472058</ele>
				<time>2021-11-28T06:05:32Z</time>
			</trkpt>
			<trkpt lat="40.776739" lon="-105.878615">
				<ele>2542.222317</ele>
				<time>2021-11-28T06:08:09Z</time>
			</trkpt>
			<trkpt lat="40.77627" lon="-105.878725">
				<ele>2542.565276</ele>
				<time>2021-11-28T06:08:28Z</time>
			</trkpt>
			<trkpt lat="40.775969" lon="-105.878848">
				<ele>2542.792131</ele>
				<time>2021-11-28T06:08:41Z</time>
			</trkpt>
			<trkpt lat="40.775728" lon="-105.878991">
				<ele>2542.98236</ele>
				<time>2021-11-28T06:08:51Z</time>
			</trkpt>
			<trkpt lat="40.775585" lon="-105.879114">
				<ele>2543.105233</ele>
				<time>2021-11-28T06:08:58Z</time>
			</trkpt>
			<trkpt lat="40.77498" lon="-105.879774">
				<ele>2543.801046</ele>
				<time>2021-11-28T06:09:29Z</time>
			</trkpt>
			<trkpt lat="40.774718" lon="-105.880002">
				<ele>2544.140763</ele>
				<time>2021-11-28T06:09:41Z</time>
			</trkpt>
			<trkpt lat="40.774444" lon="-105.880181">
				<ele>2544.471733</ele>
				<time>2021-11-28T06:09:54Z</time>
			</trkpt>
			<trkpt lat="40.773794" lon="-105.880501">
				<ele>2545.222787</ele>
				<time>2021-11-28T06:10:24Z</time>
			</trkpt>
			<trkpt lat="40.770072" lon="-105.882155">
				<ele>2554.746795</ele>
				<time>2021-11-28T06:13:40Z</time>
			</trkpt>
			<trkpt lat="40.769806" lon="-105.882357">
				<ele>2555.36953</ele>
				<time>2021-11-28T06:13:55Z</time>
			</trkpt>
			<trkpt lat="40.769217" lon="-105.882915">
				<ele>2556.840696</ele>
				<time>2021-11-28T06:14:30Z</time>
			</trkpt>
			<trkpt lat="40.768921" lon="-105.883134">
				<ele>2557.52928</ele>
				<time>2021-11-28T06:14:45Z</time>
			</trkpt>
			<trkpt lat="40.768632" lon="-105.883279">
				<ele>2558.004719</ele>
				<time>2021-11-28T06:14:59Z</time>
			</trkpt>
			<trkpt lat="40.768082" lon="-105.883443">
				<ele>2558.159751</ele>
				<time>2021-11-28T06:15:22Z</time>
			</trkpt>
			<trkpt lat="40.76759" lon="-105.883532">
				<ele>2558.296291</ele>
				<time>2021-11-28T06:15:42Z</time>
			</trkpt>
			<trkpt lat="40.767102" lon="-105.883533">
				<ele>2558.430468</ele>
				<time>2021-11-28T06:15:59Z</time>
			</trkpt>
			<trkpt lat="40.766203" lon="-105.883433">
				<ele>2556.988373</ele>
				<time>2021-11-28T06:16:30Z</time>
			</trkpt>
			<trkpt lat="40.765982" lon="-105.883436">
				<ele>2556.543403</ele>
				<time>2021-11-28T06:16:37Z</time>
			</trkpt>
			<trkpt lat="40.764346" lon="-105.883684">
				<ele>2552.687869</ele>
				<time>2021-11-28T06:17:28Z</time>
			</trkpt>
			<trkpt lat="40.762934" lon="-105.883708">
				<ele>2549.229438</ele>
				<time>2021-11-28T06:18:13Z</time>
			</trkpt>
			<trkpt lat="40.760795" lon="-105.884162">
				<ele>2545.307052</ele>
				<time>2021-11-28T06:19:25Z</time>
			</trkpt>
			<trkpt lat="40.760254" lon="-105.884224">
				<ele>2544.409933</ele>
				<time>2021-11-28T06:19:43Z</time>
			</trkpt>
			<trkpt lat="40.759178" lon="-105.884261">
				<ele>2543.211343</ele>
				<time>2021-11-28T06:20:19Z</time>
			</trkpt>
			<trkpt lat="40.75884" lon="-105.884199">
				<ele>2542.971954</ele>
				<time>2021-11-28T06:20:31Z</time>
			</trkpt>
			<trkpt lat="40.75843" lon="-105.884022">
				<ele>2542.669346</ele>
				<time>2021-11-28T06:20:46Z</time>
			</trkpt>
			<trkpt lat="40.757579" lon="-105.883572">
				<ele>2542.938858</ele>
				<time>2021-11-28T06:21:21Z</time>
			</trkpt>
			<trkpt lat="40.744298" lon="-105.87622">
				<ele>2559.104877</ele>
				<time>2021-11-28T06:31:39Z</time>
			</trkpt>
			<trkpt lat="40.743733" lon="-105.875887">
				<ele>2559.737926</ele>
				<time>2021-11-28T06:32:04Z</time>
			</trkpt>
			<trkpt lat="40.743477" lon="-105.875697">
				<ele>2560.0384</ele>
				<time>2021-11-28T06:32:16Z</time>
			</trkpt>
			<trkpt lat="40.742794" lon="-105.874847">
				<ele>2561.403367</ele>
				<time>2021-11-28T06:32:57Z</time>
			</trkpt>
			<trkpt lat="40.74229" lon="-105.8742">
				<ele>2562.625713</ele>
				<time>2021-11-28T06:33:29Z</time>
			</trkpt>
			<trkpt lat="40.742059" lon="-105.873972">
				<ele>2563.1272</ele>
				<time>2021-11-28T06:33:43Z</time>
			</trkpt>
			<trkpt lat="40.741752" lon="-105.87375">
				<ele>2563.772856</ele>
				<time>2021-11-28T06:34:00Z</time>
			</trkpt>
			<trkpt lat="40.737899" lon="-105.871834">
				<ele>2571.763932</ele>
				<time>2021-11-28T06:37:15Z</time>
			</trkpt>
			<trkpt lat="40.737346" lon="-105.871614">
				<ele>2572.479578</ele>
				<time>2021-11-28T06:37:41Z</time>
			</trkpt>
			<trkpt lat="40.736353" lon="-105.871352">
				<ele>2573.18817</ele>
				<time>2021-11-28T06:38:21Z</time>
			</trkpt>
			<trkpt lat="40.735251" lon="-105.871095">
				<ele>2573.119911</ele>
				<time>2021-11-28T06:39:01Z</time>
			</trkpt>
			<trkpt lat="40.734962" lon="-105.870979">
				<ele>2573.167713</ele>
				<time>2021-11-28T06:39:11Z</time>
			</trkpt>
			<trkpt lat="40.734586" lon="-105.870724">
				<ele>2573.799348</ele>
				<time>2021-11-28T06:39:28Z</time>
			</trkpt>
			<trkpt lat="40.733881" lon="-105.870121">
				<ele>2575.054602</ele>
				<time>2021-11-28T06:40:07Z</time>
			</trkpt>
			<trkpt lat="40.733458" lon="-105.869839">
				<ele>2575.762688</ele>
				<time>2021-11-28T06:40:30Z</time>
			</trkpt>
			<trkpt lat="40.733241" lon="-105.869748">
				<ele>2576.151635</ele>
				<time>2021-11-28T06:40:42Z</time>
			</trkpt>
			<trkpt lat="40.733033" lon="-105.869697">
				<ele>2576.517214</ele>
				<time>2021-11-28T06:40:52Z</time>
			</trkpt>
			<trkpt lat="40.732166" lon="-105.869542">
				<ele>2578.029094</ele>
				<time>2021-11-28T06:41:34Z</time>
			</trkpt>
			<trkpt lat="40.731344" lon="-105.86933">
				<ele>2578.721915</ele>
				<time>2021-11-28T06:42:08Z</time>
			</trkpt>
			<trkpt lat="40.731001" lon="-105.869206">
				<ele>2578.532606</ele>
				<time>2021-11-28T06:42:20Z</time>
			</trkpt>
			<trkpt lat="40.730696" lon="-105.869048">
				<ele>2578.35819</ele>
				<time>2021-11-28T06:42:31Z</time>
			</trkpt>
			<trkpt lat="40.730448" lon="-105.868868">
				<ele>2578.207528</ele>
				<time>2021-11-28T06:42:41Z</time>
			</trkpt>
			<trkpt lat="40.73021" lon="-105.868638">
				<ele>2578.0505</ele>
				<time>2021-11-28T06:42:51Z</time>
			</trkpt>
			<trkpt lat="40.729979" lon="-105.868356">
				<ele>2577.982477</ele>
				<time>2021-11-28T06:43:02Z</time>
			</trkpt>
			<trkpt lat="40.729639" lon="-105.867873">
				<ele>2578.163643</ele>
				<time>2021-11-28T06:43:20Z</time>
			</trkpt>
			<trkpt lat="40.728686" lon="-105.866371">
				<ele>2578.928212</ele>
				<time>2021-11-28T06:44:22Z</time>
			</trkpt>
			<trkpt lat="40.728141" lon="-105.865636">
				<ele>2579.805183</ele>
				<time>2021-11-28T06:44:56Z</time>
			</trkpt>
			<trkpt lat="40.727763" lon="-105.865216">
				<ele>2580.361291</ele>
				<time>2021-11-28T06:45:17Z</time>
			</trkpt>
			<trkpt lat="40.727259" lon="-105.864729">
				<ele>2580.632716</ele>
				<time>2021-11-28T06:45:43Z</time>
			</trkpt>
			<trkpt lat="40.726721" lon="-105.864318">
				<ele>2580.654901</ele>
				<time>2021-11-28T06:46:06Z</time>
			</trkpt>
			<trkpt lat="40.726421" lon="-105.864128">
				<ele>2580.666777</ele>
				<time>2021-11-28T06:46:18Z</time>
			</trkpt>
			<trkpt lat="40.725791" lon="-105.863806">
				<ele>2580.528129</ele>
				<time>2021-11-28T06:46:42Z</time>
			</trkpt>
			<trkpt lat="40.724442" lon="-105.86338">
				<ele>2579.584994</ele>
				<time>2021-11-28T06:47:31Z</time>
			</trkpt>
			<trkpt lat="40.723635" lon="-105.863139">
				<ele>2579.701005</ele>
				<time>2021-11-28T06:48:01Z</time>
			</trkpt>
			<trkpt lat="40.722691" lon="-105.862817">
				<ele>2580.066583</ele>
				<time>2021-11-28T06:48:40Z</time>
			</trkpt>
			<trkpt lat="40.721006" lon="-105.86213">
				<ele>2581.959532</ele>
				<time>2021-11-28T06:49:57Z</time>
			</trkpt>
			<trkpt lat="40.720484" lon="-105.862015">
				<ele>2582.546199</ele>
				<time>2021-11-28T06:50:19Z</time>
			</trkpt>
			<trkpt lat="40.72001" lon="-105.861953">
				<ele>2583.059732</ele>
				<time>2021-11-28T06:50:38Z</time>
			</trkpt>
			<trkpt lat="40.719738" lon="-105.86194">
				<ele>2583.353173</ele>
				<time>2021-11-28T06:50:49Z</time>
			</trkpt>
			<trkpt lat="40.718481" lon="-105.862001">
				<ele>2585.078598</ele>
				<time>2021-11-28T06:51:45Z</time>
			</trkpt>
			<trkpt lat="40.717638" lon="-105.861889">
				<ele>2586.591959</ele>
				<time>2021-11-28T06:52:26Z</time>
			</trkpt>
			<trkpt lat="40.716991" lon="-105.861712">
				<ele>2587.533101</ele>
				<time>2021-11-28T06:52:56Z</time>
			</trkpt>
			<trkpt lat="40.715485" lon="-105.861064">
				<ele>2588.701199</ele>
				<time>2021-11-28T06:54:00Z</time>
			</trkpt>
			<trkpt lat="40.715009" lon="-105.860895">
				<ele>2588.424089</ele>
				<time>2021-11-28T06:54:17Z</time>
			</trkpt>
			<trkpt lat="40.714623" lon="-105.86081">
				<ele>2588.204091</ele>
				<time>2021-11-28T06:54:31Z</time>
			</trkpt>
			<trkpt lat="40.711935" lon="-105.860633">
				<ele>2586.210972</ele>
				<time>2021-11-28T06:56:05Z</time>
			</trkpt>
			<trkpt lat="40.710703" lon="-105.860429">
				<ele>2586.29159</ele>
				<time>2021-11-28T06:56:49Z</time>
			</trkpt>
			<trkpt lat="40.707688" lon="-105.859721">
				<ele>2589.321136</ele>
				<time>2021-11-28T06:59:01Z</time>
			</trkpt>
			<trkpt lat="40.707255" lon="-105.859663">
				<ele>2589.860463</ele>
				<time>2021-11-28T06:59:20Z</time>
			</trkpt>
			<trkpt lat="40.706625" lon="-105.859655">
				<ele>2590.641186</ele>
				<time>2021-11-28T06:59:47Z</time>
			</trkpt>
			<trkpt lat="40.704317" lon="-105.859784">
				<ele>2593.65825</ele>
				<time>2021-11-28T07:01:29Z</time>
			</trkpt>
			<trkpt lat="40.703768" lon="-105.859755">
				<ele>2594.184984</ele>
				<time>2021-11-28T07:01:53Z</time>
			</trkpt>
			<trkpt lat="40.702513" lon="-105.859602">
				<ele>2595.085106</ele>
				<time>2021-11-28T07:02:43Z</time>
			</trkpt>
			<trkpt lat="40.702125" lon="-105.859521">
				<ele>2595.215013</ele>
				<time>2021-11-28T07:02:59Z</time>
			</trkpt>
			<trkpt lat="40.700549" lon="-105.859044">
				<ele>2595.949325</ele>
				<time>2021-11-28T07:04:00Z</time>
			</trkpt>
			<trkpt lat="40.699607" lon="-105.85896">
				<ele>2596.530057</ele>
				<time>2021-11-28T07:04:37Z</time>
			</trkpt>
			<trkpt lat="40.696309" lon="-105.858813">
				<ele>2602.72928</ele>
				<time>2021-11-28T07:07:12Z</time>
			</trkpt>
			<trkpt lat="40.69419" lon="-105.858693">
				<ele>2607.319189</ele>
				<time>2021-11-28T07:08:55Z</time>
			</trkpt>
			<trkpt lat="40.693218" lon="-105.858612">
				<ele>2608.66262</ele>
				<time>2021-11-28T07:09:39Z</time>
			</trkpt>
			<trkpt lat="40.69287" lon="-105.858494">
				<ele>2609.114245</ele>
				<time>2021-11-28T07:09:55Z</time>
			</trkpt>
			<trkpt lat="40.69252" lon="-105.858293">
				<ele>2609.594054</ele>
				<time>2021-11-28T07:10:10Z</time>
			</trkpt>
			<trkpt lat="40.691908" lon="-105.857735">
				<ele>2610.034229</ele>
				<time>2021-11-28T07:10:40Z</time>
			</trkpt>
			<trkpt lat="40.689909" lon="-105.855661">
				<ele>2611.044567</ele>
				<time>2021-11-28T07:12:16Z</time>
			</trkpt>
			<trkpt lat="40.689763" lon="-105.855541">
				<ele>2611.124784</ele>
				<time>2021-11-28T07:12:24Z</time>
			</trkpt>
			<trkpt lat="40.689523" lon="-105.855404">
				<ele>2611.246727</ele>
				<time>2021-11-28T07:12:35Z</time>
			</trkpt>
			<trkpt lat="40.689238" lon="-105.855307">
				<ele>2611.574494</ele>
				<time>2021-11-28T07:12:47Z</time>
			</trkpt>
			<trkpt lat="40.688941" lon="-105.855246">
				<ele>2611.991798</ele>
				<time>2021-11-28T07:13:00Z</time>
			</trkpt>
			<trkpt lat="40.684818" lon="-105.8548">
				<ele>2617.020269</ele>
				<time>2021-11-28T07:16:04Z</time>
			</trkpt>
			<trkpt lat="40.684517" lon="-105.854732">
				<ele>2617.2357</ele>
				<time>2021-11-28T07:16:15Z</time>
			</trkpt>
			<trkpt lat="40.684216" lon="-105.854642">
				<ele>2617.453427</ele>
				<time>2021-11-28T07:16:27Z</time>
			</trkpt>
			<trkpt lat="40.681198" lon="-105.853505">
				<ele>2614.417785</ele>
				<time>2021-11-28T07:18:14Z</time>
			</trkpt>
			<trkpt lat="40.680394" lon="-105.853234">
				<ele>2613.584381</ele>
				<time>2021-11-28T07:18:42Z</time>
			</trkpt>
			<trkpt lat="40.680148" lon="-105.853207">
				<ele>2613.429404</ele>
				<time>2021-11-28T07:18:51Z</time>
			</trkpt>
			<trkpt lat="40.679971" lon="-105.85325">
				<ele>2613.316411</ele>
				<time>2021-11-28T07:18:57Z</time>
			</trkpt>
			<trkpt lat="40.679803" lon="-105.853344">
				<ele>2613.201836</ele>
				<time>2021-11-28T07:19:03Z</time>
			</trkpt>
			<trkpt lat="40.679322" lon="-105.853709">
				<ele>2612.853423</ele>
				<time>2021-11-28T07:19:23Z</time>
			</trkpt>
			<trkpt lat="40.678649" lon="-105.854184">
				<ele>2612.962097</ele>
				<time>2021-11-28T07:19:52Z</time>
			</trkpt>
			<trkpt lat="40.678373" lon="-105.854323">
				<ele>2613.255831</ele>
				<time>2021-11-28T07:20:04Z</time>
			</trkpt>
			<trkpt lat="40.677698" lon="-105.854521">
				<ele>2613.943325</ele>
				<time>2021-11-28T07:20:34Z</time>
			</trkpt>
			<trkpt lat="40.677506" lon="-105.85457">
				<ele>2614.137755</ele>
				<time>2021-11-28T07:20:43Z</time>
			</trkpt>
			<trkpt lat="40.677373" lon="-105.854607">
				<ele>2614.272895</ele>
				<time>2021-11-28T07:20:47Z</time>
			</trkpt>
			<trkpt lat="40.677058" lon="-105.854664">
				<ele>2614.676781</ele>
				<time>2021-11-28T07:21:01Z</time>
			</trkpt>
			<trkpt lat="40.676737" lon="-105.854682">
				<ele>2615.137075</ele>
				<time>2021-11-28T07:21:16Z</time>
			</trkpt>
			<trkpt lat="40.675378" lon="-105.854615">
				<ele>2617.035696</ele>
				<time>2021-11-28T07:22:16Z</time>
			</trkpt>
			<trkpt lat="40.67356" lon="-105.854951">
				<ele>2618.518422</ele>
				<time>2021-11-28T07:23:31Z</time>
			</trkpt>
			<trkpt lat="40.673417" lon="-105.854991">
				<ele>2618.584829</ele>
				<time>2021-11-28T07:23:37Z</time>
			</trkpt>
			<trkpt lat="40.673242" lon="-105.855082">
				<ele>2618.670287</ele>
				<time>2021-11-28T07:23:44Z</time>
			</trkpt>
			<trkpt lat="40.672917" lon="-105.855326">
				<ele>2618.840183</ele>
				<time>2021-11-28T07:23:59Z</time>
			</trkpt>
			<trkpt lat="40.672707" lon="-105.85553">
				<ele>2618.958678</ele>
				<time>2021-11-28T07:24:09Z</time>
			</trkpt>
			<trkpt lat="40.672339" lon="-105.855838">
				<ele>2619.156689</ele>
				<time>2021-11-28T07:24:26Z</time>
			</trkpt>
			<trkpt lat="40.671377" lon="-105.856729">
				<ele>2620.0606</ele>
				<time>2021-11-28T07:25:12Z</time>
			</trkpt>
			<trkpt lat="40.671133" lon="-105.856922">
				<ele>2620.306538</ele>
				<time>2021-11-28T07:25:24Z</time>
			</trkpt>
			<trkpt lat="40.670622" lon="-105.857131">
				<ele>2620.768975</ele>
				<time>2021-11-28T07:25:47Z</time>
			</trkpt>
			<trkpt lat="40.667695" lon="-105.858092">
				<ele>2627.006784</ele>
				<time>2021-11-28T07:28:10Z</time>
			</trkpt>
			<trkpt lat="40.667528" lon="-105.858204">
				<ele>2627.442288</ele>
				<time>2021-11-28T07:28:19Z</time>
			</trkpt>
			<trkpt lat="40.667357" lon="-105.858384">
				<ele>2627.9509</ele>
				<time>2021-11-28T07:28:30Z</time>
			</trkpt>
			<trkpt lat="40.666976" lon="-105.858926">
				<ele>2629.297889</ele>
				<time>2021-11-28T07:28:59Z</time>
			</trkpt>
			<trkpt lat="40.666913" lon="-105.859017">
				<ele>2629.528476</ele>
				<time>2021-11-28T07:29:04Z</time>
			</trkpt>
			<trkpt lat="40.666201" lon="-105.860035">
				<ele>2632.120078</ele>
				<time>2021-11-28T07:29:56Z</time>
			</trkpt>
			<trkpt lat="40.66601" lon="-105.860242">
				<ele>2632.730157</ele>
				<time>2021-11-28T07:30:08Z</time>
			</trkpt>
			<trkpt lat="40.665903" lon="-105.860322">
				<ele>2633.009603</ele>
				<time>2021-11-28T07:30:14Z</time>
			</trkpt>
			<trkpt lat="40.665748" lon="-105.860379">
				<ele>2633.245743</ele>
				<time>2021-11-28T07:30:21Z</time>
			</trkpt>
			<trkpt lat="40.664982" lon="-105.860572">
				<ele>2634.390163</ele>
				<time>2021-11-28T07:30:56Z</time>
			</trkpt>
			<trkpt lat="40.664778" lon="-105.860577">
				<ele>2634.689577</ele>
				<time>2021-11-28T07:31:05Z</time>
			</trkpt>
			<trkpt lat="40.664135" lon="-105.860516">
				<ele>2635.637389</ele>
				<time>2021-11-28T07:31:32Z</time>
			</trkpt>
			<trkpt lat="40.663478" lon="-105.86051">
				<ele>2636.680631</ele>
				<time>2021-11-28T07:32:01Z</time>
			</trkpt>
			<trkpt lat="40.662337" lon="-105.860609">
				<ele>2638.495839</ele>
				<time>2021-11-28T07:32:54Z</time>
			</trkpt>
			<trkpt lat="40.661369" lon="-105.860803">
				<ele>2640.02431</ele>
				<time>2021-11-28T07:33:39Z</time>
			</trkpt>
			<trkpt lat="40.660496" lon="-105.860868">
				<ele>2641.357619</ele>
				<time>2021-11-28T07:34:17Z</time>
			</trkpt>
			<trkpt lat="40.660213" lon="-105.860856">
				<ele>2641.674419</ele>
				<time>2021-11-28T07:34:29Z</time>
			</trkpt>
			<trkpt lat="40.659351" lon="-105.860656">
				<ele>2642.6537</ele>
				<time>2021-11-28T07:35:06Z</time>
			</trkpt>
			<trkpt lat="40.658903" lon="-105.860657">
				<ele>2643.154949</ele>
				<time>2021-11-28T07:35:25Z</time>
			</trkpt>
			<trkpt lat="40.658076" lon="-105.860835">
				<ele>2644.117997</ele>
				<time>2021-11-28T07:36:00Z</time>
			</trkpt>
			<trkpt lat="40.656415" lon="-105.861185">
				<ele>2646.821053</ele>
				<time>2021-11-28T07:37:13Z</time>
			</trkpt>
			<trkpt lat="40.656208" lon="-105.861277">
				<ele>2647.350034</ele>
				<time>2021-11-28T07:37:24Z</time>
			</trkpt>
			<trkpt lat="40.655609" lon="-105.861661">
				<ele>2648.962968</ele>
				<time>2021-11-28T07:37:58Z</time>
			</trkpt>
			<trkpt lat="40.655387" lon="-105.861849">
				<ele>2649.601928</ele>
				<time>2021-11-28T07:38:12Z</time>
			</trkpt>
			<trkpt lat="40.655088" lon="-105.862034">
				<ele>2650.808574</ele>
				<time>2021-11-28T07:38:31Z</time>
			</trkpt>
			<trkpt lat="40.654716" lon="-105.862233">
				<ele>2652.362318</ele>
				<time>2021-11-28T07:38:54Z</time>
			</trkpt>
			<trkpt lat="40.653921" lon="-105.862556">
				<ele>2655.581938</ele>
				<time>2021-11-28T07:39:43Z</time>
			</trkpt>
			<trkpt lat="40.653558" lon="-105.862588">
				<ele>2656.842583</ele>
				<time>2021-11-28T07:40:03Z</time>
			</trkpt>
			<trkpt lat="40.65292" lon="-105.862581">
				<ele>2658.127239</ele>
				<time>2021-11-28T07:40:36Z</time>
			</trkpt>
			<trkpt lat="40.652477" lon="-105.862755">
				<ele>2659.057978</ele>
				<time>2021-11-28T07:40:57Z</time>
			</trkpt>
			<trkpt lat="40.652301" lon="-105.862782">
				<ele>2659.414746</ele>
				<time>2021-11-28T07:41:04Z</time>
			</trkpt>
			<trkpt lat="40.65216" lon="-105.862753">
				<ele>2659.702084</ele>
				<time>2021-11-28T07:41:10Z</time>
			</trkpt>
			<trkpt lat="40.652099" lon="-105.862741">
				<ele>2659.826268</ele>
				<time>2021-11-28T07:41:13Z</time>
			</trkpt>
			<trkpt lat="40.65148" lon="-105.86243">
				<ele>2660.734251</ele>
				<time>2021-11-28T07:41:39Z</time>
			</trkpt>
			<trkpt lat="40.650299" lon="-105.862186">
				<ele>2661.943459</ele>
				<time>2021-11-28T07:42:29Z</time>
			</trkpt>
			<trkpt lat="40.650051" lon="-105.862165">
				<ele>2662.211038</ele>
				<time>2021-11-28T07:42:40Z</time>
			</trkpt>
			<trkpt lat="40.649819" lon="-105.862088">
				<ele>2662.508177</ele>
				<time>2021-11-28T07:42:51Z</time>
			</trkpt>
			<trkpt lat="40.649192" lon="-105.861947">
				<ele>2663.298163</ele>
				<time>2021-11-28T07:43:20Z</time>
			</trkpt>
			<trkpt lat="40.648938" lon="-105.861741">
				<ele>2663.668571</ele>
				<time>2021-11-28T07:43:33Z</time>
			</trkpt>
			<trkpt lat="40.646418" lon="-105.859289">
				<ele>2666.611985</ele>
				<time>2021-11-28T07:45:40Z</time>
			</trkpt>
			<trkpt lat="40.646109" lon="-105.859102">
				<ele>2667.029791</ele>
				<time>2021-11-28T07:45:55Z</time>
			</trkpt>
			<trkpt lat="40.645786" lon="-105.859067">
				<ele>2667.428025</ele>
				<time>2021-11-28T07:46:09Z</time>
			</trkpt>
			<trkpt lat="40.645263" lon="-105.859142">
				<ele>2668.239336</ele>
				<time>2021-11-28T07:46:34Z</time>
			</trkpt>
			<trkpt lat="40.644968" lon="-105.859154">
				<ele>2668.887494</ele>
				<time>2021-11-28T07:46:48Z</time>
			</trkpt>
			<trkpt lat="40.64438" lon="-105.859068">
				<ele>2670.186728</ele>
				<time>2021-11-28T07:47:18Z</time>
			</trkpt>
			<trkpt lat="40.643169" lon="-105.858692">
				<ele>2672.63322</ele>
				<time>2021-11-28T07:48:17Z</time>
			</trkpt>
			<trkpt lat="40.641657" lon="-105.85812">
				<ele>2675.347523</ele>
				<time>2021-11-28T07:49:26Z</time>
			</trkpt>
			<trkpt lat="40.641557" lon="-105.858104">
				<ele>2675.567461</ele>
				<time>2021-11-28T07:49:31Z</time>
			</trkpt>
			<trkpt lat="40.641371" lon="-105.858164">
				<ele>2675.985552</ele>
				<time>2021-11-28T07:49:39Z</time>
			</trkpt>
			<trkpt lat="40.641293" lon="-105.858241">
				<ele>2676.198334</ele>
				<time>2021-11-28T07:49:44Z</time>
			</trkpt>
			<trkpt lat="40.641171" lon="-105.858448">
				<ele>2676.632572</ele>
				<time>2021-11-28T07:49:53Z</time>
			</trkpt>
			<trkpt lat="40.640965" lon="-105.858927">
				<ele>2677.544742</ele>
				<time>2021-11-28T07:50:13Z</time>
			</trkpt>
			<trkpt lat="40.640829" lon="-105.859118">
				<ele>2677.978682</ele>
				<time>2021-11-28T07:50:23Z</time>
			</trkpt>
			<trkpt lat="40.640749" lon="-105.859191">
				<ele>2678.191134</ele>
				<time>2021-11-28T07:50:28Z</time>
			</trkpt>
			<trkpt lat="40.640569" lon="-105.859288">
				<ele>2678.615724</ele>
				<time>2021-11-28T07:50:39Z</time>
			</trkpt>
			<trkpt lat="40.640047" lon="-105.859431">
				<ele>2680.57818</ele>
				<time>2021-11-28T07:51:07Z</time>
			</trkpt>
			<trkpt lat="40.639837" lon="-105.859458">
				<ele>2681.370137</ele>
				<time>2021-11-28T07:51:19Z</time>
			</trkpt>
			<trkpt lat="40.639633" lon="-105.859437">
				<ele>2682.138163</ele>
				<time>2021-11-28T07:51:30Z</time>
			</trkpt>
			<trkpt lat="40.639348" lon="-105.859307">
				<ele>2683.270149</ele>
				<time>2021-11-28T07:51:47Z</time>
			</trkpt>
			<trkpt lat="40.63868" lon="-105.858873">
				<ele>2686.153718</ele>
				<time>2021-11-28T07:52:31Z</time>
			</trkpt>
			<trkpt lat="40.638517" lon="-105.858705">
				<ele>2687.036565</ele>
				<time>2021-11-28T07:52:43Z</time>
			</trkpt>
			<trkpt lat="40.638123" lon="-105.858025">
				<ele>2689.806409</ele>
				<time>2021-11-28T07:53:22Z</time>
			</trkpt>
			<trkpt lat="40.637829" lon="-105.857781">
				<ele>2691.288737</ele>
				<time>2021-11-28T07:53:42Z</time>
			</trkpt>
			<trkpt lat="40.637735" lon="-105.857756">
				<ele>2691.697859</ele>
				<time>2021-11-28T07:53:47Z</time>
			</trkpt>
			<trkpt lat="40.63745" lon="-105.857787">
				<ele>2692.917903</ele>
				<time>2021-11-28T07:54:04Z</time>
			</trkpt>
			<trkpt lat="40.63728" lon="-105.857878">
				<ele>2693.671633</ele>
				<time>2021-11-28T07:54:14Z</time>
			</trkpt>
			<trkpt lat="40.636801" lon="-105.858238">
				<ele>2695.911328</ele>
				<time>2021-11-28T07:54:47Z</time>
			</trkpt>
			<trkpt lat="40.636507" lon="-105.858356">
				<ele>2697.159608</ele>
				<time>2021-11-28T07:55:04Z</time>
			</trkpt>
			<trkpt lat="40.636297" lon="-105.858381">
				<ele>2698.016025</ele>
				<time>2021-11-28T07:55:16Z</time>
			</trkpt>
			<trkpt lat="40.635638" lon="-105.858281">
				<ele>2700.73284</ele>
				<time>2021-11-28T07:55:53Z</time>
			</trkpt>
			<trkpt lat="40.635305" lon="-105.858141">
				<ele>2702.255388</ele>
				<time>2021-11-28T07:56:13Z</time>
			</trkpt>
			<trkpt lat="40.634887" lon="-105.857886">
				<ele>2704.261802</ele>
				<time>2021-11-28T07:56:40Z</time>
			</trkpt>
			<trkpt lat="40.634086" lon="-105.857319">
				<ele>2708.222426</ele>
				<time>2021-11-28T07:57:36Z</time>
			</trkpt>
			<trkpt lat="40.633829" lon="-105.85704">
				<ele>2709.33863</ele>
				<time>2021-11-28T07:57:55Z</time>
			</trkpt>
			<trkpt lat="40.633534" lon="-105.856607">
				<ele>2710.815223</ele>
				<time>2021-11-28T07:58:20Z</time>
			</trkpt>
			<trkpt lat="40.632959" lon="-105.855856">
				<ele>2713.522353</ele>
				<time>2021-11-28T07:59:03Z</time>
			</trkpt>
			<trkpt lat="40.632814" lon="-105.855755">
				<ele>2714.070778</ele>
				<time>2021-11-28T07:59:11Z</time>
			</trkpt>
			<trkpt lat="40.63273" lon="-105.855741">
				<ele>2714.292074</ele>
				<time>2021-11-28T07:59:15Z</time>
			</trkpt>
			<trkpt lat="40.632566" lon="-105.855771">
				<ele>2714.520462</ele>
				<time>2021-11-28T07:59:23Z</time>
			</trkpt>
			<trkpt lat="40.630743" lon="-105.856602">
				<ele>2717.821792</ele>
				<time>2021-11-28T08:00:44Z</time>
			</trkpt>
			<trkpt lat="40.630485" lon="-105.856639">
				<ele>2718.687478</ele>
				<time>2021-11-28T08:00:56Z</time>
			</trkpt>
			<trkpt lat="40.63024" lon="-105.856544">
				<ele>2719.53937</ele>
				<time>2021-11-28T08:01:09Z</time>
			</trkpt>
			<trkpt lat="40.629736" lon="-105.856035">
				<ele>2721.657563</ele>
				<time>2021-11-28T08:01:44Z</time>
			</trkpt>
			<trkpt lat="40.62959" lon="-105.856004">
				<ele>2722.150854</ele>
				<time>2021-11-28T08:01:54Z</time>
			</trkpt>
			<trkpt lat="40.629161" lon="-105.856168">
				<ele>2724.716083</ele>
				<time>2021-11-28T08:02:25Z</time>
			</trkpt>
			<trkpt lat="40.628957" lon="-105.856147">
				<ele>2726.203776</ele>
				<time>2021-11-28T08:02:40Z</time>
			</trkpt>
			<trkpt lat="40.628722" lon="-105.855959">
				<ele>2728.202596</ele>
				<time>2021-11-28T08:03:01Z</time>
			</trkpt>
			<trkpt lat="40.628338" lon="-105.855574">
				<ele>2731.710799</ele>
				<time>2021-11-28T08:03:37Z</time>
			</trkpt>
			<trkpt lat="40.628181" lon="-105.855502">
				<ele>2732.919424</ele>
				<time>2021-11-28T08:03:49Z</time>
			</trkpt>
			<trkpt lat="40.628013" lon="-105.855472">
				<ele>2734.152027</ele>
				<time>2021-11-28T08:04:02Z</time>
			</trkpt>
			<trkpt lat="40.627839" lon="-105.855472">
				<ele>2735.417087</ele>
				<time>2021-11-28T08:04:16Z</time>
			</trkpt>
			<trkpt lat="40.627378" lon="-105.855559">
				<ele>2739.06213</ele>
				<time>2021-11-28T08:04:51Z</time>
			</trkpt>
			<trkpt lat="40.626765" lon="-105.85575">
				<ele>2744.037908</ele>
				<time>2021-11-28T08:05:40Z</time>
			</trkpt>
			<trkpt lat="40.625835" lon="-105.855558">
				<ele>2751.405692</ele>
				<time>2021-11-28T08:06:52Z</time>
			</trkpt>
			<trkpt lat="40.625746" lon="-105.85556">
				<ele>2752.076005</ele>
				<time>2021-11-28T08:06:59Z</time>
			</trkpt>
			<trkpt lat="40.625415" lon="-105.855638">
				<ele>2754.608156</ele>
				<time>2021-11-28T08:07:25Z</time>
			</trkpt>
			<trkpt lat="40.625025" lon="-105.855788">
				<ele>2757.667631</ele>
				<time>2021-11-28T08:07:55Z</time>
			</trkpt>
			<trkpt lat="40.624524" lon="-105.856007">
				<ele>2761.642638</ele>
				<time>2021-11-28T08:08:34Z</time>
			</trkpt>
			<trkpt lat="40.624407" lon="-105.856125">
				<ele>2762.752212</ele>
				<time>2021-11-28T08:08:45Z</time>
			</trkpt>
			<trkpt lat="40.623958" lon="-105.856763">
				<ele>2766.873224</ele>
				<time>2021-11-28T08:09:33Z</time>
			</trkpt>
			<trkpt lat="40.623383" lon="-105.857344">
				<ele>2771.21424</ele>
				<time>2021-11-28T08:10:21Z</time>
			</trkpt>
			<trkpt lat="40.623275" lon="-105.857382">
				<ele>2771.883906</ele>
				<time>2021-11-28T08:10:28Z</time>
			</trkpt>
			<trkpt lat="40.622968" lon="-105.857352">
				<ele>2773.728093</ele>
				<time>2021-11-28T08:10:46Z</time>
			</trkpt>
			<trkpt lat="40.622149" lon="-105.857862">
				<ele>2778.292108</ele>
				<time>2021-11-28T08:11:44Z</time>
			</trkpt>
			<trkpt lat="40.621741" lon="-105.858008">
				<ele>2780.371583</ele>
				<time>2021-11-28T08:12:12Z</time>
			</trkpt>
			<trkpt lat="40.620914" lon="-105.858002">
				<ele>2784.236655</ele>
				<time>2021-11-28T08:12:59Z</time>
			</trkpt>
			<trkpt lat="40.620486" lon="-105.85805">
				<ele>2786.009254</ele>
				<time>2021-11-28T08:13:23Z</time>
			</trkpt>
			<trkpt lat="40.619718" lon="-105.858213">
				<ele>2789.219393</ele>
				<time>2021-11-28T08:14:08Z</time>
			</trkpt>
			<trkpt lat="40.618935" lon="-105.858177">
				<ele>2792.249259</ele>
				<time>2021-11-28T08:14:54Z</time>
			</trkpt>
			<trkpt lat="40.618509" lon="-105.858122">
				<ele>2793.821491</ele>
				<time>2021-11-28T08:15:19Z</time>
			</trkpt>
			<trkpt lat="40.618118" lon="-105.858125">
				<ele>2795.257693</ele>
				<time>2021-11-28T08:15:43Z</time>
			</trkpt>
			<trkpt lat="40.616534" lon="-105.858266">
				<ele>2798.188994</ele>
				<time>2021-11-28T08:16:58Z</time>
			</trkpt>
			<trkpt lat="40.616303" lon="-105.858105">
				<ele>2798.431313</ele>
				<time>2021-11-28T08:17:07Z</time>
			</trkpt>
			<trkpt lat="40.615934" lon="-105.85795">
				<ele>2798.790432</ele>
				<time>2021-11-28T08:17:21Z</time>
			</trkpt>
			<trkpt lat="40.615766" lon="-105.857926">
				<ele>2799.048477</ele>
				<time>2021-11-28T08:17:26Z</time>
			</trkpt>
			<trkpt lat="40.61561" lon="-105.857859">
				<ele>2799.421866</ele>
				<time>2021-11-28T08:17:32Z</time>
			</trkpt>
			<trkpt lat="40.61547" lon="-105.857742">
				<ele>2799.799155</ele>
				<time>2021-11-28T08:17:38Z</time>
			</trkpt>
			<trkpt lat="40.615282" lon="-105.857501">
				<ele>2800.396101</ele>
				<time>2021-11-28T08:17:49Z</time>
			</trkpt>
			<trkpt lat="40.615127" lon="-105.857347">
				<ele>2800.837897</ele>
				<time>2021-11-28T08:17:57Z</time>
			</trkpt>
			<trkpt lat="40.614866" lon="-105.857139">
				<ele>2801.532064</ele>
				<time>2021-11-28T08:18:13Z</time>
			</trkpt>
			<trkpt lat="40.614718" lon="-105.856959">
				<ele>2801.990446</ele>
				<time>2021-11-28T08:18:24Z</time>
			</trkpt>
			<trkpt lat="40.614663" lon="-105.856852">
				<ele>2802.213671</ele>
				<time>2021-11-28T08:18:30Z</time>
			</trkpt>
			<trkpt lat="40.614539" lon="-105.856415">
				<ele>2803.121475</ele>
				<time>2021-11-28T08:18:53Z</time>
			</trkpt>
			<trkpt lat="40.614489" lon="-105.856313">
				<ele>2803.766486</ele>
				<time>2021-11-28T08:18:59Z</time>
			</trkpt>
			<trkpt lat="40.614078" lon="-105.85569">
				<ele>2808.151216</ele>
				<time>2021-11-28T08:19:40Z</time>
			</trkpt>
			<trkpt lat="40.613658" lon="-105.855264">
				<ele>2811.860706</ele>
				<time>2021-11-28T08:20:19Z</time>
			</trkpt>
			<trkpt lat="40.612828" lon="-105.854697">
				<ele>2818.479599</ele>
				<time>2021-11-28T08:21:36Z</time>
			</trkpt>
			<trkpt lat="40.612636" lon="-105.85444">
				<ele>2820.446255</ele>
				<time>2021-11-28T08:21:56Z</time>
			</trkpt>
			<trkpt lat="40.612317" lon="-105.854092">
				<ele>2823.422081</ele>
				<time>2021-11-28T08:22:26Z</time>
			</trkpt>
			<trkpt lat="40.611984" lon="-105.853589">
				<ele>2827.06223</ele>
				<time>2021-11-28T08:23:01Z</time>
			</trkpt>
			<trkpt lat="40.611887" lon="-105.853494">
				<ele>2827.930663</ele>
				<time>2021-11-28T08:23:09Z</time>
			</trkpt>
			<trkpt lat="40.611794" lon="-105.853424">
				<ele>2828.60317</ele>
				<time>2021-11-28T08:23:16Z</time>
			</trkpt>
			<trkpt lat="40.610785" lon="-105.853209">
				<ele>2832.705333</ele>
				<time>2021-11-28T08:24:23Z</time>
			</trkpt>
			<trkpt lat="40.610573" lon="-105.853124">
				<ele>2833.594715</ele>
				<time>2021-11-28T08:24:36Z</time>
			</trkpt>
			<trkpt lat="40.610414" lon="-105.852984">
				<ele>2834.362281</ele>
				<time>2021-11-28T08:24:45Z</time>
			</trkpt>
			<trkpt lat="40.610309" lon="-105.852781">
				<ele>2835.110695</ele>
				<time>2021-11-28T08:24:53Z</time>
			</trkpt>
			<trkpt lat="40.610205" lon="-105.852481">
				<ele>2835.54027</ele>
				<time>2021-11-28T08:25:03Z</time>
			</trkpt>
			<trkpt lat="40.610165" lon="-105.852072">
				<ele>2835.061379</ele>
				<time>2021-11-28T08:25:14Z</time>
			</trkpt>
			<trkpt lat="40.610211" lon="-105.851466">
				<ele>2834.354131</ele>
				<time>2021-11-28T08:25:30Z</time>
			</trkpt>
			<trkpt lat="40.610368" lon="-105.850846">
				<ele>2833.595136</ele>
				<time>2021-11-28T08:25:47Z</time>
			</trkpt>
			<trkpt lat="40.610308" lon="-105.850695">
				<ele>2833.397215</ele>
				<time>2021-11-28T08:25:51Z</time>
			</trkpt>
			<trkpt lat="40.610251" lon="-105.850622">
				<ele>2833.275603</ele>
				<time>2021-11-28T08:25:53Z</time>
			</trkpt>
			<trkpt lat="40.610013" lon="-105.850505">
				<ele>2832.752138</ele>
				<time>2021-11-28T08:26:01Z</time>
			</trkpt>
			<trkpt lat="40.609598" lon="-105.850438">
				<ele>2830.689554</ele>
				<time>2021-11-28T08:26:13Z</time>
			</trkpt>
			<trkpt lat="40.609027" lon="-105.850546">
				<ele>2827.843826</ele>
				<time>2021-11-28T08:26:29Z</time>
			</trkpt>
			<trkpt lat="40.608225" lon="-105.850611">
				<ele>2823.912239</ele>
				<time>2021-11-28T08:26:52Z</time>
			</trkpt>
			<trkpt lat="40.608037" lon="-105.850602">
				<ele>2823.138143</ele>
				<time>2021-11-28T08:26:58Z</time>
			</trkpt>
			<trkpt lat="40.60793" lon="-105.85056">
				<ele>2822.678724</ele>
				<time>2021-11-28T08:27:01Z</time>
			</trkpt>
			<trkpt lat="40.607769" lon="-105.850416">
				<ele>2821.877948</ele>
				<time>2021-11-28T08:27:07Z</time>
			</trkpt>
			<trkpt lat="40.607724" lon="-105.85034">
				<ele>2821.576861</ele>
				<time>2021-11-28T08:27:09Z</time>
			</trkpt>
			<trkpt lat="40.607402" lon="-105.849418">
				<ele>2818.406476</ele>
				<time>2021-11-28T08:27:32Z</time>
			</trkpt>
			<trkpt lat="40.607259" lon="-105.849125">
				<ele>2817.318347</ele>
				<time>2021-11-28T08:27:40Z</time>
			</trkpt>
			<trkpt lat="40.60714" lon="-105.848976">
				<ele>2816.633309</ele>
				<time>2021-11-28T08:27:45Z</time>
			</trkpt>
			<trkpt lat="40.606946" lon="-105.848849">
				<ele>2815.468397</ele>
				<time>2021-11-28T08:27:51Z</time>
			</trkpt>
			<trkpt lat="40.606738" lon="-105.848781">
				<ele>2814.316002</ele>
				<time>2021-11-28T08:27:58Z</time>
			</trkpt>
			<trkpt lat="40.605901" lon="-105.848713">
				<ele>2809.806723</ele>
				<time>2021-11-28T08:28:22Z</time>
			</trkpt>
			<trkpt lat="40.605646" lon="-105.848632">
				<ele>2808.396225</ele>
				<time>2021-11-28T08:28:29Z</time>
			</trkpt>
			<trkpt lat="40.605457" lon="-105.848526">
				<ele>2807.291638</ele>
				<time>2021-11-28T08:28:35Z</time>
			</trkpt>
			<trkpt lat="40.605264" lon="-105.848375">
				<ele>2805.992175</ele>
				<time>2021-11-28T08:28:41Z</time>
			</trkpt>
			<trkpt lat="40.60476" lon="-105.847934">
				<ele>2802.410875</ele>
				<time>2021-11-28T08:28:57Z</time>
			</trkpt>
			<trkpt lat="40.604631" lon="-105.847777">
				<ele>2801.37131</ele>
				<time>2021-11-28T08:29:02Z</time>
			</trkpt>
			<trkpt lat="40.60458" lon="-105.847667">
				<ele>2800.792129</ele>
				<time>2021-11-28T08:29:05Z</time>
			</trkpt>
			<trkpt lat="40.604526" lon="-105.847324">
				<ele>2799.218019</ele>
				<time>2021-11-28T08:29:12Z</time>
			</trkpt>
			<trkpt lat="40.604437" lon="-105.8462">
				<ele>2795.492312</ele>
				<time>2021-11-28T08:29:37Z</time>
			</trkpt>
			<trkpt lat="40.604445" lon="-105.846052">
				<ele>2795.232458</ele>
				<time>2021-11-28T08:29:41Z</time>
			</trkpt>
			<trkpt lat="40.604501" lon="-105.845868">
				<ele>2794.885284</ele>
				<time>2021-11-28T08:29:46Z</time>
			</trkpt>
			<trkpt lat="40.604563" lon="-105.845775">
				<ele>2794.66853</ele>
				<time>2021-11-28T08:29:49Z</time>
			</trkpt>
			<trkpt lat="40.605088" lon="-105.845371">
				<ele>2793.265946</ele>
				<time>2021-11-28T08:30:09Z</time>
			</trkpt>
			<trkpt lat="40.605179" lon="-105.845263">
				<ele>2792.983388</ele>
				<time>2021-11-28T08:30:13Z</time>
			</trkpt>
			<trkpt lat="40.605244" lon="-105.845079">
				<ele>2792.62797</ele>
				<time>2021-11-28T08:30:18Z</time>
			</trkpt>
			<trkpt lat="40.605292" lon="-105.844591">
				<ele>2791.943062</ele>
				<time>2021-11-28T08:30:32Z</time>
			</trkpt>
			<trkpt lat="40.605416" lon="-105.844111">
				<ele>2791.41134</ele>
				<time>2021-11-28T08:30:45Z</time>
			</trkpt>
			<trkpt lat="40.605502" lon="-105.84387">
				<ele>2791.132076</ele>
				<time>2021-11-28T08:30:52Z</time>
			</trkpt>
			<trkpt lat="40.605567" lon="-105.843754">
				<ele>2790.980881</ele>
				<time>2021-11-28T08:30:56Z</time>
			</trkpt>
			<trkpt lat="40.605775" lon="-105.843568">
				<ele>2790.633611</ele>
				<time>2021-11-28T08:31:05Z</time>
			</trkpt>
			<trkpt lat="40.606105" lon="-105.843386">
				<ele>2790.139432</ele>
				<time>2021-11-28T08:31:17Z</time>
			</trkpt>
			<trkpt lat="40.606331" lon="-105.843177">
				<ele>2789.757997</ele>
				<time>2021-11-28T08:31:26Z</time>
			</trkpt>
			<trkpt lat="40.60703" lon="-105.842066">
				<ele>2785.087137</ele>
				<time>2021-11-28T08:31:59Z</time>
			</trkpt>
			<trkpt lat="40.607839" lon="-105.840988">
				<ele>2778.614547</ele>
				<time>2021-11-28T08:32:31Z</time>
			</trkpt>
			<trkpt lat="40.608327" lon="-105.840381">
				<ele>2773.341861</ele>
				<time>2021-11-28T08:32:49Z</time>
			</trkpt>
			<trkpt lat="40.608801" lon="-105.839838">
				<ele>2768.407073</ele>
				<time>2021-11-28T08:33:06Z</time>
			</trkpt>
			<trkpt lat="40.609134" lon="-105.839392">
				<ele>2764.688538</ele>
				<time>2021-11-28T08:33:18Z</time>
			</trkpt>
			<trkpt lat="40.609265" lon="-105.839114">
				<ele>2762.744777</ele>
				<time>2021-11-28T08:33:25Z</time>
			</trkpt>
			<trkpt lat="40.60933" lon="-105.838902">
				<ele>2761.386542</ele>
				<time>2021-11-28T08:33:29Z</time>
			</trkpt>
			<trkpt lat="40.609407" lon="-105.838554">
				<ele>2759.233207</ele>
				<time>2021-11-28T08:33:36Z</time>
			</trkpt>
			<trkpt lat="40.609419" lon="-105.838255">
				<ele>2757.454498</ele>
				<time>2021-11-28T08:33:43Z</time>
			</trkpt>
			<trkpt lat="40.609395" lon="-105.838171">
				<ele>2756.92132</ele>
				<time>2021-11-28T08:33:45Z</time>
			</trkpt>
			<trkpt lat="40.609264" lon="-105.838006">
				<ele>2755.503013</ele>
				<time>2021-11-28T08:33:49Z</time>
			</trkpt>
			<trkpt lat="40.609128" lon="-105.837977">
				<ele>2754.424941</ele>
				<time>2021-11-28T08:33:53Z</time>
			</trkpt>
			<trkpt lat="40.609034" lon="-105.83798">
				<ele>2753.705644</ele>
				<time>2021-11-28T08:33:56Z</time>
			</trkpt>
			<trkpt lat="40.60846" lon="-105.838208">
				<ele>2751.171326</ele>
				<time>2021-11-28T08:34:13Z</time>
			</trkpt>
			<trkpt lat="40.608148" lon="-105.838291">
				<ele>2749.825819</ele>
				<time>2021-11-28T08:34:22Z</time>
			</trkpt>
			<trkpt lat="40.607972" lon="-105.838296">
				<ele>2749.081664</ele>
				<time>2021-11-28T08:34:28Z</time>
			</trkpt>
			<trkpt lat="40.607846" lon="-105.838252">
				<ele>2748.530641</ele>
				<time>2021-11-28T08:34:32Z</time>
			</trkpt>
			<trkpt lat="40.606814" lon="-105.83754">
				<ele>2745.007952</ele>
				<time>2021-11-28T08:35:08Z</time>
			</trkpt>
			<trkpt lat="40.605747" lon="-105.836761">
				<ele>2742.799425</ele>
				<time>2021-11-28T08:35:48Z</time>
			</trkpt>
			<trkpt lat="40.605357" lon="-105.836596">
				<ele>2743.892314</ele>
				<time>2021-11-28T08:36:04Z</time>
			</trkpt>
			<trkpt lat="40.604476" lon="-105.836409">
				<ele>2746.273171</ele>
				<time>2021-11-28T08:36:52Z</time>
			</trkpt>
			<trkpt lat="40.604301" lon="-105.836283">
				<ele>2746.805282</ele>
				<time>2021-11-28T08:37:03Z</time>
			</trkpt>
			<trkpt lat="40.604264" lon="-105.836199">
				<ele>2747.001997</ele>
				<time>2021-11-28T08:37:08Z</time>
			</trkpt>
			<trkpt lat="40.604276" lon="-105.83609">
				<ele>2747.2251</ele>
				<time>2021-11-28T08:37:13Z</time>
			</trkpt>
			<trkpt lat="40.604333" lon="-105.835915">
				<ele>2747.659366</ele>
				<time>2021-11-28T08:37:20Z</time>
			</trkpt>
			<trkpt lat="40.604397" lon="-105.835672">
				<ele>2748.62812</ele>
				<time>2021-11-28T08:37:29Z</time>
			</trkpt>
			<trkpt lat="40.60442" lon="-105.835478">
				<ele>2749.367667</ele>
				<time>2021-11-28T08:37:37Z</time>
			</trkpt>
			<trkpt lat="40.603994" lon="-105.835452">
				<ele>2751.483294</ele>
				<time>2021-11-28T08:37:57Z</time>
			</trkpt>
			<trkpt lat="40.603561" lon="-105.835534">
				<ele>2753.65347</ele>
				<time>2021-11-28T08:38:19Z</time>
			</trkpt>
			<trkpt lat="40.603302" lon="-105.835677">
				<ele>2755.046676</ele>
				<time>2021-11-28T08:38:34Z</time>
			</trkpt>
			<trkpt lat="40.602872" lon="-105.836037">
				<ele>2757.097735</ele>
				<time>2021-11-28T08:38:55Z</time>
			</trkpt>
			<trkpt lat="40.60255" lon="-105.836257">
				<ele>2758.115461</ele>
				<time>2021-11-28T08:39:09Z</time>
			</trkpt>
			<trkpt lat="40.60232" lon="-105.836354">
				<ele>2758.793029</ele>
				<time>2021-11-28T08:39:17Z</time>
			</trkpt>
			<trkpt lat="40.602206" lon="-105.83637">
				<ele>2759.114681</ele>
				<time>2021-11-28T08:39:21Z</time>
			</trkpt>
			<trkpt lat="40.601755" lon="-105.836355">
				<ele>2760.380421</ele>
				<time>2021-11-28T08:39:37Z</time>
			</trkpt>
			<trkpt lat="40.601379" lon="-105.83631">
				<ele>2761.439682</ele>
				<time>2021-11-28T08:39:49Z</time>
			</trkpt>
			<trkpt lat="40.601244" lon="-105.836319">
				<ele>2761.709404</ele>
				<time>2021-11-28T08:39:53Z</time>
			</trkpt>
			<trkpt lat="40.600975" lon="-105.836389">
				<ele>2762.193387</ele>
				<time>2021-11-28T08:40:02Z</time>
			</trkpt>
			<trkpt lat="40.600846" lon="-105.836459">
				<ele>2762.439649</ele>
				<time>2021-11-28T08:40:06Z</time>
			</trkpt>
			<trkpt lat="40.600724" lon="-105.836553">
				<ele>2762.689129</ele>
				<time>2021-11-28T08:40:10Z</time>
			</trkpt>
			<trkpt lat="40.600516" lon="-105.836818">
				<ele>2763.199925</ele>
				<time>2021-11-28T08:40:19Z</time>
			</trkpt>
			<trkpt lat="40.599991" lon="-105.838035">
				<ele>2765.530614</ele>
				<time>2021-11-28T08:40:51Z</time>
			</trkpt>
			<trkpt lat="40.599773" lon="-105.838348">
				<ele>2766.785854</ele>
				<time>2021-11-28T08:41:02Z</time>
			</trkpt>
			<trkpt lat="40.599447" lon="-105.838675">
				<ele>2768.380838</ele>
				<time>2021-11-28T08:41:18Z</time>
			</trkpt>
			<trkpt lat="40.599241" lon="-105.838922">
				<ele>2769.465158</ele>
				<time>2021-11-28T08:41:30Z</time>
			</trkpt>
			<trkpt lat="40.599077" lon="-105.839191">
				<ele>2770.484703</ele>
				<time>2021-11-28T08:41:42Z</time>
			</trkpt>
			<trkpt lat="40.598544" lon="-105.840327">
				<ele>2776.572216</ele>
				<time>2021-11-28T08:42:38Z</time>
			</trkpt>
			<trkpt lat="40.597961" lon="-105.841139">
				<ele>2782.463142</ele>
				<time>2021-11-28T08:43:30Z</time>
			</trkpt>
			<trkpt lat="40.597725" lon="-105.841378">
				<ele>2784.462702</ele>
				<time>2021-11-28T08:43:47Z</time>
			</trkpt>
			<trkpt lat="40.597466" lon="-105.84159">
				<ele>2786.165712</ele>
				<time>2021-11-28T08:44:05Z</time>
			</trkpt>
			<trkpt lat="40.596194" lon="-105.842387">
				<ele>2794.032302</ele>
				<time>2021-11-28T08:45:13Z</time>
			</trkpt>
			<trkpt lat="40.595662" lon="-105.842862">
				<ele>2796.382606</ele>
				<time>2021-11-28T08:45:40Z</time>
			</trkpt>
			<trkpt lat="40.595281" lon="-105.843325">
				<ele>2798.219788</ele>
				<time>2021-11-28T08:46:01Z</time>
			</trkpt>
			<trkpt lat="40.59486" lon="-105.84396">
				<ele>2800.488189</ele>
				<time>2021-11-28T08:46:25Z</time>
			</trkpt>
			<trkpt lat="40.594155" lon="-105.845383">
				<ele>2802.762798</ele>
				<time>2021-11-28T08:47:09Z</time>
			</trkpt>
			<trkpt lat="40.59378" lon="-105.846003">
				<ele>2803.803469</ele>
				<time>2021-11-28T08:47:22Z</time>
			</trkpt>
			<trkpt lat="40.593548" lon="-105.846273">
				<ele>2804.373865</ele>
				<time>2021-11-28T08:47:29Z</time>
			</trkpt>
			<trkpt lat="40.593279" lon="-105.846534">
				<ele>2804.989428</ele>
				<time>2021-11-28T08:47:38Z</time>
			</trkpt>
			<trkpt lat="40.593023" lon="-105.846725">
				<ele>2805.53149</ele>
				<time>2021-11-28T08:47:46Z</time>
			</trkpt>
			<trkpt lat="40.592699" lon="-105.846921">
				<ele>2806.188363</ele>
				<time>2021-11-28T08:47:59Z</time>
			</trkpt>
			<trkpt lat="40.592131" lon="-105.847132">
				<ele>2807.721972</ele>
				<time>2021-11-28T08:48:22Z</time>
			</trkpt>
			<trkpt lat="40.591786" lon="-105.847191">
				<ele>2809.422659</ele>
				<time>2021-11-28T08:48:37Z</time>
			</trkpt>
			<trkpt lat="40.591335" lon="-105.847188">
				<ele>2811.627391</ele>
				<time>2021-11-28T08:48:58Z</time>
			</trkpt>
			<trkpt lat="40.590907" lon="-105.847124">
				<ele>2813.733106</ele>
				<time>2021-11-28T08:49:21Z</time>
			</trkpt>
			<trkpt lat="40.589609" lon="-105.846778">
				<ele>2819.72268</ele>
				<time>2021-11-28T08:50:25Z</time>
			</trkpt>
			<trkpt lat="40.589125" lon="-105.84672">
				<ele>2821.837462</ele>
				<time>2021-11-28T08:50:44Z</time>
			</trkpt>
			<trkpt lat="40.588523" lon="-105.846726">
				<ele>2824.608411</ele>
				<time>2021-11-28T08:51:07Z</time>
			</trkpt>
			<trkpt lat="40.587458" lon="-105.846936">
				<ele>2830.146479</ele>
				<time>2021-11-28T08:51:55Z</time>
			</trkpt>
			<trkpt lat="40.58676" lon="-105.847215">
				<ele>2834.62791</ele>
				<time>2021-11-28T08:52:36Z</time>
			</trkpt>
			<trkpt lat="40.58636" lon="-105.847407">
				<ele>2838.38002</ele>
				<time>2021-11-28T08:53:04Z</time>
			</trkpt>
			<trkpt lat="40.585721" lon="-105.847816">
				<ele>2844.641582</ele>
				<time>2021-11-28T08:53:55Z</time>
			</trkpt>
			<trkpt lat="40.584168" lon="-105.849386">
				<ele>2860.470067</ele>
				<time>2021-11-28T08:56:08Z</time>
			</trkpt>
			<trkpt lat="40.582444" lon="-105.851242">
				<ele>2869.352044</ele>
				<time>2021-11-28T08:57:33Z</time>
			</trkpt>
			<trkpt lat="40.581689" lon="-105.852317">
				<ele>2872.592322</ele>
				<time>2021-11-28T08:58:11Z</time>
			</trkpt>
			<trkpt lat="40.581096" lon="-105.853296">
				<ele>2876.279815</ele>
				<time>2021-11-28T08:58:48Z</time>
			</trkpt>
			<trkpt lat="40.58039" lon="-105.85438">
				<ele>2881.998198</ele>
				<time>2021-11-28T08:59:43Z</time>
			</trkpt>
			<trkpt lat="40.579705" lon="-105.855233">
				<ele>2887.376615</ele>
				<time>2021-11-28T09:00:35Z</time>
			</trkpt>
			<trkpt lat="40.579608" lon="-105.855354">
				<ele>2888.169309</ele>
				<time>2021-11-28T09:00:43Z</time>
			</trkpt>
			<trkpt lat="40.579275" lon="-105.855727">
				<ele>2890.762964</ele>
				<time>2021-11-28T09:01:07Z</time>
			</trkpt>
			<trkpt lat="40.578024" lon="-105.857121">
				<ele>2898.916709</ele>
				<time>2021-11-28T09:02:22Z</time>
			</trkpt>
			<trkpt lat="40.577796" lon="-105.85736">
				<ele>2900.200982</ele>
				<time>2021-11-28T09:02:33Z</time>
			</trkpt>
			<trkpt lat="40.57746" lon="-105.857723">
				<ele>2902.116299</ele>
				<time>2021-11-28T09:02:51Z</time>
			</trkpt>
			<trkpt lat="40.577129" lon="-105.858007">
				<ele>2904.268469</ele>
				<time>2021-11-28T09:03:09Z</time>
			</trkpt>
			<trkpt lat="40.576239" lon="-105.858557">
				<ele>2909.753365</ele>
				<time>2021-11-28T09:03:59Z</time>
			</trkpt>
			<trkpt lat="40.575975" lon="-105.858777">
				<ele>2911.496408</ele>
				<time>2021-11-28T09:04:17Z</time>
			</trkpt>
			<trkpt lat="40.575772" lon="-105.858992">
				<ele>2912.876461</ele>
				<time>2021-11-28T09:04:31Z</time>
			</trkpt>
			<trkpt lat="40.575548" lon="-105.859282">
				<ele>2914.416101</ele>
				<time>2021-11-28T09:04:48Z</time>
			</trkpt>
			<trkpt lat="40.575344" lon="-105.859602">
				<ele>2915.971247</ele>
				<time>2021-11-28T09:05:03Z</time>
			</trkpt>
			<trkpt lat="40.574988" lon="-105.860311">
				<ele>2919.135034</ele>
				<time>2021-11-28T09:05:31Z</time>
			</trkpt>
			<trkpt lat="40.574822" lon="-105.860588">
				<ele>2920.448457</ele>
				<time>2021-11-28T09:05:43Z</time>
			</trkpt>
			<trkpt lat="40.574624" lon="-105.860843">
				<ele>2921.874295</ele>
				<time>2021-11-28T09:05:54Z</time>
			</trkpt>
			<trkpt lat="40.574396" lon="-105.861078">
				<ele>2923.443815</ele>
				<time>2021-11-28T09:06:06Z</time>
			</trkpt>
			<trkpt lat="40.573929" lon="-105.861456">
				<ele>2926.415262</ele>
				<time>2021-11-28T09:06:30Z</time>
			</trkpt>
			<trkpt lat="40.572083" lon="-105.862829">
				<ele>2940.982111</ele>
				<time>2021-11-28T09:08:32Z</time>
			</trkpt>
			<trkpt lat="40.571586" lon="-105.863164">
				<ele>2945.38667</ele>
				<time>2021-11-28T09:09:11Z</time>
			</trkpt>
			<trkpt lat="40.571216" lon="-105.863338">
				<ele>2948.82677</ele>
				<time>2021-11-28T09:09:38Z</time>
			</trkpt>
			<trkpt lat="40.570917" lon="-105.863428">
				<ele>2951.512285</ele>
				<time>2021-11-28T09:09:59Z</time>
			</trkpt>
			<trkpt lat="40.570626" lon="-105.863479">
				<ele>2954.082675</ele>
				<time>2021-11-28T09:10:19Z</time>
			</trkpt>
			<trkpt lat="40.57033" lon="-105.863494">
				<ele>2956.676284</ele>
				<time>2021-11-28T09:10:39Z</time>
			</trkpt>
			<trkpt lat="40.569813" lon="-105.863439">
				<ele>2961.069644</ele>
				<time>2021-11-28T09:11:12Z</time>
			</trkpt>
			<trkpt lat="40.568379" lon="-105.863178">
				<ele>2970.180001</ele>
				<time>2021-11-28T09:12:31Z</time>
			</trkpt>
			<trkpt lat="40.56807" lon="-105.863156">
				<ele>2972.076405</ele>
				<time>2021-11-28T09:12:46Z</time>
			</trkpt>
			<trkpt lat="40.567468" lon="-105.86319">
				<ele>2974.213828</ele>
				<time>2021-11-28T09:13:12Z</time>
			</trkpt>
			<trkpt lat="40.567164" lon="-105.863229">
				<ele>2975.297308</ele>
				<time>2021-11-28T09:13:24Z</time>
			</trkpt>
			<trkpt lat="40.566688" lon="-105.863343">
				<ele>2977.013527</ele>
				<time>2021-11-28T09:13:42Z</time>
			</trkpt>
			<trkpt lat="40.566142" lon="-105.863538">
				<ele>2979.043207</ele>
				<time>2021-11-28T09:14:01Z</time>
			</trkpt>
			<trkpt lat="40.565894" lon="-105.863656">
				<ele>2980.012588</ele>
				<time>2021-11-28T09:14:11Z</time>
			</trkpt>
			<trkpt lat="40.565273" lon="-105.864015">
				<ele>2982.505841</ele>
				<time>2021-11-28T09:14:36Z</time>
			</trkpt>
			<trkpt lat="40.56478" lon="-105.864404">
				<ele>2984.618763</ele>
				<time>2021-11-28T09:15:02Z</time>
			</trkpt>
			<trkpt lat="40.564308" lon="-105.864865">
				<ele>2987.831764</ele>
				<time>2021-11-28T09:15:31Z</time>
			</trkpt>
			<trkpt lat="40.563864" lon="-105.865396">
				<ele>2991.343265</ele>
				<time>2021-11-28T09:16:02Z</time>
			</trkpt>
			<trkpt lat="40.563561" lon="-105.865839">
				<ele>2993.994056</ele>
				<time>2021-11-28T09:16:27Z</time>
			</trkpt>
			<trkpt lat="40.563243" lon="-105.866388">
				<ele>2997.392583</ele>
				<time>2021-11-28T09:16:55Z</time>
			</trkpt>
			<trkpt lat="40.562927" lon="-105.867055">
				<ele>3001.637245</ele>
				<time>2021-11-28T09:17:28Z</time>
			</trkpt>
			<trkpt lat="40.562685" lon="-105.867706">
				<ele>3005.550834</ele>
				<time>2021-11-28T09:18:00Z</time>
			</trkpt>
			<trkpt lat="40.562501" lon="-105.868373">
				<ele>3009.615742</ele>
				<time>2021-11-28T09:18:33Z</time>
			</trkpt>
			<trkpt lat="40.562024" lon="-105.870533">
				<ele>3024.293057</ele>
				<time>2021-11-28T09:20:28Z</time>
			</trkpt>
			<trkpt lat="40.561879" lon="-105.870997">
				<ele>3026.815457</ele>
				<time>2021-11-28T09:20:53Z</time>
			</trkpt>
			<trkpt lat="40.56173" lon="-105.871349">
				<ele>3028.841298</ele>
				<time>2021-11-28T09:21:11Z</time>
			</trkpt>
			<trkpt lat="40.561386" lon="-105.871944">
				<ele>3032.600379</ele>
				<time>2021-11-28T09:21:42Z</time>
			</trkpt>
			<trkpt lat="40.561035" lon="-105.872378">
				<ele>3035.787285</ele>
				<time>2021-11-28T09:22:04Z</time>
			</trkpt>
			<trkpt lat="40.560616" lon="-105.872756">
				<ele>3037.229172</ele>
				<time>2021-11-28T09:22:25Z</time>
			</trkpt>
			<trkpt lat="40.560146" lon="-105.873056">
				<ele>3038.706283</ele>
				<time>2021-11-28T09:22:45Z</time>
			</trkpt>
			<trkpt lat="40.558856" lon="-105.873776">
				<ele>3041.291856</ele>
				<time>2021-11-28T09:23:28Z</time>
			</trkpt>
			<trkpt lat="40.558424" lon="-105.874069">
				<ele>3041.606494</ele>
				<time>2021-11-28T09:23:39Z</time>
			</trkpt>
			<trkpt lat="40.5579" lon="-105.874494">
				<ele>3042.004984</ele>
				<time>2021-11-28T09:23:53Z</time>
			</trkpt>
			<trkpt lat="40.557795" lon="-105.874373">
				<ele>3042.055289</ele>
				<time>2021-11-28T09:23:56Z</time>
			</trkpt>
			<trkpt lat="40.557595" lon="-105.874358">
				<ele>3042.076289</ele>
				<time>2021-11-28T09:24:00Z</time>
			</trkpt>
			<trkpt lat="40.557478" lon="-105.874394">
				<ele>3042.088884</ele>
				<time>2021-11-28T09:24:03Z</time>
			</trkpt>
			<trkpt lat="40.55735" lon="-105.874484">
				<ele>3042.104096</ele>
				<time>2021-11-28T09:24:06Z</time>
			</trkpt>
			<trkpt lat="40.55661" lon="-105.875159">
				<ele>3042.198475</ele>
				<time>2021-11-28T09:24:26Z</time>
			</trkpt>
			<trkpt lat="40.556436" lon="-105.875384">
				<ele>3042.224045</ele>
				<time>2021-11-28T09:24:31Z</time>
			</trkpt>
			<trkpt lat="40.556348" lon="-105.875735">
				<ele>3042.338478</ele>
				<time>2021-11-28T09:24:39Z</time>
			</trkpt>
			<trkpt lat="40.556312" lon="-105.875822">
				<ele>3042.384943</ele>
				<time>2021-11-28T09:24:41Z</time>
			</trkpt>
			<trkpt lat="40.556137" lon="-105.876035">
				<ele>3042.53209</ele>
				<time>2021-11-28T09:24:47Z</time>
			</trkpt>
			<trkpt lat="40.556155" lon="-105.876103">
				<ele>3042.565864</ele>
				<time>2021-11-28T09:24:49Z</time>
			</trkpt>
			<trkpt lat="40.555446" lon="-105.876549">
				<ele>3043.050978</ele>
				<time>2021-11-28T09:25:10Z</time>
			</trkpt>
			<trkpt lat="40.55513" lon="-105.876703">
				<ele>3043.258999</ele>
				<time>2021-11-28T09:25:19Z</time>
			</trkpt>
			<trkpt lat="40.554637" lon="-105.876887">
				<ele>3043.222793</ele>
				<time>2021-11-28T09:25:30Z</time>
			</trkpt>
			<trkpt lat="40.553949" lon="-105.877071">
				<ele>3042.988604</ele>
				<time>2021-11-28T09:25:44Z</time>
			</trkpt>
			<trkpt lat="40.552588" lon="-105.87729">
				<ele>3043.066165</ele>
				<time>2021-11-28T09:26:13Z</time>
			</trkpt>
			<trkpt lat="40.552112" lon="-105.877436">
				<ele>3043.308291</ele>
				<time>2021-11-28T09:26:25Z</time>
			</trkpt>
			<trkpt lat="40.551661" lon="-105.877669">
				<ele>3043.54831</ele>
				<time>2021-11-28T09:26:39Z</time>
			</trkpt>
			<trkpt lat="40.550507" lon="-105.878426">
				<ele>3045.28175</ele>
				<time>2021-11-28T09:27:20Z</time>
			</trkpt>
			<trkpt lat="40.550127" lon="-105.878593">
				<ele>3045.875555</ele>
				<time>2021-11-28T09:27:31Z</time>
			</trkpt>
			<trkpt lat="40.549578" lon="-105.878691">
				<ele>3046.34775</ele>
				<time>2021-11-28T09:27:46Z</time>
			</trkpt>
			<trkpt lat="40.548444" lon="-105.878683">
				<ele>3046.537062</ele>
				<time>2021-11-28T09:28:12Z</time>
			</trkpt>
			<trkpt lat="40.547948" lon="-105.878742">
				<ele>3046.535003</ele>
				<time>2021-11-28T09:28:23Z</time>
			</trkpt>
			<trkpt lat="40.547612" lon="-105.878826">
				<ele>3046.296955</ele>
				<time>2021-11-28T09:28:30Z</time>
			</trkpt>
			<trkpt lat="40.546435" lon="-105.879224">
				<ele>3045.451118</ele>
				<time>2021-11-28T09:28:55Z</time>
			</trkpt>
			<trkpt lat="40.544723" lon="-105.879572">
				<ele>3042.995637</ele>
				<time>2021-11-28T09:29:28Z</time>
			</trkpt>
			<trkpt lat="40.544221" lon="-105.879732">
				<ele>3042.444207</ele>
				<time>2021-11-28T09:29:38Z</time>
			</trkpt>
			<trkpt lat="40.543568" lon="-105.880039">
				<ele>3041.899331</ele>
				<time>2021-11-28T09:29:51Z</time>
			</trkpt>
			<trkpt lat="40.542947" lon="-105.88043">
				<ele>3041.358383</ele>
				<time>2021-11-28T09:30:05Z</time>
			</trkpt>
			<trkpt lat="40.5425" lon="-105.88077">
				<ele>3042.200711</ele>
				<time>2021-11-28T09:30:19Z</time>
			</trkpt>
			<trkpt lat="40.541204" lon="-105.881844">
				<ele>3045.972442</ele>
				<time>2021-11-28T09:31:15Z</time>
			</trkpt>
			<trkpt lat="40.540585" lon="-105.882287">
				<ele>3048.983195</ele>
				<time>2021-11-28T09:31:44Z</time>
			</trkpt>
			<trkpt lat="40.540331" lon="-105.882432">
				<ele>3050.166227</ele>
				<time>2021-11-28T09:31:56Z</time>
			</trkpt>
			<trkpt lat="40.538908" lon="-105.88317">
				<ele>3057.960295</ele>
				<time>2021-11-28T09:33:10Z</time>
			</trkpt>
			<trkpt lat="40.538161" lon="-105.883519">
				<ele>3062.517861</ele>
				<time>2021-11-28T09:33:52Z</time>
			</trkpt>
			<trkpt lat="40.536551" lon="-105.884333">
				<ele>3073.244242</ele>
				<time>2021-11-28T09:35:27Z</time>
			</trkpt>
			<trkpt lat="40.536109" lon="-105.884596">
				<ele>3075.791774</ele>
				<time>2021-11-28T09:35:51Z</time>
			</trkpt>
			<trkpt lat="40.535514" lon="-105.885034">
				<ele>3078.762074</ele>
				<time>2021-11-28T09:36:22Z</time>
			</trkpt>
			<trkpt lat="40.535012" lon="-105.885492">
				<ele>3081.423426</ele>
				<time>2021-11-28T09:36:47Z</time>
			</trkpt>
			<trkpt lat="40.534501" lon="-105.886054">
				<ele>3083.88846</ele>
				<time>2021-11-28T09:37:13Z</time>
			</trkpt>
			<trkpt lat="40.533244" lon="-105.887754">
				<ele>3090.036136</ele>
				<time>2021-11-28T09:38:22Z</time>
			</trkpt>
			<trkpt lat="40.532708" lon="-105.888316">
				<ele>3092.595886</ele>
				<time>2021-11-28T09:38:50Z</time>
			</trkpt>
			<trkpt lat="40.532198" lon="-105.888739">
				<ele>3094.847508</ele>
				<time>2021-11-28T09:39:15Z</time>
			</trkpt>
			<trkpt lat="40.531582" lon="-105.889114">
				<ele>3097.65159</ele>
				<time>2021-11-28T09:39:46Z</time>
			</trkpt>
			<trkpt lat="40.530019" lon="-105.889754">
				<ele>3103.945666</ele>
				<time>2021-11-28T09:40:57Z</time>
			</trkpt>
			<trkpt lat="40.528852" lon="-105.890493">
				<ele>3107.660742</ele>
				<time>2021-11-28T09:41:41Z</time>
			</trkpt>
			<trkpt lat="40.52842" lon="-105.890738">
				<ele>3109.088155</ele>
				<time>2021-11-28T09:41:56Z</time>
			</trkpt>
			<trkpt lat="40.5278" lon="-105.891009">
				<ele>3111.09116</ele>
				<time>2021-11-28T09:42:19Z</time>
			</trkpt>
			<trkpt lat="40.526982" lon="-105.891231">
				<ele>3113.799396</ele>
				<time>2021-11-28T09:42:53Z</time>
			</trkpt>
			<trkpt lat="40.526521" lon="-105.8913">
				<ele>3116.026736</ele>
				<time>2021-11-28T09:43:15Z</time>
			</trkpt>
			<trkpt lat="40.524339" lon="-105.891511">
				<ele>3125.042692</ele>
				<time>2021-11-28T09:44:59Z</time>
			</trkpt>
			<trkpt lat="40.521641" lon="-105.891859">
				<ele>3129.507196</ele>
				<time>2021-11-28T09:46:16Z</time>
			</trkpt>
			<trkpt lat="40.52118" lon="-105.892002">
				<ele>3129.092236</ele>
				<time>2021-11-28T09:46:25Z</time>
			</trkpt>
			<trkpt lat="40.520974" lon="-105.892109">
				<ele>3128.8982</ele>
				<time>2021-11-28T09:46:29Z</time>
			</trkpt>
			<trkpt lat="40.52074" lon="-105.892286">
				<ele>3128.661718</ele>
				<time>2021-11-28T09:46:34Z</time>
			</trkpt>
			<trkpt lat="40.520503" lon="-105.892486">
				<ele>3128.41503</ele>
				<time>2021-11-28T09:46:40Z</time>
			</trkpt>
			<trkpt lat="40.520068" lon="-105.892849">
				<ele>3127.963335</ele>
				<time>2021-11-28T09:46:50Z</time>
			</trkpt>
			<trkpt lat="40.51987" lon="-105.893003">
				<ele>3127.756014</ele>
				<time>2021-11-28T09:46:55Z</time>
			</trkpt>
			<trkpt lat="40.519613" lon="-105.893154">
				<ele>3127.502319</ele>
				<time>2021-11-28T09:47:00Z</time>
			</trkpt>
			<trkpt lat="40.519406" lon="-105.893214">
				<ele>3127.311271</ele>
				<time>2021-11-28T09:47:05Z</time>
			</trkpt>
			<trkpt lat="40.519207" lon="-105.893226">
				<ele>3127.13172</ele>
				<time>2021-11-28T09:47:09Z</time>
			</trkpt>
			<trkpt lat="40.519053" lon="-105.893202">
				<ele>3126.991946</ele>
				<time>2021-11-28T09:47:12Z</time>
			</trkpt>
			<trkpt lat="40.518852" lon="-105.89312">
				<ele>3126.802268</ele>
				<time>2021-11-28T09:47:17Z</time>
			</trkpt>
			<trkpt lat="40.518522" lon="-105.892859">
				<ele>3126.455211</ele>
				<time>2021-11-28T09:47:25Z</time>
			</trkpt>
			<trkpt lat="40.51627" lon="-105.890456">
				<ele>3118.893558</ele>
				<time>2021-11-28T09:48:17Z</time>
			</trkpt>
			<trkpt lat="40.515892" lon="-105.890014">
				<ele>3117.107821</ele>
				<time>2021-11-28T09:48:25Z</time>
			</trkpt>
			<trkpt lat="40.515623" lon="-105.889628">
				<ele>3115.422742</ele>
				<time>2021-11-28T09:48:31Z</time>
			</trkpt>
			<trkpt lat="40.515463" lon="-105.889354">
				<ele>3113.730243</ele>
				<time>2021-11-28T09:48:35Z</time>
			</trkpt>
			<trkpt lat="40.514983" lon="-105.888293">
				<ele>3107.682032</ele>
				<time>2021-11-28T09:48:50Z</time>
			</trkpt>
			<trkpt lat="40.514737" lon="-105.887834">
				<ele>3104.930933</ele>
				<time>2021-11-28T09:48:56Z</time>
			</trkpt>
			<trkpt lat="40.514589" lon="-105.887631">
				<ele>3103.629616</ele>
				<time>2021-11-28T09:48:59Z</time>
			</trkpt>
			<trkpt lat="40.514373" lon="-105.887408">
				<ele>3102.011005</ele>
				<time>2021-11-28T09:49:03Z</time>
			</trkpt>
			<trkpt lat="40.51405" lon="-105.887173">
				<ele>3099.835162</ele>
				<time>2021-11-28T09:49:09Z</time>
			</trkpt>
			<trkpt lat="40.512641" lon="-105.886534">
				<ele>3091.059061</ele>
				<time>2021-11-28T09:49:32Z</time>
			</trkpt>
			<trkpt lat="40.512199" lon="-105.886447">
				<ele>3088.433408</ele>
				<time>2021-11-28T09:49:39Z</time>
			</trkpt>
			<trkpt lat="40.511455" lon="-105.886407">
				<ele>3084.058778</ele>
				<time>2021-11-28T09:49:51Z</time>
			</trkpt>
			<trkpt lat="40.510636" lon="-105.886216">
				<ele>3077.587425</ele>
				<time>2021-11-28T09:50:03Z</time>
			</trkpt>
			<trkpt lat="40.509921" lon="-105.885991">
				<ele>3071.602735</ele>
				<time>2021-11-28T09:50:14Z</time>
			</trkpt>
			<trkpt lat="40.509207" lon="-105.885643">
				<ele>3064.611715</ele>
				<time>2021-11-28T09:50:25Z</time>
			</trkpt>
			<trkpt lat="40.508885" lon="-105.885547">
				<ele>3061.2657</ele>
				<time>2021-11-28T09:50:30Z</time>
			</trkpt>
			<trkpt lat="40.508698" lon="-105.885549">
				<ele>3059.370531</ele>
				<time>2021-11-28T09:50:32Z</time>
			</trkpt>
			<trkpt lat="40.508545" lon="-105.885592">
				<ele>3057.784985</ele>
				<time>2021-11-28T09:50:34Z</time>
			</trkpt>
			<trkpt lat="40.508015" lon="-105.885973">
				<ele>3051.663911</ele>
				<time>2021-11-28T09:50:43Z</time>
			</trkpt>
			<trkpt lat="40.507897" lon="-105.886028">
				<ele>3050.397113</ele>
				<time>2021-11-28T09:50:45Z</time>
			</trkpt>
			<trkpt lat="40.507018" lon="-105.886048">
				<ele>3042.504371</ele>
				<time>2021-11-28T09:50:57Z</time>
			</trkpt>
			<trkpt lat="40.506715" lon="-105.886187">
				<ele>3039.623344</ele>
				<time>2021-11-28T09:51:02Z</time>
			</trkpt>
			<trkpt lat="40.506569" lon="-105.886319">
				<ele>3038.032741</ele>
				<time>2021-11-28T09:51:04Z</time>
			</trkpt>
			<trkpt lat="40.506375" lon="-105.886603">
				<ele>3035.426622</ele>
				<time>2021-11-28T09:51:09Z</time>
			</trkpt>
			<trkpt lat="40.506291" lon="-105.886819">
				<ele>3034.009866</ele>
				<time>2021-11-28T09:51:11Z</time>
			</trkpt>
			<trkpt lat="40.506233" lon="-105.887067">
				<ele>3033.097829</ele>
				<time>2021-11-28T09:51:14Z</time>
			</trkpt>
			<trkpt lat="40.506193" lon="-105.887392">
				<ele>3031.940569</ele>
				<time>2021-11-28T09:51:18Z</time>
			</trkpt>
			<trkpt lat="40.505974" lon="-105.88982">
				<ele>3024.032477</ele>
				<time>2021-11-28T09:51:49Z</time>
			</trkpt>
			<trkpt lat="40.505964" lon="-105.890262">
				<ele>3022.888006</ele>
				<time>2021-11-28T09:51:55Z</time>
			</trkpt>
			<trkpt lat="40.506004" lon="-105.891491">
				<ele>3019.663265</ele>
				<time>2021-11-28T09:52:11Z</time>
			</trkpt>
			<trkpt lat="40.505979" lon="-105.892068">
				<ele>3017.665244</ele>
				<time>2021-11-28T09:52:18Z</time>
			</trkpt>
			<trkpt lat="40.505926" lon="-105.89251">
				<ele>3016.11829</ele>
				<time>2021-11-28T09:52:24Z</time>
			</trkpt>
			<trkpt lat="40.505786" lon="-105.893181">
				<ele>3013.712773</ele>
				<time>2021-11-28T09:52:33Z</time>
			</trkpt>
			<trkpt lat="40.504849" lon="-105.896818">
				<ele>2997.228894</ele>
				<time>2021-11-28T09:53:18Z</time>
			</trkpt>
			<trkpt lat="40.504764" lon="-105.897102">
				<ele>2995.774089</ele>
				<time>2021-11-28T09:53:21Z</time>
			</trkpt>
			<trkpt lat="40.504451" lon="-105.897945">
				<ele>2991.30237</ele>
				<time>2021-11-28T09:53:32Z</time>
			</trkpt>
			<trkpt lat="40.504399" lon="-105.898163">
				<ele>2990.21332</ele>
				<time>2021-11-28T09:53:35Z</time>
			</trkpt>
			<trkpt lat="40.504367" lon="-105.898403">
				<ele>2989.050911</ele>
				<time>2021-11-28T09:53:38Z</time>
			</trkpt>
			<trkpt lat="40.50435" lon="-105.898796">
				<ele>2987.172929</ele>
				<time>2021-11-28T09:53:42Z</time>
			</trkpt>
			<trkpt lat="40.504331" lon="-105.900281">
				<ele>2980.08719</ele>
				<time>2021-11-28T09:53:59Z</time>
			</trkpt>
			<trkpt lat="40.504252" lon="-105.900665">
				<ele>2978.573964</ele>
				<time>2021-11-28T09:54:04Z</time>
			</trkpt>
			<trkpt lat="40.504039" lon="-105.901321">
				<ele>2977.153299</ele>
				<time>2021-11-28T09:54:13Z</time>
			</trkpt>
			<trkpt lat="40.503975" lon="-105.901734">
				<ele>2976.313835</ele>
				<time>2021-11-28T09:54:19Z</time>
			</trkpt>
			<trkpt lat="40.503981" lon="-105.902055">
				<ele>2975.674319</ele>
				<time>2021-11-28T09:54:23Z</time>
			</trkpt>
			<trkpt lat="40.504024" lon="-105.902364">
				<ele>2975.048675</ele>
				<time>2021-11-28T09:54:28Z</time>
			</trkpt>
			<trkpt lat="40.504393" lon="-105.90393">
				<ele>2973.013821</ele>
				<time>2021-11-28T09:54:54Z</time>
			</trkpt>
			<trkpt lat="40.504537" lon="-105.905058">
				<ele>2971.926032</ele>
				<time>2021-11-28T09:55:11Z</time>
			</trkpt>
			<trkpt lat="40.504654" lon="-105.905489">
				<ele>2970.325344</ele>
				<time>2021-11-28T09:55:17Z</time>
			</trkpt>
			<trkpt lat="40.504863" lon="-105.905994">
				<ele>2968.176598</ele>
				<time>2021-11-28T09:55:24Z</time>
			</trkpt>
			<trkpt lat="40.504932" lon="-105.906313">
				<ele>2966.937132</ele>
				<time>2021-11-28T09:55:28Z</time>
			</trkpt>
			<trkpt lat="40.504942" lon="-105.906548">
				<ele>2966.057517</ele>
				<time>2021-11-28T09:55:31Z</time>
			</trkpt>
			<trkpt lat="40.504889" lon="-105.907396">
				<ele>2962.870221</ele>
				<time>2021-11-28T09:55:41Z</time>
			</trkpt>
			<trkpt lat="40.504883" lon="-105.907976">
				<ele>2960.607483</ele>
				<time>2021-11-28T09:55:47Z</time>
			</trkpt>
			<trkpt lat="40.504892" lon="-105.910895">
				<ele>2950.882234</ele>
				<time>2021-11-28T09:56:23Z</time>
			</trkpt>
			<trkpt lat="40.505016" lon="-105.911714">
				<ele>2948.80144</ele>
				<time>2021-11-28T09:56:35Z</time>
			</trkpt>
			<trkpt lat="40.505166" lon="-105.912288">
				<ele>2947.343242</ele>
				<time>2021-11-28T09:56:43Z</time>
			</trkpt>
			<trkpt lat="40.505363" lon="-105.912826">
				<ele>2945.981884</ele>
				<time>2021-11-28T09:56:51Z</time>
			</trkpt>
			<trkpt lat="40.505582" lon="-105.913249">
				<ele>2944.815194</ele>
				<time>2021-11-28T09:56:58Z</time>
			</trkpt>
			<trkpt lat="40.50639" lon="-105.914689">
				<ele>2940.096168</ele>
				<time>2021-11-28T09:57:21Z</time>
			</trkpt>
			<trkpt lat="40.506792" lon="-105.915554">
				<ele>2936.963541</ele>
				<time>2021-11-28T09:57:33Z</time>
			</trkpt>
			<trkpt lat="40.507027" lon="-105.916281">
				<ele>2934.403287</ele>
				<time>2021-11-28T09:57:43Z</time>
			</trkpt>
			<trkpt lat="40.507176" lon="-105.916957">
				<ele>2931.858379</ele>
				<time>2021-11-28T09:57:52Z</time>
			</trkpt>
			<trkpt lat="40.507256" lon="-105.917621">
				<ele>2929.427543</ele>
				<time>2021-11-28T09:58:00Z</time>
			</trkpt>
			<trkpt lat="40.507276" lon="-105.918441">
				<ele>2926.429058</ele>
				<time>2021-11-28T09:58:10Z</time>
			</trkpt>
			<trkpt lat="40.507202" lon="-105.91931">
				<ele>2922.78187</ele>
				<time>2021-11-28T09:58:20Z</time>
			</trkpt>
			<trkpt lat="40.507095" lon="-105.919895">
				<ele>2920.272272</ele>
				<time>2021-11-28T09:58:27Z</time>
			</trkpt>
			<trkpt lat="40.506829" lon="-105.92079">
				<ele>2916.371617</ele>
				<time>2021-11-28T09:58:39Z</time>
			</trkpt>
			<trkpt lat="40.505753" lon="-105.923293">
				<ele>2907.136483</ele>
				<time>2021-11-28T09:59:14Z</time>
			</trkpt>
			<trkpt lat="40.505409" lon="-105.924208">
				<ele>2904.31346</ele>
				<time>2021-11-28T09:59:28Z</time>
			</trkpt>
			<trkpt lat="40.505089" lon="-105.925355">
				<ele>2900.326404</ele>
				<time>2021-11-28T09:59:43Z</time>
			</trkpt>
			<trkpt lat="40.504847" lon="-105.926079">
				<ele>2897.206885</ele>
				<time>2021-11-28T09:59:53Z</time>
			</trkpt>
			<trkpt lat="40.504638" lon="-105.926492">
				<ele>2895.250019</ele>
				<time>2021-11-28T09:59:59Z</time>
			</trkpt>
			<trkpt lat="40.503113" lon="-105.928729">
				<ele>2882.27913</ele>
				<time>2021-11-28T10:00:34Z</time>
			</trkpt>
			<trkpt lat="40.502909" lon="-105.929153">
				<ele>2881.148599</ele>
				<time>2021-11-28T10:00:40Z</time>
			</trkpt>
			<trkpt lat="40.50278" lon="-105.929592">
				<ele>2880.088163</ele>
				<time>2021-11-28T10:00:46Z</time>
			</trkpt>
			<trkpt lat="40.502729" lon="-105.930016">
				<ele>2879.120938</ele>
				<time>2021-11-28T10:00:52Z</time>
			</trkpt>
			<trkpt lat="40.502728" lon="-105.93028">
				<ele>2878.526092</ele>
				<time>2021-11-28T10:00:56Z</time>
			</trkpt>
			<trkpt lat="40.502758" lon="-105.930599">
				<ele>2877.801853</ele>
				<time>2021-11-28T10:01:01Z</time>
			</trkpt>
			<trkpt lat="40.502818" lon="-105.930909">
				<ele>2877.068334</ele>
				<time>2021-11-28T10:01:05Z</time>
			</trkpt>
			<trkpt lat="40.502885" lon="-105.931112">
				<ele>2876.410374</ele>
				<time>2021-11-28T10:01:08Z</time>
			</trkpt>
			<trkpt lat="40.503204" lon="-105.93189">
				<ele>2873.782371</ele>
				<time>2021-11-28T10:01:20Z</time>
			</trkpt>
			<trkpt lat="40.503346" lon="-105.932335">
				<ele>2872.347531</ele>
				<time>2021-11-28T10:01:26Z</time>
			</trkpt>
			<trkpt lat="40.503416" lon="-105.932798">
				<ele>2870.944013</ele>
				<time>2021-11-28T10:01:31Z</time>
			</trkpt>
			<trkpt lat="40.50342" lon="-105.933424">
				<ele>2868.724088</ele>
				<time>2021-11-28T10:01:39Z</time>
			</trkpt>
			<trkpt lat="40.503374" lon="-105.934312">
				<ele>2865.133689</ele>
				<time>2021-11-28T10:01:49Z</time>
			</trkpt>
			<trkpt lat="40.503372" lon="-105.934897">
				<ele>2862.773839</ele>
				<time>2021-11-28T10:01:56Z</time>
			</trkpt>
			<trkpt lat="40.503404" lon="-105.935579">
				<ele>2860.2684</ele>
				<time>2021-11-28T10:02:04Z</time>
			</trkpt>
			<trkpt lat="40.503579" lon="-105.937657">
				<ele>2855.839136</ele>
				<time>2021-11-28T10:02:33Z</time>
			</trkpt>
			<trkpt lat="40.503601" lon="-105.938381">
				<ele>2854.630022</ele>
				<time>2021-11-28T10:02:43Z</time>
			</trkpt>
			<trkpt lat="40.503585" lon="-105.939035">
				<ele>2853.610991</ele>
				<time>2021-11-28T10:02:52Z</time>
			</trkpt>
			<trkpt lat="40.503524" lon="-105.939855">
				<ele>2852.32787</ele>
				<time>2021-11-28T10:03:04Z</time>
			</trkpt>
			<trkpt lat="40.502966" lon="-105.944217">
				<ele>2845.209611</ele>
				<time>2021-11-28T10:04:04Z</time>
			</trkpt>
			<trkpt lat="40.502734" lon="-105.946065">
				<ele>2843.031468</ele>
				<time>2021-11-28T10:04:32Z</time>
			</trkpt>
			<trkpt lat="40.502624" lon="-105.94673">
				<ele>2842.346757</ele>
				<time>2021-11-28T10:04:42Z</time>
			</trkpt>
			<trkpt lat="40.502507" lon="-105.947211">
				<ele>2841.801678</ele>
				<time>2021-11-28T10:04:50Z</time>
			</trkpt>
			<trkpt lat="40.501154" lon="-105.951187">
				<ele>2835.07171</ele>
				<time>2021-11-28T10:05:50Z</time>
			</trkpt>
			<trkpt lat="40.500895" lon="-105.952304">
				<ele>2833.035193</ele>
				<time>2021-11-28T10:06:06Z</time>
			</trkpt>
			<trkpt lat="40.500442" lon="-105.956348">
				<ele>2826.168092</ele>
				<time>2021-11-28T10:07:02Z</time>
			</trkpt>
			<trkpt lat="40.500421" lon="-105.95692">
				<ele>2825.709476</ele>
				<time>2021-11-28T10:07:10Z</time>
			</trkpt>
			<trkpt lat="40.500445" lon="-105.9575">
				<ele>2825.244301</ele>
				<time>2021-11-28T10:07:19Z</time>
			</trkpt>
			<trkpt lat="40.500526" lon="-105.957987">
				<ele>2824.84507</ele>
				<time>2021-11-28T10:07:27Z</time>
			</trkpt>
			<trkpt lat="40.500759" lon="-105.958988">
				<ele>2824.428304</ele>
				<time>2021-11-28T10:07:44Z</time>
			</trkpt>
			<trkpt lat="40.500917" lon="-105.95986">
				<ele>2824.382592</ele>
				<time>2021-11-28T10:07:59Z</time>
			</trkpt>
			<trkpt lat="40.5012" lon="-105.961885">
				<ele>2824.683267</ele>
				<time>2021-11-28T10:08:35Z</time>
			</trkpt>
			<trkpt lat="40.501353" lon="-105.962695">
				<ele>2824.934567</ele>
				<time>2021-11-28T10:08:50Z</time>
			</trkpt>
			<trkpt lat="40.502543" lon="-105.966544">
				<ele>2826.873813</ele>
				<time>2021-11-28T10:10:13Z</time>
			</trkpt>
			<trkpt lat="40.502935" lon="-105.967499">
				<ele>2827.177754</ele>
				<time>2021-11-28T10:10:32Z</time>
			</trkpt>
			<trkpt lat="40.503297" lon="-105.968181">
				<ele>2827.007909</ele>
				<time>2021-11-28T10:10:45Z</time>
			</trkpt>
			<trkpt lat="40.504337" lon="-105.969836">
				<ele>2826.669295</ele>
				<time>2021-11-28T10:11:20Z</time>
			</trkpt>
			<trkpt lat="40.505278" lon="-105.971367">
				<ele>2826.396457</ele>
				<time>2021-11-28T10:11:54Z</time>
			</trkpt>
			<trkpt lat="40.50558" lon="-105.972039">
				<ele>2826.038313</ele>
				<time>2021-11-28T10:12:06Z</time>
			</trkpt>
			<trkpt lat="40.505753" lon="-105.972515">
				<ele>2825.796256</ele>
				<time>2021-11-28T10:12:15Z</time>
			</trkpt>
			<trkpt lat="40.505867" lon="-105.972983">
				<ele>2825.570788</ele>
				<time>2021-11-28T10:12:22Z</time>
			</trkpt>
			<trkpt lat="40.505965" lon="-105.973695">
				<ele>2824.69567</ele>
				<time>2021-11-28T10:12:33Z</time>
			</trkpt>
			<trkpt lat="40.506153" lon="-105.976996">
				<ele>2819.099402</ele>
				<time>2021-11-28T10:13:18Z</time>
			</trkpt>
			<trkpt lat="40.50613" lon="-105.97767">
				<ele>2817.823879</ele>
				<time>2021-11-28T10:13:27Z</time>
			</trkpt>
			<trkpt lat="40.506065" lon="-105.978472">
				<ele>2816.466453</ele>
				<time>2021-11-28T10:13:38Z</time>
			</trkpt>
			<trkpt lat="40.505947" lon="-105.979364">
				<ele>2815.022953</ele>
				<time>2021-11-28T10:13:50Z</time>
			</trkpt>
			<trkpt lat="40.505039" lon="-105.985283">
				<ele>2808.154479</ele>
				<time>2021-11-28T10:15:18Z</time>
			</trkpt>
			<trkpt lat="40.50499" lon="-105.986058">
				<ele>2807.11214</ele>
				<time>2021-11-28T10:15:30Z</time>
			</trkpt>
			<trkpt lat="40.505057" lon="-105.986793">
				<ele>2806.119945</ele>
				<time>2021-11-28T10:15:40Z</time>
			</trkpt>
			<trkpt lat="40.505301" lon="-105.987707">
				<ele>2804.313931</ele>
				<time>2021-11-28T10:15:53Z</time>
			</trkpt>
			<trkpt lat="40.509468" lon="-105.9988">
				<ele>2776.16179</ele>
				<time>2021-11-28T10:18:35Z</time>
			</trkpt>
			<trkpt lat="40.509984" lon="-106.000354">
				<ele>2772.834455</ele>
				<time>2021-11-28T10:18:59Z</time>
			</trkpt>
			<trkpt lat="40.510409" lon="-106.002026">
				<ele>2769.593634</ele>
				<time>2021-11-28T10:19:23Z</time>
			</trkpt>
			<trkpt lat="40.510549" lon="-106.002704">
				<ele>2768.233926</ele>
				<time>2021-11-28T10:19:32Z</time>
			</trkpt>
			<trkpt lat="40.511151" lon="-106.006302">
				<ele>2761.214583</ele>
				<time>2021-11-28T10:20:21Z</time>
			</trkpt>
			<trkpt lat="40.511443" lon="-106.008047">
				<ele>2758.419219</ele>
				<time>2021-11-28T10:20:46Z</time>
			</trkpt>
			<trkpt lat="40.511626" lon="-106.008821">
				<ele>2757.246629</ele>
				<time>2021-11-28T10:20:58Z</time>
			</trkpt>
			<trkpt lat="40.511884" lon="-106.009646">
				<ele>2756.090305</ele>
				<time>2021-11-28T10:21:10Z</time>
			</trkpt>
			<trkpt lat="40.512005" lon="-106.009946">
				<ele>2755.677042</ele>
				<time>2021-11-28T10:21:15Z</time>
			</trkpt>
			<trkpt lat="40.512594" lon="-106.011122">
				<ele>2753.963345</ele>
				<time>2021-11-28T10:21:36Z</time>
			</trkpt>
			<trkpt lat="40.512994" lon="-106.011721">
				<ele>2752.80467</ele>
				<time>2021-11-28T10:21:47Z</time>
			</trkpt>
			<trkpt lat="40.513411" lon="-106.012243">
				<ele>2751.696282</ele>
				<time>2021-11-28T10:21:58Z</time>
			</trkpt>
			<trkpt lat="40.519181" lon="-106.01815">
				<ele>2734.748602</ele>
				<time>2021-11-28T10:24:09Z</time>
			</trkpt>
			<trkpt lat="40.522364" lon="-106.02141">
				<ele>2726.531063</ele>
				<time>2021-11-28T10:25:23Z</time>
			</trkpt>
			<trkpt lat="40.52636" lon="-106.026796">
				<ele>2715.541445</ele>
				<time>2021-11-28T10:27:09Z</time>
			</trkpt>
			<trkpt lat="40.526264" lon="-106.026904">
				<ele>2715.290781</ele>
				<time>2021-11-28T10:27:12Z</time>
			</trkpt>
			<trkpt lat="40.526201" lon="-106.027041">
				<ele>2715.049254</ele>
				<time>2021-11-28T10:27:16Z</time>
			</trkpt>
			<trkpt lat="40.526148" lon="-106.027731">
				<ele>2714.003151</ele>
				<time>2021-11-28T10:27:33Z</time>
			</trkpt>
			<trkpt lat="40.526065" lon="-106.028171">
				<ele>2713.319317</ele>
				<time>2021-11-28T10:27:44Z</time>
			</trkpt>
			<trkpt lat="40.525968" lon="-106.028463">
				<ele>2712.838635</ele>
				<time>2021-11-28T10:27:52Z</time>
			</trkpt>
			<trkpt lat="40.525906" lon="-106.028645">
				<ele>2712.537793</ele>
				<time>2021-11-28T10:27:57Z</time>
			</trkpt>
			<trkpt lat="40.52572" lon="-106.029202">
				<ele>2712.779543</ele>
				<time>2021-11-28T10:28:13Z</time>
			</trkpt>
			<trkpt lat="40.525518" lon="-106.029568">
				<ele>2713.061539</ele>
				<time>2021-11-28T10:28:27Z</time>
			</trkpt>
			<trkpt lat="40.524853" lon="-106.030038">
				<ele>2713.680717</ele>
				<time>2021-11-28T10:29:00Z</time>
			</trkpt>
			<trkpt lat="40.524558" lon="-106.030309">
				<ele>2714.040344</ele>
				<time>2021-11-28T10:29:18Z</time>
			</trkpt>
			<trkpt lat="40.524044" lon="-106.030913">
				<ele>2715.212598</ele>
				<time>2021-11-28T10:29:52Z</time>
			</trkpt>
			<trkpt lat="40.523622" lon="-106.031267">
				<ele>2716.06389</ele>
				<time>2021-11-28T10:30:15Z</time>
			</trkpt>
			<trkpt lat="40.522706" lon="-106.031554">
				<ele>2717.127814</ele>
				<time>2021-11-28T10:30:54Z</time>
			</trkpt>
			<trkpt lat="40.521864" lon="-106.032493">
				<ele>2717.54314</ele>
				<time>2021-11-28T10:31:36Z</time>
			</trkpt>
			<trkpt lat="40.521549" lon="-106.032665">
				<ele>2717.685364</ele>
				<time>2021-11-28T10:31:48Z</time>
			</trkpt>
			<trkpt lat="40.520418" lon="-106.032668">
				<ele>2718.412299</ele>
				<time>2021-11-28T10:32:33Z</time>
			</trkpt>
			<trkpt lat="40.519515" lon="-106.032674">
				<ele>2719.258683</ele>
				<time>2021-11-28T10:33:12Z</time>
			</trkpt>
			<trkpt lat="40.519438" lon="-106.032675">
				<ele>2719.379411</ele>
				<time>2021-11-28T10:33:15Z</time>
			</trkpt>
			<trkpt lat="40.517772" lon="-106.032708">
				<ele>2722.058495</ele>
				<time>2021-11-28T10:34:30Z</time>
			</trkpt>
			<trkpt lat="40.51739" lon="-106.032655">
				<ele>2722.771292</ele>
				<time>2021-11-28T10:34:48Z</time>
			</trkpt>
			<trkpt lat="40.516775" lon="-106.032059">
				<ele>2724.188797</ele>
				<time>2021-11-28T10:35:24Z</time>
			</trkpt>
			<trkpt lat="40.516289" lon="-106.031753">
				<ele>2725.208067</ele>
				<time>2021-11-28T10:35:49Z</time>
			</trkpt>
			<trkpt lat="40.515331" lon="-106.031234">
				<ele>2727.298067</ele>
				<time>2021-11-28T10:36:38Z</time>
			</trkpt>
			<trkpt lat="40.514928" lon="-106.030674">
				<ele>2728.480618</ele>
				<time>2021-11-28T10:37:06Z</time>
			</trkpt>
			<trkpt lat="40.514483" lon="-106.029852">
				<ele>2730.085841</ele>
				<time>2021-11-28T10:37:42Z</time>
			</trkpt>
			<trkpt lat="40.513849" lon="-106.029034">
				<ele>2731.949336</ele>
				<time>2021-11-28T10:38:24Z</time>
			</trkpt>
			<trkpt lat="40.513534" lon="-106.028627">
				<ele>2732.906733</ele>
				<time>2021-11-28T10:38:46Z</time>
			</trkpt>
			<trkpt lat="40.512287" lon="-106.027869">
				<ele>2735.964489</ele>
				<time>2021-11-28T10:39:52Z</time>
			</trkpt>
			<trkpt lat="40.510964" lon="-106.026933">
				<ele>2739.226039</ele>
				<time>2021-11-28T10:41:04Z</time>
			</trkpt>
			<trkpt lat="40.510668" lon="-106.026669">
				<ele>2739.999793</ele>
				<time>2021-11-28T10:41:21Z</time>
			</trkpt>
			<trkpt lat="40.508653" lon="-106.025381">
				<ele>2744.848885</ele>
				<time>2021-11-28T10:43:09Z</time>
			</trkpt>
			<trkpt lat="40.507803" lon="-106.025033">
				<ele>2746.696508</ele>
				<time>2021-11-28T10:43:50Z</time>
			</trkpt>
			<trkpt lat="40.506324" lon="-106.024708">
				<ele>2749.962601</ele>
				<time>2021-11-28T10:45:01Z</time>
			</trkpt>
			<trkpt lat="40.503174" lon="-106.022576">
				<ele>2758.63481</ele>
				<time>2021-11-28T10:47:56Z</time>
			</trkpt>
			<trkpt lat="40.502372" lon="-106.021544">
				<ele>2761.713085</ele>
				<time>2021-11-28T10:48:54Z</time>
			</trkpt>
			<trkpt lat="40.501179" lon="-106.019491">
				<ele>2767.395559</ele>
				<time>2021-11-28T10:50:36Z</time>
			</trkpt>
			<trkpt lat="40.499616" lon="-106.017546">
				<ele>2772.735025</ele>
				<time>2021-11-28T10:52:22Z</time>
			</trkpt>
			<trkpt lat="40.498327" lon="-106.015264">
				<ele>2777.771417</ele>
				<time>2021-11-28T10:54:07Z</time>
			</trkpt>
			<trkpt lat="40.496729" lon="-106.013232">
				<ele>2783.033779</ele>
				<time>2021-11-28T10:55:56Z</time>
			</trkpt>
			<trkpt lat="40.49634" lon="-106.012843">
				<ele>2784.170539</ele>
				<time>2021-11-28T10:56:20Z</time>
			</trkpt>
			<trkpt lat="40.494989" lon="-106.011735">
				<ele>2787.711431</ele>
				<time>2021-11-28T10:57:36Z</time>
			</trkpt>
			<trkpt lat="40.494438" lon="-106.011131">
				<ele>2789.455131</ele>
				<time>2021-11-28T10:58:11Z</time>
			</trkpt>
			<trkpt lat="40.493341" lon="-106.009159">
				<ele>2793.750371</ele>
				<time>2021-11-28T10:59:44Z</time>
			</trkpt>
			<trkpt lat="40.493115" lon="-106.008981">
				<ele>2794.309138</ele>
				<time>2021-11-28T10:59:56Z</time>
			</trkpt>
			<trkpt lat="40.492275" lon="-106.008321">
				<ele>2796.334133</ele>
				<time>2021-11-28T11:00:41Z</time>
			</trkpt>
			<trkpt lat="40.491677" lon="-106.008188">
				<ele>2797.459389</ele>
				<time>2021-11-28T11:01:09Z</time>
			</trkpt>
			<trkpt lat="40.491601" lon="-106.008237">
				<ele>2797.616434</ele>
				<time>2021-11-28T11:01:13Z</time>
			</trkpt>
			<trkpt lat="40.491526" lon="-106.008285">
				<ele>2797.771192</ele>
				<time>2021-11-28T11:01:17Z</time>
			</trkpt>
			<trkpt lat="40.491357" lon="-106.008394">
				<ele>2798.120434</ele>
				<time>2021-11-28T11:01:26Z</time>
			</trkpt>
			<trkpt lat="40.49124" lon="-106.008469">
				<ele>2798.361931</ele>
				<time>2021-11-28T11:01:32Z</time>
			</trkpt>
			<trkpt lat="40.491072" lon="-106.008452">
				<ele>2798.674551</ele>
				<time>2021-11-28T11:01:40Z</time>
			</trkpt>
			<trkpt lat="40.490364" lon="-106.008125">
				<ele>2799.977558</ele>
				<time>2021-11-28T11:02:14Z</time>
			</trkpt>
			<trkpt lat="40.48936" lon="-106.007331">
				<ele>2801.892027</ele>
				<time>2021-11-28T11:03:08Z</time>
			</trkpt>
			<trkpt lat="40.489023" lon="-106.007203">
				<ele>2802.401901</ele>
				<time>2021-11-28T11:03:23Z</time>
			</trkpt>
			<trkpt lat="40.488728" lon="-106.007309">
				<ele>2802.749256</ele>
				<time>2021-11-28T11:03:36Z</time>
			</trkpt>
			<trkpt lat="40.48813" lon="-106.007799">
				<ele>2803.549579</ele>
				<time>2021-11-28T11:04:06Z</time>
			</trkpt>
			<trkpt lat="40.487364" lon="-106.008967">
				<ele>2805.214175</ele>
				<time>2021-11-28T11:04:56Z</time>
			</trkpt>
			<trkpt lat="40.487167" lon="-106.009108">
				<ele>2805.614555</ele>
				<time>2021-11-28T11:05:06Z</time>
			</trkpt>
			<trkpt lat="40.486807" lon="-106.009201">
				<ele>2806.269458</ele>
				<time>2021-11-28T11:05:22Z</time>
			</trkpt>
			<trkpt lat="40.486365" lon="-106.009264">
				<ele>2807.063072</ele>
				<time>2021-11-28T11:05:43Z</time>
			</trkpt>
			<trkpt lat="40.485473" lon="-106.009562">
				<ele>2809.427101</ele>
				<time>2021-11-28T11:06:30Z</time>
			</trkpt>
			<trkpt lat="40.484657" lon="-106.01017">
				<ele>2812.111919</ele>
				<time>2021-11-28T11:07:19Z</time>
			</trkpt>
			<trkpt lat="40.484433" lon="-106.010293">
				<ele>2812.757599</ele>
				<time>2021-11-28T11:07:32Z</time>
			</trkpt>
			<trkpt lat="40.484181" lon="-106.010274">
				<ele>2813.238288</ele>
				<time>2021-11-28T11:07:45Z</time>
			</trkpt>
			<trkpt lat="40.483571" lon="-106.010035">
				<ele>2814.450435</ele>
				<time>2021-11-28T11:08:16Z</time>
			</trkpt>
			<trkpt lat="40.482822" lon="-106.009821">
				<ele>2815.910098</ele>
				<time>2021-11-28T11:08:50Z</time>
			</trkpt>
			<trkpt lat="40.482323" lon="-106.009422">
				<ele>2816.401144</ele>
				<time>2021-11-28T11:09:13Z</time>
			</trkpt>
			<trkpt lat="40.482018" lon="-106.009311">
				<ele>2816.604378</ele>
				<time>2021-11-28T11:09:26Z</time>
			</trkpt>
			<trkpt lat="40.480392" lon="-106.009161">
				<ele>2817.453197</ele>
				<time>2021-11-28T11:10:31Z</time>
			</trkpt>
			<trkpt lat="40.479908" lon="-106.009042">
				<ele>2817.617104</ele>
				<time>2021-11-28T11:10:50Z</time>
			</trkpt>
			<trkpt lat="40.479429" lon="-106.00884">
				<ele>2817.784555</ele>
				<time>2021-11-28T11:11:09Z</time>
			</trkpt>
			<trkpt lat="40.478582" lon="-106.008361">
				<ele>2818.125819</ele>
				<time>2021-11-28T11:11:44Z</time>
			</trkpt>
			<trkpt lat="40.47804" lon="-106.008181">
				<ele>2818.337204</ele>
				<time>2021-11-28T11:12:06Z</time>
			</trkpt>
			<trkpt lat="40.477705" lon="-106.00818">
				<ele>2818.463877</ele>
				<time>2021-11-28T11:12:19Z</time>
			</trkpt>
			<trkpt lat="40.477546" lon="-106.008276">
				<ele>2818.536734</ele>
				<time>2021-11-28T11:12:26Z</time>
			</trkpt>
			<trkpt lat="40.477291" lon="-106.009141">
				<ele>2818.965676</ele>
				<time>2021-11-28T11:12:54Z</time>
			</trkpt>
			<trkpt lat="40.47711" lon="-106.009512">
				<ele>2819.169469</ele>
				<time>2021-11-28T11:13:08Z</time>
			</trkpt>
			<trkpt lat="40.476953" lon="-106.009684">
				<ele>2819.293697</ele>
				<time>2021-11-28T11:13:16Z</time>
			</trkpt>
			<trkpt lat="40.476741" lon="-106.009722">
				<ele>2819.423756</ele>
				<time>2021-11-28T11:13:25Z</time>
			</trkpt>
			<trkpt lat="40.476322" lon="-106.009709">
				<ele>2819.662011</ele>
				<time>2021-11-28T11:13:42Z</time>
			</trkpt>
			<trkpt lat="40.474933" lon="-106.009541">
				<ele>2820.298379</ele>
				<time>2021-11-28T11:14:36Z</time>
			</trkpt>
			<trkpt lat="40.474098" lon="-106.009953">
				<ele>2820.831947</ele>
				<time>2021-11-28T11:15:11Z</time>
			</trkpt>
			<trkpt lat="40.473604" lon="-106.010063">
				<ele>2821.166847</ele>
				<time>2021-11-28T11:15:31Z</time>
			</trkpt>
			<trkpt lat="40.473183" lon="-106.009953">
				<ele>2821.453754</ele>
				<time>2021-11-28T11:15:48Z</time>
			</trkpt>
			<trkpt lat="40.471983" lon="-106.009561">
				<ele>2824.051399</ele>
				<time>2021-11-28T11:16:43Z</time>
			</trkpt>
			<trkpt lat="40.47147" lon="-106.010041">
				<ele>2825.627883</ele>
				<time>2021-11-28T11:17:15Z</time>
			</trkpt>
			<trkpt lat="40.470406" lon="-106.011345">
				<ele>2833.712053</ele>
				<time>2021-11-28T11:18:47Z</time>
			</trkpt>
			<trkpt lat="40.470139" lon="-106.012026">
				<ele>2837.344656</ele>
				<time>2021-11-28T11:19:32Z</time>
			</trkpt>
			<trkpt lat="40.470147" lon="-106.012315">
				<ele>2839.327807</ele>
				<time>2021-11-28T11:19:50Z</time>
			</trkpt>
			<trkpt lat="40.470306" lon="-106.012713">
				<ele>2842.410568</ele>
				<time>2021-11-28T11:20:19Z</time>
			</trkpt>
			<trkpt lat="40.469986" lon="-106.01307">
				<ele>2846.193983</ele>
				<time>2021-11-28T11:20:56Z</time>
			</trkpt>
			<trkpt lat="40.469752" lon="-106.013671">
				<ele>2850.823825</ele>
				<time>2021-11-28T11:21:39Z</time>
			</trkpt>
			<trkpt lat="40.468974" lon="-106.014031">
				<ele>2855.919097</ele>
				<time>2021-11-28T11:22:44Z</time>
			</trkpt>
			<trkpt lat="40.467387" lon="-106.014009">
				<ele>2862.329102</ele>
				<time>2021-11-28T11:24:08Z</time>
			</trkpt>
			<trkpt lat="40.466742" lon="-106.013689">
				<ele>2863.199204</ele>
				<time>2021-11-28T11:24:36Z</time>
			</trkpt>
			<trkpt lat="40.46616" lon="-106.013574">
				<ele>2863.941993</ele>
				<time>2021-11-28T11:25:00Z</time>
			</trkpt>
			<trkpt lat="40.465637" lon="-106.014055">
				<ele>2864.921339</ele>
				<time>2021-11-28T11:25:25Z</time>
			</trkpt>
			<trkpt lat="40.464933" lon="-106.014524">
				<ele>2866.213909</ele>
				<time>2021-11-28T11:26:02Z</time>
			</trkpt>
			<trkpt lat="40.464701" lon="-106.0144">
				<ele>2866.624067</ele>
				<time>2021-11-28T11:26:14Z</time>
			</trkpt>
			<trkpt lat="40.464646" lon="-106.014074">
				<ele>2867.04012</ele>
				<time>2021-11-28T11:26:27Z</time>
			</trkpt>
			<trkpt lat="40.464196" lon="-106.01442">
				<ele>2867.791164</ele>
				<time>2021-11-28T11:26:51Z</time>
			</trkpt>
			<trkpt lat="40.463732" lon="-106.014517">
				<ele>2868.459824</ele>
				<time>2021-11-28T11:27:13Z</time>
			</trkpt>
			<trkpt lat="40.462004" lon="-106.013977">
				<ele>2870.333213</ele>
				<time>2021-11-28T11:28:26Z</time>
			</trkpt>
			<trkpt lat="40.460983" lon="-106.013568">
				<ele>2871.703696</ele>
				<time>2021-11-28T11:29:07Z</time>
			</trkpt>
			<trkpt lat="40.460361" lon="-106.013251">
				<ele>2874.252218</ele>
				<time>2021-11-28T11:29:40Z</time>
			</trkpt>
			<trkpt lat="40.460093" lon="-106.013284">
				<ele>2875.280502</ele>
				<time>2021-11-28T11:29:56Z</time>
			</trkpt>
			<trkpt lat="40.459656" lon="-106.013286">
				<ele>2876.949918</ele>
				<time>2021-11-28T11:30:23Z</time>
			</trkpt>
			<trkpt lat="40.458901" lon="-106.013406">
				<ele>2882.415258</ele>
				<time>2021-11-28T11:31:19Z</time>
			</trkpt>
			<trkpt lat="40.458365" lon="-106.013098">
				<ele>2887.474406</ele>
				<time>2021-11-28T11:32:09Z</time>
			</trkpt>
			<trkpt lat="40.458032" lon="-106.013128">
				<ele>2890.361026</ele>
				<time>2021-11-28T11:32:37Z</time>
			</trkpt>
			<trkpt lat="40.457538" lon="-106.012765">
				<ele>2895.463307</ele>
				<time>2021-11-28T11:33:25Z</time>
			</trkpt>
			<trkpt lat="40.456885" lon="-106.012709">
				<ele>2901.750618</ele>
				<time>2021-11-28T11:34:20Z</time>
			</trkpt>
			<trkpt lat="40.456632" lon="-106.012654">
				<ele>2904.214451</ele>
				<time>2021-11-28T11:34:42Z</time>
			</trkpt>
			<trkpt lat="40.455345" lon="-106.012035">
				<ele>2917.099286</ele>
				<time>2021-11-28T11:36:40Z</time>
			</trkpt>
			<trkpt lat="40.454899" lon="-106.012021">
				<ele>2921.205276</ele>
				<time>2021-11-28T11:37:18Z</time>
			</trkpt>
			<trkpt lat="40.454081" lon="-106.012072">
				<ele>2928.223738</ele>
				<time>2021-11-28T11:38:24Z</time>
			</trkpt>
			<trkpt lat="40.45383" lon="-106.012241">
				<ele>2929.935274</ele>
				<time>2021-11-28T11:38:45Z</time>
			</trkpt>
			<trkpt lat="40.453797" lon="-106.012488">
				<ele>2931.093339</ele>
				<time>2021-11-28T11:39:00Z</time>
			</trkpt>
			<trkpt lat="40.454197" lon="-106.013028">
				<ele>2934.573428</ele>
				<time>2021-11-28T11:39:39Z</time>
			</trkpt>
			<trkpt lat="40.454627" lon="-106.014011">
				<ele>2938.682272</ele>
				<time>2021-11-28T11:40:28Z</time>
			</trkpt>
			<trkpt lat="40.454945" lon="-106.014582">
				<ele>2939.74982</ele>
				<time>2021-11-28T11:40:53Z</time>
			</trkpt>
			<trkpt lat="40.454919" lon="-106.014797">
				<ele>2940.078259</ele>
				<time>2021-11-28T11:41:00Z</time>
			</trkpt>
			<trkpt lat="40.454096" lon="-106.015495">
				<ele>2942.081971</ele>
				<time>2021-11-28T11:41:42Z</time>
			</trkpt>
			<trkpt lat="40.453829" lon="-106.015902">
				<ele>2943.049456</ele>
				<time>2021-11-28T11:42:01Z</time>
			</trkpt>
			<trkpt lat="40.453301" lon="-106.016258">
				<ele>2944.453554</ele>
				<time>2021-11-28T11:42:30Z</time>
			</trkpt>
			<trkpt lat="40.452752" lon="-106.016229">
				<ele>2945.753564</ele>
				<time>2021-11-28T11:42:59Z</time>
			</trkpt>
			<trkpt lat="40.452272" lon="-106.016379">
				<ele>2946.788717</ele>
				<time>2021-11-28T11:43:25Z</time>
			</trkpt>
			<trkpt lat="40.451768" lon="-106.016379">
				<ele>2947.817598</ele>
				<time>2021-11-28T11:43:51Z</time>
			</trkpt>
			<trkpt lat="40.450912" lon="-106.016302">
				<ele>2949.56915</ele>
				<time>2021-11-28T11:44:29Z</time>
			</trkpt>
			<trkpt lat="40.450408" lon="-106.016646">
				<ele>2949.70492</ele>
				<time>2021-11-28T11:44:50Z</time>
			</trkpt>
			<trkpt lat="40.449831" lon="-106.016668">
				<ele>2949.786248</ele>
				<time>2021-11-28T11:45:11Z</time>
			</trkpt>
			<trkpt lat="40.448869" lon="-106.016017">
				<ele>2949.849829</ele>
				<time>2021-11-28T11:45:52Z</time>
			</trkpt>
			<trkpt lat="40.448545" lon="-106.015209">
				<ele>2949.793044</ele>
				<time>2021-11-28T11:46:18Z</time>
			</trkpt>
			<trkpt lat="40.447994" lon="-106.014482">
				<ele>2949.669986</ele>
				<time>2021-11-28T11:46:47Z</time>
			</trkpt>
			<trkpt lat="40.447559" lon="-106.014475">
				<ele>2949.297212</ele>
				<time>2021-11-28T11:47:02Z</time>
			</trkpt>
			<trkpt lat="40.447153" lon="-106.014284">
				<ele>2948.927693</ele>
				<time>2021-11-28T11:47:17Z</time>
			</trkpt>
			<trkpt lat="40.446648" lon="-106.013804">
				<ele>2948.393627</ele>
				<time>2021-11-28T11:47:38Z</time>
			</trkpt>
			<trkpt lat="40.44589" lon="-106.012841">
				<ele>2949.222097</ele>
				<time>2021-11-28T11:48:16Z</time>
			</trkpt>
			<trkpt lat="40.445437" lon="-106.012656">
				<ele>2949.81549</ele>
				<time>2021-11-28T11:48:38Z</time>
			</trkpt>
			<trkpt lat="40.445131" lon="-106.011921">
				<ele>2951.027932</ele>
				<time>2021-11-28T11:49:10Z</time>
			</trkpt>
			<trkpt lat="40.444222" lon="-106.011463">
				<ele>2955.237778</ele>
				<time>2021-11-28T11:50:08Z</time>
			</trkpt>
			<trkpt lat="40.443368" lon="-106.010275">
				<ele>2959.82783</ele>
				<time>2021-11-28T11:51:25Z</time>
			</trkpt>
			<trkpt lat="40.442756" lon="-106.00889">
				<ele>2963.363464</ele>
				<time>2021-11-28T11:52:28Z</time>
			</trkpt>
			<trkpt lat="40.442455" lon="-106.007903">
				<ele>2960.309616</ele>
				<time>2021-11-28T11:52:54Z</time>
			</trkpt>
			<trkpt lat="40.44221" lon="-106.007675">
				<ele>2959.109496</ele>
				<time>2021-11-28T11:53:03Z</time>
			</trkpt>
			<trkpt lat="40.441219" lon="-106.008046">
				<ele>2953.50137</ele>
				<time>2021-11-28T11:53:31Z</time>
			</trkpt>
			<trkpt lat="40.440973" lon="-106.00796">
				<ele>2951.280524</ele>
				<time>2021-11-28T11:53:38Z</time>
			</trkpt>
			<trkpt lat="40.440637" lon="-106.007461">
				<ele>2946.856632</ele>
				<time>2021-11-28T11:53:51Z</time>
			</trkpt>
			<trkpt lat="40.440359" lon="-106.007199">
				<ele>2943.871879</ele>
				<time>2021-11-28T11:54:00Z</time>
			</trkpt>
			<trkpt lat="40.440188" lon="-106.006652">
				<ele>2939.89292</ele>
				<time>2021-11-28T11:54:11Z</time>
			</trkpt>
			<trkpt lat="40.440135" lon="-106.006167">
				<ele>2936.360748</ele>
				<time>2021-11-28T11:54:21Z</time>
			</trkpt>
			<trkpt lat="40.439923" lon="-106.005716">
				<ele>2932.539407</ele>
				<time>2021-11-28T11:54:32Z</time>
			</trkpt>
			<trkpt lat="40.439945" lon="-106.005326">
				<ele>2929.720216</ele>
				<time>2021-11-28T11:54:39Z</time>
			</trkpt>
			<trkpt lat="40.439696" lon="-106.005057">
				<ele>2926.666853</ele>
				<time>2021-11-28T11:54:48Z</time>
			</trkpt>
			<trkpt lat="40.439499" lon="-106.004798">
				<ele>2924.027166</ele>
				<time>2021-11-28T11:54:55Z</time>
			</trkpt>
			<trkpt lat="40.438262" lon="-106.002793">
				<ele>2904.450292</ele>
				<time>2021-11-28T11:55:45Z</time>
			</trkpt>
			<trkpt lat="40.438097" lon="-106.001755">
				<ele>2896.731053</ele>
				<time>2021-11-28T11:56:07Z</time>
			</trkpt>
			<trkpt lat="40.437297" lon="-106.000514">
				<ele>2883.921802</ele>
				<time>2021-11-28T11:56:39Z</time>
			</trkpt>
			<trkpt lat="40.436976" lon="-106.00013">
				<ele>2878.594863</ele>
				<time>2021-11-28T11:56:49Z</time>
			</trkpt>
			<trkpt lat="40.436575" lon="-106.000109">
				<ele>2873.67045</ele>
				<time>2021-11-28T11:56:59Z</time>
			</trkpt>
			<trkpt lat="40.436002" lon="-105.999985">
				<ele>2866.544666</ele>
				<time>2021-11-28T11:57:14Z</time>
			</trkpt>
			<trkpt lat="40.43522" lon="-105.999757">
				<ele>2857.814412</ele>
				<time>2021-11-28T11:57:33Z</time>
			</trkpt>
			<trkpt lat="40.434563" lon="-105.999867">
				<ele>2850.623905</ele>
				<time>2021-11-28T11:57:50Z</time>
			</trkpt>
			<trkpt lat="40.433406" lon="-106.000275">
				<ele>2841.748205</ele>
				<time>2021-11-28T11:58:23Z</time>
			</trkpt>
			<trkpt lat="40.433344" lon="-106.000404">
				<ele>2841.059288</ele>
				<time>2021-11-28T11:58:26Z</time>
			</trkpt>
			<trkpt lat="40.433318" lon="-106.000588">
				<ele>2840.214224</ele>
				<time>2021-11-28T11:58:30Z</time>
			</trkpt>
			<trkpt lat="40.433405" lon="-106.001261">
				<ele>2837.131718</ele>
				<time>2021-11-28T11:58:45Z</time>
			</trkpt>
			<trkpt lat="40.433407" lon="-106.001375">
				<ele>2836.616805</ele>
				<time>2021-11-28T11:58:48Z</time>
			</trkpt>
			<trkpt lat="40.433334" lon="-106.001461">
				<ele>2836.043259</ele>
				<time>2021-11-28T11:58:51Z</time>
			</trkpt>
			<trkpt lat="40.432701" lon="-106.001556">
				<ele>2833.933324</ele>
				<time>2021-11-28T11:59:10Z</time>
			</trkpt>
			<trkpt lat="40.432324" lon="-106.001526">
				<ele>2832.682527</ele>
				<time>2021-11-28T11:59:22Z</time>
			</trkpt>
			<trkpt lat="40.432295" lon="-106.00199">
				<ele>2831.508953</ele>
				<time>2021-11-28T11:59:33Z</time>
			</trkpt>
			<trkpt lat="40.432334" lon="-106.00231">
				<ele>2830.692032</ele>
				<time>2021-11-28T11:59:40Z</time>
			</trkpt>
			<trkpt lat="40.432313" lon="-106.002586">
				<ele>2830.005474</ele>
				<time>2021-11-28T11:59:47Z</time>
			</trkpt>
			<trkpt lat="40.432196" lon="-106.002924">
				<ele>2829.183082</ele>
				<time>2021-11-28T11:59:56Z</time>
			</trkpt>
			<trkpt lat="40.431519" lon="-106.004096">
				<ele>2825.924433</ele>
				<time>2021-11-28T12:00:31Z</time>
			</trkpt>
			<trkpt lat="40.431462" lon="-106.004635">
				<ele>2824.73148</ele>
				<time>2021-11-28T12:00:44Z</time>
			</trkpt>
			<trkpt lat="40.431482" lon="-106.005561">
				<ele>2822.855077</ele>
				<time>2021-11-28T12:01:06Z</time>
			</trkpt>
			<trkpt lat="40.431487" lon="-106.005798">
				<ele>2822.37484</ele>
				<time>2021-11-28T12:01:11Z</time>
			</trkpt>
			<trkpt lat="40.431599" lon="-106.006852">
				<ele>2820.219223</ele>
				<time>2021-11-28T12:01:37Z</time>
			</trkpt>
			<trkpt lat="40.431602" lon="-106.007786">
				<ele>2818.419124</ele>
				<time>2021-11-28T12:01:59Z</time>
			</trkpt>
			<trkpt lat="40.43172" lon="-106.008286">
				<ele>2817.414408</ele>
				<time>2021-11-28T12:02:12Z</time>
			</trkpt>
			<trkpt lat="40.432008" lon="-106.008839">
				<ele>2816.128386</ele>
				<time>2021-11-28T12:02:28Z</time>
			</trkpt>
			<trkpt lat="40.432381" lon="-106.009665">
				<ele>2814.347896</ele>
				<time>2021-11-28T12:02:52Z</time>
			</trkpt>
			<trkpt lat="40.433658" lon="-106.011279">
				<ele>2810.29054</ele>
				<time>2021-11-28T12:03:48Z</time>
			</trkpt>
			<trkpt lat="40.433855" lon="-106.011787">
				<ele>2809.423341</ele>
				<time>2021-11-28T12:04:02Z</time>
			</trkpt>
			<trkpt lat="40.434052" lon="-106.014025">
				<ele>2806.506792</ele>
				<time>2021-11-28T12:04:59Z</time>
			</trkpt>
			<trkpt lat="40.434526" lon="-106.015555">
				<ele>2804.991197</ele>
				<time>2021-11-28T12:05:42Z</time>
			</trkpt>
			<trkpt lat="40.434644" lon="-106.016116">
				<ele>2804.722632</ele>
				<time>2021-11-28T12:05:57Z</time>
			</trkpt>
			<trkpt lat="40.434992" lon="-106.018709">
				<ele>2804.066645</ele>
				<time>2021-11-28T12:07:10Z</time>
			</trkpt>
			<trkpt lat="40.435103" lon="-106.019031">
				<ele>2804.065409</ele>
				<time>2021-11-28T12:07:20Z</time>
			</trkpt>
			<trkpt lat="40.436256" lon="-106.020725">
				<ele>2803.407188</ele>
				<time>2021-11-28T12:08:27Z</time>
			</trkpt>
			<trkpt lat="40.436531" lon="-106.021401">
				<ele>2803.068535</ele>
				<time>2021-11-28T12:08:46Z</time>
			</trkpt>
			<trkpt lat="40.436627" lon="-106.02202">
				<ele>2801.839267</ele>
				<time>2021-11-28T12:09:02Z</time>
			</trkpt>
			<trkpt lat="40.436537" lon="-106.022821">
				<ele>2799.998165</ele>
				<time>2021-11-28T12:09:20Z</time>
			</trkpt>
			<trkpt lat="40.436581" lon="-106.023545">
				<ele>2798.346649</ele>
				<time>2021-11-28T12:09:37Z</time>
			</trkpt>
			<trkpt lat="40.436493" lon="-106.02411">
				<ele>2797.281479</ele>
				<time>2021-11-28T12:09:51Z</time>
			</trkpt>
			<trkpt lat="40.436232" lon="-106.024901">
				<ele>2796.1125</ele>
				<time>2021-11-28T12:10:12Z</time>
			</trkpt>
			<trkpt lat="40.436141" lon="-106.025344">
				<ele>2795.490336</ele>
				<time>2021-11-28T12:10:24Z</time>
			</trkpt>
			<trkpt lat="40.436076" lon="-106.026278">
				<ele>2794.381164</ele>
				<time>2021-11-28T12:10:48Z</time>
			</trkpt>
			<trkpt lat="40.43602" lon="-106.026694">
				<ele>2794.227204</ele>
				<time>2021-11-28T12:11:00Z</time>
			</trkpt>
			<trkpt lat="40.435934" lon="-106.02704">
				<ele>2794.094554</ele>
				<time>2021-11-28T12:11:10Z</time>
			</trkpt>
			<trkpt lat="40.435746" lon="-106.02737">
				<ele>2793.944332</ele>
				<time>2021-11-28T12:11:21Z</time>
			</trkpt>
			<trkpt lat="40.434312" lon="-106.028603">
				<ele>2793.353138</ele>
				<time>2021-11-28T12:12:23Z</time>
			</trkpt>
			<trkpt lat="40.432775" lon="-106.029598">
				<ele>2792.431769</ele>
				<time>2021-11-28T12:13:26Z</time>
			</trkpt>
			<trkpt lat="40.432473" lon="-106.029894">
				<ele>2792.118895</ele>
				<time>2021-11-28T12:13:39Z</time>
			</trkpt>
			<trkpt lat="40.432097" lon="-106.030794">
				<ele>2790.976017</ele>
				<time>2021-11-28T12:14:05Z</time>
			</trkpt>
			<trkpt lat="40.431526" lon="-106.031668">
				<ele>2788.337496</ele>
				<time>2021-11-28T12:14:32Z</time>
			</trkpt>
			<trkpt lat="40.431279" lon="-106.032177">
				<ele>2786.954668</ele>
				<time>2021-11-28T12:14:46Z</time>
			</trkpt>
			<trkpt lat="40.431021" lon="-106.032373">
				<ele>2785.981992</ele>
				<time>2021-11-28T12:14:55Z</time>
			</trkpt>
			<trkpt lat="40.429945" lon="-106.032563">
				<ele>2781.393877</ele>
				<time>2021-11-28T12:15:27Z</time>
			</trkpt>
			<trkpt lat="40.429608" lon="-106.032693">
				<ele>2779.90957</ele>
				<time>2021-11-28T12:15:37Z</time>
			</trkpt>
			<trkpt lat="40.428389" lon="-106.033163">
				<ele>2775.631035</ele>
				<time>2021-11-28T12:16:15Z</time>
			</trkpt>
			<trkpt lat="40.428074" lon="-106.033226">
				<ele>2774.642295</ele>
				<time>2021-11-28T12:16:25Z</time>
			</trkpt>
			<trkpt lat="40.426557" lon="-106.034897">
				<ele>2770.12574</ele>
				<time>2021-11-28T12:17:30Z</time>
			</trkpt>
			<trkpt lat="40.426376" lon="-106.035649">
				<ele>2768.988896</ele>
				<time>2021-11-28T12:17:49Z</time>
			</trkpt>
			<trkpt lat="40.42638" lon="-106.03651">
				<ele>2767.829445</ele>
				<time>2021-11-28T12:18:11Z</time>
			</trkpt>
			<trkpt lat="40.426251" lon="-106.037324">
				<ele>2766.709803</ele>
				<time>2021-11-28T12:18:31Z</time>
			</trkpt>
			<trkpt lat="40.42609" lon="-106.037615">
				<ele>2766.287556</ele>
				<time>2021-11-28T12:18:41Z</time>
			</trkpt>
			<trkpt lat="40.425909" lon="-106.037612">
				<ele>2766.280298</ele>
				<time>2021-11-28T12:18:47Z</time>
			</trkpt>
			<trkpt lat="40.425581" lon="-106.037548">
				<ele>2766.267001</ele>
				<time>2021-11-28T12:18:59Z</time>
			</trkpt>
			<trkpt lat="40.425461" lon="-106.037485">
				<ele>2766.261819</ele>
				<time>2021-11-28T12:19:04Z</time>
			</trkpt>
			<trkpt lat="40.425314" lon="-106.037347">
				<ele>2766.254574</ele>
				<time>2021-11-28T12:19:10Z</time>
			</trkpt>
			<trkpt lat="40.425228" lon="-106.037214">
				<ele>2766.249247</ele>
				<time>2021-11-28T12:19:14Z</time>
			</trkpt>
			<trkpt lat="40.425049" lon="-106.036993">
				<ele>2766.239397</ele>
				<time>2021-11-28T12:19:23Z</time>
			</trkpt>
			<trkpt lat="40.424934" lon="-106.036933">
				<ele>2766.234435</ele>
				<time>2021-11-28T12:19:28Z</time>
			</trkpt>
			<trkpt lat="40.424819" lon="-106.036948">
				<ele>2766.229801</ele>
				<time>2021-11-28T12:19:33Z</time>
			</trkpt>
			<trkpt lat="40.424663" lon="-106.037026">
				<ele>2766.223107</ele>
				<time>2021-11-28T12:19:39Z</time>
			</trkpt>
			<trkpt lat="40.424416" lon="-106.037371">
				<ele>2766.280807</ele>
				<time>2021-11-28T12:19:54Z</time>
			</trkpt>
			<trkpt lat="40.424016" lon="-106.038089">
				<ele>2766.491941</ele>
				<time>2021-11-28T12:20:21Z</time>
			</trkpt>
			<trkpt lat="40.423924" lon="-106.038309">
				<ele>2766.551507</ele>
				<time>2021-11-28T12:20:29Z</time>
			</trkpt>
			<trkpt lat="40.423691" lon="-106.039249">
				<ele>2766.761258</ele>
				<time>2021-11-28T12:20:57Z</time>
			</trkpt>
			<trkpt lat="40.423253" lon="-106.040451">
				<ele>2766.158561</ele>
				<time>2021-11-28T12:21:33Z</time>
			</trkpt>
			<trkpt lat="40.423206" lon="-106.040621">
				<ele>2766.076762</ele>
				<time>2021-11-28T12:21:37Z</time>
			</trkpt>
			<trkpt lat="40.423175" lon="-106.040732">
				<ele>2766.023288</ele>
				<time>2021-11-28T12:21:41Z</time>
			</trkpt>
			<trkpt lat="40.422976" lon="-106.041655">
				<ele>2765.630481</ele>
				<time>2021-11-28T12:22:07Z</time>
			</trkpt>
			<trkpt lat="40.422408" lon="-106.044108">
				<ele>2764.703929</ele>
				<time>2021-11-28T12:23:17Z</time>
			</trkpt>
			<trkpt lat="40.422267" lon="-106.044966">
				<ele>2764.131927</ele>
				<time>2021-11-28T12:23:41Z</time>
			</trkpt>
			<trkpt lat="40.422271" lon="-106.045471">
				<ele>2763.80282</ele>
				<time>2021-11-28T12:23:54Z</time>
			</trkpt>
			<trkpt lat="40.422216" lon="-106.045858">
				<ele>2763.546271</ele>
				<time>2021-11-28T12:24:04Z</time>
			</trkpt>
			<trkpt lat="40.422126" lon="-106.046193">
				<ele>2763.259349</ele>
				<time>2021-11-28T12:24:13Z</time>
			</trkpt>
			<trkpt lat="40.421984" lon="-106.046547">
				<ele>2762.904129</ele>
				<time>2021-11-28T12:24:23Z</time>
			</trkpt>
			<trkpt lat="40.421731" lon="-106.047518">
				<ele>2761.99303</ele>
				<time>2021-11-28T12:24:50Z</time>
			</trkpt>
			<trkpt lat="40.4217" lon="-106.0479">
				<ele>2761.651986</ele>
				<time>2021-11-28T12:25:00Z</time>
			</trkpt>
			<trkpt lat="40.421703" lon="-106.048176">
				<ele>2761.40694</ele>
				<time>2021-11-28T12:25:07Z</time>
			</trkpt>
			<trkpt lat="40.421598" lon="-106.048792">
				<ele>2760.895342</ele>
				<time>2021-11-28T12:25:24Z</time>
			</trkpt>
			<trkpt lat="40.42152" lon="-106.04909">
				<ele>2760.641654</ele>
				<time>2021-11-28T12:25:32Z</time>
			</trkpt>
			<trkpt lat="40.421408" lon="-106.049341">
				<ele>2760.407436</ele>
				<time>2021-11-28T12:25:40Z</time>
			</trkpt>
			<trkpt lat="40.4213" lon="-106.049743">
				<ele>2760.064246</ele>
				<time>2021-11-28T12:25:51Z</time>
			</trkpt>
			<trkpt lat="40.421061" lon="-106.051358">
				<ele>2758.33178</ele>
				<time>2021-11-28T12:26:33Z</time>
			</trkpt>
			<trkpt lat="40.420918" lon="-106.052793">
				<ele>2756.514241</ele>
				<time>2021-11-28T12:27:09Z</time>
			</trkpt>
			<trkpt lat="40.420901" lon="-106.053315">
				<ele>2756.01018</ele>
				<time>2021-11-28T12:27:23Z</time>
			</trkpt>
			<trkpt lat="40.420595" lon="-106.054615">
				<ele>2754.70545</ele>
				<time>2021-11-28T12:27:58Z</time>
			</trkpt>
			<trkpt lat="40.420373" lon="-106.055557">
				<ele>2753.73613</ele>
				<time>2021-11-28T12:28:24Z</time>
			</trkpt>
			<trkpt lat="40.420242" lon="-106.056492">
				<ele>2752.778975</ele>
				<time>2021-11-28T12:28:49Z</time>
			</trkpt>
			<trkpt lat="40.420117" lon="-106.056939">
				<ele>2752.29954</ele>
				<time>2021-11-28T12:29:01Z</time>
			</trkpt>
			<trkpt lat="40.419966" lon="-106.05724">
				<ele>2751.936619</ele>
				<time>2021-11-28T12:29:10Z</time>
			</trkpt>
			<trkpt lat="40.41964" lon="-106.05816">
				<ele>2751.200018</ele>
				<time>2021-11-28T12:29:36Z</time>
			</trkpt>
			<trkpt lat="40.419409" lon="-106.05873">
				<ele>2750.746578</ele>
				<time>2021-11-28T12:29:53Z</time>
			</trkpt>
			<trkpt lat="40.419107" lon="-106.05933">
				<ele>2750.241492</ele>
				<time>2021-11-28T12:30:12Z</time>
			</trkpt>
			<trkpt lat="40.418669" lon="-106.05998">
				<ele>2750.267491</ele>
				<time>2021-11-28T12:30:37Z</time>
			</trkpt>
			<trkpt lat="40.418357" lon="-106.060651">
				<ele>2750.33503</ele>
				<time>2021-11-28T12:31:00Z</time>
			</trkpt>
			<trkpt lat="40.417994" lon="-106.060971">
				<ele>2750.384357</ele>
				<time>2021-11-28T12:31:17Z</time>
			</trkpt>
			<trkpt lat="40.417262" lon="-106.06188">
				<ele>2749.956341</ele>
				<time>2021-11-28T12:31:54Z</time>
			</trkpt>
			<trkpt lat="40.416959" lon="-106.062185">
				<ele>2749.758527</ele>
				<time>2021-11-28T12:32:08Z</time>
			</trkpt>
			<trkpt lat="40.416815" lon="-106.062508">
				<ele>2749.610859</ele>
				<time>2021-11-28T12:32:18Z</time>
			</trkpt>
			<trkpt lat="40.416683" lon="-106.062876">
				<ele>2749.407255</ele>
				<time>2021-11-28T12:32:28Z</time>
			</trkpt>
			<trkpt lat="40.416496" lon="-106.063349">
				<ele>2748.713914</ele>
				<time>2021-11-28T12:32:42Z</time>
			</trkpt>
			<trkpt lat="40.41636" lon="-106.063774">
				<ele>2748.114179</ele>
				<time>2021-11-28T12:32:53Z</time>
			</trkpt>
			<trkpt lat="40.416266" lon="-106.064231">
				<ele>2747.49835</ele>
				<time>2021-11-28T12:33:05Z</time>
			</trkpt>
			<trkpt lat="40.416179" lon="-106.064893">
				<ele>2746.624413</ele>
				<time>2021-11-28T12:33:22Z</time>
			</trkpt>
			<trkpt lat="40.416112" lon="-106.065954">
				<ele>2744.989644</ele>
				<time>2021-11-28T12:33:48Z</time>
			</trkpt>
			<trkpt lat="40.416003" lon="-106.066748">
				<ele>2743.713377</ele>
				<time>2021-11-28T12:34:08Z</time>
			</trkpt>
			<trkpt lat="40.415937" lon="-106.067069">
				<ele>2743.187403</ele>
				<time>2021-11-28T12:34:16Z</time>
			</trkpt>
			<trkpt lat="40.415855" lon="-106.067382">
				<ele>2742.663781</ele>
				<time>2021-11-28T12:34:24Z</time>
			</trkpt>
			<trkpt lat="40.415423" lon="-106.068521">
				<ele>2740.611587</ele>
				<time>2021-11-28T12:34:56Z</time>
			</trkpt>
			<trkpt lat="40.415402" lon="-106.06868">
				<ele>2740.351321</ele>
				<time>2021-11-28T12:35:00Z</time>
			</trkpt>
			<trkpt lat="40.415418" lon="-106.06969">
				<ele>2738.741229</ele>
				<time>2021-11-28T12:35:25Z</time>
			</trkpt>
			<trkpt lat="40.415372" lon="-106.07082">
				<ele>2737.192684</ele>
				<time>2021-11-28T12:35:53Z</time>
			</trkpt>
			<trkpt lat="40.415757" lon="-106.07216">
				<ele>2735.348228</ele>
				<time>2021-11-28T12:36:29Z</time>
			</trkpt>
			<trkpt lat="40.416708" lon="-106.075674">
				<ele>2731.844028</ele>
				<time>2021-11-28T12:38:06Z</time>
			</trkpt>
			<trkpt lat="40.416977" lon="-106.076766">
				<ele>2730.694677</ele>
				<time>2021-11-28T12:38:35Z</time>
			</trkpt>
			<trkpt lat="40.417259" lon="-106.078268">
				<ele>2728.934172</ele>
				<time>2021-11-28T12:39:15Z</time>
			</trkpt>
			<trkpt lat="40.417365" lon="-106.078725">
				<ele>2728.386378</ele>
				<time>2021-11-28T12:39:27Z</time>
			</trkpt>
			<trkpt lat="40.41746" lon="-106.079076">
				<ele>2727.946205</ele>
				<time>2021-11-28T12:39:36Z</time>
			</trkpt>
			<trkpt lat="40.417682" lon="-106.079664">
				<ele>2727.170681</ele>
				<time>2021-11-28T12:39:53Z</time>
			</trkpt>
			<trkpt lat="40.417861" lon="-106.080007">
				<ele>2726.679317</ele>
				<time>2021-11-28T12:40:03Z</time>
			</trkpt>
			<trkpt lat="40.418224" lon="-106.080609">
				<ele>2725.771916</ele>
				<time>2021-11-28T12:40:23Z</time>
			</trkpt>
			<trkpt lat="40.418541" lon="-106.081052">
				<ele>2725.209857</ele>
				<time>2021-11-28T12:40:38Z</time>
			</trkpt>
			<trkpt lat="40.419468" lon="-106.082133">
				<ele>2723.746452</ele>
				<time>2021-11-28T12:41:21Z</time>
			</trkpt>
			<trkpt lat="40.420369" lon="-106.082967">
				<ele>2722.361196</ele>
				<time>2021-11-28T12:41:59Z</time>
			</trkpt>
			<trkpt lat="40.420601" lon="-106.083205">
				<ele>2721.988025</ele>
				<time>2021-11-28T12:42:09Z</time>
			</trkpt>
			<trkpt lat="40.420687" lon="-106.083352">
				<ele>2721.809104</ele>
				<time>2021-11-28T12:42:14Z</time>
			</trkpt>
			<trkpt lat="40.422246" lon="-106.088218">
				<ele>2715.184546</ele>
				<time>2021-11-28T12:44:26Z</time>
			</trkpt>
			<trkpt lat="40.422863" lon="-106.090781">
				<ele>2711.652049</ele>
				<time>2021-11-28T12:45:34Z</time>
			</trkpt>
			<trkpt lat="40.423172" lon="-106.09193">
				<ele>2710.144798</ele>
				<time>2021-11-28T12:46:05Z</time>
			</trkpt>
			<trkpt lat="40.423621" lon="-106.093413">
				<ele>2708.273106</ele>
				<time>2021-11-28T12:46:45Z</time>
			</trkpt>
			<trkpt lat="40.423758" lon="-106.093789">
				<ele>2707.810369</ele>
				<time>2021-11-28T12:46:56Z</time>
			</trkpt>
			<trkpt lat="40.425197" lon="-106.096345">
				<ele>2704.327488</ele>
				<time>2021-11-28T12:48:17Z</time>
			</trkpt>
			<trkpt lat="40.425686" lon="-106.097046">
				<ele>2703.33366</ele>
				<time>2021-11-28T12:48:42Z</time>
			</trkpt>
			<trkpt lat="40.425872" lon="-106.097244">
				<ele>2703.011752</ele>
				<time>2021-11-28T12:48:50Z</time>
			</trkpt>
			<trkpt lat="40.426128" lon="-106.097415">
				<ele>2702.625585</ele>
				<time>2021-11-28T12:49:00Z</time>
			</trkpt>
			<trkpt lat="40.427185" lon="-106.097855">
				<ele>2701.081831</ele>
				<time>2021-11-28T12:49:37Z</time>
			</trkpt>
			<trkpt lat="40.42729" lon="-106.097923">
				<ele>2700.904794</ele>
				<time>2021-11-28T12:49:41Z</time>
			</trkpt>
			<trkpt lat="40.427422" lon="-106.09806">
				<ele>2700.650388</ele>
				<time>2021-11-28T12:49:46Z</time>
			</trkpt>
			<trkpt lat="40.428597" lon="-106.099714">
				<ele>2698.171759</ele>
				<time>2021-11-28T12:50:44Z</time>
			</trkpt>
			<trkpt lat="40.430135" lon="-106.102385">
				<ele>2695.093886</ele>
				<time>2021-11-28T12:52:11Z</time>
			</trkpt>
			<trkpt lat="40.434654" lon="-106.108211">
				<ele>2687.660942</ele>
				<time>2021-11-28T12:55:47Z</time>
			</trkpt>
			<trkpt lat="40.435229" lon="-106.109032">
				<ele>2686.446386</ele>
				<time>2021-11-28T12:56:15Z</time>
			</trkpt>
			<trkpt lat="40.436111" lon="-106.110413">
				<ele>2684.529085</ele>
				<time>2021-11-28T12:57:01Z</time>
			</trkpt>
			<trkpt lat="40.439422" lon="-106.116768">
				<ele>2676.107702</ele>
				<time>2021-11-28T13:00:19Z</time>
			</trkpt>
			<trkpt lat="40.439488" lon="-106.117081">
				<ele>2675.699929</ele>
				<time>2021-11-28T13:00:27Z</time>
			</trkpt>
			<trkpt lat="40.439543" lon="-106.121966">
				<ele>2666.742909</ele>
				<time>2021-11-28T13:02:25Z</time>
			</trkpt>
			<trkpt lat="40.439567" lon="-106.122284">
				<ele>2666.198075</ele>
				<time>2021-11-28T13:02:33Z</time>
			</trkpt>
			<trkpt lat="40.439624" lon="-106.122505">
				<ele>2665.84862</ele>
				<time>2021-11-28T13:02:39Z</time>
			</trkpt>
			<trkpt lat="40.439718" lon="-106.122736">
				<ele>2665.456334</ele>
				<time>2021-11-28T13:02:45Z</time>
			</trkpt>
			<trkpt lat="40.44016" lon="-106.123386">
				<ele>2664.150971</ele>
				<time>2021-11-28T13:03:07Z</time>
			</trkpt>
			<trkpt lat="40.440866" lon="-106.124327">
				<ele>2662.245658</ele>
				<time>2021-11-28T13:03:40Z</time>
			</trkpt>
			<trkpt lat="40.441569" lon="-106.125169">
				<ele>2660.568099</ele>
				<time>2021-11-28T13:04:12Z</time>
			</trkpt>
			<trkpt lat="40.441906" lon="-106.12564">
				<ele>2659.69933</ele>
				<time>2021-11-28T13:04:28Z</time>
			</trkpt>
			<trkpt lat="40.442048" lon="-106.1259">
				<ele>2659.212275</ele>
				<time>2021-11-28T13:04:35Z</time>
			</trkpt>
			<trkpt lat="40.442429" lon="-106.126977">
				<ele>2657.404712</ele>
				<time>2021-11-28T13:05:04Z</time>
			</trkpt>
			<trkpt lat="40.443219" lon="-106.128825">
				<ele>2655.13178</ele>
				<time>2021-11-28T13:05:58Z</time>
			</trkpt>
			<trkpt lat="40.444343" lon="-106.131596">
				<ele>2653.459805</ele>
				<time>2021-11-28T13:07:24Z</time>
			</trkpt>
			<trkpt lat="40.445367" lon="-106.134766">
				<ele>2650.446065</ele>
				<time>2021-11-28T13:08:54Z</time>
			</trkpt>
			<trkpt lat="40.445552" lon="-106.135432">
				<ele>2649.606317</ele>
				<time>2021-11-28T13:09:12Z</time>
			</trkpt>
			<trkpt lat="40.445584" lon="-106.135661">
				<ele>2649.330544</ele>
				<time>2021-11-28T13:09:18Z</time>
			</trkpt>
			<trkpt lat="40.445669" lon="-106.137337">
				<ele>2647.084129</ele>
				<time>2021-11-28T13:09:59Z</time>
			</trkpt>
			<trkpt lat="40.445738" lon="-106.139171">
				<ele>2644.472593</ele>
				<time>2021-11-28T13:10:45Z</time>
			</trkpt>
			<trkpt lat="40.44572" lon="-106.139611">
				<ele>2643.862232</ele>
				<time>2021-11-28T13:10:56Z</time>
			</trkpt>
			<trkpt lat="40.445665" lon="-106.140187">
				<ele>2643.05811</ele>
				<time>2021-11-28T13:11:11Z</time>
			</trkpt>
			<trkpt lat="40.445795" lon="-106.141599">
				<ele>2641.93793</ele>
				<time>2021-11-28T13:11:46Z</time>
			</trkpt>
			<trkpt lat="40.445773" lon="-106.142304">
				<ele>2642.00452</ele>
				<time>2021-11-28T13:12:04Z</time>
			</trkpt>
			<trkpt lat="40.445745" lon="-106.142474">
				<ele>2642.020936</ele>
				<time>2021-11-28T13:12:09Z</time>
			</trkpt>
			<trkpt lat="40.445565" lon="-106.142757">
				<ele>2642.055743</ele>
				<time>2021-11-28T13:12:21Z</time>
			</trkpt>
			<trkpt lat="40.444953" lon="-106.143096">
				<ele>2643.632321</ele>
				<time>2021-11-28T13:12:54Z</time>
			</trkpt>
			<trkpt lat="40.44486" lon="-106.143147">
				<ele>2644.240653</ele>
				<time>2021-11-28T13:12:59Z</time>
			</trkpt>
			<trkpt lat="40.443233" lon="-106.143931">
				<ele>2655.01142</ele>
				<time>2021-11-28T13:15:05Z</time>
			</trkpt>
			<trkpt lat="40.44244" lon="-106.144177">
				<ele>2660.80668</ele>
				<time>2021-11-28T13:16:10Z</time>
			</trkpt>
			<trkpt lat="40.441815" lon="-106.144322">
				<ele>2665.320746</ele>
				<time>2021-11-28T13:16:55Z</time>
			</trkpt>
			<trkpt lat="40.441404" lon="-106.144369">
				<ele>2666.717176</ele>
				<time>2021-11-28T13:17:20Z</time>
			</trkpt>
			<trkpt lat="40.440662" lon="-106.144391">
				<ele>2668.745871</ele>
				<time>2021-11-28T13:17:59Z</time>
			</trkpt>
			<trkpt lat="40.439681" lon="-106.144373">
				<ele>2670.753016</ele>
				<time>2021-11-28T13:18:39Z</time>
			</trkpt>
			<trkpt lat="40.439442" lon="-106.144411">
				<ele>2670.822279</ele>
				<time>2021-11-28T13:18:48Z</time>
			</trkpt>
			<trkpt lat="40.438878" lon="-106.144784">
				<ele>2671.003938</ele>
				<time>2021-11-28T13:19:12Z</time>
			</trkpt>
			<trkpt lat="40.438531" lon="-106.14394">
				<ele>2671.225259</ele>
				<time>2021-11-28T13:19:28Z</time>
			</trkpt>
			<trkpt lat="40.438122" lon="-106.14317">
				<ele>2671.532265</ele>
				<time>2021-11-28T13:19:45Z</time>
			</trkpt>
			<trkpt lat="40.437564" lon="-106.142353">
				<ele>2671.891176</ele>
				<time>2021-11-28T13:20:06Z</time>
			</trkpt>
			<trkpt lat="40.437097" lon="-106.141811">
				<ele>2672.976057</ele>
				<time>2021-11-28T13:20:22Z</time>
			</trkpt>
			<trkpt lat="40.436781" lon="-106.141512">
				<ele>2673.844224</ele>
				<time>2021-11-28T13:20:32Z</time>
			</trkpt>
			<trkpt lat="40.43213" lon="-106.137085">
				<ele>2686.157488</ele>
				<time>2021-11-28T13:23:52Z</time>
			</trkpt>
			<trkpt lat="40.42417" lon="-106.129531">
				<ele>2692.415183</ele>
				<time>2021-11-28T13:27:56Z</time>
			</trkpt>
			<trkpt lat="40.415001" lon="-106.120842">
				<ele>2711.874623</ele>
				<time>2021-11-28T13:33:45Z</time>
			</trkpt>
			<trkpt lat="40.414803" lon="-106.120649">
				<ele>2712.392612</ele>
				<time>2021-11-28T13:33:54Z</time>
			</trkpt>
			<trkpt lat="40.412931" lon="-106.118868">
				<ele>2717.467954</ele>
				<time>2021-11-28T13:35:12Z</time>
			</trkpt>
			<trkpt lat="40.41013" lon="-106.116223">
				<ele>2723.49255</ele>
				<time>2021-11-28T13:37:02Z</time>
			</trkpt>
			<trkpt lat="40.409383" lon="-106.115536">
				<ele>2723.074125</ele>
				<time>2021-11-28T13:37:23Z</time>
			</trkpt>
			<trkpt lat="40.409063" lon="-106.115315">
				<ele>2722.264137</ele>
				<time>2021-11-28T13:37:29Z</time>
			</trkpt>
			<trkpt lat="40.408665" lon="-106.115099">
				<ele>2721.299351</ele>
				<time>2021-11-28T13:37:37Z</time>
			</trkpt>
			<trkpt lat="40.407979" lon="-106.114883">
				<ele>2719.475734</ele>
				<time>2021-11-28T13:37:48Z</time>
			</trkpt>
			<trkpt lat="40.407686" lon="-106.114829">
				<ele>2718.355729</ele>
				<time>2021-11-28T13:37:53Z</time>
			</trkpt>
			<trkpt lat="40.407162" lon="-106.114811">
				<ele>2716.371474</ele>
				<time>2021-11-28T13:38:02Z</time>
			</trkpt>
			<trkpt lat="40.406402" lon="-106.114951">
				<ele>2713.466366</ele>
				<time>2021-11-28T13:38:14Z</time>
			</trkpt>
			<trkpt lat="40.405904" lon="-106.115182">
				<ele>2713.661257</ele>
				<time>2021-11-28T13:38:24Z</time>
			</trkpt>
			<trkpt lat="40.405598" lon="-106.115358">
				<ele>2713.941795</ele>
				<time>2021-11-28T13:38:32Z</time>
			</trkpt>
			<trkpt lat="40.404368" lon="-106.116253">
				<ele>2716.382581</ele>
				<time>2021-11-28T13:39:22Z</time>
			</trkpt>
			<trkpt lat="40.403517" lon="-106.116879">
				<ele>2720.155819</ele>
				<time>2021-11-28T13:40:04Z</time>
			</trkpt>
			<trkpt lat="40.402937" lon="-106.117215">
				<ele>2722.737652</ele>
				<time>2021-11-28T13:40:32Z</time>
			</trkpt>
			<trkpt lat="40.40229" lon="-106.117489">
				<ele>2725.755961</ele>
				<time>2021-11-28T13:41:03Z</time>
			</trkpt>
			<trkpt lat="40.402021" lon="-106.117569">
				<ele>2726.980543</ele>
				<time>2021-11-28T13:41:15Z</time>
			</trkpt>
			<trkpt lat="40.401332" lon="-106.117702">
				<ele>2730.062819</ele>
				<time>2021-11-28T13:41:46Z</time>
			</trkpt>
			<trkpt lat="40.401049" lon="-106.117723">
				<ele>2731.286996</ele>
				<time>2021-11-28T13:41:58Z</time>
			</trkpt>
			<trkpt lat="40.400308" lon="-106.117709">
				<ele>2734.487574</ele>
				<time>2021-11-28T13:42:32Z</time>
			</trkpt>
			<trkpt lat="40.397426" lon="-106.11755">
				<ele>2744.57237</ele>
				<time>2021-11-28T13:44:32Z</time>
			</trkpt>
			<trkpt lat="40.396754" lon="-106.117481">
				<ele>2745.084074</ele>
				<time>2021-11-28T13:44:51Z</time>
			</trkpt>
			<trkpt lat="40.396402" lon="-106.11736">
				<ele>2745.360298</ele>
				<time>2021-11-28T13:44:59Z</time>
			</trkpt>
			<trkpt lat="40.396213" lon="-106.117254">
				<ele>2745.516317</ele>
				<time>2021-11-28T13:45:03Z</time>
			</trkpt>
			<trkpt lat="40.395921" lon="-106.11701">
				<ele>2745.029479</ele>
				<time>2021-11-28T13:45:09Z</time>
			</trkpt>
			<trkpt lat="40.395804" lon="-106.116897">
				<ele>2744.544108</ele>
				<time>2021-11-28T13:45:12Z</time>
			</trkpt>
			<trkpt lat="40.395574" lon="-106.116597">
				<ele>2743.460713</ele>
				<time>2021-11-28T13:45:17Z</time>
			</trkpt>
			<trkpt lat="40.395431" lon="-106.116365">
				<ele>2742.7011</ele>
				<time>2021-11-28T13:45:21Z</time>
			</trkpt>
			<trkpt lat="40.393971" lon="-106.113298">
				<ele>2733.246753</ele>
				<time>2021-11-28T13:46:06Z</time>
			</trkpt>
			<trkpt lat="40.393764" lon="-106.112949">
				<ele>2733.884816</ele>
				<time>2021-11-28T13:46:14Z</time>
			</trkpt>
			<trkpt lat="40.393499" lon="-106.112626">
				<ele>2734.569631</ele>
				<time>2021-11-28T13:46:24Z</time>
			</trkpt>
			<trkpt lat="40.39319" lon="-106.112365">
				<ele>2735.265497</ele>
				<time>2021-11-28T13:46:37Z</time>
			</trkpt>
			<trkpt lat="40.393039" lon="-106.11227">
				<ele>2735.582618</ele>
				<time>2021-11-28T13:46:44Z</time>
			</trkpt>
			<trkpt lat="40.392651" lon="-106.112135">
				<ele>2736.342832</ele>
				<time>2021-11-28T13:47:01Z</time>
			</trkpt>
			<trkpt lat="40.392417" lon="-106.112092">
				<ele>2737.049306</ele>
				<time>2021-11-28T13:47:12Z</time>
			</trkpt>
			<trkpt lat="40.392149" lon="-106.112095">
				<ele>2738.192653</ele>
				<time>2021-11-28T13:47:25Z</time>
			</trkpt>
			<trkpt lat="40.391646" lon="-106.112223">
				<ele>2740.378414</ele>
				<time>2021-11-28T13:47:49Z</time>
			</trkpt>
			<trkpt lat="40.390883" lon="-106.112539">
				<ele>2743.791516</ele>
				<time>2021-11-28T13:48:23Z</time>
			</trkpt>
			<trkpt lat="40.39048" lon="-106.112594">
				<ele>2745.316415</ele>
				<time>2021-11-28T13:48:38Z</time>
			</trkpt>
			<trkpt lat="40.390125" lon="-106.112535">
				<ele>2746.596946</ele>
				<time>2021-11-28T13:48:52Z</time>
			</trkpt>
			<trkpt lat="40.389751" lon="-106.112338">
				<ele>2748.039025</ele>
				<time>2021-11-28T13:49:07Z</time>
			</trkpt>
			<trkpt lat="40.389587" lon="-106.112206">
				<ele>2748.727414</ele>
				<time>2021-11-28T13:49:15Z</time>
			</trkpt>
			<trkpt lat="40.389325" lon="-106.111898">
				<ele>2749.985916</ele>
				<time>2021-11-28T13:49:29Z</time>
			</trkpt>
			<trkpt lat="40.389213" lon="-106.11171">
				<ele>2750.636468</ele>
				<time>2021-11-28T13:49:37Z</time>
			</trkpt>
			<trkpt lat="40.389053" lon="-106.11131">
				<ele>2752.124254</ele>
				<time>2021-11-28T13:49:53Z</time>
			</trkpt>
			<trkpt lat="40.388764" lon="-106.110091">
				<ele>2756.363394</ele>
				<time>2021-11-28T13:50:39Z</time>
			</trkpt>
			<trkpt lat="40.388642" lon="-106.109758">
				<ele>2757.59036</ele>
				<time>2021-11-28T13:50:51Z</time>
			</trkpt>
			<trkpt lat="40.388419" lon="-106.109372">
				<ele>2758.917186</ele>
				<time>2021-11-28T13:51:05Z</time>
			</trkpt>
			<trkpt lat="40.388276" lon="-106.10918">
				<ele>2759.430773</ele>
				<time>2021-11-28T13:51:13Z</time>
			</trkpt>
			<trkpt lat="40.388135" lon="-106.109037">
				<ele>2759.878152</ele>
				<time>2021-11-28T13:51:19Z</time>
			</trkpt>
			<trkpt lat="40.387798" lon="-106.108771">
				<ele>2760.865504</ele>
				<time>2021-11-28T13:51:32Z</time>
			</trkpt>
			<trkpt lat="40.387377" lon="-106.1086">
				<ele>2761.972058</ele>
				<time>2021-11-28T13:51:46Z</time>
			</trkpt>
			<trkpt lat="40.387035" lon="-106.108566">
				<ele>2762.833269</ele>
				<time>2021-11-28T13:51:57Z</time>
			</trkpt>
			<trkpt lat="40.386806" lon="-106.108582">
				<ele>2763.654735</ele>
				<time>2021-11-28T13:52:04Z</time>
			</trkpt>
			<trkpt lat="40.386395" lon="-106.108705">
				<ele>2765.438635</ele>
				<time>2021-11-28T13:52:19Z</time>
			</trkpt>
			<trkpt lat="40.385745" lon="-106.109009">
				<ele>2768.358656</ele>
				<time>2021-11-28T13:52:50Z</time>
			</trkpt>
			<trkpt lat="40.385692" lon="-106.109034">
				<ele>2768.596981</ele>
				<time>2021-11-28T13:52:52Z</time>
			</trkpt>
			<trkpt lat="40.385397" lon="-106.109138">
				<ele>2769.889599</ele>
				<time>2021-11-28T13:53:08Z</time>
			</trkpt>
			<trkpt lat="40.385182" lon="-106.109182">
				<ele>2770.827885</ele>
				<time>2021-11-28T13:53:20Z</time>
			</trkpt>
			<trkpt lat="40.384805" lon="-106.10917">
				<ele>2772.611699</ele>
				<time>2021-11-28T13:53:40Z</time>
			</trkpt>
			<trkpt lat="40.384625" lon="-106.109126">
				<ele>2773.477771</ele>
				<time>2021-11-28T13:53:50Z</time>
			</trkpt>
			<trkpt lat="40.384268" lon="-106.108952">
				<ele>2775.279078</ele>
				<time>2021-11-28T13:54:09Z</time>
			</trkpt>
			<trkpt lat="40.384008" lon="-106.108718">
				<ele>2776.770184</ele>
				<time>2021-11-28T13:54:24Z</time>
			</trkpt>
			<trkpt lat="40.383746" lon="-106.108354">
				<ele>2778.574627</ele>
				<time>2021-11-28T13:54:41Z</time>
			</trkpt>
			<trkpt lat="40.381494" lon="-106.104137">
				<ele>2783.320391</ele>
				<time>2021-11-28T13:56:24Z</time>
			</trkpt>
			<trkpt lat="40.380802" lon="-106.102825">
				<ele>2785.910442</ele>
				<time>2021-11-28T13:57:03Z</time>
			</trkpt>
			<trkpt lat="40.379641" lon="-106.100678">
				<ele>2792.125285</ele>
				<time>2021-11-28T13:58:23Z</time>
			</trkpt>
			<trkpt lat="40.377941" lon="-106.097503">
				<ele>2799.488829</ele>
				<time>2021-11-28T14:00:15Z</time>
			</trkpt>
			<trkpt lat="40.377645" lon="-106.096992">
				<ele>2800.025134</ele>
				<time>2021-11-28T14:00:25Z</time>
			</trkpt>
			<trkpt lat="40.377386" lon="-106.096665">
				<ele>2800.25382</ele>
				<time>2021-11-28T14:00:32Z</time>
			</trkpt>
			<trkpt lat="40.3771" lon="-106.096419">
				<ele>2798.818407</ele>
				<time>2021-11-28T14:00:38Z</time>
			</trkpt>
			<trkpt lat="40.376624" lon="-106.096186">
				<ele>2796.685755</ele>
				<time>2021-11-28T14:00:46Z</time>
			</trkpt>
			<trkpt lat="40.376168" lon="-106.0961">
				<ele>2794.751816</ele>
				<time>2021-11-28T14:00:54Z</time>
			</trkpt>
			<trkpt lat="40.375847" lon="-106.096138">
				<ele>2793.398793</ele>
				<time>2021-11-28T14:00:59Z</time>
			</trkpt>
			<trkpt lat="40.375399" lon="-106.096307">
				<ele>2791.897438</ele>
				<time>2021-11-28T14:01:06Z</time>
			</trkpt>
			<trkpt lat="40.375197" lon="-106.096432">
				<ele>2791.266622</ele>
				<time>2021-11-28T14:01:10Z</time>
			</trkpt>
			<trkpt lat="40.374784" lon="-106.096827">
				<ele>2789.823196</ele>
				<time>2021-11-28T14:01:18Z</time>
			</trkpt>
			<trkpt lat="40.374153" lon="-106.097608">
				<ele>2788.188181</ele>
				<time>2021-11-28T14:01:35Z</time>
			</trkpt>
			<trkpt lat="40.373988" lon="-106.097765">
				<ele>2788.846007</ele>
				<time>2021-11-28T14:01:41Z</time>
			</trkpt>
			<trkpt lat="40.373635" lon="-106.097956">
				<ele>2790.078481</ele>
				<time>2021-11-28T14:01:56Z</time>
			</trkpt>
			<trkpt lat="40.373446" lon="-106.098012">
				<ele>2790.703912</ele>
				<time>2021-11-28T14:02:05Z</time>
			</trkpt>
			<trkpt lat="40.373186" lon="-106.098045">
				<ele>2791.54709</ele>
				<time>2021-11-28T14:02:17Z</time>
			</trkpt>
			<trkpt lat="40.372997" lon="-106.098036">
				<ele>2792.157572</ele>
				<time>2021-11-28T14:02:26Z</time>
			</trkpt>
			<trkpt lat="40.372617" lon="-106.09792">
				<ele>2793.416923</ele>
				<time>2021-11-28T14:02:44Z</time>
			</trkpt>
			<trkpt lat="40.372272" lon="-106.097689">
				<ele>2794.399633</ele>
				<time>2021-11-28T14:03:01Z</time>
			</trkpt>
			<trkpt lat="40.372049" lon="-106.097458">
				<ele>2795.095183</ele>
				<time>2021-11-28T14:03:12Z</time>
			</trkpt>
			<trkpt lat="40.37161" lon="-106.096818">
				<ele>2796.701599</ele>
				<time>2021-11-28T14:03:34Z</time>
			</trkpt>
			<trkpt lat="40.37144" lon="-106.096624">
				<ele>2797.253151</ele>
				<time>2021-11-28T14:03:40Z</time>
			</trkpt>
			<trkpt lat="40.371126" lon="-106.096362">
				<ele>2798.14805</ele>
				<time>2021-11-28T14:03:50Z</time>
			</trkpt>
			<trkpt lat="40.370744" lon="-106.096188">
				<ele>2799.058648</ele>
				<time>2021-11-28T14:03:59Z</time>
			</trkpt>
			<trkpt lat="40.370301" lon="-106.096174">
				<ele>2800.056579</ele>
				<time>2021-11-28T14:04:11Z</time>
			</trkpt>
			<trkpt lat="40.370092" lon="-106.096217">
				<ele>2800.532997</ele>
				<time>2021-11-28T14:04:17Z</time>
			</trkpt>
			<trkpt lat="40.369736" lon="-106.096368">
				<ele>2801.375536</ele>
				<time>2021-11-28T14:04:30Z</time>
			</trkpt>
			<trkpt lat="40.366777" lon="-106.098355">
				<ele>2822.264251</ele>
				<time>2021-11-28T14:07:31Z</time>
			</trkpt>
			<trkpt lat="40.36653" lon="-106.098486">
				<ele>2824.202389</ele>
				<time>2021-11-28T14:07:48Z</time>
			</trkpt>
			<trkpt lat="40.3663" lon="-106.098562">
				<ele>2825.927895</ele>
				<time>2021-11-28T14:08:04Z</time>
			</trkpt>
			<trkpt lat="40.365986" lon="-106.098586">
				<ele>2828.756348</ele>
				<time>2021-11-28T14:08:26Z</time>
			</trkpt>
			<trkpt lat="40.365785" lon="-106.098538">
				<ele>2830.665325</ele>
				<time>2021-11-28T14:08:40Z</time>
			</trkpt>
			<trkpt lat="40.365581" lon="-106.098448">
				<ele>2832.676308</ele>
				<time>2021-11-28T14:08:55Z</time>
			</trkpt>
			<trkpt lat="40.3653" lon="-106.09828">
				<ele>2835.561558</ele>
				<time>2021-11-28T14:09:17Z</time>
			</trkpt>
			<trkpt lat="40.365023" lon="-106.097956">
				<ele>2839.028565</ele>
				<time>2021-11-28T14:09:43Z</time>
			</trkpt>
			<trkpt lat="40.364703" lon="-106.097485">
				<ele>2843.440349</ele>
				<time>2021-11-28T14:10:18Z</time>
			</trkpt>
			<trkpt lat="40.36443" lon="-106.096925">
				<ele>2847.210873</ele>
				<time>2021-11-28T14:10:51Z</time>
			</trkpt>
			<trkpt lat="40.36424" lon="-106.096399">
				<ele>2850.512383</ele>
				<time>2021-11-28T14:11:17Z</time>
			</trkpt>
			<trkpt lat="40.36414" lon="-106.096043">
				<ele>2852.664307</ele>
				<time>2021-11-28T14:11:33Z</time>
			</trkpt>
			<trkpt lat="40.364049" lon="-106.095666">
				<ele>2854.907226</ele>
				<time>2021-11-28T14:11:50Z</time>
			</trkpt>
			<trkpt lat="40.363973" lon="-106.095182">
				<ele>2857.263482</ele>
				<time>2021-11-28T14:12:10Z</time>
			</trkpt>
			<trkpt lat="40.363933" lon="-106.094725">
				<ele>2858.900542</ele>
				<time>2021-11-28T14:12:27Z</time>
			</trkpt>
			<trkpt lat="40.36393" lon="-106.094279">
				<ele>2860.487823</ele>
				<time>2021-11-28T14:12:43Z</time>
			</trkpt>
			<trkpt lat="40.363986" lon="-106.093506">
				<ele>2863.25117</ele>
				<time>2021-11-28T14:13:09Z</time>
			</trkpt>
			<trkpt lat="40.364143" lon="-106.091862">
				<ele>2866.213638</ele>
				<time>2021-11-28T14:13:57Z</time>
			</trkpt>
			<trkpt lat="40.364135" lon="-106.091281">
				<ele>2866.84906</ele>
				<time>2021-11-28T14:14:07Z</time>
			</trkpt>
			<trkpt lat="40.364077" lon="-106.091001">
				<ele>2867.166351</ele>
				<time>2021-11-28T14:14:12Z</time>
			</trkpt>
			<trkpt lat="40.363998" lon="-106.09077">
				<ele>2867.443225</ele>
				<time>2021-11-28T14:14:15Z</time>
			</trkpt>
			<trkpt lat="40.363888" lon="-106.090554">
				<ele>2867.653248</ele>
				<time>2021-11-28T14:14:19Z</time>
			</trkpt>
			<trkpt lat="40.363755" lon="-106.090383">
				<ele>2867.83578</ele>
				<time>2021-11-28T14:14:23Z</time>
			</trkpt>
			<trkpt lat="40.363614" lon="-106.090237">
				<ele>2868.011856</ele>
				<time>2021-11-28T14:14:27Z</time>
			</trkpt>
			<trkpt lat="40.363277" lon="-106.090068">
				<ele>2868.36554</ele>
				<time>2021-11-28T14:14:35Z</time>
			</trkpt>
			<trkpt lat="40.363071" lon="-106.090042">
				<ele>2868.568429</ele>
				<time>2021-11-28T14:14:39Z</time>
			</trkpt>
			<trkpt lat="40.362653" lon="-106.090117">
				<ele>2868.982037</ele>
				<time>2021-11-28T14:14:50Z</time>
			</trkpt>
			<trkpt lat="40.359633" lon="-106.091585">
				<ele>2885.081683</ele>
				<time>2021-11-28T14:17:29Z</time>
			</trkpt>
			<trkpt lat="40.359367" lon="-106.091657">
				<ele>2886.648339</ele>
				<time>2021-11-28T14:17:44Z</time>
			</trkpt>
			<trkpt lat="40.359142" lon="-106.091679">
				<ele>2887.949797</ele>
				<time>2021-11-28T14:17:57Z</time>
			</trkpt>
			<trkpt lat="40.358972" lon="-106.091659">
				<ele>2888.91993</ele>
				<time>2021-11-28T14:18:06Z</time>
			</trkpt>
			<trkpt lat="40.358603" lon="-106.091508">
				<ele>2890.631298</ele>
				<time>2021-11-28T14:18:26Z</time>
			</trkpt>
			<trkpt lat="40.357971" lon="-106.090963">
				<ele>2893.979606</ele>
				<time>2021-11-28T14:19:02Z</time>
			</trkpt>
			<trkpt lat="40.357466" lon="-106.090569">
				<ele>2896.580852</ele>
				<time>2021-11-28T14:19:24Z</time>
			</trkpt>
			<trkpt lat="40.35726" lon="-106.090427">
				<ele>2897.113295</ele>
				<time>2021-11-28T14:19:32Z</time>
			</trkpt>
			<trkpt lat="40.357028" lon="-106.090315">
				<ele>2897.504841</ele>
				<time>2021-11-28T14:19:39Z</time>
			</trkpt>
			<trkpt lat="40.355435" lon="-106.089885">
				<ele>2900.377674</ele>
				<time>2021-11-28T14:20:25Z</time>
			</trkpt>
			<trkpt lat="40.355212" lon="-106.089863">
				<ele>2900.997431</ele>
				<time>2021-11-28T14:20:32Z</time>
			</trkpt>
			<trkpt lat="40.355025" lon="-106.089877">
				<ele>2901.516518</ele>
				<time>2021-11-28T14:20:38Z</time>
			</trkpt>
			<trkpt lat="40.354595" lon="-106.090036">
				<ele>2902.75461</ele>
				<time>2021-11-28T14:20:53Z</time>
			</trkpt>
			<trkpt lat="40.354419" lon="-106.090161">
				<ele>2903.309227</ele>
				<time>2021-11-28T14:21:01Z</time>
			</trkpt>
			<trkpt lat="40.35424" lon="-106.090346">
				<ele>2903.940686</ele>
				<time>2021-11-28T14:21:10Z</time>
			</trkpt>
			<trkpt lat="40.353465" lon="-106.091384">
				<ele>2909.990406</ele>
				<time>2021-11-28T14:22:03Z</time>
			</trkpt>
			<trkpt lat="40.353254" lon="-106.091598">
				<ele>2911.670852</ele>
				<time>2021-11-28T14:22:18Z</time>
			</trkpt>
			<trkpt lat="40.353099" lon="-106.09169">
				<ele>2912.742843</ele>
				<time>2021-11-28T14:22:28Z</time>
			</trkpt>
			<trkpt lat="40.3529" lon="-106.091762">
				<ele>2914.043619</ele>
				<time>2021-11-28T14:22:40Z</time>
			</trkpt>
			<trkpt lat="40.352708" lon="-106.091787">
				<ele>2915.259433</ele>
				<time>2021-11-28T14:22:52Z</time>
			</trkpt>
			<trkpt lat="40.352478" lon="-106.09176">
				<ele>2916.823556</ele>
				<time>2021-11-28T14:23:07Z</time>
			</trkpt>
			<trkpt lat="40.352305" lon="-106.091704">
				<ele>2918.118544</ele>
				<time>2021-11-28T14:23:18Z</time>
			</trkpt>
			<trkpt lat="40.352155" lon="-106.091613">
				<ele>2919.319556</ele>
				<time>2021-11-28T14:23:28Z</time>
			</trkpt>
			<trkpt lat="40.351993" lon="-106.09146">
				<ele>2920.770154</ele>
				<time>2021-11-28T14:23:41Z</time>
			</trkpt>
			<trkpt lat="40.35185" lon="-106.091293">
				<ele>2922.161406</ele>
				<time>2021-11-28T14:23:53Z</time>
			</trkpt>
			<trkpt lat="40.351218" lon="-106.090228">
				<ele>2929.196628</ele>
				<time>2021-11-28T14:24:53Z</time>
			</trkpt>
			<trkpt lat="40.351079" lon="-106.090044">
				<ele>2929.506039</ele>
				<time>2021-11-28T14:25:03Z</time>
			</trkpt>
			<trkpt lat="40.350912" lon="-106.089913">
				<ele>2929.81094</ele>
				<time>2021-11-28T14:25:10Z</time>
			</trkpt>
			<trkpt lat="40.350723" lon="-106.089814">
				<ele>2930.129845</ele>
				<time>2021-11-28T14:25:18Z</time>
			</trkpt>
			<trkpt lat="40.350336" lon="-106.08976">
				<ele>2930.739726</ele>
				<time>2021-11-28T14:25:30Z</time>
			</trkpt>
			<trkpt lat="40.35004" lon="-106.089843">
				<ele>2931.214056</ele>
				<time>2021-11-28T14:25:37Z</time>
			</trkpt>
			<trkpt lat="40.34968" lon="-106.090088">
				<ele>2931.849572</ele>
				<time>2021-11-28T14:25:44Z</time>
			</trkpt>
			<trkpt lat="40.349474" lon="-106.090401">
				<ele>2930.496875</ele>
				<time>2021-11-28T14:25:50Z</time>
			</trkpt>
			<trkpt lat="40.349359" lon="-106.090687">
				<ele>2929.296133</ele>
				<time>2021-11-28T14:25:54Z</time>
			</trkpt>
			<trkpt lat="40.349309" lon="-106.090942">
				<ele>2928.318415</ele>
				<time>2021-11-28T14:25:57Z</time>
			</trkpt>
			<trkpt lat="40.349286" lon="-106.091366">
				<ele>2926.74001</ele>
				<time>2021-11-28T14:26:02Z</time>
			</trkpt>
			<trkpt lat="40.349322" lon="-106.093516">
				<ele>2917.809473</ele>
				<time>2021-11-28T14:26:27Z</time>
			</trkpt>
			<trkpt lat="40.349285" lon="-106.094">
				<ele>2915.613131</ele>
				<time>2021-11-28T14:26:33Z</time>
			</trkpt>
			<trkpt lat="40.349179" lon="-106.094567">
				<ele>2912.977086</ele>
				<time>2021-11-28T14:26:40Z</time>
			</trkpt>
			<trkpt lat="40.349076" lon="-106.094954">
				<ele>2911.191819</ele>
				<time>2021-11-28T14:26:45Z</time>
			</trkpt>
			<trkpt lat="40.348923" lon="-106.095388">
				<ele>2909.137812</ele>
				<time>2021-11-28T14:26:50Z</time>
			</trkpt>
			<trkpt lat="40.348701" lon="-106.095842">
				<ele>2906.820783</ele>
				<time>2021-11-28T14:26:57Z</time>
			</trkpt>
			<trkpt lat="40.34826" lon="-106.096457">
				<ele>2903.193566</ele>
				<time>2021-11-28T14:27:07Z</time>
			</trkpt>
			<trkpt lat="40.347985" lon="-106.096731">
				<ele>2901.279564</ele>
				<time>2021-11-28T14:27:12Z</time>
			</trkpt>
			<trkpt lat="40.347474" lon="-106.097113">
				<ele>2898.062741</ele>
				<time>2021-11-28T14:27:21Z</time>
			</trkpt>
			<trkpt lat="40.347171" lon="-106.097275">
				<ele>2896.27311</ele>
				<time>2021-11-28T14:27:26Z</time>
			</trkpt>
			<trkpt lat="40.346982" lon="-106.097349">
				<ele>2895.19429</ele>
				<time>2021-11-28T14:27:29Z</time>
			</trkpt>
			<trkpt lat="40.346544" lon="-106.097449">
				<ele>2892.762557</ele>
				<time>2021-11-28T14:27:36Z</time>
			</trkpt>
			<trkpt lat="40.346302" lon="-106.097479">
				<ele>2891.642608</ele>
				<time>2021-11-28T14:27:40Z</time>
			</trkpt>
			<trkpt lat="40.346069" lon="-106.097463">
				<ele>2890.617459</ele>
				<time>2021-11-28T14:27:44Z</time>
			</trkpt>
			<trkpt lat="40.345873" lon="-106.097456">
				<ele>2889.755962</ele>
				<time>2021-11-28T14:27:47Z</time>
			</trkpt>
			<trkpt lat="40.345423" lon="-106.097368">
				<ele>2887.756928</ele>
				<time>2021-11-28T14:27:55Z</time>
			</trkpt>
			<trkpt lat="40.344989" lon="-106.097164">
				<ele>2885.731359</ele>
				<time>2021-11-28T14:28:02Z</time>
			</trkpt>
			<trkpt lat="40.344355" lon="-106.096724">
				<ele>2882.171502</ele>
				<time>2021-11-28T14:28:14Z</time>
			</trkpt>
			<trkpt lat="40.344091" lon="-106.096449">
				<ele>2880.390266</ele>
				<time>2021-11-28T14:28:19Z</time>
			</trkpt>
			<trkpt lat="40.343579" lon="-106.095843">
				<ele>2876.746547</ele>
				<time>2021-11-28T14:28:30Z</time>
			</trkpt>
			<trkpt lat="40.342578" lon="-106.094559">
				<ele>2867.211104</ele>
				<time>2021-11-28T14:28:51Z</time>
			</trkpt>
			<trkpt lat="40.34238" lon="-106.094219">
				<ele>2864.846114</ele>
				<time>2021-11-28T14:28:56Z</time>
			</trkpt>
			<trkpt lat="40.342075" lon="-106.093573">
				<ele>2860.76829</ele>
				<time>2021-11-28T14:29:04Z</time>
			</trkpt>
			<trkpt lat="40.341859" lon="-106.092894">
				<ele>2857.056228</ele>
				<time>2021-11-28T14:29:13Z</time>
			</trkpt>
			<trkpt lat="40.341769" lon="-106.0925">
				<ele>2854.981079</ele>
				<time>2021-11-28T14:29:18Z</time>
			</trkpt>
			<trkpt lat="40.341657" lon="-106.091726">
				<ele>2851.006357</ele>
				<time>2021-11-28T14:29:27Z</time>
			</trkpt>
			<trkpt lat="40.341645" lon="-106.091403">
				<ele>2849.540557</ele>
				<time>2021-11-28T14:29:31Z</time>
			</trkpt>
			<trkpt lat="40.341713" lon="-106.08988">
				<ele>2843.505432</ele>
				<time>2021-11-28T14:29:49Z</time>
			</trkpt>
			<trkpt lat="40.341664" lon="-106.089312">
				<ele>2841.24415</ele>
				<time>2021-11-28T14:29:56Z</time>
			</trkpt>
			<trkpt lat="40.341591" lon="-106.088997">
				<ele>2839.794982</ele>
				<time>2021-11-28T14:30:00Z</time>
			</trkpt>
			<trkpt lat="40.34137" lon="-106.088442">
				<ele>2836.89796</ele>
				<time>2021-11-28T14:30:07Z</time>
			</trkpt>
			<trkpt lat="40.340834" lon="-106.087599">
				<ele>2831.818909</ele>
				<time>2021-11-28T14:30:20Z</time>
			</trkpt>
			<trkpt lat="40.340663" lon="-106.087296">
				<ele>2830.074613</ele>
				<time>2021-11-28T14:30:24Z</time>
			</trkpt>
			<trkpt lat="40.34057" lon="-106.087066">
				<ele>2828.912893</ele>
				<time>2021-11-28T14:30:27Z</time>
			</trkpt>
			<trkpt lat="40.340444" lon="-106.086569">
				<ele>2826.591485</ele>
				<time>2021-11-28T14:30:34Z</time>
			</trkpt>
			<trkpt lat="40.34042" lon="-106.086305">
				<ele>2825.413115</ele>
				<time>2021-11-28T14:30:37Z</time>
			</trkpt>
			<trkpt lat="40.340414" lon="-106.084259">
				<ele>2816.548415</ele>
				<time>2021-11-28T14:31:01Z</time>
			</trkpt>
			<trkpt lat="40.34035" lon="-106.083757">
				<ele>2814.441324</ele>
				<time>2021-11-28T14:31:07Z</time>
			</trkpt>
			<trkpt lat="40.340209" lon="-106.083261">
				<ele>2812.249777</ele>
				<time>2021-11-28T14:31:14Z</time>
			</trkpt>
			<trkpt lat="40.340096" lon="-106.083015">
				<ele>2811.060721</ele>
				<time>2021-11-28T14:31:17Z</time>
			</trkpt>
			<trkpt lat="40.339612" lon="-106.082156">
				<ele>2806.50824</ele>
				<time>2021-11-28T14:31:30Z</time>
			</trkpt>
			<trkpt lat="40.339494" lon="-106.081863">
				<ele>2805.077274</ele>
				<time>2021-11-28T14:31:33Z</time>
			</trkpt>
			<trkpt lat="40.338063" lon="-106.076839">
				<ele>2782.541988</ele>
				<time>2021-11-28T14:32:37Z</time>
			</trkpt>
			<trkpt lat="40.337982" lon="-106.076439">
				<ele>2780.906338</ele>
				<time>2021-11-28T14:32:42Z</time>
			</trkpt>
			<trkpt lat="40.337945" lon="-106.075751">
				<ele>2778.788484</ele>
				<time>2021-11-28T14:32:51Z</time>
			</trkpt>
			<trkpt lat="40.337961" lon="-106.075388">
				<ele>2777.84333</ele>
				<time>2021-11-28T14:32:55Z</time>
			</trkpt>
			<trkpt lat="40.33812" lon="-106.074344">
				<ele>2775.075933</ele>
				<time>2021-11-28T14:33:09Z</time>
			</trkpt>
			<trkpt lat="40.338137" lon="-106.073745">
				<ele>2773.607746</ele>
				<time>2021-11-28T14:33:17Z</time>
			</trkpt>
			<trkpt lat="40.338035" lon="-106.073211">
				<ele>2772.598444</ele>
				<time>2021-11-28T14:33:25Z</time>
			</trkpt>
			<trkpt lat="40.337941" lon="-106.072947">
				<ele>2772.064224</ele>
				<time>2021-11-28T14:33:29Z</time>
			</trkpt>
			<trkpt lat="40.337823" lon="-106.072716">
				<ele>2771.554402</ele>
				<time>2021-11-28T14:33:32Z</time>
			</trkpt>
			<trkpt lat="40.337649" lon="-106.072452">
				<ele>2770.914535</ele>
				<time>2021-11-28T14:33:37Z</time>
			</trkpt>
			<trkpt lat="40.337334" lon="-106.072158">
				<ele>2769.984699</ele>
				<time>2021-11-28T14:33:44Z</time>
			</trkpt>
			<trkpt lat="40.336954" lon="-106.071961">
				<ele>2768.99724</ele>
				<time>2021-11-28T14:33:52Z</time>
			</trkpt>
			<trkpt lat="40.336714" lon="-106.071921">
				<ele>2768.409832</ele>
				<time>2021-11-28T14:33:56Z</time>
			</trkpt>
			<trkpt lat="40.336502" lon="-106.071928">
				<ele>2767.894929</ele>
				<time>2021-11-28T14:34:00Z</time>
			</trkpt>
			<trkpt lat="40.336216" lon="-106.072009">
				<ele>2767.184518</ele>
				<time>2021-11-28T14:34:05Z</time>
			</trkpt>
			<trkpt lat="40.335923" lon="-106.072234">
				<ele>2766.360191</ele>
				<time>2021-11-28T14:34:11Z</time>
			</trkpt>
			<trkpt lat="40.33575" lon="-106.072444">
				<ele>2765.787914</ele>
				<time>2021-11-28T14:34:16Z</time>
			</trkpt>
			<trkpt lat="40.334284" lon="-106.074718">
				<ele>2758.797833</ele>
				<time>2021-11-28T14:34:54Z</time>
			</trkpt>
			<trkpt lat="40.333905" lon="-106.07521">
				<ele>2757.347651</ele>
				<time>2021-11-28T14:35:03Z</time>
			</trkpt>
			<trkpt lat="40.333716" lon="-106.075369">
				<ele>2756.736991</ele>
				<time>2021-11-28T14:35:07Z</time>
			</trkpt>
			<trkpt lat="40.333459" lon="-106.07553">
				<ele>2755.962394</ele>
				<time>2021-11-28T14:35:12Z</time>
			</trkpt>
			<trkpt lat="40.332948" lon="-106.075764">
				<ele>2754.490339</ele>
				<time>2021-11-28T14:35:22Z</time>
			</trkpt>
			<trkpt lat="40.33187" lon="-106.076184">
				<ele>2752.57853</ele>
				<time>2021-11-28T14:35:43Z</time>
			</trkpt>
			<trkpt lat="40.331446" lon="-106.076277">
				<ele>2751.853393</ele>
				<time>2021-11-28T14:35:52Z</time>
			</trkpt>
			<trkpt lat="40.331052" lon="-106.076229">
				<ele>2751.08933</ele>
				<time>2021-11-28T14:35:59Z</time>
			</trkpt>
			<trkpt lat="40.330832" lon="-106.076166">
				<ele>2750.550757</ele>
				<time>2021-11-28T14:36:03Z</time>
			</trkpt>
			<trkpt lat="40.330152" lon="-106.075856">
				<ele>2748.828962</ele>
				<time>2021-11-28T14:36:16Z</time>
			</trkpt>
			<trkpt lat="40.329634" lon="-106.075686">
				<ele>2747.551859</ele>
				<time>2021-11-28T14:36:25Z</time>
			</trkpt>
			<trkpt lat="40.329394" lon="-106.075681">
				<ele>2746.985691</ele>
				<time>2021-11-28T14:36:29Z</time>
			</trkpt>
			<trkpt lat="40.328203" lon="-106.075907">
				<ele>2744.273353</ele>
				<time>2021-11-28T14:36:51Z</time>
			</trkpt>
			<trkpt lat="40.32784" lon="-106.075933">
				<ele>2743.453968</ele>
				<time>2021-11-28T14:36:58Z</time>
			</trkpt>
			<trkpt lat="40.327327" lon="-106.075873">
				<ele>2742.757713</ele>
				<time>2021-11-28T14:37:07Z</time>
			</trkpt>
			<trkpt lat="40.326631" lon="-106.07562">
				<ele>2742.114453</ele>
				<time>2021-11-28T14:37:22Z</time>
			</trkpt>
			<trkpt lat="40.326087" lon="-106.075224">
				<ele>2741.560324</ele>
				<time>2021-11-28T14:37:35Z</time>
			</trkpt>
			<trkpt lat="40.325868" lon="-106.075009">
				<ele>2741.471114</ele>
				<time>2021-11-28T14:37:40Z</time>
			</trkpt>
			<trkpt lat="40.324767" lon="-106.073705">
				<ele>2741.580888</ele>
				<time>2021-11-28T14:38:15Z</time>
			</trkpt>
			<trkpt lat="40.324515" lon="-106.073326">
				<ele>2741.292577</ele>
				<time>2021-11-28T14:38:24Z</time>
			</trkpt>
			<trkpt lat="40.324345" lon="-106.072963">
				<ele>2740.865994</ele>
				<time>2021-11-28T14:38:32Z</time>
			</trkpt>
			<trkpt lat="40.324263" lon="-106.072717">
				<ele>2740.597152</ele>
				<time>2021-11-28T14:38:37Z</time>
			</trkpt>
			<trkpt lat="40.323891" lon="-106.071289">
				<ele>2738.670458</ele>
				<time>2021-11-28T14:38:58Z</time>
			</trkpt>
			<trkpt lat="40.32377" lon="-106.070906">
				<ele>2737.056695</ele>
				<time>2021-11-28T14:39:03Z</time>
			</trkpt>
			<trkpt lat="40.323553" lon="-106.070384">
				<ele>2734.742375</ele>
				<time>2021-11-28T14:39:10Z</time>
			</trkpt>
			<trkpt lat="40.323314" lon="-106.069987">
				<ele>2732.773352</ele>
				<time>2021-11-28T14:39:16Z</time>
			</trkpt>
			<trkpt lat="40.322983" lon="-106.069603">
				<ele>2730.517206</ele>
				<time>2021-11-28T14:39:23Z</time>
			</trkpt>
			<trkpt lat="40.322785" lon="-106.069422">
				<ele>2729.414691</ele>
				<time>2021-11-28T14:39:26Z</time>
			</trkpt>
			<trkpt lat="40.322125" lon="-106.068964">
				<ele>2726.251405</ele>
				<time>2021-11-28T14:39:38Z</time>
			</trkpt>
			<trkpt lat="40.32158" lon="-106.068638">
				<ele>2723.713757</ele>
				<time>2021-11-28T14:39:48Z</time>
			</trkpt>
			<trkpt lat="40.319375" lon="-106.0672">
				<ele>2717.99344</ele>
				<time>2021-11-28T14:40:34Z</time>
			</trkpt>
			<trkpt lat="40.318801" lon="-106.066738">
				<ele>2716.249841</ele>
				<time>2021-11-28T14:40:46Z</time>
			</trkpt>
			<trkpt lat="40.318313" lon="-106.066185">
				<ele>2714.580147</ele>
				<time>2021-11-28T14:40:57Z</time>
			</trkpt>
			<trkpt lat="40.317336" lon="-106.064765">
				<ele>2709.476432</ele>
				<time>2021-11-28T14:41:21Z</time>
			</trkpt>
			<trkpt lat="40.317081" lon="-106.064486">
				<ele>2708.287113</ele>
				<time>2021-11-28T14:41:27Z</time>
			</trkpt>
			<trkpt lat="40.316963" lon="-106.064391">
				<ele>2707.796711</ele>
				<time>2021-11-28T14:41:29Z</time>
			</trkpt>
			<trkpt lat="40.316798" lon="-106.064317">
				<ele>2707.26629</ele>
				<time>2021-11-28T14:41:32Z</time>
			</trkpt>
			<trkpt lat="40.316515" lon="-106.064253">
				<ele>2706.392771</ele>
				<time>2021-11-28T14:41:37Z</time>
			</trkpt>
			<trkpt lat="40.31628" lon="-106.064272">
				<ele>2705.676604</ele>
				<time>2021-11-28T14:41:41Z</time>
			</trkpt>
			<trkpt lat="40.316007" lon="-106.064387">
				<ele>2704.804424</ele>
				<time>2021-11-28T14:41:46Z</time>
			</trkpt>
			<trkpt lat="40.315738" lon="-106.064601">
				<ele>2703.847426</ele>
				<time>2021-11-28T14:41:51Z</time>
			</trkpt>
			<trkpt lat="40.314757" lon="-106.06569">
				<ele>2700.542324</ele>
				<time>2021-11-28T14:42:14Z</time>
			</trkpt>
			<trkpt lat="40.314152" lon="-106.066209">
				<ele>2698.892777</ele>
				<time>2021-11-28T14:42:27Z</time>
			</trkpt>
			<trkpt lat="40.31379" lon="-106.066429">
				<ele>2698.164727</ele>
				<time>2021-11-28T14:42:34Z</time>
			</trkpt>
			<trkpt lat="40.313116" lon="-106.066681">
				<ele>2697.64497</ele>
				<time>2021-11-28T14:42:48Z</time>
			</trkpt>
			<trkpt lat="40.31244" lon="-106.066772">
				<ele>2697.141012</ele>
				<time>2021-11-28T14:43:02Z</time>
			</trkpt>
			<trkpt lat="40.312073" lon="-106.066738">
				<ele>2696.938521</ele>
				<time>2021-11-28T14:43:11Z</time>
			</trkpt>
			<trkpt lat="40.311441" lon="-106.066576">
				<ele>2697.126681</ele>
				<time>2021-11-28T14:43:27Z</time>
			</trkpt>
			<trkpt lat="40.311054" lon="-106.066407">
				<ele>2697.245864</ele>
				<time>2021-11-28T14:43:38Z</time>
			</trkpt>
			<trkpt lat="40.310727" lon="-106.066199">
				<ele>2697.352057</ele>
				<time>2021-11-28T14:43:47Z</time>
			</trkpt>
			<trkpt lat="40.310329" lon="-106.065877">
				<ele>2697.215111</ele>
				<time>2021-11-28T14:43:58Z</time>
			</trkpt>
			<trkpt lat="40.308881" lon="-106.064337">
				<ele>2694.264216</ele>
				<time>2021-11-28T14:44:33Z</time>
			</trkpt>
			<trkpt lat="40.308456" lon="-106.063917">
				<ele>2693.103719</ele>
				<time>2021-11-28T14:44:42Z</time>
			</trkpt>
			<trkpt lat="40.30817" lon="-106.063748">
				<ele>2692.419645</ele>
				<time>2021-11-28T14:44:48Z</time>
			</trkpt>
			<trkpt lat="40.307871" lon="-106.063701">
				<ele>2691.762951</ele>
				<time>2021-11-28T14:44:54Z</time>
			</trkpt>
			<trkpt lat="40.308016" lon="-106.063511">
				<ele>2691.315945</ele>
				<time>2021-11-28T14:45:00Z</time>
			</trkpt>
			<trkpt lat="40.308122" lon="-106.063472">
				<ele>2691.075866</ele>
				<time>2021-11-28T14:45:04Z</time>
			</trkpt>
			<trkpt lat="40.308276" lon="-106.063482">
				<ele>2690.780425</ele>
				<time>2021-11-28T14:45:08Z</time>
			</trkpt>
			<trkpt lat="40.308501" lon="-106.063582">
				<ele>2690.534009</ele>
				<time>2021-11-28T14:45:16Z</time>
			</trkpt>
			<trkpt lat="40.3089" lon="-106.063833">
				<ele>2690.075</ele>
				<time>2021-11-28T14:45:30Z</time>
			</trkpt>
			<trkpt lat="40.308998" lon="-106.063814">
				<ele>2689.972247</ele>
				<time>2021-11-28T14:45:34Z</time>
			</trkpt>
			<trkpt lat="40.309088" lon="-106.063763">
				<ele>2689.870554</ele>
				<time>2021-11-28T14:45:37Z</time>
			</trkpt>
			<trkpt lat="40.309173" lon="-106.063596">
				<ele>2689.711744</ele>
				<time>2021-11-28T14:45:43Z</time>
			</trkpt>
			<trkpt lat="40.309226" lon="-106.063292">
				<ele>2689.465091</ele>
				<time>2021-11-28T14:45:52Z</time>
			</trkpt>
			<trkpt lat="40.309247" lon="-106.063176">
				<ele>2689.37079</ele>
				<time>2021-11-28T14:45:54Z</time>
			</trkpt>
			<trkpt lat="40.309323" lon="-106.062338">
				<ele>2688.926471</ele>
				<time>2021-11-28T14:46:18Z</time>
			</trkpt>
			<trkpt lat="40.309434" lon="-106.06187">
				<ele>2688.886917</ele>
				<time>2021-11-28T14:46:31Z</time>
			</trkpt>
			<trkpt lat="40.309828" lon="-106.06046">
				<ele>2688.765726</ele>
				<time>2021-11-28T14:47:13Z</time>
			</trkpt>
			<trkpt lat="40.310449" lon="-106.059289">
				<ele>2689.715366</ele>
				<time>2021-11-28T14:47:58Z</time>
			</trkpt>
			<trkpt lat="40.310595" lon="-106.058898">
				<ele>2690.017685</ele>
				<time>2021-11-28T14:48:12Z</time>
			</trkpt>
			<trkpt lat="40.310618" lon="-106.05868">
				<ele>2690.170509</ele>
				<time>2021-11-28T14:48:19Z</time>
			</trkpt>
			<trkpt lat="40.310592" lon="-106.058097">
				<ele>2690.60804</ele>
				<time>2021-11-28T14:48:38Z</time>
			</trkpt>
			<trkpt lat="40.3106" lon="-106.057798">
				<ele>2690.85343</ele>
				<time>2021-11-28T14:48:48Z</time>
			</trkpt>
			<trkpt lat="40.310699" lon="-106.057092">
				<ele>2691.442198</ele>
				<time>2021-11-28T14:49:12Z</time>
			</trkpt>
			<trkpt lat="40.310912" lon="-106.05504">
				<ele>2693.089541</ele>
				<time>2021-11-28T14:50:18Z</time>
			</trkpt>
			<trkpt lat="40.310971" lon="-106.054221">
				<ele>2693.721433</ele>
				<time>2021-11-28T14:50:43Z</time>
			</trkpt>
			<trkpt lat="40.311342" lon="-106.051991">
				<ele>2696.113401</ele>
				<time>2021-11-28T14:52:01Z</time>
			</trkpt>
			<trkpt lat="40.311727" lon="-106.050291">
				<ele>2698.33817</ele>
				<time>2021-11-28T14:53:02Z</time>
			</trkpt>
			<trkpt lat="40.31185" lon="-106.049624">
				<ele>2699.24323</ele>
				<time>2021-11-28T14:53:26Z</time>
			</trkpt>
			<trkpt lat="40.312111" lon="-106.048937">
				<ele>2700.212693</ele>
				<time>2021-11-28T14:53:53Z</time>
			</trkpt>
			<trkpt lat="40.31322" lon="-106.04736">
				<ele>2702.654169</ele>
				<time>2021-11-28T14:55:06Z</time>
			</trkpt>
			<trkpt lat="40.31482" lon="-106.045227">
				<ele>2705.355469</ele>
				<time>2021-11-28T14:56:45Z</time>
			</trkpt>
			<trkpt lat="40.315436" lon="-106.044426">
				<ele>2706.088485</ele>
				<time>2021-11-28T14:57:20Z</time>
			</trkpt>
			<trkpt lat="40.316485" lon="-106.043751">
				<ele>2707.592674</ele>
				<time>2021-11-28T14:58:08Z</time>
			</trkpt>
			<trkpt lat="40.317131" lon="-106.042731">
				<ele>2709.153095</ele>
				<time>2021-11-28T14:58:55Z</time>
			</trkpt>
			<trkpt lat="40.317373" lon="-106.042054">
				<ele>2710.636176</ele>
				<time>2021-11-28T14:59:23Z</time>
			</trkpt>
			<trkpt lat="40.317387" lon="-106.041864">
				<ele>2711.028822</ele>
				<time>2021-11-28T14:59:31Z</time>
			</trkpt>
			<trkpt lat="40.317168" lon="-106.0409">
				<ele>2713.097896</ele>
				<time>2021-11-28T15:00:10Z</time>
			</trkpt>
			<trkpt lat="40.31694" lon="-106.039282">
				<ele>2716.317551</ele>
				<time>2021-11-28T15:01:15Z</time>
			</trkpt>
			<trkpt lat="40.316921" lon="-106.038278">
				<ele>2718.241666</ele>
				<time>2021-11-28T15:01:51Z</time>
			</trkpt>
			<trkpt lat="40.31714" lon="-106.037807">
				<ele>2718.99115</ele>
				<time>2021-11-28T15:02:11Z</time>
			</trkpt>
			<trkpt lat="40.317573" lon="-106.037271">
				<ele>2719.830439</ele>
				<time>2021-11-28T15:02:39Z</time>
			</trkpt>
			<trkpt lat="40.32085" lon="-106.033899">
				<ele>2725.391831</ele>
				<time>2021-11-28T15:05:39Z</time>
			</trkpt>
			<trkpt lat="40.322232" lon="-106.032805">
				<ele>2727.430102</ele>
				<time>2021-11-28T15:06:48Z</time>
			</trkpt>
			<trkpt lat="40.323439" lon="-106.032278">
				<ele>2729.499797</ele>
				<time>2021-11-28T15:07:45Z</time>
			</trkpt>
			<trkpt lat="40.324266" lon="-106.031584">
				<ele>2731.347796</ele>
				<time>2021-11-28T15:08:31Z</time>
			</trkpt>
			<trkpt lat="40.325529" lon="-106.030023">
				<ele>2735.667583</ele>
				<time>2021-11-28T15:09:57Z</time>
			</trkpt>
			<trkpt lat="40.32613" lon="-106.028886">
				<ele>2738.3861</ele>
				<time>2021-11-28T15:10:51Z</time>
			</trkpt>
			<trkpt lat="40.327043" lon="-106.026325">
				<ele>2743.23575</ele>
				<time>2021-11-28T15:12:37Z</time>
			</trkpt>
			<trkpt lat="40.327551" lon="-106.02406">
				<ele>2744.970666</ele>
				<time>2021-11-28T15:13:54Z</time>
			</trkpt>
			<trkpt lat="40.32843" lon="-106.023117">
				<ele>2744.828314</ele>
				<time>2021-11-28T15:14:34Z</time>
			</trkpt>
			<trkpt lat="40.329106" lon="-106.021846">
				<ele>2744.001945</ele>
				<time>2021-11-28T15:15:14Z</time>
			</trkpt>
			<trkpt lat="40.329508" lon="-106.020759">
				<ele>2745.101003</ele>
				<time>2021-11-28T15:15:51Z</time>
			</trkpt>
			<trkpt lat="40.329541" lon="-106.02015">
				<ele>2745.672615</ele>
				<time>2021-11-28T15:16:12Z</time>
			</trkpt>
			<trkpt lat="40.32945" lon="-106.017287">
				<ele>2751.189854</ele>
				<time>2021-11-28T15:18:04Z</time>
			</trkpt>
			<trkpt lat="40.3292" lon="-106.015515">
				<ele>2755.341908</ele>
				<time>2021-11-28T15:19:17Z</time>
			</trkpt>
			<trkpt lat="40.328761" lon="-106.014483">
				<ele>2758.158683</ele>
				<time>2021-11-28T15:20:03Z</time>
			</trkpt>
			<trkpt lat="40.328855" lon="-106.013169">
				<ele>2761.411284</ele>
				<time>2021-11-28T15:20:53Z</time>
			</trkpt>
			<trkpt lat="40.328761" lon="-106.011878">
				<ele>2766.932896</ele>
				<time>2021-11-28T15:21:54Z</time>
			</trkpt>
			<trkpt lat="40.328629" lon="-106.01143">
				<ele>2769.469809</ele>
				<time>2021-11-28T15:22:21Z</time>
			</trkpt>
			<trkpt lat="40.328452" lon="-106.010979">
				<ele>2772.14912</ele>
				<time>2021-11-28T15:22:51Z</time>
			</trkpt>
			<trkpt lat="40.328316" lon="-106.010196">
				<ele>2776.471601</ele>
				<time>2021-11-28T15:23:41Z</time>
			</trkpt>
			<trkpt lat="40.328091" lon="-106.009718">
				<ele>2779.615545</ele>
				<time>2021-11-28T15:24:16Z</time>
			</trkpt>
			<trkpt lat="40.328168" lon="-106.008442">
				<ele>2786.778949</ele>
				<time>2021-11-28T15:25:30Z</time>
			</trkpt>
			<trkpt lat="40.327774" lon="-106.005552">
				<ele>2796.290619</ele>
				<time>2021-11-28T15:27:35Z</time>
			</trkpt>
			<trkpt lat="40.327479" lon="-106.005064">
				<ele>2797.734086</ele>
				<time>2021-11-28T15:28:01Z</time>
			</trkpt>
			<trkpt lat="40.327475" lon="-106.004687">
				<ele>2798.607946</ele>
				<time>2021-11-28T15:28:17Z</time>
			</trkpt>
			<trkpt lat="40.327398" lon="-106.00438">
				<ele>2799.357001</ele>
				<time>2021-11-28T15:28:30Z</time>
			</trkpt>
			<trkpt lat="40.326876" lon="-106.003493">
				<ele>2801.454614</ele>
				<time>2021-11-28T15:29:11Z</time>
			</trkpt>
			<trkpt lat="40.326502" lon="-106.002618">
				<ele>2802.526455</ele>
				<time>2021-11-28T15:29:43Z</time>
			</trkpt>
			<trkpt lat="40.325367" lon="-106.000573">
				<ele>2807.684904</ele>
				<time>2021-11-28T15:31:07Z</time>
			</trkpt>
			<trkpt lat="40.325251" lon="-106.000388">
				<ele>2808.314745</ele>
				<time>2021-11-28T15:31:19Z</time>
			</trkpt>
			<trkpt lat="40.325019" lon="-106.000249">
				<ele>2809.194436</ele>
				<time>2021-11-28T15:31:37Z</time>
			</trkpt>
			<trkpt lat="40.324634" lon="-106.000074">
				<ele>2811.666813</ele>
				<time>2021-11-28T15:32:09Z</time>
			</trkpt>
			<trkpt lat="40.324314" lon="-105.999866">
				<ele>2814.448555</ele>
				<time>2021-11-28T15:32:40Z</time>
			</trkpt>
			<trkpt lat="40.323754" lon="-105.998316">
				<ele>2823.758923</ele>
				<time>2021-11-28T15:34:25Z</time>
			</trkpt>
			<trkpt lat="40.32371" lon="-105.996705">
				<ele>2823.73134</ele>
				<time>2021-11-28T15:35:16Z</time>
			</trkpt>
			<trkpt lat="40.323768" lon="-105.996077">
				<ele>2823.54145</ele>
				<time>2021-11-28T15:35:29Z</time>
			</trkpt>
			<trkpt lat="40.323906" lon="-105.994745">
				<ele>2816.089793</ele>
				<time>2021-11-28T15:35:57Z</time>
			</trkpt>
			<trkpt lat="40.323622" lon="-105.994077">
				<ele>2811.849962</ele>
				<time>2021-11-28T15:36:12Z</time>
			</trkpt>
			<trkpt lat="40.322865" lon="-105.992495">
				<ele>2805.431624</ele>
				<time>2021-11-28T15:36:52Z</time>
			</trkpt>
			<trkpt lat="40.321449" lon="-105.990908">
				<ele>2805.359496</ele>
				<time>2021-11-28T15:38:05Z</time>
			</trkpt>
			<trkpt lat="40.320893" lon="-105.98974">
				<ele>2808.56773</ele>
				<time>2021-11-28T15:39:10Z</time>
			</trkpt>
			<trkpt lat="40.320425" lon="-105.98928">
				<ele>2811.043929</ele>
				<time>2021-11-28T15:39:47Z</time>
			</trkpt>
			<trkpt lat="40.319623" lon="-105.988833">
				<ele>2814.119863</ele>
				<time>2021-11-28T15:40:36Z</time>
			</trkpt>
			<trkpt lat="40.31758" lon="-105.987017">
				<ele>2817.9068</ele>
				<time>2021-11-28T15:42:20Z</time>
			</trkpt>
			<trkpt lat="40.316014" lon="-105.98403">
				<ele>2823.343512</ele>
				<time>2021-11-28T15:44:29Z</time>
			</trkpt>
			<trkpt lat="40.315688" lon="-105.983056">
				<ele>2826.752487</ele>
				<time>2021-11-28T15:45:15Z</time>
			</trkpt>
			<trkpt lat="40.314767" lon="-105.981613">
				<ele>2833.147272</ele>
				<time>2021-11-28T15:46:44Z</time>
			</trkpt>
			<trkpt lat="40.314207" lon="-105.980848">
				<ele>2837.118361</ele>
				<time>2021-11-28T15:47:34Z</time>
			</trkpt>
			<trkpt lat="40.313134" lon="-105.979381">
				<ele>2843.665762</ele>
				<time>2021-11-28T15:49:07Z</time>
			</trkpt>
			<trkpt lat="40.312201" lon="-105.97823">
				<ele>2847.201793</ele>
				<time>2021-11-28T15:50:14Z</time>
			</trkpt>
			<trkpt lat="40.311642" lon="-105.977482">
				<ele>2848.200808</ele>
				<time>2021-11-28T15:50:45Z</time>
			</trkpt>
			<trkpt lat="40.310818" lon="-105.976876">
				<ele>2849.519909</ele>
				<time>2021-11-28T15:51:21Z</time>
			</trkpt>
			<trkpt lat="40.310375" lon="-105.976241">
				<ele>2850.520742</ele>
				<time>2021-11-28T15:51:52Z</time>
			</trkpt>
			<trkpt lat="40.310153" lon="-105.975844">
				<ele>2851.093235</ele>
				<time>2021-11-28T15:52:09Z</time>
			</trkpt>
			<trkpt lat="40.309556" lon="-105.975652">
				<ele>2852.62211</ele>
				<time>2021-11-28T15:52:39Z</time>
			</trkpt>
			<trkpt lat="40.309483" lon="-105.975519">
				<ele>2853.024572</ele>
				<time>2021-11-28T15:52:46Z</time>
			</trkpt>
			<trkpt lat="40.309429" lon="-105.974943">
				<ele>2854.449872</ele>
				<time>2021-11-28T15:53:10Z</time>
			</trkpt>
			<trkpt lat="40.308868" lon="-105.973832">
				<ele>2857.795586</ele>
				<time>2021-11-28T15:54:07Z</time>
			</trkpt>
			<trkpt lat="40.308039" lon="-105.973096">
				<ele>2861.567016</ele>
				<time>2021-11-28T15:54:58Z</time>
			</trkpt>
			<trkpt lat="40.307578" lon="-105.972369">
				<ele>2864.351623</ele>
				<time>2021-11-28T15:55:42Z</time>
			</trkpt>
			<trkpt lat="40.306687" lon="-105.97144">
				<ele>2869.998469</ele>
				<time>2021-11-28T15:56:54Z</time>
			</trkpt>
			<trkpt lat="40.305544" lon="-105.969909">
				<ele>2877.45268</ele>
				<time>2021-11-28T15:58:33Z</time>
			</trkpt>
			<trkpt lat="40.305076" lon="-105.969088">
				<ele>2880.835196</ele>
				<time>2021-11-28T15:59:17Z</time>
			</trkpt>
			<trkpt lat="40.304782" lon="-105.968988">
				<ele>2882.116941</ele>
				<time>2021-11-28T15:59:34Z</time>
			</trkpt>
			<trkpt lat="40.304884" lon="-105.969645">
				<ele>2884.274696</ele>
				<time>2021-11-28T16:00:03Z</time>
			</trkpt>
			<trkpt lat="40.305468" lon="-105.970892">
				<ele>2889.175686</ele>
				<time>2021-11-28T16:01:09Z</time>
			</trkpt>
			<trkpt lat="40.30535" lon="-105.971092">
				<ele>2890.241992</ele>
				<time>2021-11-28T16:01:21Z</time>
			</trkpt>
			<trkpt lat="40.305108" lon="-105.970949">
				<ele>2891.70973</ele>
				<time>2021-11-28T16:01:38Z</time>
			</trkpt>
			<trkpt lat="40.304854" lon="-105.970564">
				<ele>2893.856441</ele>
				<time>2021-11-28T16:02:03Z</time>
			</trkpt>
			<trkpt lat="40.304099" lon="-105.970441">
				<ele>2898.063327</ele>
				<time>2021-11-28T16:02:53Z</time>
			</trkpt>
			<trkpt lat="40.303064" lon="-105.969079">
				<ele>2907.38762</ele>
				<time>2021-11-28T16:04:39Z</time>
			</trkpt>
			<trkpt lat="40.302211" lon="-105.969025">
				<ele>2910.914748</ele>
				<time>2021-11-28T16:05:33Z</time>
			</trkpt>
			<trkpt lat="40.302059" lon="-105.968746">
				<ele>2911.52784</ele>
				<time>2021-11-28T16:05:47Z</time>
			</trkpt>
			<trkpt lat="40.301975" lon="-105.967473">
				<ele>2913.812582</ele>
				<time>2021-11-28T16:06:30Z</time>
			</trkpt>
			<trkpt lat="40.301503" lon="-105.967036">
				<ele>2913.916225</ele>
				<time>2021-11-28T16:06:49Z</time>
			</trkpt>
			<trkpt lat="40.301288" lon="-105.967005">
				<ele>2913.873057</ele>
				<time>2021-11-28T16:06:56Z</time>
			</trkpt>
			<trkpt lat="40.301328" lon="-105.966083">
				<ele>2913.732494</ele>
				<time>2021-11-28T16:07:20Z</time>
			</trkpt>
			<trkpt lat="40.301115" lon="-105.965893">
				<ele>2913.681079</ele>
				<time>2021-11-28T16:07:31Z</time>
			</trkpt>
			<trkpt lat="40.300963" lon="-105.966917">
				<ele>2916.781939</ele>
				<time>2021-11-28T16:08:11Z</time>
			</trkpt>
			<trkpt lat="40.300301" lon="-105.968567">
				<ele>2924.259441</ele>
				<time>2021-11-28T16:09:47Z</time>
			</trkpt>
			<trkpt lat="40.299444" lon="-105.969428">
				<ele>2932.340779</ele>
				<time>2021-11-28T16:11:11Z</time>
			</trkpt>
			<trkpt lat="40.299402" lon="-105.96955">
				<ele>2933.104909</ele>
				<time>2021-11-28T16:11:18Z</time>
			</trkpt>
			<trkpt lat="40.299314" lon="-105.969804">
				<ele>2934.697523</ele>
				<time>2021-11-28T16:11:35Z</time>
			</trkpt>
			<trkpt lat="40.29888" lon="-105.970547">
				<ele>2940.030599</ele>
				<time>2021-11-28T16:12:28Z</time>
			</trkpt>
			<trkpt lat="40.298455" lon="-105.97071">
				<ele>2943.337992</ele>
				<time>2021-11-28T16:13:00Z</time>
			</trkpt>
			<trkpt lat="40.298024" lon="-105.970692">
				<ele>2946.558814</ele>
				<time>2021-11-28T16:13:33Z</time>
			</trkpt>
			<trkpt lat="40.29771" lon="-105.970238">
				<ele>2949.980752</ele>
				<time>2021-11-28T16:14:08Z</time>
			</trkpt>
			<trkpt lat="40.29753" lon="-105.96958">
				<ele>2953.703658</ele>
				<time>2021-11-28T16:14:47Z</time>
			</trkpt>
			<trkpt lat="40.297017" lon="-105.969626">
				<ele>2957.294177</ele>
				<time>2021-11-28T16:15:23Z</time>
			</trkpt>
			<trkpt lat="40.29679" lon="-105.969598">
				<ele>2958.886261</ele>
				<time>2021-11-28T16:15:39Z</time>
			</trkpt>
			<trkpt lat="40.296563" lon="-105.969276">
				<ele>2961.22151</ele>
				<time>2021-11-28T16:16:04Z</time>
			</trkpt>
			<trkpt lat="40.296067" lon="-105.967944">
				<ele>2966.096607</ele>
				<time>2021-11-28T16:17:20Z</time>
			</trkpt>
			<trkpt lat="40.295871" lon="-105.967827">
				<ele>2967.000758</ele>
				<time>2021-11-28T16:17:30Z</time>
			</trkpt>
			<trkpt lat="40.295817" lon="-105.967821">
				<ele>2967.228281</ele>
				<time>2021-11-28T16:17:33Z</time>
			</trkpt>
			<trkpt lat="40.295676" lon="-105.967807">
				<ele>2967.821943</ele>
				<time>2021-11-28T16:17:39Z</time>
			</trkpt>
			<trkpt lat="40.295496" lon="-105.96767">
				<ele>2968.695751</ele>
				<time>2021-11-28T16:17:47Z</time>
			</trkpt>
			<trkpt lat="40.295498" lon="-105.967038">
				<ele>2970.33632</ele>
				<time>2021-11-28T16:18:07Z</time>
			</trkpt>
			<trkpt lat="40.2956" lon="-105.966455">
				<ele>2971.799698</ele>
				<time>2021-11-28T16:18:27Z</time>
			</trkpt>
			<trkpt lat="40.295299" lon="-105.966017">
				<ele>2973.242092</ele>
				<time>2021-11-28T16:18:50Z</time>
			</trkpt>
			<trkpt lat="40.294863" lon="-105.965778">
				<ele>2974.757947</ele>
				<time>2021-11-28T16:19:18Z</time>
			</trkpt>
			<trkpt lat="40.294705" lon="-105.965986">
				<ele>2977.415094</ele>
				<time>2021-11-28T16:19:34Z</time>
			</trkpt>
			<trkpt lat="40.294722" lon="-105.966037">
				<ele>2977.983266</ele>
				<time>2021-11-28T16:19:38Z</time>
			</trkpt>
			<trkpt lat="40.294912" lon="-105.966638">
				<ele>2984.624593</ele>
				<time>2021-11-28T16:20:23Z</time>
			</trkpt>
			<trkpt lat="40.294718" lon="-105.967476">
				<ele>2993.564521</ele>
				<time>2021-11-28T16:21:40Z</time>
			</trkpt>
		</trkseg>
	</trk>
</gpx>